wn1,R_obs1,R_fit1,wn2,R_obs2,R_fit2
1556.755000,-0.077316,0.069408,1556.755000,0.032509,0.063162
1557.237000,-0.075526,0.069957,1557.237000,0.013145,0.063789
1557.719000,-0.071101,0.070496,1557.719000,-0.004279,0.064406
1558.201000,-0.064781,0.071025,1558.201000,-0.019755,0.065015
1558.683000,-0.057307,0.071545,1558.683000,-0.033275,0.065615
1559.165000,-0.049420,0.072054,1559.165000,-0.044830,0.066206
1559.647000,-0.041860,0.072554,1559.647000,-0.054413,0.066787
1560.129000,-0.035369,0.073043,1560.129000,-0.062016,0.067359
1560.611000,-0.032289,0.073522,1560.611000,-0.067458,0.067921
1561.093000,-0.032966,0.073990,1561.093000,-0.069262,0.068474
1561.575000,-0.036413,0.074449,1561.575000,-0.070037,0.069018
1562.057000,-0.044272,0.074897,1562.057000,-0.069549,0.069552
1562.539000,-0.051430,0.075334,1562.539000,-0.069746,0.070076
1563.021000,-0.054874,0.075761,1563.021000,-0.067974,0.070590
1563.503000,-0.058958,0.076177,1563.503000,-0.068124,0.071094
1563.985000,-0.061276,0.076583,1563.985000,-0.068982,0.071589
1564.467000,-0.060464,0.076978,1564.467000,-0.068802,0.072073
1564.949000,-0.058350,0.077362,1564.949000,-0.068509,0.072547
1565.431000,-0.056770,0.077736,1565.431000,-0.067984,0.073011
1565.913000,-0.053723,0.078099,1565.913000,-0.067747,0.073465
1566.395000,-0.047408,0.078450,1566.395000,-0.066064,0.073909
1566.877000,-0.041962,0.078791,1566.877000,-0.062508,0.074343
1567.359000,-0.035835,0.079121,1567.359000,-0.058243,0.074766
1567.841000,-0.027139,0.079440,1567.841000,-0.052491,0.075179
1568.323000,-0.015482,0.079748,1568.323000,-0.045159,0.075581
1568.805000,-0.001883,0.080044,1568.805000,-0.037348,0.075972
1569.287000,0.013014,0.080330,1569.287000,-0.029599,0.076354
1569.769000,0.029726,0.080604,1569.769000,-0.018265,0.076724
1570.251000,0.044011,0.080868,1570.251000,-0.008693,0.077084
1570.733000,0.057119,0.081120,1570.733000,0.002621,0.077433
1571.215000,0.069981,0.081360,1571.215000,0.014121,0.077771
1571.697000,0.079217,0.081590,1571.697000,0.024367,0.078099
1572.179000,0.086051,0.081808,1572.179000,0.031693,0.078416
1572.661000,0.094458,0.082014,1572.661000,0.039389,0.078721
1573.143000,0.101517,0.082210,1573.143000,0.045044,0.079016
1573.625000,0.108917,0.082394,1573.625000,0.049489,0.079300
1574.107000,0.120777,0.082566,1574.107000,0.058159,0.079573
1574.589000,0.134828,0.082727,1574.589000,0.065828,0.079835
1575.071000,0.152395,0.082877,1575.071000,0.078334,0.080086
1575.553000,0.170138,0.083015,1575.553000,0.091595,0.080325
1576.035000,0.188830,0.083141,1576.035000,0.106260,0.080554
1576.517000,0.206302,0.083256,1576.517000,0.123904,0.080771
1576.999000,0.222974,0.083360,1576.999000,0.138704,0.080977
1577.481000,0.238873,0.083452,1577.481000,0.154878,0.081172
1577.963000,0.253138,0.083532,1577.963000,0.169638,0.081356
1578.445000,0.263661,0.083601,1578.445000,0.181088,0.081529
1578.927000,0.272224,0.083658,1578.927000,0.189112,0.081690
1579.409000,0.279630,0.083704,1579.409000,0.193448,0.081840
1579.891000,0.283631,0.083738,1579.891000,0.195642,0.081978
1580.373000,0.289166,0.083760,1580.373000,0.198812,0.082105
1580.855000,0.294355,0.083771,1580.855000,0.203199,0.082221
1581.337000,0.300444,0.083771,1581.337000,0.204470,0.082326
1581.819000,0.307396,0.083758,1581.819000,0.209461,0.082419
1582.301000,0.310173,0.083735,1582.301000,0.212678,0.082501
1582.783000,0.316046,0.083699,1582.783000,0.218861,0.082571
1583.265000,0.320302,0.083652,1583.265000,0.224754,0.082630
1583.747000,0.326610,0.083594,1583.747000,0.230864,0.082677
1584.229000,0.333671,0.083524,1584.229000,0.241155,0.082714
1584.711000,0.340858,0.083442,1584.711000,0.251653,0.082738
1585.193000,0.347936,0.083349,1585.193000,0.261454,0.082752
1585.675000,0.352406,0.083245,1585.675000,0.270548,0.082754
1586.157000,0.357101,0.083129,1586.157000,0.280050,0.082744
1586.639000,0.360142,0.083001,1586.639000,0.290628,0.082723
1587.121000,0.362622,0.082862,1587.121000,0.298857,0.082691
1587.603000,0.362618,0.082712,1587.603000,0.306364,0.082647
1588.085000,0.363662,0.082550,1588.085000,0.314525,0.082592
1588.567000,0.364164,0.082377,1588.567000,0.323281,0.082526
1589.049000,0.360262,0.082192,1589.049000,0.329719,0.082448
1589.531000,0.358125,0.081997,1589.531000,0.336678,0.082359
1590.013000,0.353457,0.081790,1590.013000,0.340112,0.082258
1590.495000,0.352204,0.081571,1590.495000,0.343387,0.082146
1590.977000,0.351681,0.081342,1590.977000,0.347093,0.082023
1591.459000,0.350742,0.081101,1591.459000,0.348532,0.081889
1591.941000,0.348856,0.080849,1591.941000,0.348886,0.081743
1592.423000,0.347320,0.080586,1592.423000,0.346223,0.081586
1592.905000,0.347959,0.080312,1592.905000,0.344954,0.081418
1593.387000,0.348794,0.080027,1593.387000,0.340327,0.081239
1593.869000,0.348789,0.079731,1593.869000,0.332328,0.081048
1594.351000,0.347713,0.079424,1594.351000,0.327131,0.080847
1594.833000,0.345629,0.079106,1594.833000,0.323014,0.080634
1595.315000,0.344877,0.078777,1595.315000,0.318503,0.080410
1595.797000,0.341036,0.078438,1595.797000,0.313264,0.080175
1596.279000,0.336582,0.078087,1596.279000,0.309523,0.079930
1596.761000,0.331527,0.077726,1596.761000,0.305920,0.079673
1597.243000,0.325356,0.077354,1597.243000,0.301659,0.079405
1597.725000,0.318305,0.076972,1597.725000,0.299350,0.079127
1598.207000,0.310303,0.076579,1598.207000,0.295202,0.078837
1598.689000,0.303410,0.076176,1598.689000,0.293093,0.078537
1599.171000,0.299082,0.075762,1599.171000,0.289268,0.078226
1599.653000,0.297323,0.075338,1599.653000,0.288059,0.077905
1600.135000,0.295457,0.074903,1600.135000,0.285883,0.077572
1600.617000,0.293832,0.074459,1600.617000,0.283541,0.077229
1601.099000,0.291371,0.074004,1601.099000,0.283623,0.076876
1601.581000,0.288661,0.073539,1601.581000,0.281897,0.076512
1602.063000,0.287158,0.073064,1602.063000,0.281365,0.076137
1602.545000,0.283844,0.072579,1602.545000,0.279860,0.075752
1603.027000,0.279790,0.072084,1603.027000,0.278818,0.075357
1603.509000,0.274601,0.071579,1603.509000,0.277441,0.074952
1603.991000,0.268714,0.071064,1603.991000,0.272169,0.074536
1604.473000,0.265937,0.070540,1604.473000,0.270425,0.074110
1604.955000,0.261276,0.070006,1604.955000,0.267247,0.073674
1605.437000,0.255681,0.069462,1605.437000,0.264656,0.073228
1605.919000,0.247611,0.068909,1605.919000,0.261928,0.072771
1606.401000,0.242543,0.068347,1606.401000,0.261199,0.072305
1606.883000,0.237167,0.067775,1606.883000,0.257418,0.071829
1607.365000,0.231265,0.067195,1607.365000,0.250940,0.071344
1607.847000,0.224688,0.066605,1607.847000,0.244121,0.070848
1608.329000,0.217127,0.066005,1608.329000,0.235929,0.070343
1608.811000,0.209640,0.065397,1608.811000,0.229406,0.069828
1609.293000,0.201172,0.064780,1609.293000,0.220212,0.069304
1609.775000,0.195115,0.064155,1609.775000,0.211069,0.068771
1610.257000,0.188044,0.063520,1610.257000,0.201648,0.068228
1610.739000,0.184966,0.062877,1610.739000,0.191690,0.067675
1611.221000,0.178989,0.062225,1611.221000,0.186828,0.067114
1611.703000,0.171026,0.061565,1611.703000,0.180685,0.066543
1612.185000,0.163021,0.060897,1612.185000,0.174878,0.065964
1612.667000,0.154758,0.060220,1612.667000,0.170246,0.065375
1613.149000,0.148366,0.059535,1613.149000,0.165470,0.064778
1613.631000,0.142040,0.058842,1613.631000,0.161773,0.064171
1614.113000,0.134425,0.058141,1614.113000,0.155431,0.063556
1614.595000,0.126642,0.057433,1614.595000,0.149768,0.062933
1615.077000,0.118527,0.056716,1615.077000,0.144493,0.062301
1615.559000,0.111720,0.055992,1615.559000,0.136154,0.061660
1616.041000,0.105001,0.055260,1616.041000,0.126316,0.061011
1616.523000,0.100300,0.054521,1616.523000,0.117035,0.060354
1617.005000,0.094567,0.053774,1617.005000,0.108763,0.059688
1617.487000,0.092116,0.053020,1617.487000,0.098580,0.059015
1617.969000,0.087701,0.052259,1617.969000,0.087714,0.058334
1618.451000,0.085248,0.051491,1618.451000,0.077153,0.057644
1618.933000,0.083492,0.050716,1618.933000,0.068263,0.056947
1619.415000,0.081217,0.049935,1619.415000,0.061182,0.056242
1619.897000,0.078099,0.049146,1619.897000,0.056785,0.055530
1620.379000,0.075813,0.048351,1620.379000,0.055050,0.054810
1620.861000,0.073649,0.047549,1620.861000,0.049643,0.054083
1621.343000,0.071511,0.046741,1621.343000,0.044999,0.053348
1621.825000,0.070371,0.045927,1621.825000,0.040752,0.052606
1622.307000,0.069561,0.045107,1622.307000,0.035423,0.051857
1622.789000,0.068522,0.044280,1622.789000,0.032806,0.051101
1623.271000,0.067192,0.043448,1623.271000,0.028907,0.050339
1623.753000,0.067230,0.042610,1623.753000,0.026165,0.049569
1624.235000,0.067740,0.041766,1624.235000,0.020714,0.048793
1624.717000,0.067399,0.040916,1624.717000,0.015626,0.048010
1625.199000,0.066076,0.040061,1625.199000,0.013574,0.047221
1625.681000,0.065268,0.039201,1625.681000,0.011363,0.046426
1626.163000,0.064415,0.038336,1626.163000,0.009722,0.045624
1626.645000,0.063415,0.037465,1626.645000,0.008370,0.044816
1627.127000,0.062106,0.036590,1627.127000,0.007056,0.044002
1627.609000,0.061990,0.035709,1627.609000,0.005753,0.043183
1628.091000,0.062786,0.034824,1628.091000,0.004154,0.042357
1628.573000,0.062284,0.033935,1628.573000,0.004184,0.041526
1629.055000,0.062189,0.033041,1629.055000,0.005083,0.040689
1629.537000,0.062215,0.032142,1629.537000,0.007159,0.039847
1630.019000,0.062975,0.031239,1630.019000,0.009235,0.039000
1630.501000,0.065852,0.030332,1630.501000,0.014542,0.038147
1630.983000,0.067476,0.029422,1630.983000,0.020219,0.037289
1631.465000,0.069433,0.028507,1631.465000,0.028066,0.036427
1631.947000,0.071793,0.027589,1631.947000,0.036991,0.035559
1632.429000,0.074288,0.026667,1632.429000,0.045025,0.034687
1632.911000,0.075255,0.025741,1632.911000,0.052325,0.033810
1633.393000,0.076851,0.024813,1633.393000,0.060046,0.032929
1633.875000,0.075144,0.023881,1633.875000,0.068676,0.032044
1634.357000,0.076278,0.022946,1634.357000,0.074757,0.031154
1634.839000,0.073002,0.022008,1634.839000,0.078339,0.030260
1635.321000,0.071085,0.021067,1635.321000,0.079715,0.029362
1635.803000,0.068054,0.020123,1635.803000,0.079582,0.028460
1636.285000,0.066262,0.019177,1636.285000,0.080414,0.027555
1636.767000,0.063311,0.018229,1636.767000,0.078467,0.026646
1637.249000,0.062566,0.017278,1637.249000,0.076147,0.025733
1637.731000,0.061741,0.016325,1637.731000,0.075324,0.024817
1638.213000,0.061375,0.015370,1638.213000,0.077318,0.023898
1638.695000,0.060618,0.014414,1638.695000,0.077163,0.022976
1639.177000,0.063203,0.013455,1639.177000,0.078905,0.022051
1639.659000,0.062956,0.012495,1639.659000,0.081574,0.021123
1640.141000,0.061705,0.011533,1640.141000,0.084924,0.020192
1640.623000,0.059198,0.010570,1640.623000,0.090800,0.019259
1641.105000,0.058652,0.009606,1641.105000,0.093847,0.018323
1641.587000,0.054650,0.008641,1641.587000,0.096123,0.017385
1642.069000,0.056222,0.007674,1642.069000,0.097266,0.016445
1642.551000,0.055428,0.006707,1642.551000,0.099333,0.015503
1643.033000,0.056060,0.005739,1643.033000,0.101234,0.014559
1643.515000,0.053201,0.004771,1643.515000,0.100315,0.013613
1643.997000,0.051993,0.003802,1643.997000,0.099884,0.012665
1644.479000,0.050190,0.002833,1644.479000,0.098635,0.011716
1644.961000,0.047640,0.001864,1644.961000,0.094881,0.010765
1645.443000,0.044524,0.000895,1645.443000,0.087614,0.009813
1645.925000,0.044091,-0.000074,1645.925000,0.082009,0.008860
1646.407000,0.038569,-0.001043,1646.407000,0.074595,0.007906
1646.889000,0.033391,-0.002012,1646.889000,0.066072,0.006951
1647.371000,0.029151,-0.002980,1647.371000,0.059533,0.005995
1647.853000,0.025244,-0.003947,1647.853000,0.052304,0.005039
1648.335000,0.023038,-0.004914,1648.335000,0.046070,0.004082
1648.817000,0.023880,-0.005879,1648.817000,0.043785,0.003125
1649.299000,0.025941,-0.006844,1649.299000,0.044673,0.002167
1649.781000,0.028224,-0.007807,1649.781000,0.046881,0.001210
1650.263000,0.028941,-0.008769,1650.263000,0.050298,0.000253
1650.745000,0.029850,-0.009730,1650.745000,0.050755,-0.000705
1651.227000,0.030893,-0.010689,1651.227000,0.046486,-0.001662
1651.709000,0.031975,-0.011646,1651.709000,0.038219,-0.002618
1652.191000,0.033787,-0.012602,1652.191000,0.026277,-0.003574
1652.673000,0.035057,-0.013555,1652.673000,0.016042,-0.004529
1653.155000,0.034620,-0.014507,1653.155000,0.006145,-0.005484
1653.637000,0.034951,-0.015456,1653.637000,-0.004597,-0.006437
1654.119000,0.034926,-0.016402,1654.119000,-0.011227,-0.007390
1654.601000,0.034427,-0.017347,1654.601000,-0.014489,-0.008341
1655.083000,0.034447,-0.018288,1655.083000,-0.014431,-0.009291
1655.565000,0.035037,-0.019227,1655.565000,-0.006807,-0.010239
1656.047000,0.036559,-0.020163,1656.047000,0.004105,-0.011186
1656.529000,0.037383,-0.021096,1656.529000,0.016010,-0.012131
1657.011000,0.037025,-0.022026,1657.011000,0.028771,-0.013074
1657.493000,0.037769,-0.022952,1657.493000,0.038745,-0.014015
1657.975000,0.038138,-0.023875,1657.975000,0.046390,-0.014954
1658.457000,0.038582,-0.024795,1658.457000,0.051992,-0.015890
1658.939000,0.039133,-0.025711,1658.939000,0.054311,-0.016825
1659.421000,0.038430,-0.026623,1659.421000,0.056745,-0.017756
1659.903000,0.037895,-0.027531,1659.903000,0.058172,-0.018686
1660.385000,0.036625,-0.028435,1660.385000,0.055816,-0.019612
1660.867000,0.034420,-0.029335,1660.867000,0.055303,-0.020535
1661.349000,0.033645,-0.030231,1661.349000,0.053115,-0.021456
1661.831000,0.031527,-0.031122,1661.831000,0.049616,-0.022373
1662.313000,0.028729,-0.032009,1662.313000,0.049646,-0.023287
1662.795000,0.025408,-0.032891,1662.795000,0.047949,-0.024198
1663.277000,0.021724,-0.033768,1663.277000,0.046020,-0.025105
1663.759000,0.017416,-0.034640,1663.759000,0.047207,-0.026008
1664.241000,0.016632,-0.035508,1664.241000,0.050407,-0.026908
1664.723000,0.014180,-0.036370,1664.723000,0.055490,-0.027803
1665.205000,0.012166,-0.037227,1665.205000,0.061890,-0.028695
1665.687000,0.009381,-0.038079,1665.687000,0.068730,-0.029582
1666.169000,0.006901,-0.038925,1666.169000,0.076805,-0.030466
1666.651000,0.004837,-0.039765,1666.651000,0.085206,-0.031345
1667.133000,0.003358,-0.040600,1667.133000,0.091188,-0.032219
1667.615000,0.003739,-0.041429,1667.615000,0.095291,-0.033089
1668.097000,0.004030,-0.042252,1668.097000,0.097775,-0.033954
1668.579000,0.001981,-0.043069,1668.579000,0.097618,-0.034814
1669.061000,-0.000237,-0.043880,1669.061000,0.096850,-0.035669
1669.543000,-0.003027,-0.044685,1669.543000,0.095561,-0.036519
1670.025000,-0.004433,-0.045483,1670.025000,0.093369,-0.037364
1670.507000,-0.005268,-0.046275,1670.507000,0.090638,-0.038203
1670.989000,-0.004583,-0.047060,1670.989000,0.086591,-0.039037
1671.471000,-0.006108,-0.047838,1671.471000,0.081962,-0.039866
1671.953000,-0.007965,-0.048610,1671.953000,0.075248,-0.040689
1672.435000,-0.010768,-0.049374,1672.435000,0.068575,-0.041506
1672.917000,-0.011842,-0.050132,1672.917000,0.060628,-0.042317
1673.399000,-0.011854,-0.050882,1673.399000,0.051878,-0.043122
1673.881000,-0.010648,-0.051625,1673.881000,0.043628,-0.043921
1674.363000,-0.010019,-0.052361,1674.363000,0.031647,-0.044714
1674.845000,-0.010803,-0.053090,1674.845000,0.021792,-0.045500
1675.327000,-0.011469,-0.053811,1675.327000,0.012647,-0.046280
1675.809000,-0.010875,-0.054524,1675.809000,0.006649,-0.047054
1676.291000,-0.010158,-0.055229,1676.291000,0.003408,-0.047821
1676.773000,-0.008590,-0.055927,1676.773000,0.000272,-0.048581
1677.255000,-0.006795,-0.056617,1677.255000,0.000195,-0.049334
1677.737000,-0.006410,-0.057299,1677.737000,0.000581,-0.050080
1678.219000,-0.006782,-0.057972,1678.219000,0.002019,-0.050820
1678.701000,-0.007379,-0.058638,1678.701000,0.005934,-0.051552
1679.183000,-0.008577,-0.059295,1679.183000,0.011240,-0.052277
1679.665000,-0.009578,-0.059944,1679.665000,0.015817,-0.052994
1680.147000,-0.010803,-0.060584,1680.147000,0.020464,-0.053704
1680.629000,-0.011037,-0.061216,1680.629000,0.023343,-0.054406
1681.111000,-0.012766,-0.061839,1681.111000,0.024766,-0.055101
1681.593000,-0.014427,-0.062453,1681.593000,0.026326,-0.055788
1682.075000,-0.016012,-0.063059,1682.075000,0.023520,-0.056468
1682.557000,-0.015603,-0.063656,1682.557000,0.019849,-0.057139
1683.039000,-0.015578,-0.064243,1683.039000,0.012911,-0.057802
1683.521000,-0.015317,-0.064822,1683.521000,0.004808,-0.058457
1684.003000,-0.014559,-0.065392,1684.003000,-0.003375,-0.059104
1684.485000,-0.014494,-0.065952,1684.485000,-0.013085,-0.059743
1684.967000,-0.014156,-0.066503,1684.967000,-0.022165,-0.060373
1685.449000,-0.013153,-0.067045,1685.449000,-0.027693,-0.060995
1685.931000,-0.013916,-0.067577,1685.931000,-0.031526,-0.061609
1686.413000,-0.015049,-0.068100,1686.413000,-0.033959,-0.062214
1686.895000,-0.015734,-0.068613,1686.895000,-0.035017,-0.062810
1687.377000,-0.016337,-0.069117,1687.377000,-0.034560,-0.063397
1687.859000,-0.019492,-0.069611,1687.859000,-0.031172,-0.063975
1688.341000,-0.022249,-0.070095,1688.341000,-0.029534,-0.064545
1688.823000,-0.025654,-0.070569,1688.823000,-0.029007,-0.065105
1689.305000,-0.027929,-0.071034,1689.305000,-0.026406,-0.065657
1689.787000,-0.030598,-0.071488,1689.787000,-0.024266,-0.066199
1690.269000,-0.034127,-0.071932,1690.269000,-0.023297,-0.066732
1690.751000,-0.036451,-0.072367,1690.751000,-0.022268,-0.067256
1691.233000,-0.034482,-0.072791,1691.233000,-0.022481,-0.067770
1691.715000,-0.034405,-0.073205,1691.715000,-0.023773,-0.068275
1692.197000,-0.033031,-0.073609,1692.197000,-0.020977,-0.068770
1692.679000,-0.033253,-0.074002,1692.679000,-0.018549,-0.069256
1693.161000,-0.031965,-0.074386,1693.161000,-0.016426,-0.069732
1693.643000,-0.030906,-0.074758,1693.643000,-0.014471,-0.070199
1694.125000,-0.030058,-0.075121,1694.125000,-0.012248,-0.070656
1694.607000,-0.032038,-0.075472,1694.607000,-0.009515,-0.071102
1695.089000,-0.032760,-0.075814,1695.089000,-0.005944,-0.071540
1695.571000,-0.034115,-0.076144,1695.571000,-0.000724,-0.071967
1696.053000,-0.034114,-0.076464,1696.053000,0.004560,-0.072384
1696.535000,-0.034856,-0.076774,1696.535000,0.011119,-0.072791
1697.017000,-0.035153,-0.077072,1697.017000,0.015517,-0.073188
1697.499000,-0.033623,-0.077360,1697.499000,0.016214,-0.073574
1697.981000,-0.030367,-0.077637,1697.981000,0.014565,-0.073951
1698.463000,-0.031028,-0.077904,1698.463000,0.009908,-0.074317
1698.945000,-0.031187,-0.078159,1698.945000,0.004492,-0.074673
1699.427000,-0.032666,-0.078404,1699.427000,-0.003965,-0.075019
1699.909000,-0.032896,-0.078637,1699.909000,-0.011663,-0.075354
1700.391000,-0.034238,-0.078860,1700.391000,-0.018768,-0.075679
1700.873000,-0.037795,-0.079072,1700.873000,-0.024918,-0.075993
1701.355000,-0.043848,-0.079272,1701.355000,-0.029456,-0.076297
1701.837000,-0.048306,-0.079462,1701.837000,-0.031807,-0.076590
1702.319000,-0.051776,-0.079641,1702.319000,-0.032950,-0.076873
1702.801000,-0.055682,-0.079808,1702.801000,-0.031474,-0.077145
1703.283000,-0.057746,-0.079965,1703.283000,-0.029051,-0.077406
1703.765000,-0.058516,-0.080110,1703.765000,-0.029406,-0.077657
1704.247000,-0.057718,-0.080244,1704.247000,-0.031123,-0.077897
1704.729000,-0.056403,-0.080367,1704.729000,-0.033049,-0.078126
1705.211000,-0.054105,-0.080479,1705.211000,-0.035218,-0.078344
1705.693000,-0.051711,-0.080580,1705.693000,-0.036077,-0.078552
1706.175000,-0.049443,-0.080669,1706.175000,-0.036566,-0.078748
1706.657000,-0.043881,-0.080747,1706.657000,-0.035725,-0.078934
1707.139000,-0.041120,-0.080815,1707.139000,-0.033985,-0.079109
1707.621000,-0.039514,-0.080871,1707.621000,-0.030578,-0.079273
1708.103000,-0.037918,-0.080915,1708.103000,-0.027229,-0.079426
1708.585000,-0.036692,-0.080949,1708.585000,-0.023257,-0.079568
1709.067000,-0.037179,-0.080971,1709.067000,-0.018272,-0.079699
1709.549000,-0.039516,-0.080982,1709.549000,-0.013279,-0.079820
1710.031000,-0.039807,-0.080982,1710.031000,-0.010251,-0.079929
1710.513000,-0.042503,-0.080970,1710.513000,-0.007327,-0.080027
1710.995000,-0.045403,-0.080948,1710.995000,-0.003715,-0.080114
1711.477000,-0.048890,-0.080914,1711.477000,-0.000039,-0.080190
1711.959000,-0.051836,-0.080869,1711.959000,0.006016,-0.080255
1712.441000,-0.055245,-0.080813,1712.441000,0.011710,-0.080309
1712.923000,-0.059891,-0.080746,1712.923000,0.017359,-0.080352
1713.405000,-0.059166,-0.080667,1713.405000,0.021189,-0.080384
1713.887000,-0.060014,-0.080577,1713.887000,0.026780,-0.080405
1714.369000,-0.057874,-0.080477,1714.369000,0.031759,-0.080414
1714.851000,-0.054750,-0.080365,1714.851000,0.033576,-0.080413
1715.333000,-0.049572,-0.080242,1715.333000,0.032445,-0.080401
1715.815000,-0.046780,-0.080108,1715.815000,0.026619,-0.080378
1716.297000,-0.041386,-0.079962,1716.297000,0.014905,-0.080343
1716.779000,-0.035107,-0.079806,1716.779000,0.001315,-0.080298
1717.261000,-0.030723,-0.079639,1717.261000,-0.012807,-0.080241
1717.743000,-0.027000,-0.079461,1717.743000,-0.026935,-0.080174
1718.225000,-0.026447,-0.079272,1718.225000,-0.040805,-0.080095
1718.707000,-0.026350,-0.079072,1718.707000,-0.052971,-0.080006
1719.189000,-0.027001,-0.078861,1719.189000,-0.061547,-0.079906
1719.671000,-0.031173,-0.078639,1719.671000,-0.066698,-0.079794
1720.153000,-0.033460,-0.078407,1720.153000,-0.070061,-0.079672
1720.635000,-0.037553,-0.078163,1720.635000,-0.067520,-0.079539
1721.117000,-0.039598,-0.077909,1721.117000,-0.062643,-0.079395
1721.599000,-0.041321,-0.077644,1721.599000,-0.057549,-0.079240
1722.081000,-0.043019,-0.077369,1722.081000,-0.053321,-0.079074
1722.563000,-0.044576,-0.077083,1722.563000,-0.050882,-0.078898
1723.045000,-0.044982,-0.076786,1723.045000,-0.049814,-0.078710
1723.527000,-0.046106,-0.076479,1723.527000,-0.048998,-0.078512
1724.009000,-0.047557,-0.076161,1724.009000,-0.048186,-0.078303
1724.491000,-0.048874,-0.075832,1724.491000,-0.049076,-0.078084
1724.973000,-0.050577,-0.075494,1724.973000,-0.050961,-0.077853
1725.455000,-0.049902,-0.075145,1725.455000,-0.052675,-0.077613
1725.937000,-0.049653,-0.074786,1725.937000,-0.052621,-0.077361
1726.419000,-0.050435,-0.074416,1726.419000,-0.052583,-0.077099
1726.901000,-0.050709,-0.074036,1726.901000,-0.052336,-0.076827
1727.383000,-0.050232,-0.073646,1727.383000,-0.049918,-0.076544
1727.865000,-0.049406,-0.073246,1727.865000,-0.046742,-0.076250
1728.347000,-0.050532,-0.072836,1728.347000,-0.044217,-0.075946
1728.829000,-0.051944,-0.072417,1728.829000,-0.041772,-0.075632
1729.311000,-0.052697,-0.071987,1729.311000,-0.038634,-0.075308
1729.793000,-0.055163,-0.071547,1729.793000,-0.037445,-0.074973
1730.275000,-0.058308,-0.071098,1730.275000,-0.039528,-0.074628
1730.757000,-0.060032,-0.070638,1730.757000,-0.040780,-0.074273
1731.239000,-0.059741,-0.070170,1731.239000,-0.044561,-0.073908
1731.721000,-0.059461,-0.069691,1731.721000,-0.048378,-0.073533
1732.203000,-0.057214,-0.069203,1732.203000,-0.053358,-0.073148
1732.685000,-0.054449,-0.068706,1732.685000,-0.059668,-0.072753
1733.167000,-0.050198,-0.068199,1733.167000,-0.064982,-0.072348
1733.649000,-0.044880,-0.067683,1733.649000,-0.070779,-0.071933
1734.131000,-0.038989,-0.067158,1734.131000,-0.073947,-0.071508
1734.613000,-0.035095,-0.066624,1734.613000,-0.073589,-0.071074
1735.095000,-0.031529,-0.066080,1735.095000,-0.071397,-0.070630
1735.577000,-0.028239,-0.065528,1735.577000,-0.068340,-0.070177
1736.059000,-0.025445,-0.064967,1736.059000,-0.062525,-0.069714
1736.541000,-0.022869,-0.064397,1736.541000,-0.057294,-0.069242
1737.023000,-0.022118,-0.063818,1737.023000,-0.052127,-0.068760
1737.505000,-0.022842,-0.063230,1737.505000,-0.044170,-0.068269
1737.987000,-0.022988,-0.062634,1737.987000,-0.040040,-0.067769
1738.469000,-0.024235,-0.062030,1738.469000,-0.035743,-0.067259
1738.951000,-0.025116,-0.061417,1738.951000,-0.034751,-0.066741
1739.433000,-0.025973,-0.060796,1739.433000,-0.034950,-0.066213
1739.915000,-0.026864,-0.060166,1739.915000,-0.037329,-0.065677
1740.397000,-0.027472,-0.059529,1740.397000,-0.039692,-0.065132
1740.879000,-0.028919,-0.058883,1740.879000,-0.040655,-0.064578
1741.361000,-0.032700,-0.058229,1741.361000,-0.040653,-0.064015
1741.843000,-0.034957,-0.057568,1741.843000,-0.042714,-0.063443
1742.325000,-0.036673,-0.056899,1742.325000,-0.044618,-0.062864
1742.807000,-0.038382,-0.056222,1742.807000,-0.045846,-0.062275
1743.289000,-0.041782,-0.055537,1743.289000,-0.044532,-0.061679
1743.771000,-0.045168,-0.054845,1743.771000,-0.043258,-0.061074
1744.253000,-0.050797,-0.054146,1744.253000,-0.041601,-0.060461
1744.735000,-0.053447,-0.053440,1744.735000,-0.038586,-0.059839
1745.217000,-0.057019,-0.052726,1745.217000,-0.035142,-0.059210
1745.699000,-0.058870,-0.052005,1745.699000,-0.031621,-0.058573
1746.181000,-0.058357,-0.051277,1746.181000,-0.027755,-0.057928
1746.663000,-0.056330,-0.050543,1746.663000,-0.024207,-0.057275
1747.145000,-0.052819,-0.049801,1747.145000,-0.022057,-0.056615
1747.627000,-0.048187,-0.049053,1747.627000,-0.022689,-0.055947
1748.109000,-0.041634,-0.048299,1748.109000,-0.026966,-0.055271
1748.591000,-0.033738,-0.047538,1748.591000,-0.032399,-0.054588
1749.073000,-0.025188,-0.046770,1749.073000,-0.039308,-0.053898
1749.555000,-0.018591,-0.045997,1749.555000,-0.047576,-0.053201
1750.037000,-0.013720,-0.045217,1750.037000,-0.053143,-0.052497
1750.519000,-0.010057,-0.044432,1750.519000,-0.060677,-0.051785
1751.001000,-0.007851,-0.043640,1751.001000,-0.066790,-0.051067
1751.483000,-0.006137,-0.042843,1751.483000,-0.069359,-0.050342
1751.965000,-0.007135,-0.042040,1751.965000,-0.071000,-0.049611
1752.447000,-0.009245,-0.041231,1752.447000,-0.069822,-0.048873
1752.929000,-0.010171,-0.040417,1752.929000,-0.067345,-0.048128
1753.411000,-0.010063,-0.039598,1753.411000,-0.063221,-0.047377
1753.893000,-0.009942,-0.038773,1753.893000,-0.061818,-0.046620
1754.375000,-0.009902,-0.037944,1754.375000,-0.059358,-0.045856
1754.857000,-0.007774,-0.037109,1754.857000,-0.056609,-0.045087
1755.339000,-0.006782,-0.036270,1755.339000,-0.054644,-0.044312
1755.821000,-0.004810,-0.035426,1755.821000,-0.051904,-0.043531
1756.303000,-0.003676,-0.034577,1756.303000,-0.048670,-0.042744
1756.785000,-0.003008,-0.033724,1756.785000,-0.044540,-0.041951
1757.267000,-0.001977,-0.032866,1757.267000,-0.044117,-0.041153
1757.749000,0.000423,-0.032004,1757.749000,-0.042717,-0.040350
1758.231000,0.001001,-0.031138,1758.231000,-0.042943,-0.039542
1758.713000,0.001499,-0.030268,1758.713000,-0.042247,-0.038728
1759.195000,0.002780,-0.029394,1759.195000,-0.042396,-0.037909
1759.677000,0.005217,-0.028517,1759.677000,-0.042387,-0.037086
1760.159000,0.008754,-0.027635,1760.159000,-0.043655,-0.036257
1760.641000,0.011589,-0.026751,1760.641000,-0.045074,-0.035424
1761.123000,0.014740,-0.025862,1761.123000,-0.046053,-0.034587
1761.605000,0.018510,-0.024971,1761.605000,-0.046571,-0.033745
1762.087000,0.019946,-0.024076,1762.087000,-0.046430,-0.032898
1762.569000,0.020631,-0.023179,1762.569000,-0.043253,-0.032048
1763.051000,0.020147,-0.022278,1763.051000,-0.040666,-0.031193
1763.533000,0.020087,-0.021375,1763.533000,-0.038126,-0.030334
1764.015000,0.019487,-0.020469,1764.015000,-0.036334,-0.029472
1764.497000,0.020121,-0.019561,1764.497000,-0.033859,-0.028606
1764.979000,0.020673,-0.018650,1764.979000,-0.031660,-0.027736
1765.461000,0.021195,-0.017737,1765.461000,-0.027940,-0.026863
1765.943000,0.022468,-0.016822,1765.943000,-0.024983,-0.025986
1766.425000,0.021241,-0.015905,1766.425000,-0.021549,-0.025106
1766.907000,0.021545,-0.014986,1766.907000,-0.020602,-0.024223
1767.389000,0.021969,-0.014065,1767.389000,-0.018829,-0.023337
1767.871000,0.021066,-0.013143,1767.871000,-0.018419,-0.022448
1768.353000,0.020801,-0.012219,1768.353000,-0.017291,-0.021557
1768.835000,0.019145,-0.011294,1768.835000,-0.016174,-0.020662
1769.317000,0.020442,-0.010368,1769.317000,-0.015669,-0.019766
1769.799000,0.022771,-0.009440,1769.799000,-0.016380,-0.018867
1770.281000,0.027487,-0.008512,1770.281000,-0.017893,-0.017965
1770.763000,0.033891,-0.007583,1770.763000,-0.019102,-0.017062
1771.245000,0.044566,-0.006653,1771.245000,-0.023180,-0.016157
1771.727000,0.053838,-0.005722,1771.727000,-0.025137,-0.015249
1772.209000,0.061553,-0.004792,1772.209000,-0.026577,-0.014341
1772.691000,0.071315,-0.003860,1772.691000,-0.027741,-0.013430
1773.173000,0.077588,-0.002929,1773.173000,-0.029082,-0.012518
1773.655000,0.083965,-0.001998,1773.655000,-0.029606,-0.011605
1774.137000,0.087799,-0.001066,1774.137000,-0.028812,-0.010690
1774.619000,0.085753,-0.000135,1774.619000,-0.027877,-0.009774
1775.101000,0.085346,0.000795,1775.101000,-0.025333,-0.008858
1775.583000,0.081218,0.001726,1775.583000,-0.024347,-0.007940
1776.065000,0.077269,0.002655,1776.065000,-0.022606,-0.007022
1776.547000,0.071529,0.003584,1776.547000,-0.020505,-0.006103
1777.029000,0.067365,0.004512,1777.029000,-0.018192,-0.005184
1777.511000,0.066128,0.005439,1777.511000,-0.015757,-0.004264
1777.993000,0.066054,0.006365,1777.993000,-0.015966,-0.003345
1778.475000,0.065270,0.007290,1778.475000,-0.013920,-0.002425
1778.957000,0.063969,0.008213,1778.957000,-0.013762,-0.001505
1779.439000,0.065744,0.009135,1779.439000,-0.014501,-0.000585
1779.921000,0.065642,0.010055,1779.921000,-0.013759,0.000334
1780.403000,0.067333,0.010973,1780.403000,-0.010788,0.001253
1780.885000,0.066580,0.011889,1780.885000,-0.009203,0.002171
1781.367000,0.064994,0.012804,1781.367000,-0.007380,0.003089
1781.849000,0.067039,0.013716,1781.849000,-0.006634,0.004005
1782.331000,0.067808,0.014626,1782.331000,-0.008136,0.004921
1782.813000,0.067771,0.015533,1782.813000,-0.007539,0.005836
1783.295000,0.068791,0.016438,1783.295000,-0.006028,0.006749
1783.777000,0.071063,0.017341,1783.777000,-0.004519,0.007661
1784.259000,0.073757,0.018240,1784.259000,-0.004961,0.008572
1784.741000,0.074774,0.019137,1784.741000,-0.005549,0.009481
1785.223000,0.074359,0.020030,1785.223000,-0.002654,0.010388
1785.705000,0.071677,0.020921,1785.705000,-0.000467,0.011294
1786.187000,0.069643,0.021808,1786.187000,0.003815,0.012197
1786.669000,0.066716,0.022691,1786.669000,0.010685,0.013099
1787.151000,0.063378,0.023571,1787.151000,0.018237,0.013998
1787.633000,0.059414,0.024448,1787.633000,0.023640,0.014895
1788.115000,0.058786,0.025321,1788.115000,0.029373,0.015789
1788.597000,0.060963,0.026189,1788.597000,0.035288,0.016681
1789.079000,0.063694,0.027054,1789.079000,0.041945,0.017570
1789.561000,0.066954,0.027915,1789.561000,0.049777,0.018457
1790.043000,0.073257,0.028771,1790.043000,0.054507,0.019340
1790.525000,0.080117,0.029623,1790.525000,0.056415,0.020220
1791.007000,0.086309,0.030471,1791.007000,0.058930,0.021097
1791.489000,0.093308,0.031314,1791.489000,0.062376,0.021971
1791.971000,0.100647,0.032152,1791.971000,0.066843,0.022841
1792.453000,0.107887,0.032985,1792.453000,0.069051,0.023708
1792.935000,0.113624,0.033813,1792.935000,0.070647,0.024571
1793.417000,0.117776,0.034637,1793.417000,0.072397,0.025430
1793.899000,0.119396,0.035455,1793.899000,0.073275,0.026285
1794.381000,0.119715,0.036267,1794.381000,0.071715,0.027136
1794.863000,0.119689,0.037075,1794.863000,0.070318,0.027984
1795.345000,0.118826,0.037877,1795.345000,0.069755,0.028826
1795.827000,0.116495,0.038673,1795.827000,0.069578,0.029665
1796.309000,0.113347,0.039463,1796.309000,0.067887,0.030499
1796.791000,0.110567,0.040248,1796.791000,0.064424,0.031328
1797.273000,0.104685,0.041026,1797.273000,0.061490,0.032152
1797.755000,0.101133,0.041799,1797.755000,0.061438,0.032972
1798.237000,0.100097,0.042565,1798.237000,0.061496,0.033787
1798.719000,0.099264,0.043325,1798.719000,0.062054,0.034596
1799.201000,0.100552,0.044079,1799.201000,0.062110,0.035401
1799.683000,0.100907,0.044826,1799.683000,0.064583,0.036200
1800.165000,0.104172,0.045566,1800.165000,0.067569,0.036993
1800.647000,0.106687,0.046300,1800.647000,0.070830,0.037782
1801.129000,0.108154,0.047027,1801.129000,0.073848,0.038564
1801.611000,0.108927,0.047748,1801.611000,0.076815,0.039341
1802.093000,0.111849,0.048461,1802.093000,0.078131,0.040112
1802.575000,0.112122,0.049167,1802.575000,0.079868,0.040877
1803.057000,0.113775,0.049866,1803.057000,0.080530,0.041636
1803.539000,0.113505,0.050557,1803.539000,0.080707,0.042389
1804.021000,0.110246,0.051241,1804.021000,0.080589,0.043135
1804.503000,0.110937,0.051918,1804.503000,0.080097,0.043875
1804.985000,0.109428,0.052587,1804.985000,0.080377,0.044609
1805.467000,0.106616,0.053249,1805.467000,0.079855,0.045336
1805.949000,0.106975,0.053902,1805.949000,0.079396,0.046057
1806.431000,0.105842,0.054548,1806.431000,0.078965,0.046770
1806.913000,0.108082,0.055186,1806.913000,0.079205,0.047477
1807.395000,0.109029,0.055816,1807.395000,0.080771,0.048177
1807.877000,0.109922,0.056438,1807.877000,0.081708,0.048870
1808.359000,0.110200,0.057051,1808.359000,0.081165,0.049556
1808.841000,0.112533,0.057657,1808.841000,0.080322,0.050234
1809.323000,0.115497,0.058254,1809.323000,0.080989,0.050905
1809.805000,0.121609,0.058842,1809.805000,0.080997,0.051569
1810.287000,0.125734,0.059422,1810.287000,0.079800,0.052225
1810.769000,0.129227,0.059993,1810.769000,0.080219,0.052874
1811.251000,0.132864,0.060556,1811.251000,0.082199,0.053515
1811.733000,0.134616,0.061110,1811.733000,0.085124,0.054148
1812.215000,0.135778,0.061655,1812.215000,0.086243,0.054773
1812.697000,0.137818,0.062192,1812.697000,0.087818,0.055390
1813.179000,0.138626,0.062719,1813.179000,0.088192,0.056000
1813.661000,0.140878,0.063237,1813.661000,0.091414,0.056601
1814.143000,0.141970,0.063746,1814.143000,0.094826,0.057194
1814.625000,0.140809,0.064246,1814.625000,0.095970,0.057778
1815.107000,0.138230,0.064737,1815.107000,0.095467,0.058354
1815.589000,0.137190,0.065218,1815.589000,0.097018,0.058922
1816.071000,0.137326,0.065690,1816.071000,0.099870,0.059482
1816.553000,0.137562,0.066153,1816.553000,0.099845,0.060032
1817.035000,0.137368,0.066606,1817.035000,0.100806,0.060574
1817.517000,0.136929,0.067049,1817.517000,0.103556,0.061108
1817.999000,0.136061,0.067483,1817.999000,0.107223,0.061632
1818.481000,0.135763,0.067907,1818.481000,0.108565,0.062148
1818.963000,0.134416,0.068322,1818.963000,0.108889,0.062655
1819.445000,0.134296,0.068726,1819.445000,0.108548,0.063152
1819.927000,0.137007,0.069121,1819.927000,0.107668,0.063641
1820.409000,0.139236,0.069506,1820.409000,0.107847,0.064120
1820.891000,0.139448,0.069881,1820.891000,0.106615,0.064591
1821.373000,0.140412,0.070246,1821.373000,0.103262,0.065052
1821.855000,0.141345,0.070600,1821.855000,0.101210,0.065503
1822.337000,0.141088,0.070945,1822.337000,0.101654,0.065945
1822.819000,0.139097,0.071280,1822.819000,0.102060,0.066378
1823.301000,0.139693,0.071604,1823.301000,0.100110,0.066801
1823.783000,0.140469,0.071918,1823.783000,0.099756,0.067215
1824.265000,0.140947,0.072222,1824.265000,0.100408,0.067619
1824.747000,0.140410,0.072516,1824.747000,0.101966,0.068013
1825.229000,0.139045,0.072799,1825.229000,0.102001,0.068398
1825.711000,0.139753,0.073072,1825.711000,0.103088,0.068773
1826.193000,0.142249,0.073334,1826.193000,0.103843,0.069138
1826.675000,0.145206,0.073586,1826.675000,0.105692,0.069493
1827.157000,0.145688,0.073828,1827.157000,0.106370,0.069838
1827.639000,0.145713,0.074059,1827.639000,0.107384,0.070173
1828.121000,0.148451,0.074279,1828.121000,0.108328,0.070499
1828.603000,0.150239,0.074489,1828.603000,0.110231,0.070814
1829.085000,0.149803,0.074688,1829.085000,0.112020,0.071119
1829.567000,0.150423,0.074877,1829.567000,0.113949,0.071414
1830.049000,0.152044,0.075055,1830.049000,0.115742,0.071699
1830.531000,0.151625,0.075222,1830.531000,0.117455,0.071973
1831.013000,0.150667,0.075379,1831.013000,0.119809,0.072237
1831.495000,0.150334,0.075525,1831.495000,0.121290,0.072491
1831.977000,0.149587,0.075660,1831.977000,0.122061,0.072735
1832.459000,0.148114,0.075784,1832.459000,0.124218,0.072968
1832.941000,0.144728,0.075898,1832.941000,0.125497,0.073191
1833.423000,0.140468,0.076001,1833.423000,0.125921,0.073404
1833.905000,0.137726,0.076093,1833.905000,0.126169,0.073606
1834.387000,0.136367,0.076174,1834.387000,0.126268,0.073798
1834.869000,0.137636,0.076245,1834.869000,0.124942,0.073979
1835.351000,0.137627,0.076305,1835.351000,0.122619,0.074150
1835.833000,0.136844,0.076354,1835.833000,0.120408,0.074310
1836.315000,0.135068,0.076392,1836.315000,0.121479,0.074459
1836.797000,0.131998,0.076419,1836.797000,0.120902,0.074599
1837.279000,0.127842,0.076436,1837.279000,0.119568,0.074727
1837.761000,0.124163,0.076441,1837.761000,0.116135,0.074845
1838.243000,0.121687,0.076436,1838.243000,0.114014,0.074952
1838.725000,0.116779,0.076420,1838.725000,0.113278,0.075049
1839.207000,0.109067,0.076394,1839.207000,0.112974,0.075135
1839.689000,0.103985,0.076356,1839.689000,0.111977,0.075211
1840.171000,0.100136,0.076308,1840.171000,0.111105,0.075275
1840.653000,0.099335,0.076249,1840.653000,0.111055,0.075329
1841.135000,0.099217,0.076179,1841.135000,0.110093,0.075373
1841.617000,0.101845,0.076098,1841.617000,0.109646,0.075406
1842.099000,0.103227,0.076007,1842.099000,0.109287,0.075428
1842.581000,0.106089,0.075905,1842.581000,0.108375,0.075440
1843.063000,0.108368,0.075792,1843.063000,0.109581,0.075441
1843.545000,0.112158,0.075669,1843.545000,0.109448,0.075431
1844.027000,0.116811,0.075535,1844.027000,0.111204,0.075410
1844.509000,0.121040,0.075390,1844.509000,0.112020,0.075379
1844.991000,0.127021,0.075234,1844.991000,0.114477,0.075338
1845.473000,0.129865,0.075068,1845.473000,0.116577,0.075286
1845.955000,0.130417,0.074892,1845.955000,0.117568,0.075223
1846.437000,0.133284,0.074705,1846.437000,0.116748,0.075149
1846.919000,0.134747,0.074507,1846.919000,0.117470,0.075065
1847.401000,0.135086,0.074299,1847.401000,0.119134,0.074971
1847.883000,0.131527,0.074081,1847.883000,0.120642,0.074865
1848.365000,0.128398,0.073852,1848.365000,0.118537,0.074750
1848.847000,0.124817,0.073613,1848.847000,0.117273,0.074623
1849.329000,0.122817,0.073363,1849.329000,0.115723,0.074487
1849.811000,0.119152,0.073103,1849.811000,0.113454,0.074340
1850.293000,0.115849,0.072833,1850.293000,0.111947,0.074182
1850.775000,0.114778,0.072553,1850.775000,0.110099,0.074014
1851.257000,0.111066,0.072263,1851.257000,0.104525,0.073835
1851.739000,0.110956,0.071962,1851.739000,0.098879,0.073647
1852.221000,0.106734,0.071651,1852.221000,0.094862,0.073448
1852.703000,0.103697,0.071331,1852.703000,0.091417,0.073238
1853.185000,0.103811,0.071000,1853.185000,0.088650,0.073018
1853.667000,0.101485,0.070659,1853.667000,0.089275,0.072788
1854.149000,0.099608,0.070309,1854.149000,0.090174,0.072548
1854.631000,0.096142,0.069948,1854.631000,0.090114,0.072298
1855.113000,0.093665,0.069578,1855.113000,0.089657,0.072038
1855.595000,0.093163,0.069198,1855.595000,0.091436,0.071767
1856.077000,0.090423,0.068809,1856.077000,0.093166,0.071487
1856.559000,0.087669,0.068410,1856.559000,0.093715,0.071196
1857.041000,0.085269,0.068001,1857.041000,0.094179,0.070895
1857.523000,0.084674,0.067583,1857.523000,0.092914,0.070585
1858.005000,0.081134,0.067155,1858.005000,0.091840,0.070265
1858.487000,0.080465,0.066718,1858.487000,0.091207,0.069935
1858.969000,0.075454,0.066272,1858.969000,0.092248,0.069595
1859.451000,0.073954,0.065817,1859.451000,0.091584,0.069245
1859.933000,0.071612,0.065352,1859.933000,0.091962,0.068886
1860.415000,0.069210,0.064878,1860.415000,0.092932,0.068517
1860.897000,0.070403,0.064395,1860.897000,0.094135,0.068139
1861.379000,0.069870,0.063904,1861.379000,0.096183,0.067751
1861.861000,0.069153,0.063403,1861.861000,0.098409,0.067353
1862.343000,0.068353,0.062894,1862.343000,0.100730,0.066947
1862.825000,0.067080,0.062376,1862.825000,0.103596,0.066531
1863.307000,0.068064,0.061849,1863.307000,0.106975,0.066105
1863.789000,0.069281,0.061313,1863.789000,0.111091,0.065671
1864.271000,0.072028,0.060770,1864.271000,0.114729,0.065227
1864.753000,0.072898,0.060217,1864.753000,0.120989,0.064774
1865.235000,0.074175,0.059657,1865.235000,0.123876,0.064313
1865.717000,0.073686,0.059088,1865.717000,0.127397,0.063842
1866.199000,0.073554,0.058511,1866.199000,0.131093,0.063362
1866.681000,0.071835,0.057926,1866.681000,0.132033,0.062874
1867.163000,0.071227,0.057332,1867.163000,0.130479,0.062377
1867.645000,0.071303,0.056731,1867.645000,0.126195,0.061871
1868.127000,0.067895,0.056122,1868.127000,0.122020,0.061357
1868.609000,0.065296,0.055506,1868.609000,0.117299,0.060834
1869.091000,0.062311,0.054882,1869.091000,0.113883,0.060303
1869.573000,0.059304,0.054250,1869.573000,0.110601,0.059764
1870.055000,0.057230,0.053610,1870.055000,0.106291,0.059216
1870.537000,0.056558,0.052964,1870.537000,0.102858,0.058660
1871.019000,0.055317,0.052310,1871.019000,0.098517,0.058096
1871.501000,0.051804,0.051648,1871.501000,0.097595,0.057523
1871.983000,0.049076,0.050980,1871.983000,0.095595,0.056943
1872.465000,0.045360,0.050305,1872.465000,0.096213,0.056355
1872.947000,0.042093,0.049623,1872.947000,0.096910,0.055760
1873.429000,0.038852,0.048934,1873.429000,0.094583,0.055156
1873.911000,0.036914,0.048238,1873.911000,0.092708,0.054545
1874.393000,0.036511,0.047536,1874.393000,0.091150,0.053927
1874.875000,0.034178,0.046827,1874.875000,0.092712,0.053301
1875.357000,0.035552,0.046112,1875.357000,0.094072,0.052668
1875.839000,0.036516,0.045391,1875.839000,0.094899,0.052027
1876.321000,0.037054,0.044663,1876.321000,0.094980,0.051379
1876.803000,0.038619,0.043929,1876.803000,0.092181,0.050725
1877.285000,0.039589,0.043189,1877.285000,0.090916,0.050063
1877.767000,0.038509,0.042444,1877.767000,0.088907,0.049394
1878.249000,0.035552,0.041693,1878.249000,0.088298,0.048719
1878.731000,0.034258,0.040936,1878.731000,0.085680,0.048037
1879.213000,0.030629,0.040173,1879.213000,0.085173,0.047349
1879.695000,0.027539,0.039405,1879.695000,0.083376,0.046654
1880.177000,0.023865,0.038632,1880.177000,0.080729,0.045952
1880.659000,0.021773,0.037853,1880.659000,0.080327,0.045244
1881.141000,0.020954,0.037070,1881.141000,0.079772,0.044531
1881.623000,0.020357,0.036281,1881.623000,0.079858,0.043811
1882.105000,0.020789,0.035488,1882.105000,0.077278,0.043085
1882.587000,0.021982,0.034689,1882.587000,0.073961,0.042353
1883.069000,0.023583,0.033886,1883.069000,0.071734,0.041616
1883.551000,0.023828,0.033079,1883.551000,0.069541,0.040872
1884.033000,0.023431,0.032267,1884.033000,0.068208,0.040124
1884.515000,0.023541,0.031451,1884.515000,0.066171,0.039370
1884.997000,0.023621,0.030631,1884.997000,0.064610,0.038610
1885.479000,0.022965,0.029806,1885.479000,0.063489,0.037845
1885.961000,0.020418,0.028978,1885.961000,0.066051,0.037076
1886.443000,0.019065,0.028146,1886.443000,0.066031,0.036301
1886.925000,0.016969,0.027310,1886.925000,0.064862,0.035521
1887.407000,0.014448,0.026470,1887.407000,0.066098,0.034737
1887.889000,0.013924,0.025627,1887.889000,0.065288,0.033948
1888.371000,0.012342,0.024781,1888.371000,0.063831,0.033154
1888.853000,0.010654,0.023932,1888.853000,0.061123,0.032356
1889.335000,0.009344,0.023079,1889.335000,0.058796,0.031553
1889.817000,0.006467,0.022223,1889.817000,0.057642,0.030747
1890.299000,0.003655,0.021365,1890.299000,0.056723,0.029936
1890.781000,0.002341,0.020504,1890.781000,0.054928,0.029121
1891.263000,0.000955,0.019640,1891.263000,0.054425,0.028303
1891.745000,-0.000775,0.018773,1891.745000,0.054064,0.027480
1892.227000,-0.003845,0.017905,1892.227000,0.054087,0.026654
1892.709000,-0.006125,0.017034,1892.709000,0.056882,0.025825
1893.191000,-0.008495,0.016161,1893.191000,0.056658,0.024992
1893.673000,-0.012586,0.015286,1893.673000,0.054093,0.024156
1894.155000,-0.014611,0.014409,1894.155000,0.051520,0.023317
1894.637000,-0.015525,0.013530,1894.637000,0.048148,0.022474
1895.119000,-0.016185,0.012649,1895.119000,0.043768,0.021629
1895.601000,-0.015345,0.011768,1895.601000,0.039433,0.020781
1896.083000,-0.015123,0.010884,1896.083000,0.036007,0.019930
1896.565000,-0.015087,0.010000,1896.565000,0.034584,0.019077
1897.047000,-0.013735,0.009114,1897.047000,0.033312,0.018221
1897.529000,-0.011128,0.008228,1897.529000,0.030380,0.017363
1898.011000,-0.010916,0.007340,1898.011000,0.028105,0.016503
1898.493000,-0.010365,0.006452,1898.493000,0.025845,0.015640
1898.975000,-0.010730,0.005563,1898.975000,0.024224,0.014776
1899.457000,-0.012862,0.004674,1899.457000,0.024165,0.013910
1899.939000,-0.017019,0.003784,1899.939000,0.022764,0.013042
1900.421000,-0.021213,0.002894,1900.421000,0.022315,0.012173
1900.903000,-0.023967,0.002004,1900.903000,0.023660,0.011302
1901.385000,-0.026295,0.001114,1901.385000,0.023997,0.010430
1901.867000,-0.026995,0.000224,1901.867000,0.023621,0.009556
1902.349000,-0.027316,-0.000665,1902.349000,0.023137,0.008682
1902.831000,-0.027404,-0.001554,1902.831000,0.025284,0.007806
1903.313000,-0.026904,-0.002443,1903.313000,0.027676,0.006930
1903.795000,-0.025872,-0.003331,1903.795000,0.027913,0.006053
1904.277000,-0.024680,-0.004219,1904.277000,0.025870,0.005176
1904.759000,-0.023591,-0.005105,1904.759000,0.023517,0.004298
1905.241000,-0.023492,-0.005990,1905.241000,0.022647,0.003419
1905.723000,-0.024661,-0.006875,1905.723000,0.021652,0.002541
1906.205000,-0.027728,-0.007758,1906.205000,0.018691,0.001662
1906.687000,-0.030725,-0.008639,1906.687000,0.016095,0.000783
1907.169000,-0.033166,-0.009519,1907.169000,0.014686,-0.000095
1907.651000,-0.034435,-0.010398,1907.651000,0.011943,-0.000974
1908.133000,-0.033234,-0.011274,1908.133000,0.009104,-0.001851
1908.615000,-0.030278,-0.012149,1908.615000,0.005854,-0.002729
1909.097000,-0.026664,-0.013022,1909.097000,0.002711,-0.003606
1909.579000,-0.022757,-0.013892,1909.579000,0.002189,-0.004481
1910.061000,-0.019824,-0.014761,1910.061000,0.000771,-0.005356
1910.543000,-0.017805,-0.015627,1910.543000,-0.001279,-0.006230
1911.025000,-0.016137,-0.016490,1911.025000,-0.002242,-0.007103
1911.507000,-0.014631,-0.017351,1911.507000,-0.002857,-0.007975
1911.989000,-0.016059,-0.018209,1911.989000,-0.001161,-0.008845
1912.471000,-0.018038,-0.019064,1912.471000,-0.000837,-0.009714
1912.953000,-0.019867,-0.019917,1912.953000,-0.002043,-0.010581
1913.435000,-0.020678,-0.020766,1913.435000,-0.002652,-0.011446
1913.917000,-0.022223,-0.021612,1913.917000,-0.002875,-0.012310
1914.399000,-0.020912,-0.022454,1914.399000,-0.002988,-0.013171
1914.881000,-0.019675,-0.023293,1914.881000,-0.002056,-0.014031
1915.363000,-0.018523,-0.024129,1915.363000,-0.001897,-0.014888
1915.845000,-0.018823,-0.024961,1915.845000,-0.002398,-0.015742
1916.327000,-0.018738,-0.025789,1916.327000,-0.001666,-0.016595
1916.809000,-0.020804,-0.026613,1916.809000,-0.002307,-0.017444
1917.291000,-0.023128,-0.027433,1917.291000,-0.003454,-0.018291
1917.773000,-0.025884,-0.028249,1917.773000,-0.003862,-0.019135
1918.255000,-0.028900,-0.029060,1918.255000,-0.004840,-0.019977
1918.737000,-0.031424,-0.029867,1918.737000,-0.003767,-0.020815
1919.219000,-0.033165,-0.030670,1919.219000,-0.004339,-0.021650
1919.701000,-0.034388,-0.031468,1919.701000,-0.002551,-0.022481
1920.183000,-0.033237,-0.032261,1920.183000,-0.002087,-0.023309
1920.665000,-0.032951,-0.033050,1920.665000,-0.002190,-0.024134
1921.147000,-0.031858,-0.033833,1921.147000,-0.002481,-0.024955
1921.629000,-0.033804,-0.034612,1921.629000,-0.004105,-0.025772
1922.111000,-0.035804,-0.035385,1922.111000,-0.005956,-0.026586
1922.593000,-0.036829,-0.036153,1922.593000,-0.009171,-0.027395
1923.075000,-0.038443,-0.036916,1923.075000,-0.013202,-0.028200
1923.557000,-0.042005,-0.037673,1923.557000,-0.018841,-0.029001
1924.039000,-0.045325,-0.038425,1924.039000,-0.024059,-0.029798
1924.521000,-0.048197,-0.039170,1924.521000,-0.028789,-0.030590
1925.003000,-0.049415,-0.039910,1925.003000,-0.033285,-0.031378
1925.485000,-0.049684,-0.040645,1925.485000,-0.035382,-0.032161
1925.967000,-0.050585,-0.041373,1925.967000,-0.037612,-0.032939
1926.449000,-0.050403,-0.042095,1926.449000,-0.037547,-0.033713
1926.931000,-0.049657,-0.042810,1926.931000,-0.039304,-0.034481
1927.413000,-0.050845,-0.043520,1927.413000,-0.038960,-0.035244
1927.895000,-0.052210,-0.044223,1927.895000,-0.038504,-0.036003
1928.377000,-0.053913,-0.044920,1928.377000,-0.039027,-0.036755
1928.859000,-0.054050,-0.045610,1928.859000,-0.039896,-0.037503
1929.341000,-0.053387,-0.046293,1929.341000,-0.040801,-0.038245
1929.823000,-0.054128,-0.046969,1929.823000,-0.042212,-0.038981
1930.305000,-0.053999,-0.047639,1930.305000,-0.042553,-0.039712
1930.787000,-0.053053,-0.048301,1930.787000,-0.041706,-0.040436
1931.269000,-0.051345,-0.048957,1931.269000,-0.041643,-0.041155
1931.751000,-0.048629,-0.049605,1931.751000,-0.042149,-0.041868
1932.233000,-0.044931,-0.050246,1932.233000,-0.042135,-0.042575
1932.715000,-0.042587,-0.050880,1932.715000,-0.043141,-0.043275
1933.197000,-0.040134,-0.051506,1933.197000,-0.043829,-0.043969
1933.679000,-0.039200,-0.052125,1933.679000,-0.044486,-0.044657
1934.161000,-0.037212,-0.052736,1934.161000,-0.044705,-0.045338
1934.643000,-0.035672,-0.053340,1934.643000,-0.045063,-0.046013
1935.125000,-0.035752,-0.053936,1935.125000,-0.047459,-0.046681
1935.607000,-0.034423,-0.054524,1935.607000,-0.048622,-0.047342
1936.089000,-0.035028,-0.055104,1936.089000,-0.049648,-0.047996
1936.571000,-0.036426,-0.055676,1936.571000,-0.049598,-0.048643
1937.053000,-0.037502,-0.056239,1937.053000,-0.049925,-0.049284
1937.535000,-0.039286,-0.056795,1937.535000,-0.050084,-0.049917
1938.017000,-0.038851,-0.057343,1938.017000,-0.049741,-0.050543
1938.499000,-0.040151,-0.057882,1938.499000,-0.049092,-0.051161
1938.981000,-0.040366,-0.058412,1938.981000,-0.048946,-0.051772
1939.463000,-0.042154,-0.058935,1939.463000,-0.047796,-0.052376
1939.945000,-0.044444,-0.059448,1939.945000,-0.046212,-0.052972
1940.427000,-0.045713,-0.059954,1940.427000,-0.045772,-0.053561
1940.909000,-0.044939,-0.060450,1940.909000,-0.045412,-0.054141
1941.391000,-0.045471,-0.060938,1941.391000,-0.043843,-0.054714
1941.873000,-0.046164,-0.061417,1941.873000,-0.043194,-0.055279
1942.355000,-0.045032,-0.061887,1942.355000,-0.042580,-0.055836
1942.837000,-0.046274,-0.062348,1942.837000,-0.044037,-0.056385
1943.319000,-0.046861,-0.062800,1943.319000,-0.044884,-0.056926
1943.801000,-0.046202,-0.063243,1943.801000,-0.047787,-0.057459
1944.283000,-0.046386,-0.063677,1944.283000,-0.049291,-0.057984
1944.765000,-0.044398,-0.064101,1944.765000,-0.050911,-0.058500
1945.247000,-0.043847,-0.064517,1945.247000,-0.053039,-0.059007
1945.729000,-0.044397,-0.064923,1945.729000,-0.056047,-0.059507
1946.211000,-0.044984,-0.065320,1946.211000,-0.057290,-0.059997
1946.693000,-0.045850,-0.065707,1946.693000,-0.057558,-0.060480
1947.175000,-0.046089,-0.066085,1947.175000,-0.057818,-0.060953
1947.657000,-0.047477,-0.066454,1947.657000,-0.057021,-0.061418
1948.139000,-0.049259,-0.066813,1948.139000,-0.056340,-0.061874
1948.621000,-0.049918,-0.067162,1948.621000,-0.055417,-0.062321
1949.103000,-0.050823,-0.067502,1949.103000,-0.055031,-0.062759
1949.585000,-0.053770,-0.067832,1949.585000,-0.053870,-0.063188
1950.067000,-0.054521,-0.068152,1950.067000,-0.052361,-0.063608
1950.549000,-0.055190,-0.068463,1950.549000,-0.051892,-0.064019
1951.031000,-0.056670,-0.068763,1951.031000,-0.051012,-0.064421
1951.513000,-0.056058,-0.069054,1951.513000,-0.051343,-0.064814
1951.995000,-0.053683,-0.069335,1951.995000,-0.051089,-0.065197
1952.477000,-0.054094,-0.069606,1952.477000,-0.052201,-0.065571
1952.959000,-0.052319,-0.069867,1952.959000,-0.049858,-0.065936
1953.441000,-0.051582,-0.070118,1953.441000,-0.047661,-0.066291
1953.923000,-0.050457,-0.070359,1953.923000,-0.046677,-0.066637
1954.405000,-0.051723,-0.070590,1954.405000,-0.045554,-0.066974
1954.887000,-0.050717,-0.070811,1954.887000,-0.047408,-0.067301
1955.369000,-0.048369,-0.071021,1955.369000,-0.049914,-0.067618
1955.851000,-0.045966,-0.071222,1955.851000,-0.052189,-0.067926
1956.333000,-0.044052,-0.071412,1956.333000,-0.054300,-0.068224
1956.815000,-0.041012,-0.071593,1956.815000,-0.055719,-0.068512
1957.297000,-0.039850,-0.071763,1957.297000,-0.057140,-0.068791
1957.779000,-0.038792,-0.071922,1957.779000,-0.057484,-0.069059
1958.261000,-0.038110,-0.072072,1958.261000,-0.056933,-0.069318
1958.743000,-0.036254,-0.072211,1958.743000,-0.057295,-0.069567
1959.225000,-0.037331,-0.072340,1959.225000,-0.056693,-0.069807
1959.707000,-0.037954,-0.072459,1959.707000,-0.052673,-0.070036
1960.189000,-0.039256,-0.072567,1960.189000,-0.051601,-0.070256
1960.671000,-0.040741,-0.072665,1960.671000,-0.050899,-0.070465
1961.153000,-0.043692,-0.072753,1961.153000,-0.051198,-0.070664
1961.635000,-0.044494,-0.072830,1961.635000,-0.052451,-0.070854
1962.117000,-0.044731,-0.072897,1962.117000,-0.053670,-0.071033
1962.599000,-0.044468,-0.072953,1962.599000,-0.054023,-0.071203
1963.081000,-0.044076,-0.073000,1963.081000,-0.054267,-0.071362
1963.563000,-0.042607,-0.073035,1963.563000,-0.053318,-0.071511
1964.045000,-0.041846,-0.073061,1964.045000,-0.053525,-0.071650
1964.527000,-0.042728,-0.073076,1964.527000,-0.053913,-0.071779
1965.009000,-0.042662,-0.073081,1965.009000,-0.053908,-0.071898
1965.491000,-0.041888,-0.073075,1965.491000,-0.054308,-0.072007
1965.973000,-0.043645,-0.073059,1965.973000,-0.054260,-0.072105
1966.455000,-0.045552,-0.073033,1966.455000,-0.055778,-0.072194
1966.937000,-0.047755,-0.072996,1966.937000,-0.056628,-0.072272
1967.419000,-0.048701,-0.072949,1967.419000,-0.057705,-0.072340
1967.901000,-0.048391,-0.072892,1967.901000,-0.058496,-0.072397
1968.383000,-0.047248,-0.072824,1968.383000,-0.058293,-0.072445
1968.865000,-0.045848,-0.072746,1968.865000,-0.057714,-0.072482
1969.347000,-0.044205,-0.072658,1969.347000,-0.056400,-0.072509
1969.829000,-0.041782,-0.072560,1969.829000,-0.056705,-0.072526
1970.311000,-0.038037,-0.072451,1970.311000,-0.055570,-0.072533
1970.793000,-0.035652,-0.072332,1970.793000,-0.054336,-0.072529
1971.275000,-0.034052,-0.072203,1971.275000,-0.053062,-0.072516
1971.757000,-0.031257,-0.072063,1971.757000,-0.050689,-0.072492
1972.239000,-0.030858,-0.071914,1972.239000,-0.048804,-0.072458
1972.721000,-0.032208,-0.071754,1972.721000,-0.048686,-0.072413
1973.203000,-0.032935,-0.071584,1973.203000,-0.050886,-0.072359
1973.685000,-0.033294,-0.071404,1973.685000,-0.048334,-0.072294
1974.167000,-0.032012,-0.071214,1974.167000,-0.048755,-0.072219
1974.649000,-0.030665,-0.071014,1974.649000,-0.048489,-0.072135
1975.131000,-0.028695,-0.070804,1975.131000,-0.049810,-0.072039
1975.613000,-0.028782,-0.070584,1975.613000,-0.049228,-0.071934
1976.095000,-0.029259,-0.070355,1976.095000,-0.048620,-0.071819
1976.577000,-0.028300,-0.070115,1976.577000,-0.049313,-0.071694
1977.059000,-0.027574,-0.069865,1977.059000,-0.048234,-0.071559
1977.541000,-0.028341,-0.069606,1977.541000,-0.045613,-0.071413
1978.023000,-0.030239,-0.069337,1978.023000,-0.045994,-0.071258
1978.505000,-0.032652,-0.069058,1978.505000,-0.045670,-0.071093
1978.987000,-0.035848,-0.068769,1978.987000,-0.045419,-0.070918
1979.469000,-0.039689,-0.068471,1979.469000,-0.047451,-0.070732
1979.951000,-0.042462,-0.068163,1979.951000,-0.050943,-0.070537
1980.433000,-0.046660,-0.067846,1980.433000,-0.051528,-0.070333
1980.915000,-0.049426,-0.067519,1980.915000,-0.052838,-0.070118
1981.397000,-0.052348,-0.067183,1981.397000,-0.054598,-0.069894
1981.879000,-0.054152,-0.066837,1981.879000,-0.056772,-0.069659
1982.361000,-0.056072,-0.066482,1982.361000,-0.056176,-0.069415
1982.843000,-0.056318,-0.066118,1982.843000,-0.055273,-0.069162
1983.325000,-0.055627,-0.065744,1983.325000,-0.054187,-0.068899
1983.807000,-0.053483,-0.065361,1983.807000,-0.053875,-0.068626
1984.289000,-0.051274,-0.064970,1984.289000,-0.051895,-0.068344
1984.771000,-0.047381,-0.064569,1984.771000,-0.052552,-0.068052
1985.253000,-0.042772,-0.064159,1985.253000,-0.050513,-0.067750
1985.735000,-0.037717,-0.063740,1985.735000,-0.049222,-0.067440
1986.217000,-0.034309,-0.063312,1986.217000,-0.048428,-0.067120
1986.699000,-0.031117,-0.062876,1986.699000,-0.046949,-0.066790
1987.181000,-0.028943,-0.062431,1987.181000,-0.045160,-0.066452
1987.663000,-0.025496,-0.061977,1987.663000,-0.043922,-0.066104
1988.145000,-0.021795,-0.061514,1988.145000,-0.044283,-0.065747
1988.627000,-0.017475,-0.061043,1988.627000,-0.044391,-0.065381
1989.109000,-0.013600,-0.060564,1989.109000,-0.043965,-0.065006
1989.591000,-0.011460,-0.060076,1989.591000,-0.043504,-0.064621
1990.073000,-0.009770,-0.059579,1990.073000,-0.043217,-0.064228
1990.555000,-0.005979,-0.059075,1990.555000,-0.043887,-0.063826
1991.037000,-0.002801,-0.058562,1991.037000,-0.043122,-0.063416
1991.519000,0.000538,-0.058041,1991.519000,-0.042649,-0.062996
1992.001000,0.002392,-0.057513,1992.001000,-0.041199,-0.062568
1992.483000,0.002689,-0.056976,1992.483000,-0.040862,-0.062131
1992.965000,0.001076,-0.056431,1992.965000,-0.042007,-0.061686
1993.447000,-0.000514,-0.055879,1993.447000,-0.043302,-0.061232
1993.929000,-0.002882,-0.055319,1993.929000,-0.045159,-0.060769
1994.411000,-0.006561,-0.054751,1994.411000,-0.047172,-0.060299
1994.893000,-0.009482,-0.054176,1994.893000,-0.049145,-0.059820
1995.375000,-0.012368,-0.053594,1995.375000,-0.052731,-0.059332
1995.857000,-0.015806,-0.053004,1995.857000,-0.055347,-0.058837
1996.339000,-0.020748,-0.052406,1996.339000,-0.056626,-0.058334
1996.821000,-0.023569,-0.051802,1996.821000,-0.056364,-0.057822
1997.303000,-0.025383,-0.051190,1997.303000,-0.054892,-0.057303
1997.785000,-0.027630,-0.050572,1997.785000,-0.052688,-0.056776
1998.267000,-0.029172,-0.049946,1998.267000,-0.050870,-0.056241
1998.749000,-0.029477,-0.049314,1998.749000,-0.049851,-0.055698
1999.231000,-0.029286,-0.048675,1999.231000,-0.050128,-0.055148
1999.713000,-0.026375,-0.048030,1999.713000,-0.050275,-0.054590
2000.195000,-0.021795,-0.047377,2000.195000,-0.048308,-0.054025
2000.677000,-0.018780,-0.046719,2000.677000,-0.046382,-0.053453
2001.159000,-0.014877,-0.046054,2001.159000,-0.045102,-0.052873
2001.641000,-0.010334,-0.045383,2001.641000,-0.046934,-0.052286
2002.123000,-0.005129,-0.044705,2002.123000,-0.048655,-0.051692
2002.605000,-0.000641,-0.044022,2002.605000,-0.048313,-0.051091
2003.087000,0.002979,-0.043333,2003.087000,-0.047883,-0.050483
2003.569000,0.005442,-0.042638,2003.569000,-0.045622,-0.049868
2004.051000,0.006279,-0.041937,2004.051000,-0.044552,-0.049246
2004.533000,0.004915,-0.041230,2004.533000,-0.044025,-0.048618
2005.015000,0.003626,-0.040518,2005.015000,-0.044165,-0.047983
2005.497000,0.002481,-0.039800,2005.497000,-0.044155,-0.047342
2005.979000,0.002377,-0.039078,2005.979000,-0.044278,-0.046694
2006.461000,0.003683,-0.038350,2006.461000,-0.044805,-0.046040
2006.943000,0.004280,-0.037616,2006.943000,-0.044654,-0.045380
2007.425000,0.003309,-0.036878,2007.425000,-0.045426,-0.044714
2007.907000,0.004113,-0.036135,2007.907000,-0.045549,-0.044042
2008.389000,0.004515,-0.035387,2008.389000,-0.046877,-0.043363
2008.871000,0.006053,-0.034634,2008.871000,-0.045763,-0.042680
2009.353000,0.008095,-0.033877,2009.353000,-0.044021,-0.041990
2009.835000,0.009957,-0.033116,2009.835000,-0.043943,-0.041295
2010.317000,0.009134,-0.032350,2010.317000,-0.044206,-0.040594
2010.799000,0.008881,-0.031579,2010.799000,-0.045185,-0.039888
2011.281000,0.007691,-0.030805,2011.281000,-0.045067,-0.039177
2011.763000,0.007890,-0.030027,2011.763000,-0.045521,-0.038460
2012.245000,0.008318,-0.029244,2012.245000,-0.046016,-0.037738
2012.727000,0.008003,-0.028458,2012.727000,-0.046469,-0.037012
2013.209000,0.008156,-0.027669,2013.209000,-0.046990,-0.036280
2013.691000,0.006836,-0.026875,2013.691000,-0.047025,-0.035544
2014.173000,0.005784,-0.026079,2014.173000,-0.046196,-0.034803
2014.655000,0.007384,-0.025278,2014.655000,-0.043770,-0.034058
2015.137000,0.009456,-0.024475,2015.137000,-0.043665,-0.033308
2015.619000,0.011064,-0.023669,2015.619000,-0.041373,-0.032554
2016.101000,0.013626,-0.022859,2016.101000,-0.038456,-0.031795
2016.583000,0.015402,-0.022047,2016.583000,-0.036601,-0.031033
2017.065000,0.016435,-0.021232,2017.065000,-0.036227,-0.030266
2017.547000,0.019103,-0.020414,2017.547000,-0.035674,-0.029496
2018.029000,0.021128,-0.019594,2018.029000,-0.035740,-0.028722
2018.511000,0.022678,-0.018772,2018.511000,-0.035823,-0.027944
2018.993000,0.024144,-0.017947,2018.993000,-0.035778,-0.027162
2019.475000,0.025801,-0.017120,2019.475000,-0.034989,-0.026377
2019.957000,0.027896,-0.016291,2019.957000,-0.034098,-0.025589
2020.439000,0.029836,-0.015460,2020.439000,-0.035085,-0.024798
2020.921000,0.031433,-0.014627,2020.921000,-0.034779,-0.024003
2021.403000,0.034839,-0.013793,2021.403000,-0.035066,-0.023206
2021.885000,0.037392,-0.012957,2021.885000,-0.035293,-0.022405
2022.367000,0.038153,-0.012120,2022.367000,-0.032313,-0.021602
2022.849000,0.039311,-0.011281,2022.849000,-0.028966,-0.020796
2023.331000,0.039999,-0.010441,2023.331000,-0.026364,-0.019988
2023.813000,0.040968,-0.009600,2023.813000,-0.025745,-0.019177
2024.295000,0.041194,-0.008758,2024.295000,-0.023924,-0.018364
2024.777000,0.040143,-0.007916,2024.777000,-0.021867,-0.017549
2025.259000,0.039647,-0.007072,2025.259000,-0.020506,-0.016732
2025.741000,0.039975,-0.006228,2025.741000,-0.019281,-0.015913
2026.223000,0.041395,-0.005384,2026.223000,-0.018145,-0.015092
2026.705000,0.041877,-0.004539,2026.705000,-0.019251,-0.014269
2027.187000,0.042150,-0.003694,2027.187000,-0.021232,-0.013445
2027.669000,0.042897,-0.002849,2027.669000,-0.022049,-0.012619
2028.151000,0.044470,-0.002004,2028.151000,-0.023290,-0.011792
2028.633000,0.046290,-0.001159,2028.633000,-0.023810,-0.010964
2029.115000,0.047261,-0.000314,2029.115000,-0.024819,-0.010134
2029.597000,0.047678,0.000530,2029.597000,-0.025652,-0.009304
2030.079000,0.047576,0.001374,2030.079000,-0.027777,-0.008473
2030.561000,0.048445,0.002217,2030.561000,-0.029048,-0.007641
2031.043000,0.049453,0.003060,2031.043000,-0.028315,-0.006808
2031.525000,0.049885,0.003901,2031.525000,-0.027542,-0.005975
2032.007000,0.052015,0.004742,2032.007000,-0.028180,-0.005141
2032.489000,0.052726,0.005581,2032.489000,-0.025835,-0.004307
2032.971000,0.052436,0.006420,2032.971000,-0.022624,-0.003473
2033.453000,0.051943,0.007256,2033.453000,-0.021031,-0.002639
2033.935000,0.051928,0.008092,2033.935000,-0.017620,-0.001805
2034.417000,0.053637,0.008926,2034.417000,-0.013704,-0.000972
2034.899000,0.053302,0.009758,2034.899000,-0.012476,-0.000138
2035.381000,0.054404,0.010588,2035.381000,-0.010020,0.000695
2035.863000,0.054843,0.011416,2035.863000,-0.007874,0.001527
2036.345000,0.055275,0.012243,2036.345000,-0.007440,0.002359
2036.827000,0.056524,0.013067,2036.827000,-0.007442,0.003190
2037.309000,0.059348,0.013889,2037.309000,-0.006055,0.004020
2037.791000,0.062149,0.014708,2037.791000,-0.004653,0.004849
2038.273000,0.063808,0.015525,2038.273000,-0.003570,0.005677
2038.755000,0.066218,0.016339,2038.755000,-0.001690,0.006504
2039.237000,0.066765,0.017150,2039.237000,0.001313,0.007329
2039.719000,0.067174,0.017959,2039.719000,0.005928,0.008153
2040.201000,0.068586,0.018764,2040.201000,0.008510,0.008975
2040.683000,0.070056,0.019567,2040.683000,0.011648,0.009795
2041.165000,0.069488,0.020366,2041.165000,0.014651,0.010613
2041.647000,0.068855,0.021162,2041.647000,0.017484,0.011430
2042.129000,0.070107,0.021954,2042.129000,0.021804,0.012244
2042.611000,0.071932,0.022743,2042.611000,0.025500,0.013057
2043.093000,0.074101,0.023528,2043.093000,0.026584,0.013867
2043.575000,0.075012,0.024310,2043.575000,0.028034,0.014674
2044.057000,0.075962,0.025087,2044.057000,0.028950,0.015479
2044.539000,0.077284,0.025860,2044.539000,0.029078,0.016281
2045.021000,0.077795,0.026630,2045.021000,0.029155,0.017081
2045.503000,0.078252,0.027395,2045.503000,0.028417,0.017877
2045.985000,0.078099,0.028156,2045.985000,0.027855,0.018671
2046.467000,0.077872,0.028912,2046.467000,0.030101,0.019461
2046.949000,0.077163,0.029664,2046.949000,0.031974,0.020249
2047.431000,0.076719,0.030411,2047.431000,0.032993,0.021033
2047.913000,0.074942,0.031153,2047.913000,0.035008,0.021813
2048.395000,0.074544,0.031891,2048.395000,0.038023,0.022590
2048.877000,0.073834,0.032623,2048.877000,0.040380,0.023363
2049.359000,0.073896,0.033350,2049.359000,0.043146,0.024133
2049.841000,0.072556,0.034073,2049.841000,0.044001,0.024898
2050.323000,0.071080,0.034790,2050.323000,0.045516,0.025660
2050.805000,0.070917,0.035501,2050.805000,0.047855,0.026417
2051.287000,0.069837,0.036207,2051.287000,0.050520,0.027170
2051.769000,0.068777,0.036908,2051.769000,0.053022,0.027919
2052.251000,0.068504,0.037603,2052.251000,0.054621,0.028664
2052.733000,0.067811,0.038292,2052.733000,0.058113,0.029404
2053.215000,0.068767,0.038975,2053.215000,0.062762,0.030139
2053.697000,0.070741,0.039652,2053.697000,0.065678,0.030870
2054.179000,0.073334,0.040323,2054.179000,0.067182,0.031596
2054.661000,0.074928,0.040988,2054.661000,0.069519,0.032317
2055.143000,0.076639,0.041647,2055.143000,0.071020,0.033032
2055.625000,0.079063,0.042299,2055.625000,0.071153,0.033743
2056.107000,0.082224,0.042945,2056.107000,0.070169,0.034448
2056.589000,0.084106,0.043584,2056.589000,0.068671,0.035149
2057.071000,0.086255,0.044217,2057.071000,0.068799,0.035843
2057.553000,0.085730,0.044843,2057.553000,0.068866,0.036532
2058.035000,0.084702,0.045462,2058.035000,0.068506,0.037216
2058.517000,0.083379,0.046075,2058.517000,0.065967,0.037894
2058.999000,0.082352,0.046680,2058.999000,0.065300,0.038565
2059.481000,0.080263,0.047278,2059.481000,0.066072,0.039232
2059.963000,0.079009,0.047870,2059.963000,0.066115,0.039892
2060.445000,0.077201,0.048454,2060.445000,0.066215,0.040545
2060.927000,0.075439,0.049030,2060.927000,0.068359,0.041193
2061.409000,0.073361,0.049600,2061.409000,0.069342,0.041835
2061.891000,0.072261,0.050162,2061.891000,0.068995,0.042470
2062.373000,0.072733,0.050716,2062.373000,0.070177,0.043098
2062.855000,0.073928,0.051263,2062.855000,0.071076,0.043720
2063.337000,0.075720,0.051802,2063.337000,0.072604,0.044336
2063.819000,0.077953,0.052333,2063.819000,0.074198,0.044944
2064.301000,0.079187,0.052856,2064.301000,0.076214,0.045546
2064.783000,0.082259,0.053372,2064.783000,0.077856,0.046141
2065.265000,0.083990,0.053879,2065.265000,0.078484,0.046729
2065.747000,0.086165,0.054379,2065.747000,0.080773,0.047310
2066.229000,0.087571,0.054870,2066.229000,0.081864,0.047884
2066.711000,0.089160,0.055354,2066.711000,0.081571,0.048451
2067.193000,0.090767,0.055828,2067.193000,0.081888,0.049010
2067.675000,0.092117,0.056295,2067.675000,0.082149,0.049562
2068.157000,0.092353,0.056753,2068.157000,0.079979,0.050107
2068.639000,0.091145,0.057203,2068.639000,0.077781,0.050644
2069.121000,0.091224,0.057644,2069.121000,0.076993,0.051173
2069.603000,0.090553,0.058077,2069.603000,0.074988,0.051695
2070.085000,0.091225,0.058501,2070.085000,0.072934,0.052209
2070.567000,0.091467,0.058917,2070.567000,0.070462,0.052715
2071.049000,0.090705,0.059323,2071.049000,0.069828,0.053213
2071.531000,0.088862,0.059721,2071.531000,0.068281,0.053704
2072.013000,0.086525,0.060110,2072.013000,0.066831,0.054186
2072.495000,0.085006,0.060491,2072.495000,0.065335,0.054660
2072.977000,0.084395,0.060862,2072.977000,0.065006,0.055126
2073.459000,0.083999,0.061224,2073.459000,0.064364,0.055584
2073.941000,0.084125,0.061577,2073.941000,0.064916,0.056034
2074.423000,0.084920,0.061921,2074.423000,0.066220,0.056475
2074.905000,0.085679,0.062256,2074.905000,0.067065,0.056908
2075.387000,0.085468,0.062582,2075.387000,0.067775,0.057333
2075.869000,0.086924,0.062898,2075.869000,0.069418,0.057749
2076.351000,0.087211,0.063206,2076.351000,0.070164,0.058156
2076.833000,0.089351,0.063504,2076.833000,0.070939,0.058555
2077.315000,0.091582,0.063792,2077.315000,0.072038,0.058945
2077.797000,0.091724,0.064071,2077.797000,0.073001,0.059326
2078.279000,0.089717,0.064341,2078.279000,0.073101,0.059699
2078.761000,0.088881,0.064601,2078.761000,0.074579,0.060063
2079.243000,0.088701,0.064852,2079.243000,0.074720,0.060418
2079.725000,0.086959,0.065093,2079.725000,0.076038,0.060764
2080.207000,0.083965,0.065325,2080.207000,0.077819,0.061101
2080.689000,0.081342,0.065547,2080.689000,0.080613,0.061429
2081.171000,0.081932,0.065760,2081.171000,0.083021,0.061748
2081.653000,0.081325,0.065963,2081.653000,0.084345,0.062058
2082.135000,0.080175,0.066156,2082.135000,0.084847,0.062358
2082.617000,0.080474,0.066339,2082.617000,0.085813,0.062650
2083.099000,0.079540,0.066513,2083.099000,0.084665,0.062932
2083.581000,0.079460,0.066677,2083.581000,0.083920,0.063205
2084.063000,0.079757,0.066832,2084.063000,0.082659,0.063469
2084.545000,0.076925,0.066976,2084.545000,0.078921,0.063724
2085.027000,0.075263,0.067111,2085.027000,0.076061,0.063969
2085.509000,0.074185,0.067236,2085.509000,0.075434,0.064205
2085.991000,0.073439,0.067351,2085.991000,0.073430,0.064431
2086.473000,0.070946,0.067456,2086.473000,0.072012,0.064648
2086.955000,0.069418,0.067552,2086.955000,0.074496,0.064855
2087.437000,0.070138,0.067637,2087.437000,0.077719,0.065053
2087.919000,0.072455,0.067713,2087.919000,0.079050,0.065241
2088.401000,0.073361,0.067779,2088.401000,0.079640,0.065420
2088.883000,0.073251,0.067835,2088.883000,0.080589,0.065590
2089.365000,0.073648,0.067881,2089.365000,0.082817,0.065749
2089.847000,0.073514,0.067918,2089.847000,0.081391,0.065899
2090.329000,0.073873,0.067944,2090.329000,0.080814,0.066040
2090.811000,0.074693,0.067961,2090.811000,0.080225,0.066171
2091.293000,0.071979,0.067967,2091.293000,0.077031,0.066292
2091.775000,0.069687,0.067964,2091.775000,0.074218,0.066403
2092.257000,0.067747,0.067951,2092.257000,0.073617,0.066505
2092.739000,0.065332,0.067928,2092.739000,0.071447,0.066597
2093.221000,0.064717,0.067895,2093.221000,0.068080,0.066680
2093.703000,0.065379,0.067852,2093.703000,0.067543,0.066753
2094.185000,0.066134,0.067800,2094.185000,0.065468,0.066816
2094.667000,0.067417,0.067738,2094.667000,0.061785,0.066869
2095.149000,0.067626,0.067666,2095.149000,0.060434,0.066912
2095.631000,0.066256,0.067584,2095.631000,0.061059,0.066946
2096.113000,0.067131,0.067492,2096.113000,0.062502,0.066970
2096.595000,0.069134,0.067390,2096.595000,0.062180,0.066985
2097.077000,0.069676,0.067279,2097.077000,0.064921,0.066990
2097.559000,0.068822,0.067158,2097.559000,0.066695,0.066984
2098.041000,0.066490,0.067028,2098.041000,0.064800,0.066970
2098.523000,0.063353,0.066887,2098.523000,0.063525,0.066945
2099.005000,0.061997,0.066737,2099.005000,0.065421,0.066911
2099.487000,0.059729,0.066578,2099.487000,0.065475,0.066867
2099.969000,0.059063,0.066409,2099.969000,0.062827,0.066814
2100.451000,0.057121,0.066230,2100.451000,0.061295,0.066751
2100.933000,0.054635,0.066042,2100.933000,0.059818,0.066678
2101.415000,0.053628,0.065844,2101.415000,0.059565,0.066595
2101.897000,0.051825,0.065637,2101.897000,0.061224,0.066503
2102.379000,0.049904,0.065420,2102.379000,0.061691,0.066402
2102.861000,0.049667,0.065194,2102.861000,0.063088,0.066290
2103.343000,0.048826,0.064958,2103.343000,0.065471,0.066169
2103.825000,0.047179,0.064713,2103.825000,0.067032,0.066039
2104.307000,0.047182,0.064459,2104.307000,0.065325,0.065899
2104.789000,0.047459,0.064196,2104.789000,0.062375,0.065750
2105.271000,0.046291,0.063923,2105.271000,0.061231,0.065591
2105.753000,0.046902,0.063641,2105.753000,0.061711,0.065422
2106.235000,0.046233,0.063351,2106.235000,0.059724,0.065245
2106.717000,0.045070,0.063051,2106.717000,0.055712,0.065057
2107.199000,0.044286,0.062742,2107.199000,0.052274,0.064861
2107.681000,0.042922,0.062424,2107.681000,0.048811,0.064655
2108.163000,0.041773,0.062097,2108.163000,0.046433,0.064440
2108.645000,0.040839,0.061761,2108.645000,0.044076,0.064216
2109.127000,0.039656,0.061416,2109.127000,0.040823,0.063982
2109.609000,0.040074,0.061063,2109.609000,0.039705,0.063739
2110.091000,0.039791,0.060701,2110.091000,0.038775,0.063487
2110.573000,0.040670,0.060330,2110.573000,0.037875,0.063226
2111.055000,0.041227,0.059951,2111.055000,0.038371,0.062956
2111.537000,0.040812,0.059563,2111.537000,0.039793,0.062677
2112.019000,0.040543,0.059166,2112.019000,0.044547,0.062389
2112.501000,0.040830,0.058762,2112.501000,0.048034,0.062092
2112.983000,0.038905,0.058348,2112.983000,0.052148,0.061786
2113.465000,0.036409,0.057927,2113.465000,0.055140,0.061472
2113.947000,0.033418,0.057497,2113.947000,0.056547,0.061148
2114.429000,0.029600,0.057059,2114.429000,0.059018,0.060816
2114.911000,0.027300,0.056613,2114.911000,0.060533,0.060475
2115.393000,0.024595,0.056159,2115.393000,0.059976,0.060125
2115.875000,0.022382,0.055698,2115.875000,0.057413,0.059767
2116.357000,0.022163,0.055228,2116.357000,0.054362,0.059401
2116.839000,0.020984,0.054750,2116.839000,0.050318,0.059025
2117.321000,0.019659,0.054265,2117.321000,0.047516,0.058642
2117.803000,0.018985,0.053771,2117.803000,0.047094,0.058250
2118.285000,0.018212,0.053271,2118.285000,0.044598,0.057850
2118.767000,0.016896,0.052763,2118.767000,0.043719,0.057442
2119.249000,0.015645,0.052247,2119.249000,0.042410,0.057025
2119.731000,0.013201,0.051724,2119.731000,0.043861,0.056601
2120.213000,0.011667,0.051194,2120.213000,0.042283,0.056168
2120.695000,0.010850,0.050656,2120.695000,0.039470,0.055727
2121.177000,0.009776,0.050111,2121.177000,0.037786,0.055279
2121.659000,0.009956,0.049560,2121.659000,0.035675,0.054822
2122.141000,0.009062,0.049001,2122.141000,0.032713,0.054358
2122.623000,0.009461,0.048435,2122.623000,0.029749,0.053887
2123.105000,0.010295,0.047863,2123.105000,0.028404,0.053407
2123.587000,0.010010,0.047284,2123.587000,0.026934,0.052920
2124.069000,0.009974,0.046698,2124.069000,0.027284,0.052426
2124.551000,0.011794,0.046106,2124.551000,0.029795,0.051924
2125.033000,0.012259,0.045508,2125.033000,0.030006,0.051415
2125.515000,0.013062,0.044903,2125.515000,0.031221,0.050898
2125.997000,0.014775,0.044291,2125.997000,0.035912,0.050375
2126.479000,0.016269,0.043674,2126.479000,0.038526,0.049844
2126.961000,0.018211,0.043050,2126.961000,0.038711,0.049306
2127.443000,0.019231,0.042421,2127.443000,0.037950,0.048762
2127.925000,0.019293,0.041786,2127.925000,0.037367,0.048210
2128.407000,0.017789,0.041144,2128.407000,0.037302,0.047652
2128.889000,0.015039,0.040498,2128.889000,0.036659,0.047087
2129.371000,0.012148,0.039845,2129.371000,0.036319,0.046516
2129.853000,0.007837,0.039187,2129.853000,0.035908,0.045938
2130.335000,0.003108,0.038524,2130.335000,0.035279,0.045353
2130.817000,0.000157,0.037855,2130.817000,0.036407,0.044763
2131.299000,-0.001466,0.037181,2131.299000,0.038285,0.044166
2131.781000,-0.004208,0.036502,2131.781000,0.038718,0.043563
2132.263000,-0.006368,0.035818,2132.263000,0.038497,0.042953
2132.745000,-0.008019,0.035129,2132.745000,0.039078,0.042338
2133.227000,-0.009480,0.034436,2133.227000,0.037434,0.041717
2133.709000,-0.010403,0.033737,2133.709000,0.036862,0.041090
2134.191000,-0.010464,0.033034,2134.191000,0.036412,0.040457
2134.673000,-0.011116,0.032327,2134.673000,0.036480,0.039819
2135.155000,-0.012888,0.031615,2135.155000,0.036360,0.039176
2135.637000,-0.013940,0.030899,2135.637000,0.036741,0.038526
2136.119000,-0.015261,0.030178,2136.119000,0.037082,0.037872
2136.601000,-0.017607,0.029454,2136.601000,0.036387,0.037212
2137.083000,-0.019290,0.028725,2137.083000,0.036393,0.036547
2137.565000,-0.019314,0.027993,2137.565000,0.037561,0.035878
2138.047000,-0.020732,0.027257,2138.047000,0.038139,0.035203
2138.529000,-0.023659,0.026517,2138.529000,0.037429,0.034523
2139.011000,-0.026017,0.025774,2139.011000,0.035459,0.033839
2139.493000,-0.027744,0.025028,2139.493000,0.034585,0.033150
2139.975000,-0.028057,0.024278,2139.975000,0.033471,0.032457
2140.457000,-0.029085,0.023525,2140.457000,0.033016,0.031759
2140.939000,-0.029738,0.022768,2140.939000,0.033356,0.031056
2141.421000,-0.030005,0.022009,2141.421000,0.033216,0.030350
2141.903000,-0.029956,0.021247,2141.903000,0.032942,0.029640
2142.385000,-0.029155,0.020483,2142.385000,0.031341,0.028925
2142.867000,-0.028626,0.019715,2142.867000,0.028773,0.028207
2143.349000,-0.028695,0.018945,2143.349000,0.025436,0.027484
2143.831000,-0.029016,0.018173,2143.831000,0.022022,0.026758
2144.313000,-0.028979,0.017398,2144.313000,0.018851,0.026029
2144.795000,-0.030419,0.016621,2144.795000,0.015490,0.025296
2145.277000,-0.031486,0.015842,2145.277000,0.013480,0.024559
2145.759000,-0.032837,0.015061,2145.759000,0.012112,0.023820
2146.241000,-0.033547,0.014279,2146.241000,0.011731,0.023077
2146.723000,-0.034084,0.013494,2146.723000,0.009211,0.022331
2147.205000,-0.035729,0.012708,2147.205000,0.007957,0.021583
2147.687000,-0.035680,0.011921,2147.687000,0.010085,0.020831
2148.169000,-0.034366,0.011132,2148.169000,0.012573,0.020077
2148.651000,-0.033889,0.010342,2148.651000,0.013694,0.019320
2149.133000,-0.032887,0.009550,2149.133000,0.012402,0.018560
2149.615000,-0.030988,0.008758,2149.615000,0.011158,0.017799
2150.097000,-0.030085,0.007964,2150.097000,0.010138,0.017035
2150.579000,-0.029316,0.007170,2150.579000,0.008913,0.016268
2151.061000,-0.027517,0.006375,2151.061000,0.008217,0.015500
2151.543000,-0.025155,0.005580,2151.543000,0.007774,0.014730
2152.025000,-0.022873,0.004784,2152.025000,0.008206,0.013958
2152.507000,-0.021331,0.003988,2152.507000,0.006984,0.013184
2152.989000,-0.020353,0.003192,2152.989000,0.004243,0.012409
2153.471000,-0.020799,0.002395,2153.471000,0.000562,0.011632
2153.953000,-0.021029,0.001599,2153.953000,-0.000169,0.010854
2154.435000,-0.020844,0.000802,2154.435000,0.000674,0.010075
2154.917000,-0.022370,0.000006,2154.917000,0.000359,0.009294
2155.399000,-0.025566,-0.000790,2155.399000,-0.001854,0.008513
2155.881000,-0.028749,-0.001585,2155.881000,-0.004295,0.007730
2156.363000,-0.031262,-0.002380,2156.363000,-0.003587,0.006947
2156.845000,-0.034273,-0.003174,2156.845000,-0.002502,0.006163
2157.327000,-0.036032,-0.003967,2157.327000,-0.001546,0.005379
2157.809000,-0.035432,-0.004759,2157.809000,-0.001232,0.004594
2158.291000,-0.034788,-0.005550,2158.291000,-0.002100,0.003808
2158.773000,-0.035054,-0.006341,2158.773000,-0.002442,0.003023
2159.255000,-0.033952,-0.007129,2159.255000,-0.004358,0.002237
2159.737000,-0.033967,-0.007917,2159.737000,-0.005787,0.001451
2160.219000,-0.034879,-0.008703,2160.219000,-0.006752,0.000666
2160.701000,-0.035514,-0.009487,2160.701000,-0.007711,-0.000120
2161.183000,-0.036551,-0.010269,2161.183000,-0.010167,-0.000905
2161.665000,-0.037758,-0.011050,2161.665000,-0.012841,-0.001689
2162.147000,-0.038907,-0.011829,2162.147000,-0.014592,-0.002473
2162.629000,-0.039833,-0.012605,2162.629000,-0.015026,-0.003256
2163.111000,-0.039795,-0.013380,2163.111000,-0.013417,-0.004039
2163.593000,-0.038533,-0.014152,2163.593000,-0.014286,-0.004821
2164.075000,-0.037583,-0.014922,2164.075000,-0.016091,-0.005601
2164.557000,-0.036482,-0.015689,2164.557000,-0.018051,-0.006381
2165.039000,-0.036849,-0.016454,2165.039000,-0.020167,-0.007159
2165.521000,-0.037576,-0.017216,2165.521000,-0.022599,-0.007936
2166.003000,-0.038538,-0.017975,2166.003000,-0.026693,-0.008711
2166.485000,-0.040242,-0.018731,2166.485000,-0.030285,-0.009485
2166.967000,-0.043020,-0.019484,2166.967000,-0.034747,-0.010257
2167.449000,-0.046188,-0.020233,2167.449000,-0.037812,-0.011027
2167.931000,-0.049824,-0.020980,2167.931000,-0.040116,-0.011796
2168.413000,-0.051655,-0.021723,2168.413000,-0.042218,-0.012562
2168.895000,-0.052850,-0.022463,2168.895000,-0.043422,-0.013326
2169.377000,-0.054429,-0.023199,2169.377000,-0.042154,-0.014088
2169.859000,-0.054065,-0.023931,2169.859000,-0.038311,-0.014848
2170.341000,-0.052419,-0.024660,2170.341000,-0.034823,-0.015605
2170.823000,-0.052330,-0.025384,2170.823000,-0.032698,-0.016360
2171.305000,-0.049903,-0.026105,2171.305000,-0.030887,-0.017111
2171.787000,-0.045854,-0.026821,2171.787000,-0.029433,-0.017861
2172.269000,-0.042950,-0.027533,2172.269000,-0.028575,-0.018607
2172.751000,-0.040297,-0.028241,2172.751000,-0.028028,-0.019350
2173.233000,-0.035835,-0.028944,2173.233000,-0.029168,-0.020090
2173.715000,-0.033317,-0.029643,2173.715000,-0.031080,-0.020827
2174.197000,-0.031835,-0.030338,2174.197000,-0.031326,-0.021560
2174.679000,-0.030278,-0.031027,2174.679000,-0.033572,-0.022291
2175.161000,-0.028989,-0.031712,2175.161000,-0.036332,-0.023017
2175.643000,-0.029290,-0.032391,2175.643000,-0.038570,-0.023740
2176.125000,-0.031493,-0.033066,2176.125000,-0.039081,-0.024459
2176.607000,-0.032195,-0.033736,2176.607000,-0.038986,-0.025175
2177.089000,-0.034119,-0.034400,2177.089000,-0.040315,-0.025886
2177.571000,-0.037107,-0.035059,2177.571000,-0.042435,-0.026594
2178.053000,-0.038569,-0.035713,2178.053000,-0.042048,-0.027297
2178.535000,-0.041467,-0.036361,2178.535000,-0.039891,-0.027996
2179.017000,-0.044041,-0.037004,2179.017000,-0.038231,-0.028690
2179.499000,-0.045324,-0.037640,2179.499000,-0.037510,-0.029381
2179.981000,-0.046734,-0.038271,2179.981000,-0.038035,-0.030066
2180.463000,-0.048788,-0.038897,2180.463000,-0.038188,-0.030747
2180.945000,-0.050263,-0.039516,2180.945000,-0.037465,-0.031424
2181.427000,-0.050198,-0.040129,2181.427000,-0.036779,-0.032095
2181.909000,-0.048268,-0.040736,2181.909000,-0.035438,-0.032761
2182.391000,-0.046506,-0.041337,2182.391000,-0.034391,-0.033423
2182.873000,-0.045407,-0.041932,2182.873000,-0.033997,-0.034079
2183.355000,-0.042244,-0.042520,2183.355000,-0.033543,-0.034730
2183.837000,-0.040881,-0.043102,2183.837000,-0.033161,-0.035376
2184.319000,-0.040726,-0.043677,2184.319000,-0.032680,-0.036017
2184.801000,-0.040897,-0.044246,2184.801000,-0.031605,-0.036652
2185.283000,-0.041050,-0.044807,2185.283000,-0.031276,-0.037281
2185.765000,-0.041016,-0.045362,2185.765000,-0.031300,-0.037905
2186.247000,-0.040923,-0.045911,2186.247000,-0.031440,-0.038523
2186.729000,-0.043183,-0.046452,2186.729000,-0.032485,-0.039135
2187.211000,-0.044194,-0.046986,2187.211000,-0.034605,-0.039741
2187.693000,-0.045725,-0.047513,2187.693000,-0.036357,-0.040341
2188.175000,-0.045563,-0.048033,2188.175000,-0.037737,-0.040935
2188.657000,-0.043661,-0.048546,2188.657000,-0.038628,-0.041523
2189.139000,-0.043649,-0.049052,2189.139000,-0.040754,-0.042105
2189.621000,-0.045164,-0.049550,2189.621000,-0.043198,-0.042680
2190.103000,-0.044477,-0.050040,2190.103000,-0.044682,-0.043249
2190.585000,-0.044839,-0.050523,2190.585000,-0.047145,-0.043812
2191.067000,-0.046040,-0.050999,2191.067000,-0.049365,-0.044367
2191.549000,-0.046022,-0.051467,2191.549000,-0.052082,-0.044917
2192.031000,-0.045079,-0.051927,2192.031000,-0.053762,-0.045459
2192.513000,-0.044980,-0.052379,2192.513000,-0.054632,-0.045995
2192.995000,-0.044944,-0.052824,2192.995000,-0.055853,-0.046523
2193.477000,-0.045491,-0.053260,2193.477000,-0.056942,-0.047045
2193.959000,-0.044278,-0.053689,2193.959000,-0.059018,-0.047560
2194.441000,-0.043363,-0.054110,2194.441000,-0.058604,-0.048067
2194.923000,-0.041784,-0.054522,2194.923000,-0.056570,-0.048568
2195.405000,-0.039282,-0.054927,2195.405000,-0.051676,-0.049061
2195.887000,-0.038059,-0.055323,2195.887000,-0.047350,-0.049547
2196.369000,-0.037864,-0.055711,2196.369000,-0.044027,-0.050025
2196.851000,-0.036418,-0.056090,2196.851000,-0.040884,-0.050496
2197.333000,-0.034651,-0.056462,2197.333000,-0.040761,-0.050960
2197.815000,-0.034723,-0.056825,2197.815000,-0.041422,-0.051416
2198.297000,-0.035023,-0.057179,2198.297000,-0.043869,-0.051864
2198.779000,-0.034822,-0.057525,2198.779000,-0.045110,-0.052305
2199.261000,-0.034727,-0.057862,2199.261000,-0.047062,-0.052738
2199.743000,-0.035930,-0.058191,2199.743000,-0.049195,-0.053163
2200.225000,-0.036622,-0.058512,2200.225000,-0.050987,-0.053580
2200.707000,-0.037740,-0.058823,2200.707000,-0.053147,-0.053989
2201.189000,-0.040147,-0.059126,2201.189000,-0.050939,-0.054390
2201.671000,-0.042868,-0.059420,2201.671000,-0.047613,-0.054783
2202.153000,-0.044001,-0.059705,2202.153000,-0.043689,-0.055168
2202.635000,-0.046759,-0.059982,2202.635000,-0.041501,-0.055545
2203.117000,-0.049552,-0.060249,2203.117000,-0.041555,-0.055914
2203.599000,-0.051035,-0.060508,2203.599000,-0.042256,-0.056275
2204.081000,-0.052311,-0.060757,2204.081000,-0.045081,-0.056627
2204.563000,-0.054845,-0.060998,2204.563000,-0.047188,-0.056971
2205.045000,-0.055436,-0.061230,2205.045000,-0.048307,-0.057306
2205.527000,-0.054898,-0.061453,2205.527000,-0.048950,-0.057633
2206.009000,-0.052166,-0.061666,2206.009000,-0.050889,-0.057951
2206.491000,-0.050603,-0.061871,2206.491000,-0.053293,-0.058261
2206.973000,-0.050004,-0.062066,2206.973000,-0.055590,-0.058563
2207.455000,-0.050063,-0.062253,2207.455000,-0.057246,-0.058856
2207.937000,-0.048540,-0.062430,2207.937000,-0.057263,-0.059140
2208.419000,-0.047654,-0.062598,2208.419000,-0.058259,-0.059415
2208.901000,-0.046969,-0.062756,2208.901000,-0.059398,-0.059682
2209.383000,-0.046428,-0.062906,2209.383000,-0.059078,-0.059940
2209.865000,-0.044774,-0.063046,2209.865000,-0.060151,-0.060189
2210.347000,-0.043990,-0.063177,2210.347000,-0.061917,-0.060430
2210.829000,-0.043872,-0.063299,2210.829000,-0.062934,-0.060661
2211.311000,-0.043827,-0.063412,2211.311000,-0.060891,-0.060884
2211.793000,-0.043289,-0.063515,2211.793000,-0.059044,-0.061098
2212.275000,-0.043006,-0.063609,2212.275000,-0.059091,-0.061303
2212.757000,-0.042035,-0.063693,2212.757000,-0.059829,-0.061499
2213.239000,-0.042388,-0.063769,2213.239000,-0.059102,-0.061685
2213.721000,-0.044010,-0.063835,2213.721000,-0.056661,-0.061863
2214.203000,-0.045586,-0.063891,2214.203000,-0.055749,-0.062032
2214.685000,-0.045485,-0.063938,2214.685000,-0.055685,-0.062192
2215.167000,-0.046207,-0.063976,2215.167000,-0.055749,-0.062343
2215.649000,-0.046795,-0.064005,2215.649000,-0.056217,-0.062484
2216.131000,-0.045091,-0.064024,2216.131000,-0.056006,-0.062617
2216.613000,-0.043632,-0.064034,2216.613000,-0.057212,-0.062741
2217.095000,-0.043247,-0.064035,2217.095000,-0.057250,-0.062855
2217.577000,-0.040928,-0.064026,2217.577000,-0.056167,-0.062960
2218.059000,-0.039300,-0.064008,2218.059000,-0.055913,-0.063056
2218.541000,-0.039824,-0.063981,2218.541000,-0.056415,-0.063143
2219.023000,-0.039059,-0.063944,2219.023000,-0.055800,-0.063221
2219.505000,-0.039112,-0.063898,2219.505000,-0.053278,-0.063289
2219.987000,-0.040092,-0.063843,2219.987000,-0.050303,-0.063349
2220.469000,-0.041936,-0.063778,2220.469000,-0.047423,-0.063399
2220.951000,-0.043563,-0.063704,2220.951000,-0.046606,-0.063440
2221.433000,-0.044393,-0.063621,2221.433000,-0.046981,-0.063472
2221.915000,-0.045301,-0.063529,2221.915000,-0.047496,-0.063494
2222.397000,-0.046118,-0.063428,2222.397000,-0.047465,-0.063508
2222.879000,-0.045969,-0.063317,2222.879000,-0.045384,-0.063512
2223.361000,-0.045254,-0.063197,2223.361000,-0.043942,-0.063507
2223.843000,-0.044542,-0.063068,2223.843000,-0.043004,-0.063493
2224.325000,-0.044273,-0.062930,2224.325000,-0.041736,-0.063470
2224.807000,-0.044060,-0.062783,2224.807000,-0.041249,-0.063437
2225.289000,-0.044642,-0.062626,2225.289000,-0.039383,-0.063395
2225.771000,-0.043526,-0.062461,2225.771000,-0.038037,-0.063345
2226.253000,-0.043827,-0.062287,2226.253000,-0.037947,-0.063285
2226.735000,-0.044506,-0.062103,2226.735000,-0.039241,-0.063216
2227.217000,-0.044615,-0.061911,2227.217000,-0.040186,-0.063138
2227.699000,-0.044406,-0.061710,2227.699000,-0.041243,-0.063051
2228.181000,-0.043697,-0.061500,2228.181000,-0.042918,-0.062954
2228.663000,-0.042822,-0.061281,2228.663000,-0.043500,-0.062849
2229.145000,-0.041735,-0.061053,2229.145000,-0.042786,-0.062735
2229.627000,-0.041123,-0.060817,2229.627000,-0.041738,-0.062611
2230.109000,-0.041851,-0.060571,2230.109000,-0.041894,-0.062479
2230.591000,-0.043419,-0.060318,2230.591000,-0.041814,-0.062338
2231.073000,-0.046147,-0.060055,2231.073000,-0.041377,-0.062188
2231.555000,-0.046456,-0.059784,2231.555000,-0.040907,-0.062028
2232.037000,-0.047979,-0.059504,2232.037000,-0.040803,-0.061860
2232.519000,-0.048864,-0.059216,2232.519000,-0.041480,-0.061684
2233.001000,-0.049844,-0.058919,2233.001000,-0.042734,-0.061498
2233.483000,-0.050398,-0.058614,2233.483000,-0.044171,-0.061303
2233.965000,-0.050095,-0.058300,2233.965000,-0.044718,-0.061100
2234.447000,-0.048062,-0.057978,2234.447000,-0.044421,-0.060888
2234.929000,-0.045242,-0.057648,2234.929000,-0.044433,-0.060668
2235.411000,-0.042858,-0.057309,2235.411000,-0.045330,-0.060438
2235.893000,-0.040588,-0.056963,2235.893000,-0.045958,-0.060200
2236.375000,-0.038455,-0.056608,2236.375000,-0.046130,-0.059954
2236.857000,-0.037984,-0.056245,2236.857000,-0.046242,-0.059699
2237.339000,-0.036610,-0.055874,2237.339000,-0.047897,-0.059435
2237.821000,-0.035906,-0.055496,2237.821000,-0.048713,-0.059163
2238.303000,-0.034712,-0.055109,2238.303000,-0.048517,-0.058883
2238.785000,-0.035759,-0.054715,2238.785000,-0.047325,-0.058594
2239.267000,-0.035763,-0.054313,2239.267000,-0.046057,-0.058297
2239.749000,-0.036395,-0.053903,2239.749000,-0.044860,-0.057992
2240.231000,-0.036512,-0.053485,2240.231000,-0.043889,-0.057678
2240.713000,-0.036518,-0.053060,2240.713000,-0.041377,-0.057357
2241.195000,-0.035252,-0.052628,2241.195000,-0.038516,-0.057027
2241.677000,-0.033644,-0.052187,2241.677000,-0.036701,-0.056689
2242.159000,-0.033106,-0.051740,2242.159000,-0.036185,-0.056343
2242.641000,-0.031140,-0.051285,2242.641000,-0.034566,-0.055989
2243.123000,-0.029470,-0.050824,2243.123000,-0.033825,-0.055628
2243.605000,-0.028162,-0.050354,2243.605000,-0.034067,-0.055258
2244.087000,-0.025220,-0.049878,2244.087000,-0.035998,-0.054881
2244.569000,-0.022906,-0.049395,2244.569000,-0.037665,-0.054496
2245.051000,-0.020519,-0.048905,2245.051000,-0.039379,-0.054103
2245.533000,-0.019476,-0.048408,2245.533000,-0.041686,-0.053703
2246.015000,-0.017880,-0.047905,2246.015000,-0.043578,-0.053295
2246.497000,-0.017277,-0.047394,2246.497000,-0.044726,-0.052879
2246.979000,-0.015172,-0.046877,2246.979000,-0.045773,-0.052457
2247.461000,-0.012962,-0.046354,2247.461000,-0.046150,-0.052026
2247.943000,-0.011489,-0.045823,2247.943000,-0.045154,-0.051589
2248.425000,-0.010207,-0.045287,2248.425000,-0.044160,-0.051144
2248.907000,-0.008774,-0.044744,2248.907000,-0.042894,-0.050693
2249.389000,-0.006761,-0.044195,2249.389000,-0.041131,-0.050234
2249.871000,-0.005512,-0.043640,2249.871000,-0.039745,-0.049768
2250.353000,-0.003805,-0.043079,2250.353000,-0.038294,-0.049295
2250.835000,-0.002991,-0.042512,2250.835000,-0.038317,-0.048816
2251.317000,-0.003567,-0.041939,2251.317000,-0.039524,-0.048329
2251.799000,-0.003130,-0.041361,2251.799000,-0.039109,-0.047836
2252.281000,-0.003276,-0.040776,2252.281000,-0.039056,-0.047336
2252.763000,-0.004617,-0.040186,2252.763000,-0.037097,-0.046830
2253.245000,-0.005457,-0.039591,2253.245000,-0.034386,-0.046317
2253.727000,-0.003716,-0.038990,2253.727000,-0.032270,-0.045798
2254.209000,-0.002612,-0.038383,2254.209000,-0.030556,-0.045273
2254.691000,-0.001886,-0.037772,2254.691000,-0.027370,-0.044741
2255.173000,-0.000303,-0.037155,2255.173000,-0.024123,-0.044203
2255.655000,0.002085,-0.036533,2255.655000,-0.020786,-0.043659
2256.137000,0.004522,-0.035906,2256.137000,-0.018005,-0.043109
2256.619000,0.006263,-0.035275,2256.619000,-0.015590,-0.042553
2257.101000,0.006973,-0.034638,2257.101000,-0.013950,-0.041992
2257.583000,0.006906,-0.033997,2257.583000,-0.013730,-0.041424
2258.065000,0.006501,-0.033352,2258.065000,-0.015623,-0.040851
2258.547000,0.007109,-0.032702,2258.547000,-0.016014,-0.040272
2259.029000,0.007660,-0.032047,2259.029000,-0.016254,-0.039688
2259.511000,0.005646,-0.031388,2259.511000,-0.016511,-0.039099
2259.993000,0.004825,-0.030725,2259.993000,-0.017087,-0.038504
2260.475000,0.004914,-0.030058,2260.475000,-0.018951,-0.037904
2260.957000,0.004738,-0.029387,2260.957000,-0.021636,-0.037299
2261.439000,0.005582,-0.028712,2261.439000,-0.024074,-0.036689
2261.921000,0.006331,-0.028034,2261.921000,-0.026047,-0.036073
2262.403000,0.008283,-0.027351,2262.403000,-0.024854,-0.035454
2262.885000,0.010202,-0.026665,2262.885000,-0.024531,-0.034829
2263.367000,0.011984,-0.025976,2263.367000,-0.024178,-0.034199
2263.849000,0.012280,-0.025283,2263.849000,-0.022033,-0.033566
2264.331000,0.014248,-0.024587,2264.331000,-0.018203,-0.032927
2264.813000,0.016829,-0.023888,2264.813000,-0.015441,-0.032284
2265.295000,0.019962,-0.023186,2265.295000,-0.012200,-0.031637
2265.777000,0.022451,-0.022480,2265.777000,-0.008231,-0.030986
2266.259000,0.023270,-0.021772,2266.259000,-0.004277,-0.030331
2266.741000,0.024718,-0.021061,2266.741000,-0.000899,-0.029672
2267.223000,0.025204,-0.020348,2267.223000,0.001971,-0.029009
2267.705000,0.025414,-0.019632,2267.705000,0.004104,-0.028342
2268.187000,0.025494,-0.018914,2268.187000,0.005997,-0.027671
2268.669000,0.025669,-0.018193,2268.669000,0.008543,-0.026997
2269.151000,0.025695,-0.017470,2269.151000,0.011634,-0.026319
2269.633000,0.024835,-0.016745,2269.633000,0.012420,-0.025638
2270.115000,0.023709,-0.016018,2270.115000,0.012863,-0.024954
2270.597000,0.020302,-0.015289,2270.597000,0.015231,-0.024267
2271.079000,0.019367,-0.014558,2271.079000,0.017688,-0.023576
2271.561000,0.018888,-0.013826,2271.561000,0.017957,-0.022883
2272.043000,0.019711,-0.013092,2272.043000,0.017578,-0.022186
2272.525000,0.022259,-0.012357,2272.525000,0.017646,-0.021487
2273.007000,0.025008,-0.011620,2273.007000,0.017553,-0.020785
2273.489000,0.027987,-0.010882,2273.489000,0.018297,-0.020081
2273.971000,0.031198,-0.010143,2273.971000,0.019815,-0.019374
2274.453000,0.035233,-0.009403,2274.453000,0.021380,-0.018665
2274.935000,0.038258,-0.008663,2274.935000,0.022126,-0.017954
2275.417000,0.040348,-0.007921,2275.417000,0.022449,-0.017241
2275.899000,0.041920,-0.007178,2275.899000,0.022861,-0.016525
2276.381000,0.044436,-0.006436,2276.381000,0.025749,-0.015808
2276.863000,0.045996,-0.005692,2276.863000,0.029425,-0.015088
2277.345000,0.046819,-0.004949,2277.345000,0.035250,-0.014368
2277.827000,0.049089,-0.004205,2277.827000,0.039608,-0.013645
2278.309000,0.051007,-0.003460,2278.309000,0.044077,-0.012921
2278.791000,0.054095,-0.002716,2278.791000,0.049780,-0.012196
2279.273000,0.057835,-0.001972,2279.273000,0.054950,-0.011469
2279.755000,0.061402,-0.001229,2279.755000,0.060377,-0.010741
2280.237000,0.065219,-0.000485,2280.237000,0.065664,-0.010012
2280.719000,0.067922,0.000258,2280.719000,0.070143,-0.009283
2281.201000,0.069978,0.001000,2281.201000,0.073324,-0.008552
2281.683000,0.070332,0.001742,2281.683000,0.075031,-0.007821
2282.165000,0.069858,0.002483,2282.165000,0.076174,-0.007089
2282.647000,0.068819,0.003224,2282.647000,0.077650,-0.006356
2283.129000,0.068908,0.003963,2283.129000,0.079857,-0.005623
2283.611000,0.068382,0.004701,2283.611000,0.082838,-0.004890
2284.093000,0.067471,0.005438,2284.093000,0.084456,-0.004156
2284.575000,0.066763,0.006174,2284.575000,0.084904,-0.003423
2285.057000,0.065111,0.006908,2285.057000,0.087671,-0.002689
2285.539000,0.063546,0.007641,2285.539000,0.089655,-0.001956
2286.021000,0.062421,0.008372,2286.021000,0.090946,-0.001223
2286.503000,0.060504,0.009101,2286.503000,0.092837,-0.000490
2286.985000,0.057884,0.009829,2286.985000,0.093754,0.000242
2287.467000,0.054977,0.010554,2287.467000,0.092958,0.000974
2287.949000,0.053433,0.011278,2287.949000,0.091865,0.001705
2288.431000,0.051334,0.012000,2288.431000,0.090225,0.002435
2288.913000,0.049697,0.012719,2288.913000,0.086691,0.003165
2289.395000,0.047201,0.013435,2289.395000,0.081841,0.003893
2289.877000,0.046160,0.014150,2289.877000,0.076594,0.004621
2290.359000,0.046004,0.014862,2290.359000,0.072352,0.005347
2290.841000,0.046942,0.015571,2290.841000,0.067767,0.006072
2291.323000,0.048742,0.016277,2291.323000,0.062374,0.006795
2291.805000,0.050930,0.016980,2291.805000,0.057644,0.007517
2292.287000,0.052440,0.017681,2292.287000,0.050944,0.008237
2292.769000,0.054149,0.018378,2292.769000,0.045824,0.008956
2293.251000,0.055689,0.019072,2293.251000,0.042033,0.009672
2293.733000,0.057311,0.019763,2293.733000,0.037424,0.010387
2294.215000,0.059425,0.020450,2294.215000,0.032421,0.011100
2294.697000,0.062107,0.021134,2294.697000,0.028806,0.011810
2295.179000,0.064597,0.021815,2295.179000,0.024275,0.012519
2295.661000,0.067285,0.022491,2295.661000,0.019276,0.013224
2296.143000,0.068507,0.023164,2296.143000,0.014823,0.013928
2296.625000,0.070279,0.023833,2296.625000,0.011845,0.014629
2297.107000,0.072802,0.024498,2297.107000,0.009906,0.015327
2297.589000,0.074097,0.025159,2297.589000,0.009072,0.016023
2298.071000,0.073815,0.025816,2298.071000,0.005922,0.016715
2298.553000,0.073128,0.026468,2298.553000,0.004721,0.017405
2299.035000,0.071859,0.027116,2299.035000,0.003710,0.018091
2299.517000,0.070704,0.027760,2299.517000,0.004991,0.018775
2299.999000,0.068711,0.028399,2299.999000,0.008899,0.019455
2300.481000,0.066296,0.029033,2300.481000,0.012941,0.020132
2300.963000,0.065352,0.029663,2300.963000,0.014883,0.020805
2301.445000,0.065732,0.030288,2301.445000,0.015270,0.021475
2301.927000,0.066332,0.030908,2301.927000,0.016371,0.022141
2302.409000,0.066764,0.031523,2302.409000,0.016566,0.022803
2302.891000,0.067268,0.032132,2302.891000,0.015321,0.023461
2303.373000,0.068510,0.032737,2303.373000,0.012216,0.024116
2303.855000,0.069405,0.033336,2303.855000,0.008047,0.024766
2304.337000,0.068535,0.033930,2304.337000,0.001969,0.025413
2304.819000,0.068233,0.034519,2304.819000,-0.005462,0.026055
2305.301000,0.069123,0.035102,2305.301000,-0.013171,0.026693
2305.783000,0.070049,0.035679,2305.783000,-0.021895,0.027326
2306.265000,0.069558,0.036251,2306.265000,-0.028407,0.027955
2306.747000,0.069049,0.036817,2306.747000,-0.033324,0.028579
2307.229000,0.069814,0.037377,2307.229000,-0.039240,0.029199
2307.711000,0.072068,0.037931,2307.711000,-0.044804,0.029814
2308.193000,0.072721,0.038479,2308.193000,-0.047047,0.030424
2308.675000,0.072392,0.039021,2308.675000,-0.045718,0.031029
2309.157000,0.071468,0.039557,2309.157000,-0.044591,0.031629
2309.639000,0.069845,0.040087,2309.639000,-0.043044,0.032224
2310.121000,0.067284,0.040610,2310.121000,-0.039567,0.032813
2310.603000,0.065348,0.041127,2310.603000,-0.032044,0.033398
2311.085000,0.063364,0.041637,2311.085000,-0.024012,0.033977
2311.567000,0.062251,0.042141,2311.567000,-0.012709,0.034550
2312.049000,0.061826,0.042638,2312.049000,-0.001523,0.035118
2312.531000,0.060937,0.043129,2312.531000,0.008560,0.035681
2313.013000,0.060710,0.043613,2313.013000,0.020542,0.036237
2313.495000,0.061017,0.044090,2313.495000,0.032799,0.036788
2313.977000,0.062512,0.044560,2313.977000,0.043889,0.037333
2314.459000,0.063832,0.045023,2314.459000,0.054135,0.037872
2314.941000,0.065216,0.045479,2314.941000,0.064042,0.038405
2315.423000,0.066795,0.045928,2315.423000,0.070853,0.038933
2315.905000,0.067791,0.046370,2315.905000,0.075587,0.039453
2316.387000,0.068210,0.046805,2316.387000,0.079258,0.039968
2316.869000,0.070579,0.047233,2316.869000,0.082335,0.040476
2317.351000,0.073507,0.047653,2317.351000,0.084682,0.040978
2317.833000,0.074526,0.048065,2317.833000,0.086044,0.041474
2318.315000,0.076011,0.048471,2318.315000,0.087492,0.041963
2318.797000,0.077070,0.048869,2318.797000,0.088210,0.042445
2319.279000,0.078576,0.049259,2319.279000,0.086113,0.042921
2319.761000,0.080704,0.049641,2319.761000,0.085012,0.043390
2320.243000,0.081990,0.050016,2320.243000,0.084942,0.043852
2320.725000,0.082781,0.050384,2320.725000,0.083388,0.044308
2321.207000,0.083219,0.050743,2321.207000,0.079914,0.044756
2321.689000,0.084030,0.051095,2321.689000,0.074784,0.045198
2322.171000,0.083185,0.051439,2322.171000,0.067325,0.045632
2322.653000,0.081770,0.051775,2322.653000,0.059477,0.046060
2323.135000,0.080363,0.052103,2323.135000,0.050815,0.046480
2323.617000,0.080249,0.052423,2323.617000,0.041203,0.046893
2324.099000,0.078268,0.052735,2324.099000,0.031937,0.047299
2324.581000,0.074681,0.053039,2324.581000,0.022867,0.047697
2325.063000,0.071975,0.053334,2325.063000,0.012871,0.048088
2325.545000,0.068537,0.053622,2325.545000,0.003940,0.048472
2326.027000,0.067013,0.053901,2326.027000,-0.004071,0.048848
2326.509000,0.063934,0.054172,2326.509000,-0.010491,0.049216
2326.991000,0.059545,0.054435,2326.991000,-0.014717,0.049577
2327.473000,0.055819,0.054690,2327.473000,-0.017961,0.049931
2327.955000,0.051149,0.054936,2327.955000,-0.020105,0.050276
2328.437000,0.046865,0.055174,2328.437000,-0.021788,0.050614
2328.919000,0.041828,0.055404,2328.919000,-0.023432,0.050944
2329.401000,0.037814,0.055625,2329.401000,-0.024836,0.051267
2329.883000,0.035339,0.055837,2329.883000,-0.024667,0.051581
2330.365000,0.034927,0.056041,2330.365000,-0.026904,0.051888
2330.847000,0.036185,0.056237,2330.847000,-0.029896,0.052186
2331.329000,0.037393,0.056424,2331.329000,-0.033576,0.052477
2331.811000,0.040122,0.056603,2331.811000,-0.039271,0.052759
2332.293000,0.044775,0.056773,2332.293000,-0.044536,0.053034
2332.775000,0.051665,0.056934,2332.775000,-0.050226,0.053300
2333.257000,0.058251,0.057087,2333.257000,-0.057233,0.053558
2333.739000,0.064012,0.057231,2333.739000,-0.062466,0.053808
2334.221000,0.070034,0.057366,2334.221000,-0.064832,0.054050
2334.703000,0.075069,0.057493,2334.703000,-0.064683,0.054284
2335.185000,0.079561,0.057611,2335.185000,-0.060705,0.054509
2335.667000,0.081235,0.057720,2335.667000,-0.053183,0.054726
2336.149000,0.081525,0.057821,2336.149000,-0.041485,0.054935
2336.631000,0.080233,0.057913,2336.631000,-0.026848,0.055136
2337.113000,0.079488,0.057996,2337.113000,-0.013122,0.055328
2337.595000,0.076568,0.058071,2337.595000,0.002130,0.055511
2338.077000,0.070462,0.058136,2338.077000,0.016365,0.055687
2338.559000,0.064042,0.058194,2338.559000,0.027908,0.055853
2339.041000,0.056588,0.058242,2339.041000,0.037695,0.056012
2339.523000,0.048188,0.058281,2339.523000,0.043151,0.056162
2340.005000,0.039039,0.058312,2340.005000,0.045312,0.056303
2340.487000,0.029061,0.058334,2340.487000,0.043190,0.056436
2340.969000,0.021114,0.058347,2340.969000,0.038908,0.056560
2341.451000,0.015281,0.058352,2341.451000,0.033222,0.056676
2341.933000,0.008625,0.058348,2341.933000,0.027571,0.056783
2342.415000,0.002757,0.058335,2342.415000,0.021700,0.056882
2342.897000,0.000209,0.058313,2342.897000,0.016435,0.056972
2343.379000,0.000035,0.058283,2343.379000,0.011233,0.057053
2343.861000,0.003577,0.058244,2343.861000,0.007171,0.057126
2344.343000,0.006866,0.058196,2344.343000,0.004694,0.057191
2344.825000,0.010651,0.058140,2344.825000,0.003080,0.057246
2345.307000,0.016646,0.058074,2345.307000,0.002060,0.057294
2345.789000,0.022404,0.058001,2345.789000,0.001901,0.057332
2346.271000,0.026675,0.057918,2346.271000,0.000664,0.057362
2346.753000,0.030538,0.057827,2346.753000,-0.000239,0.057383
2347.235000,0.034239,0.057727,2347.235000,-0.001041,0.057396
2347.717000,0.037179,0.057619,2347.717000,-0.003048,0.057400
2348.199000,0.037533,0.057502,2348.199000,-0.005358,0.057396
2348.681000,0.035665,0.057377,2348.681000,-0.009705,0.057383
2349.163000,0.033634,0.057243,2349.163000,-0.014585,0.057361
2349.645000,0.033215,0.057101,2349.645000,-0.018093,0.057331
2350.127000,0.031373,0.056950,2350.127000,-0.023853,0.057292
2350.609000,0.029610,0.056791,2350.609000,-0.028208,0.057245
2351.091000,0.027902,0.056623,2351.091000,-0.031787,0.057189
2351.573000,0.026833,0.056447,2351.573000,-0.035545,0.057125
2352.055000,0.027833,0.056263,2352.055000,-0.039389,0.057052
2352.537000,0.027277,0.056070,2352.537000,-0.041884,0.056970
2353.019000,0.023667,0.055869,2353.019000,-0.043483,0.056881
2353.501000,0.020077,0.055660,2353.501000,-0.043797,0.056782
2353.983000,0.015955,0.055442,2353.983000,-0.043954,0.056676
2354.465000,0.010642,0.055217,2354.465000,-0.043388,0.056560
2354.947000,0.003191,0.054983,2354.947000,-0.040377,0.056437
2355.429000,-0.004828,0.054741,2355.429000,-0.036987,0.056305
2355.911000,-0.013936,0.054491,2355.911000,-0.032300,0.056164
2356.393000,-0.022959,0.054233,2356.393000,-0.027613,0.056016
2356.875000,-0.032531,0.053967,2356.875000,-0.026998,0.055859
2357.357000,-0.041072,0.053693,2357.357000,-0.028099,0.055694
2357.839000,-0.047538,0.053412,2357.839000,-0.030474,0.055520
2358.321000,-0.051737,0.053122,2358.321000,-0.035538,0.055339
2358.803000,-0.054231,0.052825,2358.803000,-0.041721,0.055149
2359.285000,-0.055612,0.052520,2359.285000,-0.047328,0.054951
2359.767000,-0.054968,0.052207,2359.767000,-0.052374,0.054745
2360.249000,-0.052010,0.051886,2360.249000,-0.055593,0.054531
2360.731000,-0.048353,0.051558,2360.731000,-0.051376,0.054308
2361.213000,-0.044474,0.051223,2361.213000,-0.042640,0.054078
2361.695000,-0.040012,0.050880,2361.695000,-0.031592,0.053840
2362.177000,-0.034405,0.050530,2362.177000,-0.018473,0.053594
2362.659000,-0.029593,0.050172,2362.659000,-0.004628,0.053340
2363.141000,-0.025715,0.049807,2363.141000,0.007294,0.053078
2363.623000,-0.021725,0.049435,2363.623000,0.017550,0.052809
2364.105000,-0.017702,0.049055,2364.105000,0.023987,0.052531
2364.587000,-0.015048,0.048668,2364.587000,0.025354,0.052246
2365.069000,-0.013436,0.048275,2365.069000,0.020641,0.051954
2365.551000,-0.011995,0.047874,2365.551000,0.012025,0.051653
2366.033000,-0.010413,0.047466,2366.033000,0.001116,0.051345
2366.515000,-0.010258,0.047052,2366.515000,-0.010632,0.051030
2366.997000,-0.012322,0.046631,2366.997000,-0.020101,0.050707
2367.479000,-0.015811,0.046203,2367.479000,-0.027023,0.050377
2367.961000,-0.019509,0.045768,2367.961000,-0.034678,0.050039
2368.443000,-0.022299,0.045327,2368.443000,-0.041221,0.049695
2368.925000,-0.023783,0.044879,2368.925000,-0.047831,0.049342
2369.407000,-0.025546,0.044425,2369.407000,-0.050306,0.048983
2369.889000,-0.026790,0.043964,2369.889000,-0.048809,0.048617
2370.371000,-0.026408,0.043497,2370.371000,-0.043863,0.048243
2370.853000,-0.024555,0.043024,2370.853000,-0.038382,0.047863
2371.335000,-0.021677,0.042545,2371.335000,-0.032443,0.047475
2371.817000,-0.016249,0.042059,2371.817000,-0.025115,0.047081
2372.299000,-0.009264,0.041568,2372.299000,-0.016964,0.046680
2372.781000,-0.001483,0.041070,2372.781000,-0.009172,0.046272
2373.263000,0.006241,0.040567,2373.263000,-0.001270,0.045857
2373.745000,0.013543,0.040058,2373.745000,0.006240,0.045436
2374.227000,0.020545,0.039543,2374.227000,0.012579,0.045008
2374.709000,0.027792,0.039023,2374.709000,0.018336,0.044574
2375.191000,0.034161,0.038497,2375.191000,0.021565,0.044133
2375.673000,0.039235,0.037966,2375.673000,0.023004,0.043686
2376.155000,0.043121,0.037429,2376.155000,0.026093,0.043233
2376.637000,0.045619,0.036887,2376.637000,0.028106,0.042774
2377.119000,0.046827,0.036340,2377.119000,0.029319,0.042308
2377.601000,0.048194,0.035787,2377.601000,0.031898,0.041836
2378.083000,0.050145,0.035230,2378.083000,0.034291,0.041358
2378.565000,0.051011,0.034668,2378.565000,0.037173,0.040875
2379.047000,0.050423,0.034101,2379.047000,0.040325,0.040385
2379.529000,0.049848,0.033529,2379.529000,0.043621,0.039890
2380.011000,0.049615,0.032952,2380.011000,0.047404,0.039389
2380.493000,0.049056,0.032371,2380.493000,0.052044,0.038883
2380.975000,0.049216,0.031785,2380.975000,0.057322,0.038370
2381.457000,0.048802,0.031195,2381.457000,0.062620,0.037853
2381.939000,0.047344,0.030600,2381.939000,0.067998,0.037330
2382.421000,0.044854,0.030002,2382.421000,0.074437,0.036802
2382.903000,0.042052,0.029399,2382.903000,0.081878,0.036268
2383.385000,0.038307,0.028792,2383.385000,0.090512,0.035730
2383.867000,0.035869,0.028181,2383.867000,0.101421,0.035186
2384.349000,0.034695,0.027567,2384.349000,0.113749,0.034638
2384.831000,0.032419,0.026948,2384.831000,0.125145,0.034084
2385.313000,0.029642,0.026326,2385.313000,0.136751,0.033526
2385.795000,0.028620,0.025701,2385.795000,0.147572,0.032963
2386.277000,0.029452,0.025071,2386.277000,0.157658,0.032396
2386.759000,0.032375,0.024439,2386.759000,0.167208,0.031824
2387.241000,0.034189,0.023803,2387.241000,0.174906,0.031247
2387.723000,0.036885,0.023164,2387.723000,0.180399,0.030667
2388.205000,0.038856,0.022522,2388.205000,0.185487,0.030082
2388.687000,0.041041,0.021877,2388.687000,0.188226,0.029492
2389.169000,0.040774,0.021229,2389.169000,0.189077,0.028899
2389.651000,0.038541,0.020578,2389.651000,0.190639,0.028302
2390.133000,0.036338,0.019925,2390.133000,0.191637,0.027701
2390.615000,0.034733,0.019269,2390.615000,0.190682,0.027096
2391.097000,0.031190,0.018610,2391.097000,0.188557,0.026487
2391.579000,0.026864,0.017949,2391.579000,0.186347,0.025875
2392.061000,0.023266,0.017286,2392.061000,0.184785,0.025259
2392.543000,0.020710,0.016621,2392.543000,0.183986,0.024639
2393.025000,0.019715,0.015953,2393.025000,0.182745,0.024017
2393.507000,0.018215,0.015284,2393.507000,0.181632,0.023391
2393.989000,0.015240,0.014613,2393.989000,0.179772,0.022762
2394.471000,0.013707,0.013939,2394.471000,0.178451,0.022130
2394.953000,0.012814,0.013265,2394.953000,0.177324,0.021495
2395.435000,0.012060,0.012588,2395.435000,0.174349,0.020857
2395.917000,0.011049,0.011910,2395.917000,0.171514,0.020217
2396.399000,0.011108,0.011231,2396.399000,0.170008,0.019573
2396.881000,0.012083,0.010551,2396.881000,0.167222,0.018927
2397.363000,0.013264,0.009869,2397.363000,0.163214,0.018279
2397.845000,0.013456,0.009186,2397.845000,0.160226,0.017629
2398.327000,0.014126,0.008503,2398.327000,0.159455,0.016976
2398.809000,0.013544,0.007818,2398.809000,0.158868,0.016321
2399.291000,0.013991,0.007133,2399.291000,0.157897,0.015663
2399.773000,0.015565,0.006447,2399.773000,0.155069,0.015004
2400.255000,0.015540,0.005760,2400.255000,0.151875,0.014343
2400.737000,0.013980,0.005073,2400.737000,0.150315,0.013680
2401.219000,0.011797,0.004386,2401.219000,0.147558,0.013016
2401.701000,0.009877,0.003699,2401.701000,0.143781,0.012350
2402.183000,0.007645,0.003011,2402.183000,0.140806,0.011683
2402.665000,0.006545,0.002323,2402.665000,0.138146,0.011014
2403.147000,0.005392,0.001636,2403.147000,0.135539,0.010344
2403.629000,0.004078,0.000948,2403.629000,0.134440,0.009672
2404.111000,0.002621,0.000261,2404.111000,0.132525,0.009000
2404.593000,0.000059,-0.000426,2404.593000,0.130829,0.008327
2405.075000,-0.001807,-0.001112,2405.075000,0.129003,0.007653
2405.557000,-0.004222,-0.001798,2405.557000,0.125588,0.006978
2406.039000,-0.006002,-0.002483,2406.039000,0.122225,0.006302
2406.521000,-0.006947,-0.003167,2406.521000,0.117733,0.005626
2407.003000,-0.008622,-0.003850,2407.003000,0.112809,0.004949
2407.485000,-0.010978,-0.004532,2407.485000,0.109198,0.004272
2407.967000,-0.011959,-0.005214,2407.967000,0.104800,0.003595
2408.449000,-0.012674,-0.005894,2408.449000,0.100195,0.002918
2408.931000,-0.013965,-0.006572,2408.931000,0.095798,0.002240
2409.413000,-0.016239,-0.007250,2409.413000,0.091357,0.001563
2409.895000,-0.018977,-0.007925,2409.895000,0.088361,0.000886
2410.377000,-0.021307,-0.008600,2410.377000,0.087163,0.000209
2410.859000,-0.024239,-0.009272,2410.859000,0.084257,-0.000468
2411.341000,-0.026802,-0.009943,2411.341000,0.081071,-0.001144
2411.823000,-0.028225,-0.010611,2411.823000,0.077160,-0.001819
2412.305000,-0.029646,-0.011278,2412.305000,0.072498,-0.002494
2412.787000,-0.029661,-0.011943,2412.787000,0.067522,-0.003168
2413.269000,-0.029701,-0.012605,2413.269000,0.061542,-0.003842
2413.751000,-0.030229,-0.013265,2413.751000,0.055858,-0.004514
2414.233000,-0.029648,-0.013923,2414.233000,0.052004,-0.005185
2414.715000,-0.028326,-0.014578,2414.715000,0.048006,-0.005855
2415.197000,-0.028469,-0.015231,2415.197000,0.043844,-0.006524
2415.679000,-0.029798,-0.015881,2415.679000,0.041437,-0.007192
2416.161000,-0.031743,-0.016528,2416.161000,0.040667,-0.007858
2416.643000,-0.034095,-0.017172,2416.643000,0.040424,-0.008522
2417.125000,-0.036432,-0.017813,2417.125000,0.040152,-0.009185
2417.607000,-0.037666,-0.018452,2417.607000,0.038734,-0.009846
2418.089000,-0.038999,-0.019087,2418.089000,0.037363,-0.010505
2418.571000,-0.039726,-0.019718,2418.571000,0.036100,-0.011163
2419.053000,-0.037835,-0.020347,2419.053000,0.034078,-0.011818
2419.535000,-0.035708,-0.020972,2419.535000,0.031354,-0.012471
2420.017000,-0.036373,-0.021593,2420.017000,0.028716,-0.013122
2420.499000,-0.036683,-0.022211,2420.499000,0.027162,-0.013770
2420.981000,-0.037258,-0.022825,2420.981000,0.025648,-0.014416
2421.463000,-0.038744,-0.023435,2421.463000,0.023289,-0.015060
2421.945000,-0.040517,-0.024042,2421.945000,0.022720,-0.015701
2422.427000,-0.042967,-0.024644,2422.427000,0.023556,-0.016339
2422.909000,-0.045158,-0.025242,2422.909000,0.022975,-0.016974
2423.391000,-0.048236,-0.025836,2423.391000,0.020951,-0.017607
2423.873000,-0.050237,-0.026426,2423.873000,0.018103,-0.018236
2424.355000,-0.051257,-0.027012,2424.355000,0.014973,-0.018863
2424.837000,-0.051740,-0.027593,2424.837000,0.012908,-0.019486
2425.319000,-0.050113,-0.028169,2425.319000,0.011489,-0.020106
2425.801000,-0.047595,-0.028741,2425.801000,0.008675,-0.020722
2426.283000,-0.046044,-0.029309,2426.283000,0.004936,-0.021335
2426.765000,-0.045059,-0.029871,2426.765000,0.001553,-0.021945
2427.247000,-0.043024,-0.030429,2427.247000,-0.001440,-0.022551
2427.729000,-0.041465,-0.030982,2427.729000,-0.004552,-0.023153
2428.211000,-0.039355,-0.031529,2428.211000,-0.007245,-0.023752
2428.693000,-0.036690,-0.032072,2428.693000,-0.009372,-0.024346
2429.175000,-0.035871,-0.032610,2429.175000,-0.011774,-0.024937
2429.657000,-0.035297,-0.033142,2429.657000,-0.014855,-0.025523
2430.139000,-0.035154,-0.033669,2430.139000,-0.016769,-0.026105
2430.621000,-0.035371,-0.034190,2430.621000,-0.017229,-0.026683
2431.103000,-0.036244,-0.034707,2431.103000,-0.015581,-0.027257
2431.585000,-0.036457,-0.035217,2431.585000,-0.014238,-0.027827
2432.067000,-0.036678,-0.035722,2432.067000,-0.013656,-0.028391
2432.549000,-0.037650,-0.036221,2432.549000,-0.014131,-0.028952
2433.031000,-0.039092,-0.036715,2433.031000,-0.014846,-0.029507
2433.513000,-0.039318,-0.037203,2433.513000,-0.015097,-0.030058
2433.995000,-0.037927,-0.037684,2433.995000,-0.016046,-0.030604
2434.477000,-0.036986,-0.038160,2434.477000,-0.016939,-0.031145
2434.959000,-0.035867,-0.038630,2434.959000,-0.018923,-0.031682
2435.441000,-0.036088,-0.039094,2435.441000,-0.022147,-0.032213
2435.923000,-0.038896,-0.039551,2435.923000,-0.025769,-0.032739
2436.405000,-0.040836,-0.040003,2436.405000,-0.029199,-0.033260
2436.887000,-0.041615,-0.040447,2436.887000,-0.030950,-0.033775
2437.369000,-0.041136,-0.040886,2437.369000,-0.032127,-0.034285
2437.851000,-0.040085,-0.041318,2437.851000,-0.033571,-0.034790
2438.333000,-0.038739,-0.041744,2438.333000,-0.035564,-0.035289
2438.815000,-0.036357,-0.042163,2438.815000,-0.037912,-0.035783
2439.297000,-0.034237,-0.042576,2439.297000,-0.040142,-0.036271
2439.779000,-0.033307,-0.042982,2439.779000,-0.042138,-0.036753
2440.261000,-0.032450,-0.043381,2440.261000,-0.043792,-0.037230
2440.743000,-0.031637,-0.043773,2440.743000,-0.044491,-0.037701
2441.225000,-0.032146,-0.044159,2441.225000,-0.044858,-0.038166
2441.707000,-0.033602,-0.044538,2441.707000,-0.046280,-0.038625
2442.189000,-0.036032,-0.044909,2442.189000,-0.048069,-0.039077
2442.671000,-0.040115,-0.045274,2442.671000,-0.049587,-0.039524
2443.153000,-0.042773,-0.045632,2443.153000,-0.051100,-0.039965
2443.635000,-0.042447,-0.045982,2443.635000,-0.051883,-0.040399
2444.117000,-0.042220,-0.046326,2444.117000,-0.052594,-0.040827
2444.599000,-0.041951,-0.046662,2444.599000,-0.053096,-0.041249
2445.081000,-0.040414,-0.046991,2445.081000,-0.053379,-0.041664
2445.563000,-0.038719,-0.047313,2445.563000,-0.053990,-0.042073
2446.045000,-0.038352,-0.047628,2446.045000,-0.054549,-0.042475
2446.527000,-0.039567,-0.047935,2446.527000,-0.054846,-0.042871
2447.009000,-0.042332,-0.048235,2447.009000,-0.055079,-0.043260
2447.491000,-0.042941,-0.048527,2447.491000,-0.054781,-0.043642
2447.973000,-0.043195,-0.048812,2447.973000,-0.055531,-0.044018
2448.455000,-0.044236,-0.049089,2448.455000,-0.055825,-0.044387
2448.937000,-0.045060,-0.049359,2448.937000,-0.055723,-0.044749
2449.419000,-0.047756,-0.049621,2449.419000,-0.055092,-0.045104
2449.901000,-0.049389,-0.049876,2449.901000,-0.056557,-0.045452
2450.383000,-0.047830,-0.050123,2450.383000,-0.058411,-0.045793
2450.865000,-0.047572,-0.050362,2450.865000,-0.059143,-0.046127
2451.347000,-0.046270,-0.050593,2451.347000,-0.058800,-0.046454
2451.829000,-0.044222,-0.050817,2451.829000,-0.058471,-0.046774
2452.311000,-0.044656,-0.051033,2452.311000,-0.057543,-0.047087
2452.793000,-0.045916,-0.051241,2452.793000,-0.056859,-0.047392
2453.275000,-0.047922,-0.051441,2453.275000,-0.056876,-0.047691
2453.757000,-0.049491,-0.051634,2453.757000,-0.056961,-0.047982
2454.239000,-0.048734,-0.051818,2454.239000,-0.056374,-0.048265
2454.721000,-0.048959,-0.051995,2454.721000,-0.054484,-0.048541
2455.203000,-0.048771,-0.052164,2455.203000,-0.050550,-0.048810
2455.685000,-0.048497,-0.052324,2455.685000,-0.046767,-0.049072
2456.167000,-0.049689,-0.052477,2456.167000,-0.044869,-0.049325
2456.649000,-0.048893,-0.052622,2456.649000,-0.045498,-0.049572
2457.131000,-0.045758,-0.052759,2457.131000,-0.044887,-0.049811
2457.613000,-0.044153,-0.052888,2457.613000,-0.042814,-0.050042
2458.095000,-0.042110,-0.053008,2458.095000,-0.041064,-0.050266
2458.577000,-0.040309,-0.053121,2458.577000,-0.039838,-0.050482
2459.059000,-0.039758,-0.053226,2459.059000,-0.038882,-0.050690
2459.541000,-0.038142,-0.053322,2459.541000,-0.039407,-0.050891
2460.023000,-0.036341,-0.053411,2460.023000,-0.040570,-0.051084
2460.505000,-0.033718,-0.053491,2460.505000,-0.041035,-0.051269
2460.987000,-0.031036,-0.053564,2460.987000,-0.042608,-0.051446
2461.469000,-0.028920,-0.053628,2461.469000,-0.044391,-0.051616
2461.951000,-0.027048,-0.053684,2461.951000,-0.044957,-0.051778
2462.433000,-0.027399,-0.053732,2462.433000,-0.045673,-0.051932
2462.915000,-0.030201,-0.053772,2462.915000,-0.047404,-0.052078
2463.397000,-0.031228,-0.053804,2463.397000,-0.048295,-0.052216
2463.879000,-0.031957,-0.053828,2463.879000,-0.047094,-0.052347
2464.361000,-0.034903,-0.053844,2464.361000,-0.045934,-0.052470
2464.843000,-0.036689,-0.053851,2464.843000,-0.044110,-0.052584
2465.325000,-0.038801,-0.053851,2465.325000,-0.042013,-0.052691
2465.807000,-0.040812,-0.053842,2465.807000,-0.041445,-0.052790
2466.289000,-0.042287,-0.053825,2466.289000,-0.041376,-0.052881
2466.771000,-0.046143,-0.053800,2466.771000,-0.040243,-0.052964
2467.253000,-0.050115,-0.053768,2467.253000,-0.041064,-0.053039
2467.735000,-0.052041,-0.053727,2467.735000,-0.044496,-0.053106
2468.217000,-0.053512,-0.053678,2468.217000,-0.047502,-0.053165
2468.699000,-0.055396,-0.053621,2468.699000,-0.050302,-0.053216
2469.181000,-0.057011,-0.053556,2469.181000,-0.053597,-0.053260
2469.663000,-0.058141,-0.053483,2469.663000,-0.055730,-0.053295
2470.145000,-0.057406,-0.053402,2470.145000,-0.056338,-0.053322
2470.627000,-0.055866,-0.053313,2470.627000,-0.056281,-0.053342
2471.109000,-0.055704,-0.053216,2471.109000,-0.056567,-0.053353
2471.591000,-0.053085,-0.053111,2471.591000,-0.055896,-0.053356
2472.073000,-0.049578,-0.052999,2472.073000,-0.053860,-0.053352
2472.555000,-0.046137,-0.052878,2472.555000,-0.052778,-0.053339
2473.037000,-0.043142,-0.052750,2473.037000,-0.050893,-0.053319
2473.519000,-0.040643,-0.052613,2473.519000,-0.047833,-0.053291
2474.001000,-0.036315,-0.052469,2474.001000,-0.046231,-0.053254
2474.483000,-0.031601,-0.052317,2474.483000,-0.045203,-0.053210
2474.965000,-0.027390,-0.052158,2474.965000,-0.044155,-0.053158
2475.447000,-0.024323,-0.051991,2475.447000,-0.044700,-0.053098
2475.929000,-0.020355,-0.051816,2475.929000,-0.045417,-0.053031
2476.411000,-0.016632,-0.051633,2476.411000,-0.045238,-0.052955
2476.893000,-0.013943,-0.051443,2476.893000,-0.045660,-0.052871
2477.375000,-0.011823,-0.051245,2477.375000,-0.047490,-0.052780
2477.857000,-0.010731,-0.051039,2477.857000,-0.049241,-0.052681
2478.339000,-0.009038,-0.050826,2478.339000,-0.050037,-0.052574
2478.821000,-0.007744,-0.050606,2478.821000,-0.049990,-0.052460
2479.303000,-0.007956,-0.050378,2479.303000,-0.050213,-0.052337
2479.785000,-0.009206,-0.050143,2479.785000,-0.049159,-0.052207
2480.267000,-0.011018,-0.049900,2480.267000,-0.047961,-0.052069
2480.749000,-0.013873,-0.049650,2480.749000,-0.046684,-0.051924
2481.231000,-0.017138,-0.049393,2481.231000,-0.043643,-0.051771
2481.713000,-0.020582,-0.049128,2481.713000,-0.040677,-0.051610
2482.195000,-0.025947,-0.048857,2482.195000,-0.038884,-0.051442
2482.677000,-0.030534,-0.048578,2482.677000,-0.036566,-0.051266
2483.159000,-0.033474,-0.048292,2483.159000,-0.035125,-0.051083
2483.641000,-0.035870,-0.047999,2483.641000,-0.034767,-0.050892
2484.123000,-0.036068,-0.047699,2484.123000,-0.034544,-0.050694
2484.605000,-0.034709,-0.047392,2484.605000,-0.035508,-0.050489
2485.087000,-0.033779,-0.047079,2485.087000,-0.037469,-0.050276
2485.569000,-0.031760,-0.046758,2485.569000,-0.039281,-0.050056
2486.051000,-0.031090,-0.046431,2486.051000,-0.040062,-0.049828
2486.533000,-0.030480,-0.046096,2486.533000,-0.040988,-0.049593
2487.015000,-0.028791,-0.045756,2487.015000,-0.042792,-0.049351
2487.497000,-0.026067,-0.045408,2487.497000,-0.043170,-0.049102
2487.979000,-0.023009,-0.045054,2487.979000,-0.043592,-0.048846
2488.461000,-0.021744,-0.044694,2488.461000,-0.044573,-0.048582
2488.943000,-0.021212,-0.044327,2488.943000,-0.044355,-0.048312
2489.425000,-0.021562,-0.043953,2489.425000,-0.043453,-0.048034
2489.907000,-0.021145,-0.043574,2489.907000,-0.042947,-0.047750
2490.389000,-0.020538,-0.043188,2490.389000,-0.040731,-0.047459
2490.871000,-0.019375,-0.042796,2490.871000,-0.038330,-0.047160
2491.353000,-0.018503,-0.042398,2491.353000,-0.037574,-0.046855
2491.835000,-0.018408,-0.041993,2491.835000,-0.036414,-0.046544
2492.317000,-0.018628,-0.041583,2492.317000,-0.034203,-0.046225
2492.799000,-0.020034,-0.041167,2492.799000,-0.033278,-0.045900
2493.281000,-0.021907,-0.040745,2493.281000,-0.032693,-0.045569
2493.763000,-0.023241,-0.040317,2493.763000,-0.032850,-0.045230
2494.245000,-0.023712,-0.039883,2494.245000,-0.034687,-0.044886
2494.727000,-0.024178,-0.039444,2494.727000,-0.037068,-0.044535
2495.209000,-0.025377,-0.038999,2495.209000,-0.038611,-0.044177
2495.691000,-0.027052,-0.038549,2495.691000,-0.040101,-0.043814
2496.173000,-0.029224,-0.038093,2496.173000,-0.043528,-0.043444
2496.655000,-0.030468,-0.037631,2496.655000,-0.046215,-0.043067
2497.137000,-0.031010,-0.037165,2497.137000,-0.047204,-0.042685
2497.619000,-0.032385,-0.036693,2497.619000,-0.048752,-0.042297
2498.101000,-0.034555,-0.036216,2498.101000,-0.050419,-0.041902
2498.583000,-0.035166,-0.035734,2498.583000,-0.051075,-0.041502
2499.065000,-0.034998,-0.035248,2499.065000,-0.051503,-0.041096
2499.547000,-0.034941,-0.034756,2499.547000,-0.053014,-0.040684
2500.029000,-0.035175,-0.034259,2500.029000,-0.053371,-0.040266
2500.511000,-0.034793,-0.033758,2500.511000,-0.053598,-0.039843
2500.993000,-0.032997,-0.033251,2500.993000,-0.054614,-0.039414
2501.475000,-0.030513,-0.032741,2501.475000,-0.055048,-0.038980
2501.957000,-0.028287,-0.032225,2501.957000,-0.055622,-0.038540
2502.439000,-0.026158,-0.031706,2502.439000,-0.056143,-0.038094
2502.921000,-0.023798,-0.031182,2502.921000,-0.057638,-0.037644
2503.403000,-0.023584,-0.030653,2503.403000,-0.058416,-0.037188
2503.885000,-0.024942,-0.030121,2503.885000,-0.058877,-0.036727
2504.367000,-0.026459,-0.029584,2504.367000,-0.060187,-0.036260
2504.849000,-0.027761,-0.029044,2504.849000,-0.061348,-0.035789
2505.331000,-0.026766,-0.028499,2505.331000,-0.061513,-0.035313
2505.813000,-0.026372,-0.027951,2505.813000,-0.062052,-0.034832
2506.295000,-0.026925,-0.027399,2506.295000,-0.062033,-0.034346
2506.777000,-0.027185,-0.026843,2506.777000,-0.060057,-0.033856
2507.259000,-0.026701,-0.026284,2507.259000,-0.057070,-0.033360
2507.741000,-0.025080,-0.025721,2507.741000,-0.053618,-0.032861
2508.223000,-0.022789,-0.025154,2508.223000,-0.048920,-0.032356
2508.705000,-0.020338,-0.024585,2508.705000,-0.043439,-0.031848
2509.187000,-0.018409,-0.024012,2509.187000,-0.037310,-0.031335
2509.669000,-0.016862,-0.023436,2509.669000,-0.031357,-0.030817
2510.151000,-0.017817,-0.022857,2510.151000,-0.026200,-0.030296
2510.633000,-0.018740,-0.022275,2510.633000,-0.022791,-0.029771
2511.115000,-0.017984,-0.021690,2511.115000,-0.020870,-0.029241
2511.597000,-0.017420,-0.021103,2511.597000,-0.019300,-0.028708
2512.079000,-0.016272,-0.020512,2512.079000,-0.018351,-0.028170
2512.561000,-0.015838,-0.019919,2512.561000,-0.019054,-0.027629
2513.043000,-0.015087,-0.019324,2513.043000,-0.019481,-0.027085
2513.525000,-0.013818,-0.018726,2513.525000,-0.019731,-0.026537
2514.007000,-0.013353,-0.018126,2514.007000,-0.020993,-0.025985
2514.489000,-0.015081,-0.017524,2514.489000,-0.022774,-0.025430
2514.971000,-0.016420,-0.016919,2514.971000,-0.023746,-0.024871
2515.453000,-0.015767,-0.016313,2515.453000,-0.026075,-0.024310
2515.935000,-0.014196,-0.015705,2515.935000,-0.029023,-0.023745
2516.417000,-0.012635,-0.015094,2516.417000,-0.030799,-0.023177
2516.899000,-0.011884,-0.014482,2516.899000,-0.032100,-0.022606
2517.381000,-0.010341,-0.013869,2517.381000,-0.033930,-0.022033
2517.863000,-0.007552,-0.013253,2517.863000,-0.035258,-0.021456
2518.345000,-0.005286,-0.012637,2518.345000,-0.035423,-0.020877
2518.827000,-0.003825,-0.012019,2518.827000,-0.034947,-0.020295
2519.309000,-0.001604,-0.011399,2519.309000,-0.035171,-0.019711
2519.791000,0.001140,-0.010779,2519.791000,-0.035618,-0.019124
2520.273000,0.002847,-0.010157,2520.273000,-0.035998,-0.018535
2520.755000,0.001737,-0.009535,2520.755000,-0.036350,-0.017944
2521.237000,0.000013,-0.008911,2521.237000,-0.036691,-0.017351
2521.719000,-0.000262,-0.008287,2521.719000,-0.037844,-0.016755
2522.201000,0.000705,-0.007662,2522.201000,-0.039722,-0.016158
2522.683000,0.000912,-0.007036,2522.683000,-0.041185,-0.015558
2523.165000,0.000358,-0.006410,2523.165000,-0.040714,-0.014957
2523.647000,-0.000166,-0.005784,2523.647000,-0.040240,-0.014354
2524.129000,-0.000360,-0.005157,2524.129000,-0.040167,-0.013750
2524.611000,-0.000593,-0.004530,2524.611000,-0.038877,-0.013144
2525.093000,-0.002473,-0.003903,2525.093000,-0.037347,-0.012537
2525.575000,-0.005720,-0.003276,2525.575000,-0.035796,-0.011928
2526.057000,-0.005990,-0.002648,2526.057000,-0.034160,-0.011318
2526.539000,-0.005571,-0.002021,2526.539000,-0.032344,-0.010707
2527.021000,-0.006171,-0.001395,2527.021000,-0.030670,-0.010095
2527.503000,-0.006519,-0.000769,2527.503000,-0.029168,-0.009483
2527.985000,-0.004979,-0.000143,2527.985000,-0.028398,-0.008869
2528.467000,-0.003571,0.000483,2528.467000,-0.028490,-0.008254
2528.949000,-0.001572,0.001107,2528.949000,-0.027844,-0.007639
2529.431000,0.000569,0.001731,2529.431000,-0.028740,-0.007023
2529.913000,0.002440,0.002354,2529.913000,-0.028879,-0.006407
2530.395000,0.004693,0.002976,2530.395000,-0.030475,-0.005790
2530.877000,0.007105,0.003598,2530.877000,-0.032341,-0.005173
2531.359000,0.009695,0.004218,2531.359000,-0.033878,-0.004556
2531.841000,0.011242,0.004836,2531.841000,-0.035619,-0.003939
2532.323000,0.012010,0.005454,2532.323000,-0.034690,-0.003322
2532.805000,0.013386,0.006070,2532.805000,-0.034340,-0.002705
2533.287000,0.014663,0.006685,2533.287000,-0.036338,-0.002088
2533.769000,0.014427,0.007298,2533.769000,-0.036575,-0.001471
2534.251000,0.013957,0.007909,2534.251000,-0.036617,-0.000855
2534.733000,0.013339,0.008519,2534.733000,-0.038047,-0.000239
2535.215000,0.010890,0.009126,2535.215000,-0.038468,0.000376
2535.697000,0.009280,0.009732,2535.697000,-0.039207,0.000990
2536.179000,0.006582,0.010336,2536.179000,-0.039847,0.001604
2536.661000,0.002623,0.010937,2536.661000,-0.038537,0.002217
2537.143000,-0.000365,0.011537,2537.143000,-0.038682,0.002829
2537.625000,-0.001814,0.012134,2537.625000,-0.038770,0.003440
2538.107000,-0.001576,0.012728,2538.107000,-0.037146,0.004050
2538.589000,-0.001543,0.013321,2538.589000,-0.033380,0.004659
2539.071000,-0.000843,0.013910,2539.071000,-0.028533,0.005266
2539.553000,0.000859,0.014497,2539.553000,-0.026065,0.005872
2540.035000,0.003029,0.015081,2540.035000,-0.024022,0.006476
2540.517000,0.005311,0.015662,2540.517000,-0.019986,0.007079
2540.999000,0.008032,0.016241,2540.999000,-0.018034,0.007680
2541.481000,0.009765,0.016816,2541.481000,-0.017304,0.008280
2541.963000,0.011893,0.017388,2541.963000,-0.015882,0.008877
2542.445000,0.014696,0.017957,2542.445000,-0.015337,0.009473
2542.927000,0.016597,0.018523,2542.927000,-0.013585,0.010067
2543.409000,0.017557,0.019085,2543.409000,-0.011373,0.010658
2543.891000,0.018810,0.019644,2543.891000,-0.010354,0.011248
2544.373000,0.020863,0.020200,2544.373000,-0.010726,0.011835
2544.855000,0.022758,0.020751,2544.855000,-0.009446,0.012419
2545.337000,0.023845,0.021299,2545.337000,-0.007038,0.013001
2545.819000,0.024256,0.021844,2545.819000,-0.004226,0.013581
2546.301000,0.026328,0.022384,2546.301000,-0.003098,0.014158
2546.783000,0.027840,0.022921,2546.783000,-0.001465,0.014732
2547.265000,0.028601,0.023453,2547.265000,-0.000537,0.015303
2547.747000,0.028729,0.023982,2547.747000,0.000607,0.015872
2548.229000,0.028336,0.024506,2548.229000,0.000401,0.016437
2548.711000,0.028558,0.025026,2548.711000,0.000392,0.017000
2549.193000,0.027178,0.025541,2549.193000,0.000121,0.017559
2549.675000,0.025556,0.026053,2549.675000,0.000674,0.018115
2550.157000,0.023249,0.026559,2550.157000,0.001497,0.018668
2550.639000,0.021038,0.027062,2550.639000,0.002381,0.019217
2551.121000,0.018629,0.027559,2551.121000,0.002398,0.019763
2551.603000,0.015721,0.028052,2551.603000,0.004194,0.020305
2552.085000,0.012270,0.028540,2552.085000,0.006296,0.020844
2552.567000,0.009841,0.029024,2552.567000,0.007588,0.021379
2553.049000,0.010049,0.029502,2553.049000,0.007208,0.021910
2553.531000,0.009206,0.029975,2553.531000,0.008148,0.022437
2554.013000,0.007811,0.030444,2554.013000,0.007901,0.022961
2554.495000,0.007678,0.030907,2554.495000,0.007649,0.023480
2554.977000,0.008944,0.031365,2554.977000,0.007317,0.023995
2555.459000,0.009891,0.031818,2555.459000,0.008654,0.024506
2555.941000,0.010775,0.032265,2555.941000,0.010902,0.025013
2556.423000,0.013766,0.032708,2556.423000,0.013518,0.025515
2556.905000,0.017618,0.033144,2556.905000,0.015028,0.026013
2557.387000,0.020326,0.033575,2557.387000,0.016691,0.026506
2557.869000,0.020713,0.034001,2557.869000,0.018843,0.026995
2558.351000,0.020817,0.034421,2558.351000,0.021122,0.027480
2558.833000,0.021467,0.034835,2558.833000,0.021817,0.027959
2559.315000,0.023863,0.035244,2559.315000,0.021693,0.028434
2559.797000,0.025954,0.035646,2559.797000,0.021330,0.028904
2560.279000,0.027132,0.036043,2560.279000,0.019629,0.029369
2560.761000,0.028366,0.036434,2560.761000,0.017920,0.029829
2561.243000,0.029520,0.036819,2561.243000,0.016952,0.030284
2561.725000,0.031898,0.037198,2561.725000,0.017334,0.030734
2562.207000,0.034136,0.037571,2562.207000,0.018005,0.031179
2562.689000,0.036430,0.037938,2562.689000,0.018461,0.031619
2563.171000,0.039254,0.038298,2563.171000,0.017356,0.032053
2563.653000,0.041163,0.038652,2563.653000,0.015306,0.032482
2564.135000,0.041218,0.039000,2564.135000,0.013449,0.032905
2564.617000,0.040070,0.039342,2564.617000,0.012594,0.033323
2565.099000,0.039652,0.039677,2565.099000,0.011205,0.033736
2565.581000,0.038745,0.040006,2565.581000,0.008823,0.034143
2566.063000,0.037881,0.040328,2566.063000,0.006290,0.034544
2566.545000,0.036572,0.040644,2566.545000,0.003727,0.034940
2567.027000,0.035137,0.040953,2567.027000,0.002163,0.035330
2567.509000,0.034904,0.041256,2567.509000,0.002908,0.035713
2567.991000,0.034360,0.041552,2567.991000,0.004661,0.036092
2568.473000,0.034875,0.041841,2568.473000,0.006975,0.036464
2568.955000,0.035567,0.042124,2568.955000,0.008062,0.036830
2569.437000,0.036081,0.042400,2569.437000,0.009817,0.037190
2569.919000,0.036726,0.042669,2569.919000,0.011621,0.037544
2570.401000,0.036478,0.042931,2570.401000,0.013518,0.037892
2570.883000,0.035403,0.043186,2570.883000,0.015980,0.038234
2571.365000,0.034062,0.043435,2571.365000,0.018768,0.038569
2571.847000,0.032579,0.043676,2571.847000,0.020939,0.038899
2572.329000,0.031978,0.043911,2572.329000,0.022640,0.039221
2572.811000,0.031810,0.044138,2572.811000,0.024500,0.039538
2573.293000,0.030605,0.044358,2573.293000,0.026312,0.039848
2573.775000,0.029713,0.044572,2573.775000,0.027695,0.040152
2574.257000,0.029948,0.044778,2574.257000,0.028889,0.040449
2574.739000,0.029395,0.044977,2574.739000,0.030495,0.040740
2575.221000,0.028402,0.045169,2575.221000,0.030439,0.041024
2575.703000,0.028232,0.045354,2575.703000,0.029788,0.041301
2576.185000,0.028229,0.045532,2576.185000,0.030984,0.041572
2576.667000,0.028715,0.045702,2576.667000,0.030584,0.041836
2577.149000,0.028104,0.045866,2577.149000,0.028379,0.042094
2577.631000,0.026824,0.046022,2577.631000,0.026958,0.042345
2578.113000,0.026503,0.046170,2578.113000,0.025151,0.042589
2578.595000,0.026812,0.046312,2578.595000,0.024443,0.042826
2579.077000,0.028843,0.046446,2579.077000,0.025475,0.043056
2579.559000,0.030905,0.046573,2579.559000,0.025703,0.043279
2580.041000,0.032048,0.046692,2580.041000,0.024553,0.043496
2580.523000,0.033721,0.046805,2580.523000,0.022953,0.043705
2581.005000,0.036091,0.046909,2581.005000,0.023321,0.043908
2581.487000,0.036956,0.047007,2581.487000,0.023895,0.044103
2581.969000,0.036659,0.047097,2581.969000,0.024424,0.044292
2582.451000,0.036522,0.047180,2582.451000,0.026036,0.044474
2582.933000,0.036327,0.047255,2582.933000,0.026814,0.044648
2583.415000,0.036415,0.047323,2583.415000,0.025964,0.044815
2583.897000,0.036562,0.047384,2583.897000,0.023282,0.044976
2584.379000,0.035995,0.047437,2584.379000,0.021532,0.045129
2584.861000,0.034691,0.047483,2584.861000,0.020344,0.045275
2585.343000,0.035293,0.047521,2585.343000,0.019836,0.045414
2585.825000,0.037152,0.047552,2585.825000,0.019433,0.045546
2586.307000,0.038449,0.047576,2586.307000,0.018063,0.045670
2586.789000,0.038591,0.047592,2586.789000,0.016983,0.045788
2587.271000,0.038640,0.047600,2587.271000,0.016613,0.045898
2587.753000,0.039164,0.047602,2587.753000,0.016948,0.046001
2588.235000,0.037993,0.047596,2588.235000,0.016880,0.046096
2588.717000,0.035169,0.047583,2588.717000,0.017335,0.046185
2589.199000,0.031768,0.047562,2589.199000,0.017748,0.046266
2589.681000,0.029071,0.047534,2589.681000,0.017960,0.046340
2590.163000,0.027082,0.047498,2590.163000,0.018489,0.046407
2590.645000,0.025510,0.047456,2590.645000,0.017754,0.046466
2591.127000,0.022476,0.047405,2591.127000,0.017081,0.046519
2591.609000,0.020156,0.047348,2591.609000,0.016353,0.046564
2592.091000,0.020485,0.047283,2592.091000,0.014799,0.046601
2592.573000,0.020922,0.047211,2592.573000,0.013139,0.046632
2593.055000,0.022283,0.047132,2593.055000,0.012390,0.046655
2593.537000,0.022323,0.047046,2593.537000,0.012840,0.046671
2594.019000,0.024393,0.046952,2594.019000,0.014165,0.046680
2594.501000,0.026306,0.046851,2594.501000,0.016174,0.046681
2594.983000,0.027082,0.046743,2594.983000,0.019559,0.046675
2595.465000,0.025479,0.046628,2595.465000,0.023182,0.046662
2595.947000,0.024231,0.046505,2595.947000,0.025237,0.046642
2596.429000,0.023327,0.046376,2596.429000,0.026393,0.046614
2596.911000,0.022154,0.046239,2596.911000,0.028544,0.046580
2597.393000,0.020623,0.046096,2597.393000,0.030047,0.046538
2597.875000,0.018351,0.045945,2597.875000,0.029848,0.046488
2598.357000,0.017343,0.045787,2598.357000,0.028557,0.046432
2598.839000,0.017667,0.045623,2598.839000,0.025513,0.046369
2599.321000,0.019659,0.045451,2599.321000,0.021883,0.046298
2599.803000,0.021450,0.045273,2599.803000,0.018921,0.046220
2600.285000,0.020891,0.045087,2600.285000,0.017546,0.046136
2600.767000,0.022116,0.044895,2600.767000,0.016430,0.046044
2601.249000,0.022005,0.044696,2601.249000,0.014721,0.045945
2601.731000,0.021874,0.044490,2601.731000,0.014212,0.045839
2602.213000,0.020493,0.044278,2602.213000,0.013151,0.045725
2602.695000,0.020318,0.044059,2602.695000,0.011178,0.045605
2603.177000,0.020629,0.043833,2603.177000,0.011662,0.045478
2603.659000,0.020717,0.043600,2603.659000,0.014348,0.045344
2604.141000,0.020494,0.043361,2604.141000,0.016360,0.045203
2604.623000,0.019896,0.043116,2604.623000,0.017858,0.045056
2605.105000,0.020779,0.042864,2605.105000,0.019759,0.044901
2605.587000,0.022624,0.042606,2605.587000,0.020207,0.044739
2606.069000,0.023691,0.042341,2606.069000,0.021674,0.044571
2606.551000,0.023515,0.042070,2606.551000,0.022788,0.044396
2607.033000,0.022432,0.041792,2607.033000,0.024081,0.044214
2607.515000,0.021133,0.041508,2607.515000,0.025048,0.044025
2607.997000,0.019546,0.041218,2607.997000,0.025376,0.043830
2608.479000,0.018274,0.040922,2608.479000,0.026054,0.043628
2608.961000,0.017021,0.040620,2608.961000,0.025691,0.043420
2609.443000,0.015729,0.040312,2609.443000,0.025563,0.043205
2609.925000,0.014250,0.039998,2609.925000,0.026658,0.042983
2610.407000,0.012457,0.039678,2610.407000,0.026110,0.042755
2610.889000,0.011598,0.039352,2610.889000,0.024037,0.042520
2611.371000,0.010802,0.039020,2611.371000,0.022501,0.042279
2611.853000,0.010450,0.038682,2611.853000,0.021350,0.042032
2612.335000,0.010437,0.038339,2612.335000,0.019418,0.041778
2612.817000,0.008793,0.037990,2612.817000,0.017594,0.041519
2613.299000,0.007318,0.037635,2613.299000,0.015998,0.041252
2613.781000,0.006169,0.037275,2613.781000,0.015206,0.040980
2614.263000,0.004447,0.036909,2614.263000,0.015248,0.040702
2614.745000,0.002472,0.036538,2614.745000,0.017341,0.040417
2615.227000,0.001468,0.036162,2615.227000,0.019936,0.040126
2615.709000,0.002144,0.035780,2615.709000,0.021883,0.039830
2616.191000,0.003255,0.035393,2616.191000,0.024445,0.039527
2616.673000,0.003240,0.035001,2616.673000,0.027880,0.039219
2617.155000,0.004267,0.034604,2617.155000,0.029487,0.038905
2617.637000,0.006257,0.034202,2617.637000,0.031959,0.038585
2618.119000,0.007871,0.033794,2618.119000,0.036005,0.038259
2618.601000,0.009269,0.033382,2618.601000,0.037422,0.037928
2619.083000,0.010749,0.032965,2619.083000,0.036590,0.037591
2619.565000,0.010896,0.032544,2619.565000,0.034455,0.037248
2620.047000,0.011940,0.032117,2620.047000,0.032093,0.036900
2620.529000,0.013321,0.031686,2620.529000,0.028196,0.036546
2621.011000,0.013946,0.031251,2621.011000,0.025072,0.036188
2621.493000,0.014614,0.030811,2621.493000,0.023385,0.035823
2621.975000,0.016355,0.030366,2621.975000,0.021578,0.035454
2622.457000,0.017593,0.029918,2622.457000,0.019305,0.035079
2622.939000,0.017303,0.029465,2622.939000,0.017378,0.034699
2623.421000,0.015985,0.029007,2623.421000,0.017270,0.034315
2623.903000,0.015408,0.028546,2623.903000,0.018016,0.033925
2624.385000,0.012961,0.028081,2624.385000,0.019675,0.033530
2624.867000,0.009308,0.027612,2624.867000,0.020147,0.033130
2625.349000,0.004964,0.027138,2625.349000,0.018471,0.032726
2625.831000,0.001302,0.026661,2625.831000,0.015733,0.032316
2626.313000,-0.002222,0.026181,2626.313000,0.012430,0.031902
2626.795000,-0.005346,0.025696,2626.795000,0.010260,0.031484
2627.277000,-0.007233,0.025208,2627.277000,0.009058,0.031061
2627.759000,-0.008875,0.024717,2627.759000,0.008189,0.030633
2628.241000,-0.010749,0.024222,2628.241000,0.006757,0.030201
2628.723000,-0.011275,0.023724,2628.723000,0.006791,0.029765
2629.205000,-0.012040,0.023222,2629.205000,0.007423,0.029324
2629.687000,-0.013618,0.022718,2629.687000,0.008724,0.028880
2630.169000,-0.013973,0.022210,2630.169000,0.010867,0.028431
2630.651000,-0.014523,0.021699,2630.651000,0.011571,0.027978
2631.133000,-0.016248,0.021185,2631.133000,0.011415,0.027521
2631.615000,-0.017886,0.020669,2631.615000,0.011529,0.027060
2632.097000,-0.019602,0.020150,2632.097000,0.010709,0.026596
2632.579000,-0.020440,0.019628,2632.579000,0.008454,0.026127
2633.061000,-0.019548,0.019103,2633.061000,0.006838,0.025655
2633.543000,-0.017563,0.018576,2633.543000,0.007127,0.025180
2634.025000,-0.015810,0.018047,2634.025000,0.007231,0.024700
2634.507000,-0.014692,0.017515,2634.507000,0.007552,0.024218
2634.989000,-0.012462,0.016981,2634.989000,0.007444,0.023732
2635.471000,-0.009595,0.016444,2635.471000,0.008499,0.023243
2635.953000,-0.008216,0.015906,2635.953000,0.009693,0.022750
2636.435000,-0.007397,0.015366,2636.435000,0.010715,0.022255
2636.917000,-0.005355,0.014823,2636.917000,0.010652,0.021756
2637.399000,-0.003476,0.014279,2637.399000,0.009854,0.021255
2637.881000,-0.004400,0.013733,2637.881000,0.011002,0.020750
2638.363000,-0.007208,0.013186,2638.363000,0.012440,0.020243
2638.845000,-0.011059,0.012637,2638.845000,0.012842,0.019733
2639.327000,-0.013815,0.012086,2639.327000,0.012997,0.019221
2639.809000,-0.015043,0.011534,2639.809000,0.013979,0.018705
2640.291000,-0.017055,0.010981,2640.291000,0.014738,0.018188
2640.773000,-0.020256,0.010427,2640.773000,0.014820,0.017668
2641.255000,-0.022112,0.009871,2641.255000,0.016318,0.017145
2641.737000,-0.023140,0.009314,2641.737000,0.017303,0.016621
2642.219000,-0.023171,0.008757,2642.219000,0.016997,0.016094
2642.701000,-0.022969,0.008198,2642.701000,0.015300,0.015565
2643.183000,-0.021268,0.007639,2643.183000,0.013146,0.015035
2643.665000,-0.018394,0.007079,2643.665000,0.010852,0.014502
2644.147000,-0.017096,0.006518,2644.147000,0.008549,0.013967
2644.629000,-0.017747,0.005957,2644.629000,0.007211,0.013431
2645.111000,-0.019135,0.005396,2645.111000,0.005559,0.012893
2645.593000,-0.020019,0.004834,2645.593000,0.003571,0.012354
2646.075000,-0.021250,0.004271,2646.075000,0.000914,0.011813
2646.557000,-0.022614,0.003709,2646.557000,-0.001685,0.011271
2647.039000,-0.023924,0.003147,2647.039000,-0.005073,0.010727
2647.521000,-0.024117,0.002584,2647.521000,-0.007946,0.010183
2648.003000,-0.023180,0.002022,2648.003000,-0.009155,0.009637
2648.485000,-0.022287,0.001460,2648.485000,-0.009903,0.009090
2648.967000,-0.020875,0.000898,2648.967000,-0.011475,0.008542
2649.449000,-0.018736,0.000336,2649.449000,-0.012609,0.007993
2649.931000,-0.017636,-0.000225,2649.931000,-0.011764,0.007444
2650.413000,-0.017286,-0.000785,2650.413000,-0.008766,0.006893
2650.895000,-0.019383,-0.001345,2650.895000,-0.006686,0.006342
2651.377000,-0.021714,-0.001904,2651.377000,-0.003586,0.005791
2651.859000,-0.023480,-0.002463,2651.859000,-0.001080,0.005239
2652.341000,-0.025808,-0.003020,2652.341000,0.001631,0.004687
2652.823000,-0.029308,-0.003577,2652.823000,0.004100,0.004135
2653.305000,-0.031742,-0.004132,2653.305000,0.005394,0.003582
2653.787000,-0.032581,-0.004687,2653.787000,0.005215,0.003029
2654.269000,-0.031981,-0.005240,2654.269000,0.004935,0.002476
2654.751000,-0.031856,-0.005792,2654.751000,0.003595,0.001924
2655.233000,-0.031859,-0.006342,2655.233000,0.002196,0.001371
2655.715000,-0.031288,-0.006891,2655.715000,0.000935,0.000819
2656.197000,-0.030026,-0.007439,2656.197000,-0.000392,0.000267
2656.679000,-0.030454,-0.007985,2656.679000,-0.001246,-0.000284
2657.161000,-0.029781,-0.008529,2657.161000,-0.002275,-0.000835
2657.643000,-0.029341,-0.009071,2657.643000,-0.005470,-0.001386
2658.125000,-0.028014,-0.009611,2658.125000,-0.007616,-0.001936
2658.607000,-0.026289,-0.010150,2658.607000,-0.008755,-0.002485
2659.089000,-0.025223,-0.010686,2659.089000,-0.008528,-0.003033
2659.571000,-0.024831,-0.011220,2659.571000,-0.009070,-0.003580
2660.053000,-0.023982,-0.011752,2660.053000,-0.009722,-0.004126
2660.535000,-0.022959,-0.012282,2660.535000,-0.009690,-0.004671
2661.017000,-0.022988,-0.012809,2661.017000,-0.009350,-0.005215
2661.499000,-0.023865,-0.013334,2661.499000,-0.010051,-0.005758
2661.981000,-0.023619,-0.013856,2661.981000,-0.010388,-0.006299
2662.463000,-0.023848,-0.014376,2662.463000,-0.010369,-0.006839
2662.945000,-0.024307,-0.014893,2662.945000,-0.010351,-0.007378
2663.427000,-0.024832,-0.015407,2663.427000,-0.010346,-0.007915
2663.909000,-0.025534,-0.015918,2663.909000,-0.010379,-0.008450
2664.391000,-0.027288,-0.016427,2664.391000,-0.010447,-0.008983
2664.873000,-0.028331,-0.016932,2664.873000,-0.010202,-0.009515
2665.355000,-0.029163,-0.017434,2665.355000,-0.009703,-0.010044
2665.837000,-0.030719,-0.017933,2665.837000,-0.009793,-0.010572
2666.319000,-0.034346,-0.018429,2666.319000,-0.009908,-0.011097
2666.801000,-0.038422,-0.018922,2666.801000,-0.008637,-0.011621
2667.283000,-0.042525,-0.019411,2667.283000,-0.007207,-0.012142
2667.765000,-0.046466,-0.019897,2667.765000,-0.006956,-0.012661
2668.247000,-0.048633,-0.020379,2668.247000,-0.007691,-0.013177
2668.729000,-0.049706,-0.020857,2668.729000,-0.008745,-0.013691
2669.211000,-0.051044,-0.021332,2669.211000,-0.009827,-0.014203
2669.693000,-0.050899,-0.021803,2669.693000,-0.011049,-0.014711
2670.175000,-0.050552,-0.022271,2670.175000,-0.011960,-0.015218
2670.657000,-0.050228,-0.022734,2670.657000,-0.013150,-0.015721
2671.139000,-0.048705,-0.023194,2671.139000,-0.014844,-0.016221
2671.621000,-0.045561,-0.023649,2671.621000,-0.015338,-0.016719
2672.103000,-0.043257,-0.024101,2672.103000,-0.015991,-0.017213
2672.585000,-0.042140,-0.024548,2672.585000,-0.016479,-0.017705
2673.067000,-0.040954,-0.024991,2673.067000,-0.016246,-0.018193
2673.549000,-0.038345,-0.025429,2673.549000,-0.015187,-0.018678
2674.031000,-0.035685,-0.025864,2674.031000,-0.013472,-0.019160
2674.513000,-0.032678,-0.026294,2674.513000,-0.012795,-0.019638
2674.995000,-0.028909,-0.026719,2674.995000,-0.012225,-0.020113
2675.477000,-0.025240,-0.027140,2675.477000,-0.011772,-0.020584
2675.959000,-0.021698,-0.027556,2675.959000,-0.012282,-0.021052
2676.441000,-0.019299,-0.027968,2676.441000,-0.014103,-0.021516
2676.923000,-0.019086,-0.028375,2676.923000,-0.015952,-0.021977
2677.405000,-0.020862,-0.028777,2677.405000,-0.018578,-0.022433
2677.887000,-0.023144,-0.029174,2677.887000,-0.021301,-0.022886
2678.369000,-0.026842,-0.029567,2678.369000,-0.023005,-0.023335
2678.851000,-0.031806,-0.029954,2678.851000,-0.024824,-0.023780
2679.333000,-0.036782,-0.030336,2679.333000,-0.025744,-0.024221
2679.815000,-0.040651,-0.030714,2679.815000,-0.026952,-0.024657
2680.297000,-0.043887,-0.031086,2680.297000,-0.027881,-0.025090
2680.779000,-0.047472,-0.031453,2680.779000,-0.027772,-0.025518
2681.261000,-0.049385,-0.031815,2681.261000,-0.028371,-0.025942
2681.743000,-0.049464,-0.032171,2681.743000,-0.026404,-0.026361
2682.225000,-0.048607,-0.032522,2682.225000,-0.026043,-0.026776
2682.707000,-0.047299,-0.032868,2682.707000,-0.027780,-0.027187
2683.189000,-0.046409,-0.033208,2683.189000,-0.030656,-0.027593
2683.671000,-0.044868,-0.033543,2683.671000,-0.033361,-0.027994
2684.153000,-0.042842,-0.033873,2684.153000,-0.034850,-0.028391
2684.635000,-0.041583,-0.034196,2684.635000,-0.035924,-0.028783
2685.117000,-0.041697,-0.034515,2685.117000,-0.037258,-0.029170
2685.599000,-0.041461,-0.034827,2685.599000,-0.038036,-0.029553
2686.081000,-0.041439,-0.035134,2686.081000,-0.038651,-0.029930
2686.563000,-0.039854,-0.035435,2686.563000,-0.038808,-0.030303
2687.045000,-0.037863,-0.035730,2687.045000,-0.038357,-0.030670
2687.527000,-0.036088,-0.036020,2687.527000,-0.037815,-0.031033
2688.009000,-0.034967,-0.036303,2688.009000,-0.037602,-0.031390
2688.491000,-0.033988,-0.036581,2688.491000,-0.036617,-0.031742
2688.973000,-0.033263,-0.036852,2688.973000,-0.038550,-0.032089
2689.455000,-0.032821,-0.037118,2689.455000,-0.040815,-0.032431
2689.937000,-0.032581,-0.037378,2689.937000,-0.042779,-0.032767
2690.419000,-0.033023,-0.037631,2690.419000,-0.044544,-0.033098
2690.901000,-0.034826,-0.037879,2690.901000,-0.044910,-0.033424
2691.383000,-0.038076,-0.038120,2691.383000,-0.046470,-0.033744
2691.865000,-0.041871,-0.038355,2691.865000,-0.048742,-0.034059
2692.347000,-0.044790,-0.038585,2692.347000,-0.050110,-0.034368
2692.829000,-0.046825,-0.038807,2692.829000,-0.052972,-0.034672
2693.311000,-0.047141,-0.039024,2693.311000,-0.054584,-0.034970
2693.793000,-0.047429,-0.039234,2693.793000,-0.055102,-0.035262
2694.275000,-0.047896,-0.039438,2694.275000,-0.056379,-0.035548
2694.757000,-0.048708,-0.039636,2694.757000,-0.057478,-0.035829
2695.239000,-0.049165,-0.039827,2695.239000,-0.057800,-0.036104
2695.721000,-0.049291,-0.040012,2695.721000,-0.056623,-0.036373
2696.203000,-0.049978,-0.040191,2696.203000,-0.054497,-0.036637
2696.685000,-0.050170,-0.040363,2696.685000,-0.052312,-0.036894
2697.167000,-0.050378,-0.040529,2697.167000,-0.049968,-0.037146
2697.649000,-0.050612,-0.040688,2697.649000,-0.047066,-0.037392
2698.131000,-0.051170,-0.040841,2698.131000,-0.044431,-0.037631
2698.613000,-0.051411,-0.040987,2698.613000,-0.041125,-0.037865
2699.095000,-0.050728,-0.041127,2699.095000,-0.038254,-0.038092
2699.577000,-0.049505,-0.041260,2699.577000,-0.037682,-0.038314
2700.059000,-0.047833,-0.041387,2700.059000,-0.036489,-0.038529
2700.541000,-0.045235,-0.041507,2700.541000,-0.035287,-0.038738
2701.023000,-0.042415,-0.041621,2701.023000,-0.035303,-0.038941
2701.505000,-0.039953,-0.041728,2701.505000,-0.035835,-0.039138
2701.987000,-0.037050,-0.041828,2701.987000,-0.036708,-0.039329
2702.469000,-0.034673,-0.041922,2702.469000,-0.037565,-0.039513
2702.951000,-0.034027,-0.042009,2702.951000,-0.040587,-0.039691
2703.433000,-0.033154,-0.042090,2703.433000,-0.043320,-0.039863
2703.915000,-0.033034,-0.042163,2703.915000,-0.045559,-0.040029
2704.397000,-0.033349,-0.042231,2704.397000,-0.047827,-0.040188
2704.879000,-0.033899,-0.042292,2704.879000,-0.049023,-0.040341
2705.361000,-0.033642,-0.042346,2705.361000,-0.049644,-0.040487
2705.843000,-0.033916,-0.042393,2705.843000,-0.051665,-0.040627
2706.325000,-0.033865,-0.042434,2706.325000,-0.053456,-0.040761
2706.807000,-0.033370,-0.042468,2706.807000,-0.054249,-0.040888
2707.289000,-0.032569,-0.042496,2707.289000,-0.055207,-0.041009
2707.771000,-0.032336,-0.042516,2707.771000,-0.054522,-0.041124
2708.253000,-0.032150,-0.042531,2708.253000,-0.053867,-0.041232
2708.735000,-0.032364,-0.042538,2708.735000,-0.054440,-0.041333
2709.217000,-0.033255,-0.042539,2709.217000,-0.055091,-0.041428
2709.699000,-0.034345,-0.042534,2709.699000,-0.056022,-0.041517
2710.181000,-0.035457,-0.042522,2710.181000,-0.056337,-0.041599
2710.663000,-0.036302,-0.042503,2710.663000,-0.055368,-0.041675
2711.145000,-0.036284,-0.042478,2711.145000,-0.053165,-0.041744
2711.627000,-0.036561,-0.042446,2711.627000,-0.049839,-0.041806
2712.109000,-0.036305,-0.042407,2712.109000,-0.046624,-0.041863
2712.591000,-0.035491,-0.042362,2712.591000,-0.044482,-0.041912
2713.073000,-0.033548,-0.042311,2713.073000,-0.040936,-0.041955
2713.555000,-0.031399,-0.042252,2713.555000,-0.036843,-0.041992
2714.037000,-0.031518,-0.042188,2714.037000,-0.034687,-0.042022
2714.519000,-0.032897,-0.042117,2714.519000,-0.031899,-0.042046
2715.001000,-0.035769,-0.042039,2715.001000,-0.030791,-0.042063
2715.483000,-0.038285,-0.041955,2715.483000,-0.031624,-0.042074
2715.965000,-0.039421,-0.041865,2715.965000,-0.032320,-0.042078
2716.447000,-0.042184,-0.041768,2716.447000,-0.034202,-0.042075
2716.929000,-0.046405,-0.041664,2716.929000,-0.036502,-0.042067
2717.411000,-0.050099,-0.041555,2717.411000,-0.036873,-0.042051
2717.893000,-0.053080,-0.041439,2717.893000,-0.036618,-0.042030
2718.375000,-0.055277,-0.041317,2718.375000,-0.037463,-0.042001
2718.857000,-0.055355,-0.041188,2718.857000,-0.038725,-0.041967
2719.339000,-0.053905,-0.041053,2719.339000,-0.040692,-0.041926
2719.821000,-0.052687,-0.040912,2719.821000,-0.043287,-0.041878
2720.303000,-0.050873,-0.040765,2720.303000,-0.045586,-0.041824
2720.785000,-0.050505,-0.040611,2720.785000,-0.048537,-0.041764
2721.267000,-0.048233,-0.040452,2721.267000,-0.049863,-0.041697
2721.749000,-0.046215,-0.040286,2721.749000,-0.050154,-0.041624
2722.231000,-0.044177,-0.040114,2722.231000,-0.051389,-0.041545
2722.713000,-0.042195,-0.039936,2722.713000,-0.051627,-0.041460
2723.195000,-0.040961,-0.039752,2723.195000,-0.051085,-0.041368
2723.677000,-0.037633,-0.039562,2723.677000,-0.049415,-0.041269
2724.159000,-0.033614,-0.039366,2724.159000,-0.048186,-0.041165
2724.641000,-0.031234,-0.039165,2724.641000,-0.047699,-0.041054
2725.123000,-0.029619,-0.038957,2725.123000,-0.047221,-0.040937
2725.605000,-0.027735,-0.038744,2725.605000,-0.046359,-0.040814
2726.087000,-0.026656,-0.038524,2726.087000,-0.045313,-0.040685
2726.569000,-0.026297,-0.038299,2726.569000,-0.045074,-0.040550
2727.051000,-0.025636,-0.038069,2727.051000,-0.043194,-0.040408
2727.533000,-0.025521,-0.037832,2727.533000,-0.041585,-0.040261
2728.015000,-0.025636,-0.037590,2728.015000,-0.039301,-0.040107
2728.497000,-0.027946,-0.037343,2728.497000,-0.037409,-0.039948
2728.979000,-0.030598,-0.037089,2728.979000,-0.037618,-0.039782
2729.461000,-0.031379,-0.036831,2729.461000,-0.037728,-0.039611
2729.943000,-0.030703,-0.036567,2729.943000,-0.037576,-0.039433
2730.425000,-0.029279,-0.036297,2730.425000,-0.037932,-0.039250
2730.907000,-0.028772,-0.036022,2730.907000,-0.039655,-0.039061
2731.389000,-0.029625,-0.035742,2731.389000,-0.042061,-0.038866
2731.871000,-0.029442,-0.035457,2731.871000,-0.042793,-0.038665
2732.353000,-0.029213,-0.035166,2732.353000,-0.043247,-0.038459
2732.835000,-0.029642,-0.034871,2732.835000,-0.044076,-0.038247
2733.317000,-0.029470,-0.034570,2733.317000,-0.045342,-0.038029
2733.799000,-0.029726,-0.034264,2733.799000,-0.044967,-0.037805
2734.281000,-0.030596,-0.033953,2734.281000,-0.044418,-0.037576
2734.763000,-0.031757,-0.033637,2734.763000,-0.043107,-0.037342
2735.245000,-0.032870,-0.033317,2735.245000,-0.041292,-0.037102
2735.727000,-0.033889,-0.032991,2735.727000,-0.039368,-0.036856
2736.209000,-0.034295,-0.032661,2736.209000,-0.037730,-0.036605
2736.691000,-0.034696,-0.032326,2736.691000,-0.034430,-0.036349
2737.173000,-0.035784,-0.031987,2737.173000,-0.032387,-0.036088
2737.655000,-0.035966,-0.031642,2737.655000,-0.031401,-0.035821
2738.137000,-0.035934,-0.031294,2738.137000,-0.030292,-0.035549
2738.619000,-0.035749,-0.030940,2738.619000,-0.028936,-0.035272
2739.101000,-0.036231,-0.030583,2739.101000,-0.028236,-0.034989
2739.583000,-0.035927,-0.030221,2739.583000,-0.029948,-0.034702
2740.065000,-0.035776,-0.029855,2740.065000,-0.032728,-0.034409
2740.547000,-0.035839,-0.029484,2740.547000,-0.036197,-0.034112
2741.029000,-0.036946,-0.029109,2741.029000,-0.040566,-0.033810
2741.511000,-0.037338,-0.028731,2741.511000,-0.043871,-0.033503
2741.993000,-0.038496,-0.028348,2741.993000,-0.046919,-0.033191
2742.475000,-0.039381,-0.027961,2742.475000,-0.050531,-0.032874
2742.957000,-0.039892,-0.027570,2742.957000,-0.054230,-0.032552
2743.439000,-0.040843,-0.027176,2743.439000,-0.055980,-0.032226
2743.921000,-0.042667,-0.026778,2743.921000,-0.058453,-0.031896
2744.403000,-0.043625,-0.026376,2744.403000,-0.059441,-0.031560
2744.885000,-0.044597,-0.025970,2744.885000,-0.058659,-0.031221
2745.367000,-0.046446,-0.025561,2745.367000,-0.057112,-0.030877
2745.849000,-0.047379,-0.025148,2745.849000,-0.056365,-0.030528
2746.331000,-0.046882,-0.024732,2746.331000,-0.056057,-0.030175
2746.813000,-0.046530,-0.024313,2746.813000,-0.055449,-0.029818
2747.295000,-0.045867,-0.023890,2747.295000,-0.055232,-0.029457
2747.777000,-0.045608,-0.023464,2747.777000,-0.053148,-0.029092
2748.259000,-0.044377,-0.023035,2748.259000,-0.049615,-0.028723
2748.741000,-0.043617,-0.022602,2748.741000,-0.048048,-0.028349
2749.223000,-0.042749,-0.022167,2749.223000,-0.047368,-0.027972
2749.705000,-0.041927,-0.021729,2749.705000,-0.046446,-0.027591
2750.187000,-0.041000,-0.021288,2750.187000,-0.044921,-0.027206
2750.669000,-0.040036,-0.020844,2750.669000,-0.044936,-0.026817
2751.151000,-0.040042,-0.020398,2751.151000,-0.044892,-0.026425
2751.633000,-0.040799,-0.019949,2751.633000,-0.043444,-0.026029
2752.115000,-0.042386,-0.019497,2752.115000,-0.041594,-0.025630
2752.597000,-0.042035,-0.019043,2752.597000,-0.040257,-0.025227
2753.079000,-0.040489,-0.018586,2753.079000,-0.036995,-0.024821
2753.561000,-0.039502,-0.018127,2753.561000,-0.034215,-0.024411
2754.043000,-0.037773,-0.017666,2754.043000,-0.031234,-0.023998
2754.525000,-0.036487,-0.017202,2754.525000,-0.026853,-0.023582
2755.007000,-0.035433,-0.016737,2755.007000,-0.023941,-0.023163
2755.489000,-0.035779,-0.016269,2755.489000,-0.022838,-0.022740
2755.971000,-0.035879,-0.015799,2755.971000,-0.023540,-0.022315
2756.453000,-0.035657,-0.015328,2756.453000,-0.024652,-0.021887
2756.935000,-0.035782,-0.014855,2756.935000,-0.025033,-0.021456
2757.417000,-0.036399,-0.014380,2757.417000,-0.026944,-0.021022
2757.899000,-0.038181,-0.013903,2757.899000,-0.029532,-0.020586
2758.381000,-0.038999,-0.013425,2758.381000,-0.031586,-0.020147
2758.863000,-0.039852,-0.012945,2758.863000,-0.033130,-0.019705
2759.345000,-0.039334,-0.012464,2759.345000,-0.034436,-0.019261
2759.827000,-0.038358,-0.011982,2759.827000,-0.036813,-0.018814
2760.309000,-0.037659,-0.011498,2760.309000,-0.040148,-0.018365
2760.791000,-0.036181,-0.011013,2760.791000,-0.043585,-0.017914
2761.273000,-0.035043,-0.010527,2761.273000,-0.045739,-0.017461
2761.755000,-0.035566,-0.010040,2761.755000,-0.046434,-0.017005
2762.237000,-0.035935,-0.009552,2762.237000,-0.047091,-0.016547
2762.719000,-0.034657,-0.009063,2762.719000,-0.049858,-0.016088
2763.201000,-0.034386,-0.008573,2763.201000,-0.050001,-0.015627
2763.683000,-0.034794,-0.008083,2763.683000,-0.049302,-0.015163
2764.165000,-0.033982,-0.007592,2764.165000,-0.048930,-0.014698
2764.647000,-0.033224,-0.007100,2764.647000,-0.047185,-0.014232
2765.129000,-0.032048,-0.006608,2765.129000,-0.045122,-0.013763
2765.611000,-0.031164,-0.006115,2765.611000,-0.042204,-0.013294
2766.093000,-0.028429,-0.005623,2766.093000,-0.040875,-0.012822
2766.575000,-0.025235,-0.005129,2766.575000,-0.041543,-0.012350
2767.057000,-0.021880,-0.004636,2767.057000,-0.043056,-0.011876
2767.539000,-0.018226,-0.004143,2767.539000,-0.044770,-0.011401
2768.021000,-0.015176,-0.003650,2768.021000,-0.044546,-0.010925
2768.503000,-0.013458,-0.003156,2768.503000,-0.043105,-0.010448
2768.985000,-0.010551,-0.002663,2768.985000,-0.043066,-0.009969
2769.467000,-0.008027,-0.002170,2769.467000,-0.043645,-0.009490
2769.949000,-0.008339,-0.001678,2769.949000,-0.042950,-0.009010
2770.431000,-0.009320,-0.001186,2770.431000,-0.042500,-0.008530
2770.913000,-0.009818,-0.000694,2770.913000,-0.040803,-0.008048
2771.395000,-0.010591,-0.000203,2771.395000,-0.038161,-0.007566
2771.877000,-0.010665,0.000288,2771.877000,-0.036942,-0.007084
2772.359000,-0.011260,0.000778,2772.359000,-0.035517,-0.006601
2772.841000,-0.010747,0.001267,2772.841000,-0.035747,-0.006117
2773.323000,-0.008164,0.001755,2773.323000,-0.037779,-0.005634
2773.805000,-0.007099,0.002242,2773.805000,-0.041070,-0.005150
2774.287000,-0.007147,0.002729,2774.287000,-0.044058,-0.004666
2774.769000,-0.006191,0.003214,2774.769000,-0.046061,-0.004182
2775.251000,-0.004272,0.003698,2775.251000,-0.046758,-0.003698
2775.733000,-0.001239,0.004181,2775.733000,-0.046426,-0.003214
2776.215000,-0.000161,0.004662,2776.215000,-0.045074,-0.002731
2776.697000,-0.000371,0.005142,2776.697000,-0.043462,-0.002247
2777.179000,-0.000938,0.005621,2777.179000,-0.041514,-0.001764
2777.661000,-0.000929,0.006098,2777.661000,-0.039224,-0.001281
2778.143000,-0.000805,0.006574,2778.143000,-0.037714,-0.000799
2778.625000,-0.002252,0.007048,2778.625000,-0.036979,-0.000317
2779.107000,-0.003542,0.007520,2779.107000,-0.036164,0.000164
2779.589000,-0.003567,0.007990,2779.589000,-0.035902,0.000644
2780.071000,-0.002741,0.008458,2780.071000,-0.036783,0.001123
2780.553000,-0.004487,0.008925,2780.553000,-0.037599,0.001602
2781.035000,-0.005882,0.009389,2781.035000,-0.038848,0.002080
2781.517000,-0.006121,0.009851,2781.517000,-0.040027,0.002557
2781.999000,-0.006898,0.010311,2781.999000,-0.039292,0.003032
2782.481000,-0.006973,0.010769,2782.481000,-0.036991,0.003507
2782.963000,-0.007955,0.011225,2782.963000,-0.035319,0.003980
2783.445000,-0.008547,0.011678,2783.445000,-0.034075,0.004452
2783.927000,-0.009839,0.012128,2783.927000,-0.032911,0.004923
2784.409000,-0.011121,0.012576,2784.409000,-0.031960,0.005392
2784.891000,-0.012637,0.013022,2784.891000,-0.032821,0.005860
2785.373000,-0.013394,0.013465,2785.373000,-0.035284,0.006326
2785.855000,-0.013068,0.013905,2785.855000,-0.037032,0.006790
2786.337000,-0.012586,0.014342,2786.337000,-0.038027,0.007253
2786.819000,-0.011435,0.014776,2786.819000,-0.039295,0.007713
2787.301000,-0.011108,0.015208,2787.301000,-0.041009,0.008172
2787.783000,-0.010272,0.015636,2787.783000,-0.044055,0.008629
2788.265000,-0.010048,0.016061,2788.265000,-0.046018,0.009084
2788.747000,-0.011248,0.016484,2788.747000,-0.046901,0.009537
2789.229000,-0.011741,0.016903,2789.229000,-0.046756,0.009988
2789.711000,-0.010987,0.017318,2789.711000,-0.046928,0.010436
2790.193000,-0.010368,0.017731,2790.193000,-0.047214,0.010883
2790.675000,-0.010565,0.018140,2790.675000,-0.046979,0.011326
2791.157000,-0.010733,0.018545,2791.157000,-0.047274,0.011768
2791.639000,-0.009116,0.018947,2791.639000,-0.047269,0.012207
2792.121000,-0.006959,0.019346,2792.121000,-0.049448,0.012643
2792.603000,-0.005511,0.019741,2792.603000,-0.048478,0.013077
2793.085000,-0.002922,0.020132,2793.085000,-0.046902,0.013507
2793.567000,-0.000099,0.020519,2793.567000,-0.045964,0.013936
2794.049000,0.002415,0.020903,2794.049000,-0.045582,0.014361
2794.531000,0.004221,0.021282,2794.531000,-0.046114,0.014783
2795.013000,0.004767,0.021658,2795.013000,-0.046704,0.015203
2795.495000,0.003466,0.022030,2795.495000,-0.048471,0.015619
2795.977000,0.002608,0.022398,2795.977000,-0.048106,0.016033
2796.459000,0.001788,0.022762,2796.459000,-0.046955,0.016443
2796.941000,-0.000285,0.023121,2796.941000,-0.047395,0.016850
2797.423000,-0.002708,0.023477,2797.423000,-0.047042,0.017254
2797.905000,-0.004828,0.023828,2797.905000,-0.047332,0.017654
2798.387000,-0.006727,0.024175,2798.387000,-0.047346,0.018051
2798.869000,-0.008285,0.024517,2798.869000,-0.047422,0.018445
2799.351000,-0.008809,0.024855,2799.351000,-0.045789,0.018835
2799.833000,-0.007948,0.025189,2799.833000,-0.045414,0.019221
2800.315000,-0.005017,0.025518,2800.315000,-0.043895,0.019604
2800.797000,-0.001950,0.025843,2800.797000,-0.042685,0.019983
2801.279000,-0.001306,0.026163,2801.279000,-0.042177,0.020358
2801.761000,0.000678,0.026478,2801.761000,-0.042329,0.020730
2802.243000,0.002602,0.026789,2802.243000,-0.043154,0.021098
2802.725000,0.002703,0.027095,2802.725000,-0.041986,0.021462
2803.207000,0.002403,0.027396,2803.207000,-0.040318,0.021821
2803.689000,0.001256,0.027693,2803.689000,-0.040615,0.022177
2804.171000,0.001542,0.027985,2804.171000,-0.039908,0.022529
2804.653000,0.000661,0.028271,2804.653000,-0.040282,0.022877
2805.135000,-0.002663,0.028553,2805.135000,-0.041305,0.023220
2805.617000,-0.005297,0.028830,2805.617000,-0.041349,0.023560
2806.099000,-0.007203,0.029102,2806.099000,-0.041309,0.023895
2806.581000,-0.007775,0.029369,2806.581000,-0.040763,0.024226
2807.063000,-0.006791,0.029630,2807.063000,-0.038076,0.024552
2807.545000,-0.006156,0.029887,2807.545000,-0.034788,0.024874
2808.027000,-0.005066,0.030138,2808.027000,-0.030405,0.025192
2808.509000,-0.002935,0.030385,2808.509000,-0.025846,0.025505
2808.991000,-0.000745,0.030626,2808.991000,-0.021715,0.025813
2809.473000,0.001171,0.030862,2809.473000,-0.016758,0.026117
2809.955000,0.003672,0.031092,2809.955000,-0.012509,0.026416
2810.437000,0.006817,0.031317,2810.437000,-0.009887,0.026711
2810.919000,0.010893,0.031537,2810.919000,-0.009155,0.027001
2811.401000,0.012857,0.031752,2811.401000,-0.009830,0.027286
2811.883000,0.012818,0.031961,2811.883000,-0.011949,0.027566
2812.365000,0.012449,0.032164,2812.365000,-0.013483,0.027842
2812.847000,0.012213,0.032363,2812.847000,-0.014507,0.028112
2813.329000,0.012084,0.032555,2813.329000,-0.015557,0.028378
2813.811000,0.012223,0.032743,2813.811000,-0.016076,0.028639
2814.293000,0.012396,0.032924,2814.293000,-0.015709,0.028895
2814.775000,0.012330,0.033101,2814.775000,-0.013160,0.029146
2815.257000,0.011030,0.033271,2815.257000,-0.009292,0.029391
2815.739000,0.010736,0.033436,2815.739000,-0.005164,0.029632
2816.221000,0.010345,0.033596,2816.221000,-0.001071,0.029868
2816.703000,0.009627,0.033749,2816.703000,0.000421,0.030098
2817.185000,0.009705,0.033897,2817.185000,-0.000753,0.030323
2817.667000,0.009441,0.034040,2817.667000,-0.002244,0.030543
2818.149000,0.008932,0.034177,2818.149000,-0.003591,0.030758
2818.631000,0.009194,0.034308,2818.631000,-0.004760,0.030968
2819.113000,0.009870,0.034433,2819.113000,-0.006326,0.031172
2819.595000,0.011852,0.034553,2819.595000,-0.009200,0.031371
2820.077000,0.013706,0.034667,2820.077000,-0.011106,0.031564
2820.559000,0.015752,0.034775,2820.559000,-0.012527,0.031753
2821.041000,0.017616,0.034877,2821.041000,-0.011717,0.031935
2821.523000,0.019383,0.034974,2821.523000,-0.008980,0.032113
2822.005000,0.019835,0.035065,2822.005000,-0.006470,0.032285
2822.487000,0.021062,0.035150,2822.487000,-0.004819,0.032451
2822.969000,0.020355,0.035230,2822.969000,-0.003903,0.032613
2823.451000,0.020474,0.035303,2823.451000,-0.005113,0.032768
2823.933000,0.020582,0.035371,2823.933000,-0.004758,0.032918
2824.415000,0.021301,0.035433,2824.415000,-0.002721,0.033063
2824.897000,0.021308,0.035489,2824.897000,-0.000518,0.033202
2825.379000,0.021468,0.035539,2825.379000,0.002563,0.033335
2825.861000,0.021839,0.035584,2825.861000,0.002582,0.033463
2826.343000,0.021395,0.035622,2826.343000,0.002542,0.033585
2826.825000,0.020959,0.035655,2826.825000,0.004060,0.033702
2827.307000,0.021699,0.035683,2827.307000,0.007859,0.033813
2827.789000,0.021833,0.035704,2827.789000,0.011394,0.033918
2828.271000,0.021728,0.035719,2828.271000,0.011093,0.034018
2828.753000,0.020875,0.035729,2828.753000,0.010132,0.034112
2829.235000,0.021194,0.035733,2829.235000,0.007983,0.034201
2829.717000,0.021247,0.035731,2829.717000,0.004750,0.034284
2830.199000,0.023461,0.035724,2830.199000,0.003604,0.034361
2830.681000,0.025476,0.035710,2830.681000,0.003536,0.034433
2831.163000,0.026463,0.035691,2831.163000,0.002274,0.034498
2831.645000,0.026526,0.035666,2831.645000,0.003741,0.034559
2832.127000,0.025880,0.035636,2832.127000,0.004515,0.034613
2832.609000,0.023675,0.035599,2832.609000,0.002857,0.034662
2833.091000,0.020798,0.035557,2833.091000,0.004236,0.034705
2833.573000,0.017503,0.035510,2833.573000,0.007693,0.034743
2834.055000,0.013247,0.035456,2834.055000,0.011260,0.034774
2834.537000,0.005511,0.035397,2834.537000,0.013261,0.034801
2835.019000,-0.001151,0.035333,2835.019000,0.015632,0.034821
2835.501000,-0.007319,0.035262,2835.501000,0.018844,0.034836
2835.983000,-0.010574,0.035186,2835.983000,0.020607,0.034845
2836.465000,-0.009770,0.035105,2836.465000,0.021471,0.034848
2836.947000,-0.008118,0.035018,2836.947000,0.023007,0.034846
2837.429000,-0.006019,0.034925,2837.429000,0.021413,0.034838
2837.911000,-0.004674,0.034827,2837.911000,0.018608,0.034825
2838.393000,-0.001986,0.034723,2838.393000,0.018321,0.034806
2838.875000,0.001966,0.034614,2838.875000,0.016101,0.034781
2839.357000,0.005900,0.034500,2839.357000,0.012633,0.034751
2839.839000,0.009792,0.034380,2839.839000,0.010313,0.034715
2840.321000,0.011534,0.034254,2840.321000,0.007991,0.034673
2840.803000,0.012447,0.034123,2840.803000,0.004335,0.034626
2841.285000,0.010713,0.033987,2841.285000,0.003861,0.034573
2841.767000,0.009762,0.033846,2841.767000,0.004335,0.034515
2842.249000,0.008081,0.033699,2842.249000,0.004488,0.034452
2842.731000,0.006927,0.033547,2842.731000,0.005710,0.034382
2843.213000,0.006615,0.033390,2843.213000,0.006549,0.034308
2843.695000,0.005861,0.033227,2843.695000,0.008319,0.034228
2844.177000,0.006124,0.033060,2844.177000,0.009414,0.034142
2844.659000,0.005257,0.032887,2844.659000,0.010557,0.034051
2845.141000,0.005202,0.032709,2845.141000,0.012466,0.033955
2845.623000,0.008674,0.032526,2845.623000,0.012937,0.033853
2846.105000,0.012774,0.032338,2846.105000,0.012094,0.033746
2846.587000,0.016849,0.032145,2846.587000,0.009934,0.033633
2847.069000,0.020649,0.031948,2847.069000,0.007897,0.033515
2847.551000,0.023978,0.031745,2847.551000,0.005590,0.033392
2848.033000,0.025202,0.031537,2848.033000,0.004188,0.033264
2848.515000,0.025953,0.031325,2848.515000,0.000994,0.033130
2848.997000,0.024330,0.031108,2848.997000,-0.001636,0.032992
2849.479000,0.021801,0.030886,2849.479000,-0.002225,0.032848
2849.961000,0.020868,0.030659,2849.961000,-0.001708,0.032699
2850.443000,0.019910,0.030428,2850.443000,-0.000282,0.032545
2850.925000,0.018605,0.030192,2850.925000,0.001537,0.032385
2851.407000,0.014301,0.029951,2851.407000,0.003337,0.032221
2851.889000,0.011709,0.029706,2851.889000,0.005353,0.032052
2852.371000,0.011751,0.029456,2852.371000,0.007127,0.031877
2852.853000,0.011276,0.029202,2852.853000,0.008864,0.031698
2853.335000,0.011688,0.028944,2853.335000,0.009840,0.031514
2853.817000,0.010302,0.028681,2853.817000,0.010666,0.031325
2854.299000,0.008796,0.028414,2854.299000,0.010874,0.031131
2854.781000,0.007691,0.028143,2854.781000,0.009319,0.030933
2855.263000,0.006839,0.027867,2855.263000,0.007002,0.030729
2855.745000,0.004012,0.027588,2855.745000,0.005830,0.030521
2856.227000,0.001518,0.027304,2856.227000,0.005747,0.030308
2856.709000,-0.000033,0.027016,2856.709000,0.004489,0.030091
2857.191000,-0.002188,0.026725,2857.191000,0.002050,0.029869
2857.673000,-0.002355,0.026429,2857.673000,0.000850,0.029642
2858.155000,-0.002913,0.026129,2858.155000,-0.000089,0.029411
2858.637000,-0.001862,0.025826,2858.637000,-0.001270,0.029175
2859.119000,0.000088,0.025519,2859.119000,-0.002792,0.028935
2859.601000,0.001176,0.025208,2859.601000,-0.004280,0.028691
2860.083000,0.002394,0.024893,2860.083000,-0.004995,0.028442
2860.565000,0.003168,0.024575,2860.565000,-0.005772,0.028189
2861.047000,0.005651,0.024253,2861.047000,-0.006362,0.027932
2861.529000,0.006948,0.023928,2861.529000,-0.006620,0.027670
2862.011000,0.007362,0.023599,2862.011000,-0.006012,0.027405
2862.493000,0.008627,0.023267,2862.493000,-0.004697,0.027135
2862.975000,0.010021,0.022932,2862.975000,-0.004705,0.026861
2863.457000,0.011924,0.022593,2863.457000,-0.004547,0.026584
2863.939000,0.014169,0.022251,2863.939000,-0.004160,0.026302
2864.421000,0.016895,0.021906,2864.421000,-0.002514,0.026016
2864.903000,0.018345,0.021558,2864.903000,-0.000239,0.025727
2865.385000,0.018917,0.021207,2865.385000,0.000002,0.025433
2865.867000,0.018906,0.020853,2865.867000,-0.001475,0.025136
2866.349000,0.017417,0.020496,2866.349000,-0.002477,0.024836
2866.831000,0.015401,0.020136,2866.831000,-0.001636,0.024531
2867.313000,0.013536,0.019773,2867.313000,-0.000957,0.024223
2867.795000,0.011204,0.019408,2867.795000,-0.000102,0.023912
2868.277000,0.009115,0.019040,2868.277000,0.002410,0.023597
2868.759000,0.006969,0.018669,2868.759000,0.004196,0.023279
2869.241000,0.005519,0.018296,2869.241000,0.005866,0.022957
2869.723000,0.003518,0.017920,2869.723000,0.007319,0.022632
2870.205000,0.000818,0.017542,2870.205000,0.009837,0.022303
2870.687000,-0.001088,0.017162,2870.687000,0.012767,0.021972
2871.169000,-0.001939,0.016779,2871.169000,0.016622,0.021637
2871.651000,-0.001119,0.016395,2871.651000,0.019227,0.021300
2872.133000,-0.000618,0.016008,2872.133000,0.019445,0.020959
2872.615000,-0.001184,0.015619,2872.615000,0.017774,0.020615
2873.097000,-0.001948,0.015228,2873.097000,0.016178,0.020269
2873.579000,-0.002844,0.014835,2873.579000,0.014105,0.019919
2874.061000,-0.003793,0.014440,2874.061000,0.011482,0.019567
2874.543000,-0.004201,0.014043,2874.543000,0.008897,0.019212
2875.025000,-0.004541,0.013645,2875.025000,0.006463,0.018855
2875.507000,-0.007234,0.013245,2875.507000,0.003043,0.018494
2875.989000,-0.009637,0.012843,2875.989000,0.000255,0.018132
2876.471000,-0.011593,0.012440,2876.471000,-0.000371,0.017766
2876.953000,-0.013344,0.012035,2876.953000,-0.000423,0.017399
2877.435000,-0.013957,0.011629,2877.435000,0.001206,0.017029
2877.917000,-0.013509,0.011221,2877.917000,0.002861,0.016657
2878.399000,-0.012230,0.010813,2878.399000,0.005319,0.016282
2878.881000,-0.011634,0.010403,2878.881000,0.007161,0.015906
2879.363000,-0.011279,0.009992,2879.363000,0.007277,0.015527
2879.845000,-0.011103,0.009580,2879.845000,0.008156,0.015146
2880.327000,-0.010674,0.009167,2880.327000,0.007449,0.014764
2880.809000,-0.009797,0.008753,2880.809000,0.006503,0.014379
2881.291000,-0.010079,0.008338,2881.291000,0.005110,0.013993
2881.773000,-0.011606,0.007922,2881.773000,0.003612,0.013605
2882.255000,-0.013608,0.007506,2882.255000,0.003956,0.013215
2882.737000,-0.015507,0.007089,2882.737000,0.004422,0.012823
2883.219000,-0.017906,0.006671,2883.219000,0.004668,0.012430
2883.701000,-0.019903,0.006253,2883.701000,0.003567,0.012036
2884.183000,-0.021912,0.005834,2884.183000,0.003147,0.011640
2884.665000,-0.023458,0.005415,2884.665000,0.002071,0.011242
2885.147000,-0.023629,0.004996,2885.147000,0.000930,0.010844
2885.629000,-0.023439,0.004577,2885.629000,-0.002260,0.010444
2886.111000,-0.023701,0.004157,2886.111000,-0.004277,0.010043
2886.593000,-0.023789,0.003737,2886.593000,-0.005594,0.009640
2887.075000,-0.023111,0.003318,2887.075000,-0.008294,0.009237
2887.557000,-0.022593,0.002898,2887.557000,-0.011768,0.008833
2888.039000,-0.023325,0.002478,2888.039000,-0.014615,0.008428
2888.521000,-0.024553,0.002059,2888.521000,-0.014014,0.008022
2889.003000,-0.026607,0.001640,2889.003000,-0.012122,0.007615
2889.485000,-0.029547,0.001221,2889.485000,-0.012758,0.007208
2889.967000,-0.031360,0.000802,2889.967000,-0.013669,0.006800
2890.449000,-0.031770,0.000384,2890.449000,-0.014575,0.006391
2890.931000,-0.031941,-0.000034,2890.931000,-0.015350,0.005982
2891.413000,-0.030771,-0.000451,2891.413000,-0.015664,0.005572
2891.895000,-0.028689,-0.000867,2891.895000,-0.016461,0.005162
2892.377000,-0.027802,-0.001282,2892.377000,-0.016077,0.004752
2892.859000,-0.027015,-0.001697,2892.859000,-0.013719,0.004341
2893.341000,-0.024870,-0.002111,2893.341000,-0.013556,0.003931
2893.823000,-0.023559,-0.002524,2893.823000,-0.014034,0.003520
2894.305000,-0.022851,-0.002937,2894.305000,-0.014065,0.003109
2894.787000,-0.023403,-0.003348,2894.787000,-0.012353,0.002698
2895.269000,-0.025932,-0.003758,2895.269000,-0.009363,0.002288
2895.751000,-0.028179,-0.004166,2895.751000,-0.007204,0.001877
2896.233000,-0.031525,-0.004574,2896.233000,-0.006219,0.001467
2896.715000,-0.034071,-0.004980,2896.715000,-0.007910,0.001057
2897.197000,-0.034432,-0.005385,2897.197000,-0.010001,0.000647
2897.679000,-0.034946,-0.005788,2897.679000,-0.011446,0.000238
2898.161000,-0.035432,-0.006190,2898.161000,-0.011927,-0.000170
2898.643000,-0.035373,-0.006591,2898.643000,-0.012232,-0.000579
2899.125000,-0.035458,-0.006989,2899.125000,-0.013181,-0.000986
2899.607000,-0.034714,-0.007386,2899.607000,-0.015177,-0.001393
2900.089000,-0.032347,-0.007782,2900.089000,-0.017322,-0.001799
2900.571000,-0.030860,-0.008175,2900.571000,-0.018574,-0.002204
2901.053000,-0.028471,-0.008567,2901.053000,-0.018575,-0.002608
2901.535000,-0.026000,-0.008956,2901.535000,-0.017075,-0.003012
2902.017000,-0.024505,-0.009344,2902.017000,-0.016096,-0.003414
2902.499000,-0.022288,-0.009730,2902.499000,-0.013865,-0.003815
2902.981000,-0.022488,-0.010113,2902.981000,-0.012378,-0.004215
2903.463000,-0.022279,-0.010494,2903.463000,-0.012869,-0.004614
2903.945000,-0.020070,-0.010873,2903.945000,-0.011830,-0.005012
2904.427000,-0.018552,-0.011250,2904.427000,-0.010579,-0.005408
2904.909000,-0.018406,-0.011625,2904.909000,-0.009622,-0.005803
2905.391000,-0.018715,-0.011997,2905.391000,-0.008540,-0.006197
2905.873000,-0.020228,-0.012366,2905.873000,-0.008434,-0.006588
2906.355000,-0.021897,-0.012733,2906.355000,-0.008197,-0.006979
2906.837000,-0.023354,-0.013098,2906.837000,-0.007379,-0.007368
2907.319000,-0.025573,-0.013459,2907.319000,-0.007547,-0.007754
2907.801000,-0.026655,-0.013818,2907.801000,-0.007151,-0.008140
2908.283000,-0.028174,-0.014175,2908.283000,-0.005196,-0.008523
2908.765000,-0.032276,-0.014528,2908.765000,-0.005834,-0.008905
2909.247000,-0.036861,-0.014879,2909.247000,-0.005493,-0.009284
2909.729000,-0.041519,-0.015227,2909.729000,-0.005611,-0.009662
2910.211000,-0.044071,-0.015572,2910.211000,-0.006732,-0.010037
2910.693000,-0.044476,-0.015913,2910.693000,-0.008844,-0.010411
2911.175000,-0.044871,-0.016252,2911.175000,-0.009775,-0.010782
2911.657000,-0.046285,-0.016588,2911.657000,-0.008406,-0.011151
2912.139000,-0.045477,-0.016920,2912.139000,-0.009551,-0.011517
2912.621000,-0.045059,-0.017250,2912.621000,-0.010173,-0.011882
2913.103000,-0.044360,-0.017576,2913.103000,-0.009087,-0.012244
2913.585000,-0.043050,-0.017898,2913.585000,-0.010207,-0.012603
2914.067000,-0.040944,-0.018218,2914.067000,-0.011149,-0.012960
2914.549000,-0.038847,-0.018533,2914.549000,-0.011030,-0.013314
2915.031000,-0.038177,-0.018846,2915.031000,-0.010947,-0.013666
2915.513000,-0.039406,-0.019155,2915.513000,-0.011977,-0.014015
2915.995000,-0.040553,-0.019460,2915.995000,-0.012880,-0.014362
2916.477000,-0.041450,-0.019762,2916.477000,-0.014583,-0.014705
2916.959000,-0.041116,-0.020060,2916.959000,-0.016197,-0.015046
2917.441000,-0.041200,-0.020355,2917.441000,-0.017783,-0.015384
2917.923000,-0.041763,-0.020645,2917.923000,-0.018334,-0.015718
2918.405000,-0.042209,-0.020932,2918.405000,-0.017889,-0.016050
2918.887000,-0.041683,-0.021215,2918.887000,-0.021488,-0.016379
2919.369000,-0.042008,-0.021495,2919.369000,-0.022158,-0.016705
2919.851000,-0.041547,-0.021770,2919.851000,-0.021241,-0.017028
2920.333000,-0.040376,-0.022042,2920.333000,-0.021662,-0.017347
2920.815000,-0.038795,-0.022309,2920.815000,-0.020063,-0.017663
2921.297000,-0.037643,-0.022573,2921.297000,-0.017478,-0.017976
2921.779000,-0.035741,-0.022832,2921.779000,-0.016241,-0.018286
2922.261000,-0.034226,-0.023088,2922.261000,-0.014627,-0.018592
2922.743000,-0.032682,-0.023339,2922.743000,-0.012154,-0.018895
2923.225000,-0.031679,-0.023586,2923.225000,-0.010732,-0.019194
2923.707000,-0.030879,-0.023829,2923.707000,-0.009085,-0.019490
2924.189000,-0.030885,-0.024068,2924.189000,-0.010358,-0.019783
2924.671000,-0.030337,-0.024303,2924.671000,-0.013236,-0.020071
2925.153000,-0.031108,-0.024533,2925.153000,-0.015790,-0.020357
2925.635000,-0.031463,-0.024759,2925.635000,-0.020197,-0.020638
2926.117000,-0.031440,-0.024981,2926.117000,-0.023373,-0.020916
2926.599000,-0.032302,-0.025198,2926.599000,-0.026300,-0.021190
2927.081000,-0.034162,-0.025411,2927.081000,-0.028849,-0.021460
2927.563000,-0.037611,-0.025619,2927.563000,-0.030391,-0.021726
2928.045000,-0.040073,-0.025823,2928.045000,-0.030928,-0.021989
2928.527000,-0.040003,-0.026022,2928.527000,-0.031350,-0.022247
2929.009000,-0.040135,-0.026217,2929.009000,-0.029570,-0.022502
2929.491000,-0.040771,-0.026408,2929.491000,-0.028539,-0.022753
2929.973000,-0.041759,-0.026594,2929.973000,-0.029054,-0.023000
2930.455000,-0.042427,-0.026775,2930.455000,-0.029600,-0.023242
2930.937000,-0.041664,-0.026952,2930.937000,-0.031323,-0.023481
2931.419000,-0.040385,-0.027124,2931.419000,-0.032672,-0.023715
2931.901000,-0.039756,-0.027291,2931.901000,-0.033626,-0.023946
2932.383000,-0.038289,-0.027454,2932.383000,-0.033534,-0.024172
2932.865000,-0.038291,-0.027612,2932.865000,-0.033045,-0.024394
2933.347000,-0.036980,-0.027765,2933.347000,-0.034109,-0.024611
2933.829000,-0.037291,-0.027914,2933.829000,-0.034983,-0.024825
2934.311000,-0.040075,-0.028058,2934.311000,-0.036063,-0.025034
2934.793000,-0.039436,-0.028197,2934.793000,-0.037697,-0.025239
2935.275000,-0.036837,-0.028331,2935.275000,-0.038324,-0.025439
2935.757000,-0.036598,-0.028461,2935.757000,-0.040282,-0.025635
2936.239000,-0.038391,-0.028586,2936.239000,-0.043187,-0.025827
2936.721000,-0.039630,-0.028706,2936.721000,-0.046111,-0.026014
2937.203000,-0.039688,-0.028821,2937.203000,-0.047826,-0.026197
2937.685000,-0.036863,-0.028931,2937.685000,-0.048737,-0.026376
2938.167000,-0.035558,-0.029036,2938.167000,-0.049270,-0.026550
2938.649000,-0.034301,-0.029137,2938.649000,-0.048729,-0.026719
2939.131000,-0.031457,-0.029233,2939.131000,-0.046899,-0.026884
2939.613000,-0.028722,-0.029324,2939.613000,-0.046577,-0.027044
2940.095000,-0.024738,-0.029410,2940.095000,-0.047354,-0.027200
2940.577000,-0.023514,-0.029491,2940.577000,-0.045763,-0.027351
2941.059000,-0.022454,-0.029567,2941.059000,-0.045370,-0.027498
2941.541000,-0.021324,-0.029638,2941.541000,-0.044856,-0.027640
2942.023000,-0.020679,-0.029705,2942.023000,-0.045002,-0.027777
2942.505000,-0.020833,-0.029766,2942.505000,-0.045139,-0.027910
2942.987000,-0.022950,-0.029823,2942.987000,-0.045489,-0.028037
2943.469000,-0.023515,-0.029874,2943.469000,-0.045758,-0.028161
2943.951000,-0.024139,-0.029921,2943.951000,-0.045470,-0.028279
2944.433000,-0.024116,-0.029963,2944.433000,-0.045348,-0.028393
2944.915000,-0.027627,-0.030000,2944.915000,-0.044429,-0.028502
2945.397000,-0.029346,-0.030032,2945.397000,-0.043111,-0.028607
2945.879000,-0.030555,-0.030059,2945.879000,-0.042388,-0.028707
2946.361000,-0.031890,-0.030081,2946.361000,-0.041687,-0.028801
2946.843000,-0.033300,-0.030099,2946.843000,-0.039982,-0.028892
2947.325000,-0.035016,-0.030111,2947.325000,-0.037206,-0.028977
2947.807000,-0.035925,-0.030119,2947.807000,-0.034521,-0.029058
2948.289000,-0.036993,-0.030121,2948.289000,-0.032573,-0.029134
2948.771000,-0.035374,-0.030119,2948.771000,-0.032663,-0.029205
2949.253000,-0.031281,-0.030112,2949.253000,-0.032022,-0.029271
2949.735000,-0.028615,-0.030100,2949.735000,-0.033645,-0.029333
2950.217000,-0.026299,-0.030083,2950.217000,-0.035021,-0.029389
2950.699000,-0.025214,-0.030062,2950.699000,-0.036583,-0.029441
2951.181000,-0.025194,-0.030035,2951.181000,-0.037594,-0.029489
2951.663000,-0.026047,-0.030004,2951.663000,-0.037803,-0.029531
2952.145000,-0.026081,-0.029968,2952.145000,-0.038725,-0.029569
2952.627000,-0.027580,-0.029927,2952.627000,-0.039671,-0.029601
2953.109000,-0.027640,-0.029882,2953.109000,-0.041133,-0.029629
2953.591000,-0.028465,-0.029832,2953.591000,-0.042479,-0.029653
2954.073000,-0.029956,-0.029776,2954.073000,-0.043767,-0.029671
2954.555000,-0.030573,-0.029717,2954.555000,-0.044029,-0.029685
2955.037000,-0.029233,-0.029652,2955.037000,-0.045356,-0.029694
2955.519000,-0.027260,-0.029583,2955.519000,-0.046472,-0.029698
2956.001000,-0.024252,-0.029509,2956.001000,-0.047652,-0.029697
2956.483000,-0.022133,-0.029431,2956.483000,-0.048978,-0.029692
2956.965000,-0.022285,-0.029348,2956.965000,-0.049664,-0.029682
2957.447000,-0.021220,-0.029260,2957.447000,-0.049879,-0.029667
2957.929000,-0.021346,-0.029168,2957.929000,-0.050304,-0.029648
2958.411000,-0.022993,-0.029071,2958.411000,-0.050424,-0.029623
2958.893000,-0.025168,-0.028970,2958.893000,-0.050706,-0.029595
2959.375000,-0.027510,-0.028864,2959.375000,-0.050739,-0.029561
2959.857000,-0.030133,-0.028753,2959.857000,-0.051766,-0.029523
2960.339000,-0.034903,-0.028639,2960.339000,-0.052867,-0.029480
2960.821000,-0.039459,-0.028519,2960.821000,-0.053600,-0.029432
2961.303000,-0.043599,-0.028396,2961.303000,-0.053347,-0.029380
2961.785000,-0.046472,-0.028268,2961.785000,-0.052984,-0.029323
2962.267000,-0.049642,-0.028135,2962.267000,-0.053224,-0.029262
2962.749000,-0.052721,-0.027999,2962.749000,-0.053754,-0.029196
2963.231000,-0.054803,-0.027858,2963.231000,-0.054269,-0.029125
2963.713000,-0.056952,-0.027712,2963.713000,-0.054641,-0.029050
2964.195000,-0.056727,-0.027563,2964.195000,-0.053642,-0.028971
2964.677000,-0.056395,-0.027409,2964.677000,-0.053294,-0.028887
2965.159000,-0.055899,-0.027251,2965.159000,-0.052738,-0.028798
2965.641000,-0.053908,-0.027089,2965.641000,-0.052494,-0.028705
2966.123000,-0.052297,-0.026923,2966.123000,-0.052316,-0.028608
2966.605000,-0.051174,-0.026753,2966.605000,-0.052723,-0.028506
2967.087000,-0.049510,-0.026579,2967.087000,-0.053355,-0.028400
2967.569000,-0.047115,-0.026401,2967.569000,-0.053162,-0.028289
2968.051000,-0.045392,-0.026219,2968.051000,-0.051752,-0.028174
2968.533000,-0.042598,-0.026033,2968.533000,-0.050443,-0.028055
2969.015000,-0.041040,-0.025843,2969.015000,-0.050199,-0.027932
2969.497000,-0.039908,-0.025649,2969.497000,-0.049384,-0.027804
2969.979000,-0.038570,-0.025452,2969.979000,-0.048076,-0.027672
2970.461000,-0.037913,-0.025251,2970.461000,-0.046233,-0.027536
2970.943000,-0.036318,-0.025046,2970.943000,-0.044298,-0.027396
2971.425000,-0.034354,-0.024837,2971.425000,-0.042650,-0.027252
2971.907000,-0.032083,-0.024624,2971.907000,-0.040754,-0.027103
2972.389000,-0.031223,-0.024409,2972.389000,-0.038969,-0.026950
2972.871000,-0.031327,-0.024189,2972.871000,-0.038078,-0.026794
2973.353000,-0.030599,-0.023966,2973.353000,-0.038080,-0.026633
2973.835000,-0.030694,-0.023740,2973.835000,-0.038859,-0.026469
2974.317000,-0.029470,-0.023510,2974.317000,-0.039625,-0.026300
2974.799000,-0.029467,-0.023276,2974.799000,-0.039450,-0.026128
2975.281000,-0.029826,-0.023040,2975.281000,-0.040107,-0.025952
2975.763000,-0.029601,-0.022800,2975.763000,-0.039857,-0.025771
2976.245000,-0.029338,-0.022557,2976.245000,-0.041021,-0.025588
2976.727000,-0.027868,-0.022310,2976.727000,-0.042391,-0.025400
2977.209000,-0.026786,-0.022061,2977.209000,-0.045404,-0.025209
2977.691000,-0.024623,-0.021808,2977.691000,-0.048403,-0.025014
2978.173000,-0.022969,-0.021552,2978.173000,-0.050637,-0.024815
2978.655000,-0.020667,-0.021294,2978.655000,-0.053029,-0.024613
2979.137000,-0.020832,-0.021032,2979.137000,-0.054055,-0.024407
2979.619000,-0.019657,-0.020767,2979.619000,-0.056755,-0.024197
2980.101000,-0.017719,-0.020500,2980.101000,-0.058510,-0.023985
2980.583000,-0.016585,-0.020230,2980.583000,-0.058708,-0.023768
2981.065000,-0.014886,-0.019957,2981.065000,-0.058964,-0.023549
2981.547000,-0.014854,-0.019681,2981.547000,-0.057925,-0.023326
2982.029000,-0.014749,-0.019402,2982.029000,-0.055401,-0.023099
2982.511000,-0.013760,-0.019121,2982.511000,-0.050700,-0.022870
2982.993000,-0.012824,-0.018838,2982.993000,-0.046557,-0.022637
2983.475000,-0.010323,-0.018552,2983.475000,-0.042079,-0.022401
2983.957000,-0.009899,-0.018263,2983.957000,-0.039370,-0.022162
2984.439000,-0.011145,-0.017972,2984.439000,-0.036376,-0.021919
2984.921000,-0.012281,-0.017679,2984.921000,-0.034490,-0.021674
2985.403000,-0.013676,-0.017383,2985.403000,-0.033625,-0.021426
2985.885000,-0.014145,-0.017085,2985.885000,-0.031997,-0.021175
2986.367000,-0.012106,-0.016785,2986.367000,-0.031879,-0.020920
2986.849000,-0.009797,-0.016483,2986.849000,-0.032723,-0.020663
2987.331000,-0.009633,-0.016179,2987.331000,-0.034885,-0.020404
2987.813000,-0.010809,-0.015872,2987.813000,-0.037116,-0.020141
2988.295000,-0.012712,-0.015564,2988.295000,-0.038148,-0.019876
2988.777000,-0.016849,-0.015254,2988.777000,-0.038499,-0.019608
2989.259000,-0.022419,-0.014942,2989.259000,-0.039345,-0.019337
2989.741000,-0.026617,-0.014628,2989.741000,-0.039248,-0.019064
2990.223000,-0.031828,-0.014312,2990.223000,-0.040049,-0.018788
2990.705000,-0.038682,-0.013995,2990.705000,-0.040721,-0.018510
2991.187000,-0.045162,-0.013676,2991.187000,-0.039847,-0.018230
2991.669000,-0.049897,-0.013355,2991.669000,-0.039277,-0.017947
2992.151000,-0.052946,-0.013033,2992.151000,-0.037921,-0.017662
2992.633000,-0.053447,-0.012709,2992.633000,-0.035281,-0.017374
2993.115000,-0.052889,-0.012384,2993.115000,-0.033572,-0.017085
2993.597000,-0.051225,-0.012058,2993.597000,-0.032373,-0.016793
2994.079000,-0.049928,-0.011730,2994.079000,-0.031361,-0.016499
2994.561000,-0.046750,-0.011401,2994.561000,-0.028503,-0.016203
2995.043000,-0.046075,-0.011071,2995.043000,-0.028406,-0.015905
2995.525000,-0.044745,-0.010740,2995.525000,-0.029606,-0.015605
2996.007000,-0.043206,-0.010407,2996.007000,-0.031173,-0.015303
2996.489000,-0.040618,-0.010074,2996.489000,-0.032914,-0.015000
2996.971000,-0.038116,-0.009740,2996.971000,-0.034771,-0.014694
2997.453000,-0.035954,-0.009405,2997.453000,-0.036722,-0.014387
2997.935000,-0.033971,-0.009069,2997.935000,-0.039627,-0.014078
2998.417000,-0.033114,-0.008732,2998.417000,-0.042524,-0.013768
2998.899000,-0.031395,-0.008394,2998.899000,-0.044511,-0.013456
2999.381000,-0.029755,-0.008056,2999.381000,-0.046784,-0.013142
2999.863000,-0.027979,-0.007717,2999.863000,-0.048619,-0.012827
3000.345000,-0.025104,-0.007378,3000.345000,-0.048180,-0.012511
3000.827000,-0.021734,-0.007038,3000.827000,-0.048345,-0.012193
3001.309000,-0.018535,-0.006697,3001.309000,-0.047609,-0.011874
3001.791000,-0.017407,-0.006357,3001.791000,-0.046862,-0.011554
3002.273000,-0.015191,-0.006016,3002.273000,-0.044385,-0.011233
3002.755000,-0.013024,-0.005674,3002.755000,-0.041226,-0.010910
3003.237000,-0.012828,-0.005333,3003.237000,-0.038435,-0.010586
3003.719000,-0.012412,-0.004991,3003.719000,-0.036753,-0.010262
3004.201000,-0.013590,-0.004649,3004.201000,-0.036153,-0.009936
3004.683000,-0.014985,-0.004308,3004.683000,-0.036947,-0.009610
3005.165000,-0.017128,-0.003966,3005.165000,-0.037420,-0.009282
3005.647000,-0.019845,-0.003624,3005.647000,-0.038408,-0.008954
3006.129000,-0.022373,-0.003283,3006.129000,-0.040901,-0.008626
3006.611000,-0.025202,-0.002941,3006.611000,-0.042804,-0.008296
3007.093000,-0.026810,-0.002600,3007.093000,-0.044385,-0.007966
3007.575000,-0.028312,-0.002259,3007.575000,-0.044901,-0.007635
3008.057000,-0.030005,-0.001919,3008.057000,-0.043585,-0.007304
3008.539000,-0.031196,-0.001579,3008.539000,-0.042161,-0.006972
3009.021000,-0.032740,-0.001240,3009.021000,-0.041793,-0.006640
3009.503000,-0.032539,-0.000901,3009.503000,-0.040755,-0.006308
3009.985000,-0.032439,-0.000562,3009.985000,-0.041167,-0.005976
3010.467000,-0.029028,-0.000224,3010.467000,-0.041382,-0.005643
3010.949000,-0.024461,0.000113,3010.949000,-0.040848,-0.005310
3011.431000,-0.022623,0.000449,3011.431000,-0.042483,-0.004977
3011.913000,-0.021222,0.000784,3011.913000,-0.044614,-0.004643
3012.395000,-0.020281,0.001119,3012.395000,-0.045886,-0.004310
3012.877000,-0.019427,0.001453,3012.877000,-0.048959,-0.003977
3013.359000,-0.019750,0.001785,3013.359000,-0.050970,-0.003644
3013.841000,-0.020286,0.002117,3013.841000,-0.054107,-0.003311
3014.323000,-0.023033,0.002448,3014.323000,-0.056428,-0.002979
3014.805000,-0.026283,0.002777,3014.805000,-0.056909,-0.002646
3015.287000,-0.030571,0.003105,3015.287000,-0.056317,-0.002314
3015.769000,-0.035430,0.003432,3015.769000,-0.056114,-0.001983
3016.251000,-0.038137,0.003758,3016.251000,-0.053753,-0.001652
3016.733000,-0.038135,0.004083,3016.733000,-0.051357,-0.001321
3017.215000,-0.037105,0.004406,3017.215000,-0.045728,-0.000991
3017.697000,-0.036452,0.004727,3017.697000,-0.039139,-0.000661
3018.179000,-0.037225,0.005047,3018.179000,-0.034440,-0.000332
3018.661000,-0.035435,0.005366,3018.661000,-0.030892,-0.000004
3019.143000,-0.034998,0.005682,3019.143000,-0.028064,0.000323
3019.625000,-0.033800,0.005998,3019.625000,-0.026379,0.000650
3020.107000,-0.032207,0.006311,3020.107000,-0.026417,0.000975
3020.589000,-0.030153,0.006623,3020.589000,-0.026805,0.001300
3021.071000,-0.029103,0.006933,3021.071000,-0.026695,0.001624
3021.553000,-0.028047,0.007241,3021.553000,-0.027034,0.001946
3022.035000,-0.027892,0.007547,3022.035000,-0.027223,0.002268
3022.517000,-0.028349,0.007851,3022.517000,-0.029330,0.002589
3022.999000,-0.027206,0.008154,3022.999000,-0.030967,0.002908
3023.481000,-0.025558,0.008454,3023.481000,-0.032540,0.003226
3023.963000,-0.024867,0.008752,3023.963000,-0.031712,0.003543
3024.445000,-0.023398,0.009048,3024.445000,-0.031121,0.003858
3024.927000,-0.021904,0.009342,3024.927000,-0.031678,0.004172
3025.409000,-0.021267,0.009633,3025.409000,-0.033370,0.004485
3025.891000,-0.021897,0.009923,3025.891000,-0.035595,0.004796
3026.373000,-0.019664,0.010210,3026.373000,-0.034236,0.005105
3026.855000,-0.016858,0.010494,3026.855000,-0.034190,0.005413
3027.337000,-0.014115,0.010776,3027.337000,-0.031657,0.005720
3027.819000,-0.012452,0.011056,3027.819000,-0.028558,0.006024
3028.301000,-0.011103,0.011334,3028.301000,-0.028344,0.006327
3028.783000,-0.009777,0.011608,3028.783000,-0.026955,0.006628
3029.265000,-0.009981,0.011880,3029.265000,-0.024544,0.006928
3029.747000,-0.009369,0.012150,3029.747000,-0.022387,0.007225
3030.229000,-0.009091,0.012417,3030.229000,-0.021819,0.007521
3030.711000,-0.008797,0.012681,3030.711000,-0.020874,0.007814
3031.193000,-0.008235,0.012943,3031.193000,-0.021508,0.008106
3031.675000,-0.008573,0.013201,3031.675000,-0.022045,0.008395
3032.157000,-0.010040,0.013457,3032.157000,-0.024389,0.008682
3032.639000,-0.011719,0.013710,3032.639000,-0.027472,0.008968
3033.121000,-0.013638,0.013961,3033.121000,-0.028915,0.009251
3033.603000,-0.016415,0.014208,3033.603000,-0.032333,0.009531
3034.085000,-0.018851,0.014452,3034.085000,-0.034838,0.009810
3034.567000,-0.021134,0.014693,3034.567000,-0.036743,0.010086
3035.049000,-0.023114,0.014932,3035.049000,-0.039114,0.010360
3035.531000,-0.024846,0.015167,3035.531000,-0.039935,0.010631
3036.013000,-0.027621,0.015399,3036.013000,-0.037504,0.010900
3036.495000,-0.028741,0.015628,3036.495000,-0.037240,0.011167
3036.977000,-0.029054,0.015854,3036.977000,-0.036949,0.011431
3037.459000,-0.028840,0.016076,3037.459000,-0.035749,0.011692
3037.941000,-0.028445,0.016296,3037.941000,-0.034010,0.011951
3038.423000,-0.028099,0.016512,3038.423000,-0.031650,0.012207
3038.905000,-0.027048,0.016725,3038.905000,-0.029779,0.012460
3039.387000,-0.026396,0.016935,3039.387000,-0.027108,0.012711
3039.869000,-0.027226,0.017141,3039.869000,-0.026140,0.012959
3040.351000,-0.025865,0.017344,3040.351000,-0.026187,0.013204
3040.833000,-0.022222,0.017543,3040.833000,-0.026764,0.013447
3041.315000,-0.017621,0.017739,3041.315000,-0.027833,0.013686
3041.797000,-0.012683,0.017932,3041.797000,-0.028990,0.013923
3042.279000,-0.007392,0.018121,3042.279000,-0.029979,0.014157
3042.761000,-0.002430,0.018306,3042.761000,-0.029500,0.014387
3043.243000,0.002729,0.018488,3043.243000,-0.031194,0.014615
3043.725000,0.007104,0.018667,3043.725000,-0.031341,0.014840
3044.207000,0.010717,0.018842,3044.207000,-0.032526,0.015061
3044.689000,0.013547,0.019013,3044.689000,-0.032861,0.015280
3045.171000,0.014461,0.019181,3045.171000,-0.032385,0.015495
3045.653000,0.014580,0.019345,3045.653000,-0.032706,0.015708
3046.135000,0.012865,0.019506,3046.135000,-0.033181,0.015917
3046.617000,0.009424,0.019662,3046.617000,-0.034181,0.016123
3047.099000,0.006372,0.019816,3047.099000,-0.035803,0.016325
3047.581000,0.004538,0.019965,3047.581000,-0.037913,0.016525
3048.063000,0.001105,0.020111,3048.063000,-0.041158,0.016721
3048.545000,-0.004283,0.020252,3048.545000,-0.045022,0.016914
3049.027000,-0.009129,0.020391,3049.027000,-0.048200,0.017103
3049.509000,-0.012942,0.020525,3049.509000,-0.050023,0.017289
3049.991000,-0.014373,0.020655,3049.991000,-0.051526,0.017472
3050.473000,-0.014291,0.020782,3050.473000,-0.051689,0.017651
3050.955000,-0.013787,0.020905,3050.955000,-0.051559,0.017827
3051.437000,-0.013116,0.021024,3051.437000,-0.049893,0.017999
3051.919000,-0.012227,0.021139,3051.919000,-0.047338,0.018168
3052.401000,-0.009122,0.021251,3052.401000,-0.044830,0.018334
3052.883000,-0.007743,0.021358,3052.883000,-0.041429,0.018495
3053.365000,-0.006789,0.021462,3053.365000,-0.037343,0.018654
3053.847000,-0.005796,0.021562,3053.847000,-0.034756,0.018808
3054.329000,-0.003934,0.021657,3054.329000,-0.033515,0.018960
3054.811000,-0.005022,0.021749,3054.811000,-0.034214,0.019107
3055.293000,-0.008638,0.021837,3055.293000,-0.034806,0.019251
3055.775000,-0.009848,0.021921,3055.775000,-0.036169,0.019391
3056.257000,-0.010141,0.022002,3056.257000,-0.036491,0.019528
3056.739000,-0.008774,0.022078,3056.739000,-0.035083,0.019661
3057.221000,-0.007958,0.022150,3057.221000,-0.033950,0.019790
3057.703000,-0.008295,0.022219,3057.703000,-0.033087,0.019916
3058.185000,-0.008661,0.022283,3058.185000,-0.031550,0.020038
3058.667000,-0.007047,0.022343,3058.667000,-0.029190,0.020156
3059.149000,-0.004367,0.022400,3059.149000,-0.027995,0.020270
3059.631000,-0.004860,0.022453,3059.631000,-0.028550,0.020381
3060.113000,-0.005569,0.022501,3060.113000,-0.027600,0.020488
3060.595000,-0.005027,0.022546,3060.595000,-0.026320,0.020591
3061.077000,-0.004557,0.022587,3061.077000,-0.026172,0.020691
3061.559000,-0.003362,0.022623,3061.559000,-0.026290,0.020786
3062.041000,-0.003735,0.022656,3062.041000,-0.025349,0.020878
3062.523000,-0.004927,0.022685,3062.523000,-0.025552,0.020966
3063.005000,-0.005381,0.022710,3063.005000,-0.024596,0.021050
3063.487000,-0.004030,0.022731,3063.487000,-0.022941,0.021131
3063.969000,-0.002787,0.022748,3063.969000,-0.022296,0.021207
3064.451000,-0.002685,0.022761,3064.451000,-0.021553,0.021280
3064.933000,-0.002586,0.022771,3064.933000,-0.020159,0.021349
3065.415000,-0.001125,0.022776,3065.415000,-0.018508,0.021414
3065.897000,-0.000379,0.022777,3065.897000,-0.018577,0.021475
3066.379000,-0.001700,0.022775,3066.379000,-0.018994,0.021533
3066.861000,-0.003010,0.022769,3066.861000,-0.016316,0.021586
3067.343000,-0.002640,0.022758,3067.343000,-0.013496,0.021636
3067.825000,-0.002474,0.022744,3067.825000,-0.011342,0.021682
3068.307000,-0.001382,0.022727,3068.307000,-0.010712,0.021724
3068.789000,-0.001627,0.022705,3068.789000,-0.007436,0.021762
3069.271000,-0.002052,0.022679,3069.271000,-0.005228,0.021797
3069.753000,-0.000053,0.022650,3069.753000,-0.002768,0.021827
3070.235000,0.002568,0.022617,3070.235000,-0.000168,0.021854
3070.717000,0.003970,0.022580,3070.717000,0.003623,0.021877
3071.199000,0.004483,0.022539,3071.199000,0.005643,0.021896
3071.681000,0.005099,0.022494,3071.681000,0.005936,0.021912
3072.163000,0.006203,0.022446,3072.163000,0.008216,0.021923
3072.645000,0.006793,0.022394,3072.645000,0.009345,0.021931
3073.127000,0.006284,0.022338,3073.127000,0.008235,0.021935
3073.609000,0.007331,0.022279,3073.609000,0.007543,0.021935
3074.091000,0.008014,0.022216,3074.091000,0.005991,0.021931
3074.573000,0.009280,0.022149,3074.573000,0.004967,0.021924
3075.055000,0.010597,0.022079,3075.055000,-0.000096,0.021913
3075.537000,0.011604,0.022005,3075.537000,-0.002984,0.021898
3076.019000,0.012521,0.021928,3076.019000,-0.007286,0.021879
3076.501000,0.012991,0.021846,3076.501000,-0.011249,0.021857
3076.983000,0.014104,0.021762,3076.983000,-0.014579,0.021831
3077.465000,0.015817,0.021674,3077.465000,-0.018291,0.021801
3077.947000,0.015521,0.021582,3077.947000,-0.022476,0.021767
3078.429000,0.015060,0.021487,3078.429000,-0.025193,0.021730
3078.911000,0.013786,0.021388,3078.911000,-0.025332,0.021690
3079.393000,0.013272,0.021286,3079.393000,-0.025928,0.021645
3079.875000,0.011736,0.021181,3079.875000,-0.026313,0.021597
3080.357000,0.011822,0.021072,3080.357000,-0.023729,0.021545
3080.839000,0.011624,0.020960,3080.839000,-0.020847,0.021490
3081.321000,0.012146,0.020844,3081.321000,-0.016551,0.021431
3081.803000,0.009787,0.020725,3081.803000,-0.017666,0.021369
3082.285000,0.008453,0.020603,3082.285000,-0.016545,0.021303
3082.767000,0.007518,0.020478,3082.767000,-0.014581,0.021234
3083.249000,0.007747,0.020350,3083.249000,-0.013803,0.021161
3083.731000,0.009103,0.020218,3083.731000,-0.014222,0.021084
3084.213000,0.008771,0.020083,3084.213000,-0.013374,0.021004
3084.695000,0.007411,0.019945,3084.695000,-0.012074,0.020921
3085.177000,0.004633,0.019804,3085.177000,-0.012484,0.020834
3085.659000,0.001292,0.019660,3085.659000,-0.012498,0.020744
3086.141000,0.000034,0.019513,3086.141000,-0.010925,0.020651
3086.623000,-0.003769,0.019363,3086.623000,-0.009126,0.020554
3087.105000,-0.005499,0.019210,3087.105000,-0.007251,0.020454
3087.587000,-0.006534,0.019054,3087.587000,-0.006581,0.020351
3088.069000,-0.006953,0.018895,3088.069000,-0.005748,0.020244
3088.551000,-0.008971,0.018733,3088.551000,-0.006937,0.020134
3089.033000,-0.007270,0.018568,3089.033000,-0.007791,0.020021
3089.515000,-0.006782,0.018401,3089.515000,-0.008411,0.019905
3089.997000,-0.004728,0.018231,3089.997000,-0.009713,0.019785
3090.479000,-0.003134,0.018058,3090.479000,-0.010766,0.019663
3090.961000,-0.002370,0.017882,3090.961000,-0.009966,0.019537
3091.443000,-0.000434,0.017704,3091.443000,-0.011961,0.019408
3091.925000,0.001178,0.017523,3091.925000,-0.013115,0.019276
3092.407000,0.003256,0.017340,3092.407000,-0.012392,0.019141
3092.889000,0.003986,0.017154,3092.889000,-0.010569,0.019004
3093.371000,0.003615,0.016966,3093.371000,-0.008326,0.018863
3093.853000,0.004215,0.016775,3093.853000,-0.005612,0.018719
3094.335000,0.005495,0.016582,3094.335000,-0.003457,0.018573
3094.817000,0.007062,0.016386,3094.817000,-0.000422,0.018423
3095.299000,0.007106,0.016188,3095.299000,0.003846,0.018271
3095.781000,0.007655,0.015988,3095.781000,0.006905,0.018116
3096.263000,0.003917,0.015785,3096.263000,0.008542,0.017958
3096.745000,0.001909,0.015581,3096.745000,0.011134,0.017798
3097.227000,0.001229,0.015374,3097.227000,0.013272,0.017634
3097.709000,0.000519,0.015165,3097.709000,0.014486,0.017469
3098.191000,-0.000934,0.014954,3098.191000,0.015435,0.017300
3098.673000,-0.001273,0.014740,3098.673000,0.015253,0.017129
3099.155000,-0.002953,0.014525,3099.155000,0.016409,0.016955
3099.637000,-0.004842,0.014308,3099.637000,0.015935,0.016779
3100.119000,-0.005092,0.014089,3100.119000,0.015446,0.016601
3100.601000,-0.005720,0.013868,3100.601000,0.013583,0.016420
3101.083000,-0.004160,0.013645,3101.083000,0.009960,0.016236
3101.565000,-0.003675,0.013420,3101.565000,0.007284,0.016050
3102.047000,-0.003159,0.013194,3102.047000,0.005494,0.015862
3102.529000,-0.002710,0.012966,3102.529000,0.002370,0.015672
3103.011000,-0.003797,0.012736,3103.011000,-0.001940,0.015479
3103.493000,0.000704,0.012505,3103.493000,-0.002454,0.015284
3103.975000,0.005812,0.012272,3103.975000,-0.004894,0.015087
3104.457000,0.007267,0.012037,3104.457000,-0.006293,0.014888
3104.939000,0.007932,0.011801,3104.939000,-0.005423,0.014687
3105.421000,0.008685,0.011564,3105.421000,-0.006196,0.014483
3105.903000,0.008927,0.011325,3105.903000,-0.005442,0.014278
3106.385000,0.009437,0.011085,3106.385000,-0.007047,0.014071
3106.867000,0.009142,0.010843,3106.867000,-0.009707,0.013861
3107.349000,0.008941,0.010601,3107.349000,-0.014031,0.013650
3107.831000,0.008742,0.010357,3107.831000,-0.017020,0.013437
3108.313000,0.007921,0.010112,3108.313000,-0.017131,0.013222
3108.795000,0.008748,0.009865,3108.795000,-0.018198,0.013006
3109.277000,0.011194,0.009618,3109.277000,-0.019488,0.012788
3109.759000,0.014243,0.009370,3109.759000,-0.020236,0.012568
3110.241000,0.018117,0.009120,3110.241000,-0.019951,0.012346
3110.723000,0.020516,0.008870,3110.723000,-0.021739,0.012123
3111.205000,0.021114,0.008619,3111.205000,-0.020765,0.011898
3111.687000,0.019923,0.008367,3111.687000,-0.018019,0.011672
3112.169000,0.017907,0.008114,3112.169000,-0.016726,0.011444
3112.651000,0.015785,0.007860,3112.651000,-0.016065,0.011215
3113.133000,0.013641,0.007606,3113.133000,-0.015830,0.010984
3113.615000,0.010353,0.007351,3113.615000,-0.018158,0.010753
3114.097000,0.007356,0.007095,3114.097000,-0.019068,0.010519
3114.579000,0.003203,0.006839,3114.579000,-0.016048,0.010285
3115.061000,-0.000410,0.006582,3115.061000,-0.013288,0.010049
3115.543000,-0.004121,0.006325,3115.543000,-0.011242,0.009812
3116.025000,-0.005648,0.006067,3116.025000,-0.008364,0.009575
3116.507000,-0.008431,0.005809,3116.507000,-0.006628,0.009336
3116.989000,-0.011207,0.005551,3116.989000,-0.004974,0.009096
3117.471000,-0.011844,0.005292,3117.471000,-0.004454,0.008855
3117.953000,-0.012700,0.005033,3117.953000,-0.003119,0.008613
3118.435000,-0.014954,0.004774,3118.435000,-0.000587,0.008370
3118.917000,-0.013591,0.004514,3118.917000,0.000927,0.008126
3119.399000,-0.012699,0.004255,3119.399000,0.000926,0.007882
3119.881000,-0.011356,0.003995,3119.881000,-0.000013,0.007636
3120.363000,-0.010997,0.003736,3120.363000,-0.002970,0.007390
3120.845000,-0.010358,0.003476,3120.845000,-0.005187,0.007144
3121.327000,-0.008830,0.003217,3121.327000,-0.005767,0.006896
3121.809000,-0.008209,0.002957,3121.809000,-0.005690,0.006649
3122.291000,-0.007691,0.002698,3122.291000,-0.004234,0.006400
3122.773000,-0.006688,0.002439,3122.773000,-0.004263,0.006151
3123.255000,-0.007824,0.002180,3123.255000,-0.006196,0.005902
3123.737000,-0.007525,0.001922,3123.737000,-0.006706,0.005652
3124.219000,-0.008214,0.001664,3124.219000,-0.006608,0.005402
3124.701000,-0.010060,0.001406,3124.701000,-0.004465,0.005152
3125.183000,-0.010280,0.001149,3125.183000,-0.004013,0.004901
3125.665000,-0.010080,0.000892,3125.665000,-0.004040,0.004650
3126.147000,-0.011482,0.000636,3126.147000,-0.003766,0.004399
3126.629000,-0.012448,0.000380,3126.629000,-0.003512,0.004148
3127.111000,-0.015235,0.000125,3127.111000,-0.005730,0.003896
3127.593000,-0.017073,-0.000130,3127.593000,-0.007180,0.003645
3128.075000,-0.016722,-0.000384,3128.075000,-0.007635,0.003394
3128.557000,-0.016073,-0.000637,3128.557000,-0.007027,0.003142
3129.039000,-0.015279,-0.000889,3129.039000,-0.008170,0.002891
3129.521000,-0.015601,-0.001141,3129.521000,-0.009797,0.002640
3130.003000,-0.014928,-0.001392,3130.003000,-0.011166,0.002389
3130.485000,-0.014492,-0.001641,3130.485000,-0.010290,0.002138
3130.967000,-0.016559,-0.001890,3130.967000,-0.009911,0.001888
3131.449000,-0.017344,-0.002138,3131.449000,-0.009532,0.001637
3131.931000,-0.017038,-0.002385,3131.931000,-0.010760,0.001388
3132.413000,-0.018340,-0.002631,3132.413000,-0.011092,0.001138
3132.895000,-0.017342,-0.002876,3132.895000,-0.009647,0.000889
3133.377000,-0.015718,-0.003119,3133.377000,-0.009876,0.000640
3133.859000,-0.015763,-0.003362,3133.859000,-0.010190,0.000392
3134.341000,-0.015185,-0.003603,3134.341000,-0.009060,0.000145
3134.823000,-0.012655,-0.003843,3134.823000,-0.008718,-0.000102
3135.305000,-0.010390,-0.004081,3135.305000,-0.007674,-0.000348
3135.787000,-0.007551,-0.004319,3135.787000,-0.007696,-0.000594
3136.269000,-0.006437,-0.004555,3136.269000,-0.006428,-0.000839
3136.751000,-0.005919,-0.004789,3136.751000,-0.005033,-0.001083
3137.233000,-0.008959,-0.005022,3137.233000,-0.003706,-0.001326
3137.715000,-0.013023,-0.005254,3137.715000,-0.003713,-0.001569
3138.197000,-0.016824,-0.005484,3138.197000,-0.002066,-0.001810
3138.679000,-0.021140,-0.005712,3138.679000,-0.001368,-0.002051
3139.161000,-0.023587,-0.005939,3139.161000,-0.001913,-0.002291
3139.643000,-0.025498,-0.006164,3139.643000,-0.002428,-0.002529
3140.125000,-0.027730,-0.006388,3140.125000,-0.004390,-0.002767
3140.607000,-0.029672,-0.006610,3140.607000,-0.005383,-0.003004
3141.089000,-0.030929,-0.006830,3141.089000,-0.007766,-0.003239
3141.571000,-0.031115,-0.007049,3141.571000,-0.012395,-0.003473
3142.053000,-0.032808,-0.007265,3142.053000,-0.016496,-0.003707
3142.535000,-0.032557,-0.007480,3142.535000,-0.020272,-0.003938
3143.017000,-0.032611,-0.007693,3143.017000,-0.024002,-0.004169
3143.499000,-0.031947,-0.007904,3143.499000,-0.028387,-0.004398
3143.981000,-0.031113,-0.008113,3143.981000,-0.031025,-0.004626
3144.463000,-0.028544,-0.008320,3144.463000,-0.031308,-0.004853
3144.945000,-0.025234,-0.008525,3144.945000,-0.030609,-0.005078
3145.427000,-0.022679,-0.008728,3145.427000,-0.030679,-0.005302
3145.909000,-0.021372,-0.008929,3145.909000,-0.028435,-0.005524
3146.391000,-0.019575,-0.009128,3146.391000,-0.026358,-0.005745
3146.873000,-0.018578,-0.009325,3146.873000,-0.024475,-0.005964
3147.355000,-0.017447,-0.009520,3147.355000,-0.020409,-0.006181
3147.837000,-0.017583,-0.009712,3147.837000,-0.018749,-0.006397
3148.319000,-0.018591,-0.009902,3148.319000,-0.018987,-0.006612
3148.801000,-0.021614,-0.010090,3148.801000,-0.018328,-0.006824
3149.283000,-0.023157,-0.010276,3149.283000,-0.017654,-0.007035
3149.765000,-0.023352,-0.010460,3149.765000,-0.019050,-0.007244
3150.247000,-0.024615,-0.010641,3150.247000,-0.020397,-0.007451
3150.729000,-0.025451,-0.010820,3150.729000,-0.020627,-0.007657
3151.211000,-0.025259,-0.010997,3151.211000,-0.020154,-0.007861
3151.693000,-0.024259,-0.011171,3151.693000,-0.019823,-0.008062
3152.175000,-0.024252,-0.011342,3152.175000,-0.015657,-0.008262
3152.657000,-0.023952,-0.011512,3152.657000,-0.011942,-0.008460
3153.139000,-0.022194,-0.011679,3153.139000,-0.010038,-0.008656
3153.621000,-0.022517,-0.011843,3153.621000,-0.007302,-0.008850
3154.103000,-0.021988,-0.012005,3154.103000,-0.003249,-0.009042
3154.585000,-0.021230,-0.012164,3154.585000,-0.002306,-0.009232
3155.067000,-0.020200,-0.012321,3155.067000,-0.001572,-0.009420
3155.549000,-0.020645,-0.012475,3155.549000,-0.002133,-0.009605
3156.031000,-0.021123,-0.012627,3156.031000,-0.003686,-0.009789
3156.513000,-0.021677,-0.012776,3156.513000,-0.006467,-0.009970
3156.995000,-0.023265,-0.012923,3156.995000,-0.009616,-0.010149
3157.477000,-0.024582,-0.013067,3157.477000,-0.012355,-0.010326
3157.959000,-0.024990,-0.013208,3157.959000,-0.013156,-0.010501
3158.441000,-0.025007,-0.013346,3158.441000,-0.014907,-0.010674
3158.923000,-0.025159,-0.013482,3158.923000,-0.016512,-0.010844
3159.405000,-0.027069,-0.013615,3159.405000,-0.018089,-0.011012
3159.887000,-0.028451,-0.013746,3159.887000,-0.020670,-0.011177
3160.369000,-0.029162,-0.013874,3160.369000,-0.022967,-0.011340
3160.851000,-0.029666,-0.013998,3160.851000,-0.022402,-0.011501
3161.333000,-0.029939,-0.014121,3161.333000,-0.022349,-0.011659
3161.815000,-0.028547,-0.014240,3161.815000,-0.021340,-0.011815
3162.297000,-0.028052,-0.014357,3162.297000,-0.020969,-0.011969
3162.779000,-0.027048,-0.014470,3162.779000,-0.017694,-0.012120
3163.261000,-0.024075,-0.014581,3163.261000,-0.013348,-0.012269
3163.743000,-0.021547,-0.014690,3163.743000,-0.009225,-0.012415
3164.225000,-0.021647,-0.014795,3164.225000,-0.005169,-0.012558
3164.707000,-0.020723,-0.014897,3164.707000,-0.001881,-0.012699
3165.189000,-0.020207,-0.014997,3165.189000,-0.001504,-0.012838
3165.671000,-0.020457,-0.015094,3165.671000,0.000030,-0.012974
3166.153000,-0.021781,-0.015188,3166.153000,0.002254,-0.013107
3166.635000,-0.020669,-0.015279,3166.635000,-0.001657,-0.013238
3167.117000,-0.021141,-0.015367,3167.117000,-0.005218,-0.013366
3167.599000,-0.021663,-0.015452,3167.599000,-0.006958,-0.013492
3168.081000,-0.022070,-0.015534,3168.081000,-0.009825,-0.013614
3168.563000,-0.020606,-0.015614,3168.563000,-0.012963,-0.013735
3169.045000,-0.022327,-0.015690,3169.045000,-0.016796,-0.013852
3169.527000,-0.023673,-0.015764,3169.527000,-0.019882,-0.013967
3170.009000,-0.026405,-0.015835,3170.009000,-0.022364,-0.014079
3170.491000,-0.030953,-0.015902,3170.491000,-0.025267,-0.014188
3170.973000,-0.035770,-0.015967,3170.973000,-0.028631,-0.014295
3171.455000,-0.038201,-0.016029,3171.455000,-0.029550,-0.014399
3171.937000,-0.040012,-0.016088,3171.937000,-0.029896,-0.014500
3172.419000,-0.041088,-0.016144,3172.419000,-0.030052,-0.014599
3172.901000,-0.044390,-0.016197,3172.901000,-0.032704,-0.014695
3173.383000,-0.046100,-0.016247,3173.383000,-0.033361,-0.014787
3173.865000,-0.047642,-0.016295,3173.865000,-0.031379,-0.014878
3174.347000,-0.048619,-0.016339,3174.347000,-0.027870,-0.014965
3174.829000,-0.048541,-0.016380,3174.829000,-0.024193,-0.015050
3175.311000,-0.047030,-0.016419,3175.311000,-0.022237,-0.015131
3175.793000,-0.047634,-0.016454,3175.793000,-0.021781,-0.015210
3176.275000,-0.048615,-0.016487,3176.275000,-0.020633,-0.015287
3176.757000,-0.049095,-0.016516,3176.757000,-0.020024,-0.015360
3177.239000,-0.047236,-0.016543,3177.239000,-0.020521,-0.015431
3177.721000,-0.045219,-0.016567,3177.721000,-0.021379,-0.015498
3178.203000,-0.043648,-0.016588,3178.203000,-0.020959,-0.015563
3178.685000,-0.040017,-0.016606,3178.685000,-0.024047,-0.015625
3179.167000,-0.038600,-0.016621,3179.167000,-0.026713,-0.015685
3179.649000,-0.039452,-0.016633,3179.649000,-0.028119,-0.015741
3180.131000,-0.037687,-0.016642,3180.131000,-0.026422,-0.015795
3180.613000,-0.034182,-0.016649,3180.613000,-0.025746,-0.015845
3181.095000,-0.033507,-0.016652,3181.095000,-0.023723,-0.015893
3181.577000,-0.032499,-0.016653,3181.577000,-0.024022,-0.015938
3182.059000,-0.030662,-0.016651,3182.059000,-0.022811,-0.015981
3182.541000,-0.027872,-0.016646,3182.541000,-0.024725,-0.016020
3183.023000,-0.027498,-0.016638,3183.023000,-0.025874,-0.016057
3183.505000,-0.026776,-0.016628,3183.505000,-0.029142,-0.016091
3183.987000,-0.026080,-0.016614,3183.987000,-0.030801,-0.016122
3184.469000,-0.025888,-0.016598,3184.469000,-0.032077,-0.016150
3184.951000,-0.026632,-0.016579,3184.951000,-0.033994,-0.016175
3185.433000,-0.026894,-0.016557,3185.433000,-0.037324,-0.016198
3185.915000,-0.029326,-0.016533,3185.915000,-0.037450,-0.016217
3186.397000,-0.032097,-0.016505,3186.397000,-0.038414,-0.016234
3186.879000,-0.033117,-0.016475,3186.879000,-0.036981,-0.016249
3187.361000,-0.033268,-0.016443,3187.361000,-0.036084,-0.016260
3187.843000,-0.036050,-0.016407,3187.843000,-0.033104,-0.016269
3188.325000,-0.037303,-0.016369,3188.325000,-0.031607,-0.016274
3188.807000,-0.035912,-0.016328,3188.807000,-0.028552,-0.016277
3189.289000,-0.035184,-0.016285,3189.289000,-0.027881,-0.016278
3189.771000,-0.035903,-0.016239,3189.771000,-0.024898,-0.016275
3190.253000,-0.035731,-0.016190,3190.253000,-0.024238,-0.016270
3190.735000,-0.033693,-0.016139,3190.735000,-0.023641,-0.016262
3191.217000,-0.030605,-0.016085,3191.217000,-0.024303,-0.016252
3191.699000,-0.028912,-0.016029,3191.699000,-0.026131,-0.016239
3192.181000,-0.027718,-0.015970,3192.181000,-0.029045,-0.016223
3192.663000,-0.025393,-0.015908,3192.663000,-0.030949,-0.016204
3193.145000,-0.023576,-0.015844,3193.145000,-0.033274,-0.016183
3193.627000,-0.020581,-0.015778,3193.627000,-0.033559,-0.016159
3194.109000,-0.018096,-0.015709,3194.109000,-0.035284,-0.016132
3194.591000,-0.014468,-0.015637,3194.591000,-0.035212,-0.016103
3195.073000,-0.011507,-0.015564,3195.073000,-0.034147,-0.016071
3195.555000,-0.011556,-0.015487,3195.555000,-0.034789,-0.016037
3196.037000,-0.013565,-0.015409,3196.037000,-0.034609,-0.016000
3196.519000,-0.015327,-0.015328,3196.519000,-0.035059,-0.015960
3197.001000,-0.018636,-0.015244,3197.001000,-0.035320,-0.015918
3197.483000,-0.021641,-0.015159,3197.483000,-0.037018,-0.015873
3197.965000,-0.022953,-0.015071,3197.965000,-0.038999,-0.015826
3198.447000,-0.025401,-0.014981,3198.447000,-0.039243,-0.015776
3198.929000,-0.028644,-0.014888,3198.929000,-0.039948,-0.015724
3199.411000,-0.030496,-0.014794,3199.411000,-0.040850,-0.015670
3199.893000,-0.032949,-0.014697,3199.893000,-0.041178,-0.015612
3200.375000,-0.033021,-0.014598,3200.375000,-0.040711,-0.015553
3200.857000,-0.033889,-0.014497,3200.857000,-0.038794,-0.015491
3201.339000,-0.033019,-0.014394,3201.339000,-0.036057,-0.015427
3201.821000,-0.033903,-0.014289,3201.821000,-0.034059,-0.015360
3202.303000,-0.035577,-0.014181,3202.303000,-0.033735,-0.015291
3202.785000,-0.037094,-0.014072,3202.785000,-0.034010,-0.015220
3203.267000,-0.037695,-0.013960,3203.267000,-0.037148,-0.015146
3203.749000,-0.038695,-0.013847,3203.749000,-0.035898,-0.015071
3204.231000,-0.039239,-0.013732,3204.231000,-0.035456,-0.014992
3204.713000,-0.038156,-0.013615,3204.713000,-0.036201,-0.014912
3205.195000,-0.039274,-0.013495,3205.195000,-0.035856,-0.014829
3205.677000,-0.040053,-0.013374,3205.677000,-0.036445,-0.014745
3206.159000,-0.040005,-0.013252,3206.159000,-0.038144,-0.014658
3206.641000,-0.039095,-0.013127,3206.641000,-0.039903,-0.014569
3207.123000,-0.037141,-0.013001,3207.123000,-0.042442,-0.014477
3207.605000,-0.037483,-0.012873,3207.605000,-0.044128,-0.014384
3208.087000,-0.036243,-0.012743,3208.087000,-0.045881,-0.014289
3208.569000,-0.035115,-0.012611,3208.569000,-0.047506,-0.014191
3209.051000,-0.033508,-0.012478,3209.051000,-0.048263,-0.014092
3209.533000,-0.033263,-0.012343,3209.533000,-0.052028,-0.013991
3210.015000,-0.033282,-0.012207,3210.015000,-0.054229,-0.013887
3210.497000,-0.032874,-0.012069,3210.497000,-0.051835,-0.013782
3210.979000,-0.033787,-0.011929,3210.979000,-0.049377,-0.013675
3211.461000,-0.032141,-0.011788,3211.461000,-0.049575,-0.013565
3211.943000,-0.032206,-0.011646,3211.943000,-0.048060,-0.013454
3212.425000,-0.029910,-0.011502,3212.425000,-0.046360,-0.013342
3212.907000,-0.028330,-0.011357,3212.907000,-0.045168,-0.013227
3213.389000,-0.028354,-0.011210,3213.389000,-0.045136,-0.013111
3213.871000,-0.029057,-0.011062,3213.871000,-0.044041,-0.012992
3214.353000,-0.030923,-0.010913,3214.353000,-0.041978,-0.012873
3214.835000,-0.034373,-0.010762,3214.835000,-0.041338,-0.012751
3215.317000,-0.037879,-0.010610,3215.317000,-0.040216,-0.012628
3215.799000,-0.039705,-0.010457,3215.799000,-0.040042,-0.012503
3216.281000,-0.043705,-0.010303,3216.281000,-0.040665,-0.012376
3216.763000,-0.048139,-0.010148,3216.763000,-0.040316,-0.012248
3217.245000,-0.048533,-0.009991,3217.245000,-0.040840,-0.012119
3217.727000,-0.049435,-0.009834,3217.727000,-0.041761,-0.011988
3218.209000,-0.047079,-0.009675,3218.209000,-0.042175,-0.011855
3218.691000,-0.043292,-0.009516,3218.691000,-0.042024,-0.011721
3219.173000,-0.037837,-0.009355,3219.173000,-0.040611,-0.011586
3219.655000,-0.034003,-0.009193,3219.655000,-0.038526,-0.011449
3220.137000,-0.032263,-0.009031,3220.137000,-0.038084,-0.011310
3220.619000,-0.028378,-0.008868,3220.619000,-0.037324,-0.011171
3221.101000,-0.026868,-0.008704,3221.101000,-0.038119,-0.011030
3221.583000,-0.025067,-0.008539,3221.583000,-0.040924,-0.010888
3222.065000,-0.023296,-0.008373,3222.065000,-0.043631,-0.010744
3222.547000,-0.021214,-0.008207,3222.547000,-0.047017,-0.010600
3223.029000,-0.021219,-0.008039,3223.029000,-0.047903,-0.010454
3223.511000,-0.021639,-0.007872,3223.511000,-0.050299,-0.010307
3223.993000,-0.020291,-0.007703,3223.993000,-0.052749,-0.010159
3224.475000,-0.021414,-0.007534,3224.475000,-0.052779,-0.010010
3224.957000,-0.021441,-0.007365,3224.957000,-0.050773,-0.009860
3225.439000,-0.022383,-0.007194,3225.439000,-0.049158,-0.009709
3225.921000,-0.024874,-0.007024,3225.921000,-0.045419,-0.009557
3226.403000,-0.028535,-0.006853,3226.403000,-0.043836,-0.009403
3226.885000,-0.031564,-0.006681,3226.885000,-0.042605,-0.009249
3227.367000,-0.031666,-0.006509,3227.367000,-0.041022,-0.009094
3227.849000,-0.033443,-0.006337,3227.849000,-0.040751,-0.008939
3228.331000,-0.032663,-0.006164,3228.331000,-0.042184,-0.008782
3228.813000,-0.030598,-0.005991,3228.813000,-0.042534,-0.008625
3229.295000,-0.031673,-0.005818,3229.295000,-0.043281,-0.008467
3229.777000,-0.029845,-0.005645,3229.777000,-0.041521,-0.008308
3230.259000,-0.028777,-0.005471,3230.259000,-0.043554,-0.008148
3230.741000,-0.026284,-0.005297,3230.741000,-0.044063,-0.007988
3231.223000,-0.024319,-0.005123,3231.223000,-0.044132,-0.007827
3231.705000,-0.023052,-0.004949,3231.705000,-0.044453,-0.007666
3232.187000,-0.022111,-0.004775,3232.187000,-0.045389,-0.007504
3232.669000,-0.023424,-0.004601,3232.669000,-0.047450,-0.007341
3233.151000,-0.024609,-0.004427,3233.151000,-0.048563,-0.007178
3233.633000,-0.023281,-0.004253,3233.633000,-0.048478,-0.007015
3234.115000,-0.022797,-0.004079,3234.115000,-0.048610,-0.006851
3234.597000,-0.023725,-0.003905,3234.597000,-0.049172,-0.006687
3235.079000,-0.024312,-0.003731,3235.079000,-0.049840,-0.006522
3235.561000,-0.026400,-0.003558,3235.561000,-0.048786,-0.006357
3236.043000,-0.029642,-0.003384,3236.043000,-0.048523,-0.006192
3236.525000,-0.028140,-0.003211,3236.525000,-0.047892,-0.006026
3237.007000,-0.027558,-0.003038,3237.007000,-0.047574,-0.005860
3237.489000,-0.026123,-0.002866,3237.489000,-0.047458,-0.005694
3237.971000,-0.025525,-0.002694,3237.971000,-0.048809,-0.005528
3238.453000,-0.024619,-0.002522,3238.453000,-0.050450,-0.005362
3238.935000,-0.026122,-0.002350,3238.935000,-0.050777,-0.005195
3239.417000,-0.029673,-0.002179,3239.417000,-0.051725,-0.005029
3239.899000,-0.029332,-0.002008,3239.899000,-0.048853,-0.004862
3240.381000,-0.028311,-0.001838,3240.381000,-0.046748,-0.004696
3240.863000,-0.028668,-0.001669,3240.863000,-0.044314,-0.004529
3241.345000,-0.029927,-0.001500,3241.345000,-0.040556,-0.004363
3241.827000,-0.031439,-0.001331,3241.827000,-0.036158,-0.004196
3242.309000,-0.031893,-0.001163,3242.309000,-0.031687,-0.004030
3242.791000,-0.031862,-0.000996,3242.791000,-0.027680,-0.003864
3243.273000,-0.030665,-0.000829,3243.273000,-0.024421,-0.003698
3243.755000,-0.027675,-0.000663,3243.755000,-0.020524,-0.003533
3244.237000,-0.025358,-0.000498,3244.237000,-0.019434,-0.003367
3244.719000,-0.024228,-0.000334,3244.719000,-0.019735,-0.003202
3245.201000,-0.026040,-0.000170,3245.201000,-0.019981,-0.003037
3245.683000,-0.031533,-0.000007,3245.683000,-0.017993,-0.002872
3246.165000,-0.034576,0.000155,3246.165000,-0.019325,-0.002708
3246.647000,-0.037612,0.000316,3246.647000,-0.019750,-0.002544
3247.129000,-0.040919,0.000476,3247.129000,-0.022330,-0.002381
3247.611000,-0.043744,0.000636,3247.611000,-0.024673,-0.002218
3248.093000,-0.047658,0.000794,3248.093000,-0.025973,-0.002056
3248.575000,-0.051051,0.000952,3248.575000,-0.028252,-0.001894
3249.057000,-0.053119,0.001108,3249.057000,-0.031440,-0.001732
3249.539000,-0.054174,0.001263,3249.539000,-0.032509,-0.001571
3250.021000,-0.052462,0.001418,3250.021000,-0.033598,-0.001411
3250.503000,-0.050982,0.001571,3250.503000,-0.035133,-0.001252
3250.985000,-0.048399,0.001723,3250.985000,-0.035956,-0.001093
3251.467000,-0.045854,0.001875,3251.467000,-0.036973,-0.000934
3251.949000,-0.046183,0.002024,3251.949000,-0.034771,-0.000777
3252.431000,-0.044270,0.002173,3252.431000,-0.034158,-0.000620
3252.913000,-0.042593,0.002321,3252.913000,-0.033671,-0.000464
3253.395000,-0.039619,0.002467,3253.395000,-0.032538,-0.000309
3253.877000,-0.035287,0.002612,3253.877000,-0.034157,-0.000154
3254.359000,-0.030111,0.002756,3254.359000,-0.036377,-0.000000
3254.841000,-0.026428,0.002899,3254.841000,-0.038895,0.000152
3255.323000,-0.022360,0.003040,3255.323000,-0.041111,0.000304
3255.805000,-0.020598,0.003180,3255.805000,-0.044826,0.000455
3256.287000,-0.017947,0.003319,3256.287000,-0.045663,0.000605
3256.769000,-0.019239,0.003456,3256.769000,-0.048507,0.000754
3257.251000,-0.021910,0.003592,3257.251000,-0.051472,0.000902
3257.733000,-0.023062,0.003726,3257.733000,-0.052837,0.001049
3258.215000,-0.023575,0.003859,3258.215000,-0.053747,0.001195
3258.697000,-0.026041,0.003991,3258.697000,-0.053080,0.001340
3259.179000,-0.028622,0.004121,3259.179000,-0.054132,0.001484
3259.661000,-0.029940,0.004250,3259.661000,-0.050254,0.001627
3260.143000,-0.029664,0.004377,3260.143000,-0.046109,0.001768
3260.625000,-0.029190,0.004502,3260.625000,-0.044009,0.001909
3261.107000,-0.028496,0.004626,3261.107000,-0.042344,0.002048
3261.589000,-0.026876,0.004749,3261.589000,-0.042271,0.002186
3262.071000,-0.024877,0.004870,3262.071000,-0.040428,0.002323
3262.553000,-0.024996,0.004989,3262.553000,-0.040914,0.002459
3263.035000,-0.023482,0.005107,3263.035000,-0.038548,0.002593
3263.517000,-0.022939,0.005223,3263.517000,-0.040024,0.002726
3263.999000,-0.022649,0.005337,3263.999000,-0.041756,0.002858
3264.481000,-0.021610,0.005450,3264.481000,-0.042949,0.002988
3264.963000,-0.019681,0.005561,3264.963000,-0.044956,0.003117
3265.445000,-0.019364,0.005670,3265.445000,-0.044191,0.003245
3265.927000,-0.020005,0.005778,3265.927000,-0.041548,0.003371
3266.409000,-0.018955,0.005884,3266.409000,-0.036188,0.003496
3266.891000,-0.018719,0.005988,3266.891000,-0.032929,0.003620
3267.373000,-0.018576,0.006091,3267.373000,-0.030703,0.003742
3267.855000,-0.017612,0.006192,3267.855000,-0.029933,0.003862
3268.337000,-0.017137,0.006291,3268.337000,-0.031274,0.003981
3268.819000,-0.017451,0.006388,3268.819000,-0.030430,0.004099
3269.301000,-0.018602,0.006484,3269.301000,-0.028561,0.004215
3269.783000,-0.018635,0.006577,3269.783000,-0.028282,0.004330
3270.265000,-0.018797,0.006669,3270.265000,-0.028755,0.004443
3270.747000,-0.019679,0.006759,3270.747000,-0.029685,0.004555
3271.229000,-0.019510,0.006848,3271.229000,-0.030862,0.004665
3271.711000,-0.021705,0.006934,3271.711000,-0.033850,0.004773
3272.193000,-0.022322,0.007019,3272.193000,-0.036424,0.004880
3272.675000,-0.025012,0.007102,3272.675000,-0.038672,0.004985
3273.157000,-0.027794,0.007183,3273.157000,-0.040299,0.005089
3273.639000,-0.029628,0.007262,3273.639000,-0.043769,0.005191
3274.121000,-0.029713,0.007339,3274.121000,-0.045382,0.005291
3274.603000,-0.028884,0.007414,3274.603000,-0.046644,0.005390
3275.085000,-0.029574,0.007488,3275.085000,-0.049040,0.005487
3275.567000,-0.029447,0.007559,3275.567000,-0.049050,0.005582
3276.049000,-0.028846,0.007629,3276.049000,-0.047146,0.005676
3276.531000,-0.027021,0.007697,3276.531000,-0.044939,0.005768
3277.013000,-0.025991,0.007763,3277.013000,-0.040632,0.005858
3277.495000,-0.024705,0.007827,3277.495000,-0.038606,0.005947
3277.977000,-0.023744,0.007889,3277.977000,-0.037468,0.006033
3278.459000,-0.024771,0.007949,3278.459000,-0.037316,0.006118
3278.941000,-0.025357,0.008007,3278.941000,-0.036142,0.006202
3279.423000,-0.028334,0.008063,3279.423000,-0.034278,0.006283
3279.905000,-0.030420,0.008118,3279.905000,-0.031974,0.006363
3280.387000,-0.030211,0.008170,3280.387000,-0.031658,0.006441
3280.869000,-0.027935,0.008221,3280.869000,-0.030530,0.006517
3281.351000,-0.026142,0.008270,3281.351000,-0.028258,0.006592
3281.833000,-0.023615,0.008317,3281.833000,-0.028135,0.006665
3282.315000,-0.020867,0.008361,3282.315000,-0.028506,0.006736
3282.797000,-0.017306,0.008404,3282.797000,-0.030465,0.006805
3283.279000,-0.013946,0.008445,3283.279000,-0.030430,0.006872
3283.761000,-0.012397,0.008485,3283.761000,-0.033600,0.006938
3284.243000,-0.010956,0.008522,3284.243000,-0.037171,0.007001
3284.725000,-0.008243,0.008557,3284.725000,-0.039623,0.007063
3285.207000,-0.005656,0.008591,3285.207000,-0.041591,0.007123
3285.689000,-0.004367,0.008622,3285.689000,-0.043771,0.007182
3286.171000,-0.003110,0.008652,3286.171000,-0.047283,0.007238
3286.653000,-0.000506,0.008679,3286.653000,-0.050700,0.007293
3287.135000,0.004040,0.008705,3287.135000,-0.052844,0.007346
3287.617000,0.006909,0.008729,3287.617000,-0.053219,0.007396
3288.099000,0.007603,0.008751,3288.099000,-0.052127,0.007446
3288.581000,0.007254,0.008771,3288.581000,-0.052205,0.007493
3289.063000,0.006222,0.008790,3289.063000,-0.054615,0.007538
3289.545000,0.006380,0.008806,3289.545000,-0.053810,0.007582
3290.027000,0.005019,0.008821,3290.027000,-0.050731,0.007624
3290.509000,0.001714,0.008834,3290.509000,-0.051079,0.007664
3290.991000,-0.000942,0.008845,3290.991000,-0.050303,0.007702
3291.473000,-0.002414,0.008854,3291.473000,-0.047886,0.007739
3291.955000,-0.003114,0.008861,3291.955000,-0.047511,0.007773
3292.437000,-0.004876,0.008866,3292.437000,-0.047705,0.007806
3292.919000,-0.006071,0.008870,3292.919000,-0.047403,0.007837
3293.401000,-0.006792,0.008872,3293.401000,-0.047981,0.007866
3293.883000,-0.008124,0.008872,3293.883000,-0.045317,0.007893
3294.365000,-0.011020,0.008870,3294.365000,-0.043299,0.007919
3294.847000,-0.015132,0.008867,3294.847000,-0.041671,0.007943
3295.329000,-0.018622,0.008862,3295.329000,-0.040205,0.007965
3295.811000,-0.020436,0.008855,3295.811000,-0.039279,0.007985
3296.293000,-0.021363,0.008846,3296.293000,-0.035134,0.008003
3296.775000,-0.024235,0.008835,3296.775000,-0.032936,0.008020
3297.257000,-0.027460,0.008823,3297.257000,-0.032937,0.008035
3297.739000,-0.028414,0.008809,3297.739000,-0.034058,0.008048
3298.221000,-0.028107,0.008794,3298.221000,-0.034165,0.008059
3298.703000,-0.025077,0.008777,3298.703000,-0.036413,0.008069
3299.185000,-0.022583,0.008758,3299.185000,-0.037348,0.008076
3299.667000,-0.019327,0.008737,3299.667000,-0.036473,0.008083
3300.149000,-0.016990,0.008715,3300.149000,-0.035675,0.008087
3300.631000,-0.011768,0.008691,3300.631000,-0.032709,0.008090
3301.113000,-0.008269,0.008666,3301.113000,-0.031500,0.008091
3301.595000,-0.004977,0.008639,3301.595000,-0.028731,0.008090
3302.077000,-0.001640,0.008610,3302.077000,-0.025845,0.008088
3302.559000,0.001025,0.008580,3302.559000,-0.022837,0.008084
3303.041000,0.000960,0.008548,3303.041000,-0.020893,0.008078
3303.523000,0.000156,0.008515,3303.523000,-0.019694,0.008071
3304.005000,-0.002187,0.008480,3304.005000,-0.018600,0.008062
3304.487000,-0.003601,0.008444,3304.487000,-0.020590,0.008051
3304.969000,-0.007372,0.008407,3304.969000,-0.018755,0.008039
3305.451000,-0.009116,0.008367,3305.451000,-0.019969,0.008025
3305.933000,-0.011012,0.008327,3305.933000,-0.019906,0.008009
3306.415000,-0.013803,0.008285,3306.415000,-0.021035,0.007992
3306.897000,-0.019452,0.008241,3306.897000,-0.023089,0.007974
3307.379000,-0.021678,0.008197,3307.379000,-0.024641,0.007954
3307.861000,-0.025115,0.008150,3307.861000,-0.027579,0.007932
3308.343000,-0.025928,0.008103,3308.343000,-0.029911,0.007909
3308.825000,-0.026389,0.008054,3308.825000,-0.033108,0.007884
3309.307000,-0.027395,0.008004,3309.307000,-0.034417,0.007858
3309.789000,-0.027879,0.007952,3309.789000,-0.038781,0.007830
3310.271000,-0.026834,0.007899,3310.271000,-0.040663,0.007801
3310.753000,-0.027590,0.007845,3310.753000,-0.040532,0.007770
3311.235000,-0.026724,0.007790,3311.235000,-0.040327,0.007738
3311.717000,-0.023758,0.007733,3311.717000,-0.037079,0.007705
3312.199000,-0.018012,0.007676,3312.199000,-0.036541,0.007670
3312.681000,-0.013657,0.007617,3312.681000,-0.033864,0.007634
3313.163000,-0.012834,0.007557,3313.163000,-0.032130,0.007596
3313.645000,-0.012188,0.007495,3313.645000,-0.030140,0.007557
3314.127000,-0.008759,0.007433,3314.127000,-0.028319,0.007517
3314.609000,-0.003888,0.007369,3314.609000,-0.027343,0.007475
3315.091000,0.000445,0.007305,3315.091000,-0.026537,0.007432
3315.573000,0.001755,0.007239,3315.573000,-0.024993,0.007388
3316.055000,0.001751,0.007173,3316.055000,-0.024490,0.007342
3316.537000,0.002385,0.007105,3316.537000,-0.025692,0.007296
3317.019000,0.002638,0.007036,3317.019000,-0.025497,0.007248
3317.501000,-0.000314,0.006967,3317.501000,-0.023518,0.007199
3317.983000,-0.001316,0.006896,3317.983000,-0.022367,0.007148
3318.465000,-0.001447,0.006825,3318.465000,-0.022224,0.007097
3318.947000,-0.004251,0.006752,3318.947000,-0.021618,0.007044
3319.429000,-0.008771,0.006679,3319.429000,-0.019373,0.006990
3319.911000,-0.012264,0.006605,3319.911000,-0.019926,0.006935
3320.393000,-0.016841,0.006530,3320.393000,-0.019469,0.006879
3320.875000,-0.018883,0.006454,3320.875000,-0.019031,0.006822
3321.357000,-0.019486,0.006377,3321.357000,-0.014861,0.006764
3321.839000,-0.020922,0.006300,3321.839000,-0.011698,0.006704
3322.321000,-0.021127,0.006222,3322.321000,-0.010302,0.006644
3322.803000,-0.019520,0.006143,3322.803000,-0.008731,0.006583
3323.285000,-0.019961,0.006063,3323.285000,-0.006238,0.006521
3323.767000,-0.017546,0.005983,3323.767000,-0.006401,0.006458
3324.249000,-0.017498,0.005902,3324.249000,-0.005087,0.006393
3324.731000,-0.014366,0.005820,3324.731000,-0.003390,0.006328
3325.213000,-0.012399,0.005738,3325.213000,-0.003253,0.006262
3325.695000,-0.013062,0.005655,3325.695000,-0.003522,0.006196
3326.177000,-0.013832,0.005572,3326.177000,-0.005214,0.006128
3326.659000,-0.013055,0.005488,3326.659000,-0.009109,0.006059
3327.141000,-0.014976,0.005404,3327.141000,-0.010611,0.005990
3327.623000,-0.014922,0.005319,3327.623000,-0.012881,0.005920
3328.105000,-0.013975,0.005233,3328.105000,-0.013389,0.005849
3328.587000,-0.013611,0.005148,3328.587000,-0.016537,0.005778
3329.069000,-0.011566,0.005061,3329.069000,-0.019855,0.005705
3329.551000,-0.009929,0.004975,3329.551000,-0.021579,0.005632
3330.033000,-0.007897,0.004887,3330.033000,-0.024317,0.005559
3330.515000,-0.003600,0.004800,3330.515000,-0.027711,0.005484
3330.997000,-0.000641,0.004712,3330.997000,-0.029181,0.005409
3331.479000,0.002924,0.004624,3331.479000,-0.028874,0.005334
3331.961000,0.004812,0.004536,3331.961000,-0.030333,0.005257
3332.443000,0.005775,0.004447,3332.443000,-0.031589,0.005181
3332.925000,0.004202,0.004358,3332.925000,-0.033539,0.005103
3333.407000,0.004222,0.004269,3333.407000,-0.033097,0.005025
3333.889000,0.004777,0.004180,3333.889000,-0.031040,0.004947
3334.371000,0.006141,0.004090,3334.371000,-0.030271,0.004868
3334.853000,0.008653,0.004001,3334.853000,-0.026153,0.004789
3335.335000,0.011386,0.003911,3335.335000,-0.021824,0.004709
3335.817000,0.012250,0.003821,3335.817000,-0.018861,0.004629
3336.299000,0.013253,0.003731,3336.299000,-0.018781,0.004549
3336.781000,0.012456,0.003641,3336.781000,-0.016652,0.004468
3337.263000,0.009834,0.003551,3337.263000,-0.014267,0.004386
3337.745000,0.007867,0.003461,3337.745000,-0.013045,0.004305
3338.227000,0.004034,0.003370,3338.227000,-0.014452,0.004223
3338.709000,0.002439,0.003280,3338.709000,-0.016419,0.004141
3339.191000,0.000138,0.003190,3339.191000,-0.018740,0.004058
3339.673000,-0.005842,0.003100,3339.673000,-0.019257,0.003976
3340.155000,-0.008773,0.003010,3340.155000,-0.016889,0.003893
3340.637000,-0.009466,0.002920,3340.637000,-0.015454,0.003810
3341.119000,-0.010540,0.002831,3341.119000,-0.014227,0.003726
3341.601000,-0.010855,0.002741,3341.601000,-0.009220,0.003643
3342.083000,-0.008631,0.002652,3342.083000,-0.005692,0.003559
3342.565000,-0.011424,0.002563,3342.565000,-0.003160,0.003476
3343.047000,-0.012408,0.002474,3343.047000,-0.000619,0.003392
3343.529000,-0.012878,0.002385,3343.529000,0.003922,0.003308
3344.011000,-0.013693,0.002297,3344.011000,0.007004,0.003224
3344.493000,-0.015482,0.002208,3344.493000,0.008072,0.003140
3344.975000,-0.016324,0.002120,3344.975000,0.006948,0.003056
3345.457000,-0.016752,0.002033,3345.457000,0.006725,0.002973
3345.939000,-0.018320,0.001946,3345.939000,0.006119,0.002889
3346.421000,-0.020003,0.001859,3346.421000,0.007373,0.002805
3346.903000,-0.022949,0.001772,3346.903000,0.007097,0.002721
3347.385000,-0.024923,0.001686,3347.385000,0.004561,0.002638
3347.867000,-0.026219,0.001600,3347.867000,0.003539,0.002554
3348.349000,-0.026903,0.001515,3348.349000,0.003157,0.002471
3348.831000,-0.027323,0.001430,3348.831000,0.003153,0.002388
3349.313000,-0.026394,0.001346,3349.313000,0.001518,0.002305
3349.795000,-0.023281,0.001262,3349.795000,0.000492,0.002222
3350.277000,-0.020489,0.001178,3350.277000,-0.001158,0.002140
3350.759000,-0.022171,0.001096,3350.759000,-0.002034,0.002057
3351.241000,-0.022965,0.001013,3351.241000,-0.003330,0.001975
3351.723000,-0.022027,0.000931,3351.723000,-0.004691,0.001893
3352.205000,-0.023353,0.000850,3352.205000,-0.006072,0.001812
3352.687000,-0.024245,0.000770,3352.687000,-0.007494,0.001731
3353.169000,-0.022510,0.000690,3353.169000,-0.008652,0.001650
3353.651000,-0.021058,0.000610,3353.651000,-0.011597,0.001569
3354.133000,-0.018849,0.000531,3354.133000,-0.014362,0.001489
3354.615000,-0.015055,0.000453,3354.615000,-0.016133,0.001410
3355.097000,-0.012641,0.000376,3355.097000,-0.017920,0.001330
3355.579000,-0.009175,0.000299,3355.579000,-0.019560,0.001252
3356.061000,-0.005329,0.000223,3356.061000,-0.024506,0.001173
3356.543000,-0.004665,0.000148,3356.543000,-0.027138,0.001095
3357.025000,-0.003214,0.000073,3357.025000,-0.029337,0.001018
3357.507000,-0.002493,-0.000001,3357.507000,-0.032528,0.000941
3357.989000,0.000781,-0.000074,3357.989000,-0.033515,0.000864
3358.471000,0.001814,-0.000147,3358.471000,-0.032235,0.000788
3358.953000,0.001956,-0.000218,3358.953000,-0.032198,0.000713
3359.435000,0.002589,-0.000289,3359.435000,-0.030752,0.000638
3359.917000,0.003869,-0.000359,3359.917000,-0.027879,0.000564
3360.399000,0.006202,-0.000428,3360.399000,-0.026335,0.000490
3360.881000,0.005139,-0.000496,3360.881000,-0.023222,0.000417
3361.363000,0.004535,-0.000564,3361.363000,-0.023277,0.000345
3361.845000,0.005853,-0.000630,3361.845000,-0.024206,0.000273
3362.327000,0.005692,-0.000696,3362.327000,-0.023552,0.000202
3362.809000,0.004205,-0.000761,3362.809000,-0.023433,0.000131
3363.291000,0.004820,-0.000825,3363.291000,-0.021435,0.000062
3363.773000,0.007045,-0.000888,3363.773000,-0.018919,-0.000008
3364.255000,0.009269,-0.000950,3364.255000,-0.019362,-0.000076
3364.737000,0.009802,-0.001012,3364.737000,-0.017345,-0.000144
3365.219000,0.008504,-0.001072,3365.219000,-0.014617,-0.000211
3365.701000,0.007585,-0.001131,3365.701000,-0.012497,-0.000277
3366.183000,0.002938,-0.001190,3366.183000,-0.010970,-0.000342
3366.665000,-0.001704,-0.001247,3366.665000,-0.008162,-0.000407
3367.147000,-0.004504,-0.001304,3367.147000,-0.006667,-0.000471
3367.629000,-0.009586,-0.001359,3367.629000,-0.006307,-0.000534
3368.111000,-0.014076,-0.001414,3368.111000,-0.009313,-0.000596
3368.593000,-0.016067,-0.001467,3368.593000,-0.008801,-0.000657
3369.075000,-0.015865,-0.001520,3369.075000,-0.005730,-0.000718
3369.557000,-0.014720,-0.001572,3369.557000,-0.004093,-0.000778
3370.039000,-0.013284,-0.001622,3370.039000,-0.002456,-0.000837
3370.521000,-0.013527,-0.001672,3370.521000,-0.000249,-0.000895
3371.003000,-0.011539,-0.001720,3371.003000,-0.000914,-0.000952
3371.485000,-0.009990,-0.001768,3371.485000,-0.000939,-0.001008
3371.967000,-0.007180,-0.001814,3371.967000,-0.000147,-0.001064
3372.449000,-0.004676,-0.001859,3372.449000,-0.001135,-0.001118
3372.931000,-0.003471,-0.001904,3372.931000,-0.002122,-0.001172
3373.413000,0.000253,-0.001947,3373.413000,-0.000150,-0.001225
3373.895000,0.002615,-0.001989,3373.895000,0.000746,-0.001276
3374.377000,0.003855,-0.002031,3374.377000,-0.000458,-0.001327
3374.859000,0.003919,-0.002071,3374.859000,-0.000362,-0.001377
3375.341000,0.006199,-0.002110,3375.341000,0.000401,-0.001426
3375.823000,0.009295,-0.002148,3375.823000,-0.000261,-0.001474
3376.305000,0.008535,-0.002185,3376.305000,-0.002285,-0.001521
3376.787000,0.005866,-0.002221,3376.787000,-0.003409,-0.001567
3377.269000,0.004611,-0.002256,3377.269000,-0.001599,-0.001612
3377.751000,0.005332,-0.002289,3377.751000,-0.001260,-0.001656
3378.233000,0.004435,-0.002322,3378.233000,-0.003294,-0.001700
3378.715000,0.004806,-0.002354,3378.715000,-0.003836,-0.001742
3379.197000,0.004413,-0.002384,3379.197000,-0.005786,-0.001783
3379.679000,0.002593,-0.002414,3379.679000,-0.003981,-0.001823
3380.161000,0.000906,-0.002442,3380.161000,-0.002056,-0.001862
3380.643000,-0.004167,-0.002469,3380.643000,-0.000962,-0.001901
3381.125000,-0.006308,-0.002496,3381.125000,-0.000104,-0.001938
3381.607000,-0.007101,-0.002521,3381.607000,0.000432,-0.001974
3382.089000,-0.008404,-0.002545,3382.089000,-0.002250,-0.002009
3382.571000,-0.010221,-0.002568,3382.571000,-0.003496,-0.002043
3383.053000,-0.012623,-0.002590,3383.053000,-0.005496,-0.002076
3383.535000,-0.012622,-0.002611,3383.535000,-0.007085,-0.002108
3384.017000,-0.010721,-0.002631,3384.017000,-0.008283,-0.002140
3384.499000,-0.010098,-0.002649,3384.499000,-0.010979,-0.002170
3384.981000,-0.010540,-0.002667,3384.981000,-0.014733,-0.002199
3385.463000,-0.010788,-0.002684,3385.463000,-0.017830,-0.002227
3385.945000,-0.012611,-0.002700,3385.945000,-0.022860,-0.002254
3386.427000,-0.014523,-0.002714,3386.427000,-0.023576,-0.002280
3386.909000,-0.016121,-0.002728,3386.909000,-0.023642,-0.002305
3387.391000,-0.018782,-0.002740,3387.391000,-0.025663,-0.002329
3387.873000,-0.017505,-0.002752,3387.873000,-0.025979,-0.002352
3388.355000,-0.016743,-0.002762,3388.355000,-0.028180,-0.002373
3388.837000,-0.017041,-0.002772,3388.837000,-0.029114,-0.002394
3389.319000,-0.015877,-0.002780,3389.319000,-0.028273,-0.002414
3389.801000,-0.012573,-0.002787,3389.801000,-0.026845,-0.002433
3390.283000,-0.008101,-0.002794,3390.283000,-0.025013,-0.002451
3390.765000,-0.005457,-0.002799,3390.765000,-0.023343,-0.002468
3391.247000,-0.003912,-0.002804,3391.247000,-0.020468,-0.002484
3391.729000,-0.002702,-0.002807,3391.729000,-0.018882,-0.002498
3392.211000,-0.002685,-0.002810,3392.211000,-0.018129,-0.002512
3392.693000,-0.001129,-0.002811,3392.693000,-0.015495,-0.002525
3393.175000,0.001143,-0.002812,3393.175000,-0.011097,-0.002537
3393.657000,0.001780,-0.002811,3393.657000,-0.008823,-0.002548
3394.139000,0.002986,-0.002810,3394.139000,-0.010119,-0.002558
3394.621000,0.003324,-0.002808,3394.621000,-0.011390,-0.002567
3395.103000,0.002096,-0.002805,3395.103000,-0.012454,-0.002575
3395.585000,0.001497,-0.002800,3395.585000,-0.012890,-0.002582
3396.067000,-0.000669,-0.002795,3396.067000,-0.015378,-0.002588
3396.549000,-0.001200,-0.002790,3396.549000,-0.015769,-0.002593
3397.031000,-0.004375,-0.002783,3397.031000,-0.015582,-0.002597
3397.513000,-0.007814,-0.002775,3397.513000,-0.016557,-0.002600
3397.995000,-0.009855,-0.002767,3397.995000,-0.017301,-0.002602
3398.477000,-0.010191,-0.002757,3398.477000,-0.017750,-0.002604
3398.959000,-0.011409,-0.002747,3398.959000,-0.016428,-0.002604
3399.441000,-0.009639,-0.002736,3399.441000,-0.014758,-0.002604
3399.923000,-0.010500,-0.002724,3399.923000,-0.014525,-0.002602
3400.405000,-0.011848,-0.002712,3400.405000,-0.015798,-0.002600
3400.887000,-0.011480,-0.002698,3400.887000,-0.018482,-0.002597
3401.369000,-0.015158,-0.002684,3401.369000,-0.019310,-0.002593
3401.851000,-0.018942,-0.002669,3401.851000,-0.019055,-0.002588
3402.333000,-0.020872,-0.002654,3402.333000,-0.019196,-0.002582
3402.815000,-0.024021,-0.002637,3402.815000,-0.021151,-0.002576
3403.297000,-0.028006,-0.002620,3403.297000,-0.024417,-0.002568
3403.779000,-0.031289,-0.002602,3403.779000,-0.025327,-0.002560
3404.261000,-0.034284,-0.002583,3404.261000,-0.029326,-0.002551
3404.743000,-0.035246,-0.002564,3404.743000,-0.032218,-0.002541
3405.225000,-0.034133,-0.002544,3405.225000,-0.034042,-0.002530
3405.707000,-0.038047,-0.002524,3405.707000,-0.036866,-0.002519
3406.189000,-0.038929,-0.002502,3406.189000,-0.041337,-0.002507
3406.671000,-0.040692,-0.002480,3406.671000,-0.044099,-0.002494
3407.153000,-0.040322,-0.002458,3407.153000,-0.046288,-0.002480
3407.635000,-0.039232,-0.002435,3407.635000,-0.048648,-0.002466
3408.117000,-0.038422,-0.002411,3408.117000,-0.047352,-0.002450
3408.599000,-0.036272,-0.002387,3408.599000,-0.045365,-0.002434
3409.081000,-0.033047,-0.002362,3409.081000,-0.043709,-0.002418
3409.563000,-0.030109,-0.002337,3409.563000,-0.043604,-0.002401
3410.045000,-0.028841,-0.002311,3410.045000,-0.043562,-0.002383
3410.527000,-0.028249,-0.002284,3410.527000,-0.039959,-0.002364
3411.009000,-0.027847,-0.002257,3411.009000,-0.037725,-0.002345
3411.491000,-0.027730,-0.002230,3411.491000,-0.033081,-0.002325
3411.973000,-0.026564,-0.002202,3411.973000,-0.029004,-0.002304
3412.455000,-0.029584,-0.002174,3412.455000,-0.026940,-0.002283
3412.937000,-0.030998,-0.002145,3412.937000,-0.025691,-0.002261
3413.419000,-0.031747,-0.002116,3413.419000,-0.021841,-0.002239
3413.901000,-0.034239,-0.002086,3413.901000,-0.018768,-0.002216
3414.383000,-0.036456,-0.002056,3414.383000,-0.018701,-0.002193
3414.865000,-0.037197,-0.002026,3414.865000,-0.014592,-0.002169
3415.347000,-0.036621,-0.001995,3415.347000,-0.012458,-0.002144
3415.829000,-0.037113,-0.001964,3415.829000,-0.012765,-0.002119
3416.311000,-0.035614,-0.001933,3416.311000,-0.011604,-0.002094
3416.793000,-0.032228,-0.001901,3416.793000,-0.010719,-0.002068
3417.275000,-0.032087,-0.001869,3417.275000,-0.010605,-0.002042
3417.757000,-0.030475,-0.001837,3417.757000,-0.009714,-0.002015
3418.239000,-0.028460,-0.001805,3418.239000,-0.011166,-0.001987
3418.721000,-0.025453,-0.001772,3418.721000,-0.012354,-0.001960
3419.203000,-0.024698,-0.001739,3419.203000,-0.015460,-0.001932
3419.685000,-0.026424,-0.001706,3419.685000,-0.017077,-0.001903
3420.167000,-0.026768,-0.001673,3420.167000,-0.016739,-0.001874
3420.649000,-0.029888,-0.001639,3420.649000,-0.017170,-0.001845
3421.131000,-0.034584,-0.001606,3421.131000,-0.020631,-0.001816
3421.613000,-0.035777,-0.001572,3421.613000,-0.022080,-0.001786
3422.095000,-0.035161,-0.001538,3422.095000,-0.023801,-0.001755
3422.577000,-0.036184,-0.001504,3422.577000,-0.024636,-0.001725
3423.059000,-0.034058,-0.001470,3423.059000,-0.024246,-0.001694
3423.541000,-0.030332,-0.001436,3423.541000,-0.023264,-0.001663
3424.023000,-0.030993,-0.001402,3424.023000,-0.021790,-0.001632
3424.505000,-0.029415,-0.001368,3424.505000,-0.020568,-0.001601
3424.987000,-0.027612,-0.001334,3424.987000,-0.020668,-0.001569
3425.469000,-0.024947,-0.001300,3425.469000,-0.018565,-0.001537
3425.951000,-0.024351,-0.001265,3425.951000,-0.017535,-0.001505
3426.433000,-0.024310,-0.001231,3426.433000,-0.013123,-0.001473
3426.915000,-0.022738,-0.001197,3426.915000,-0.011139,-0.001441
3427.397000,-0.023061,-0.001163,3427.397000,-0.010165,-0.001409
3427.879000,-0.026014,-0.001129,3427.879000,-0.010995,-0.001376
3428.361000,-0.023205,-0.001096,3428.361000,-0.012531,-0.001343
3428.843000,-0.024000,-0.001062,3428.843000,-0.012549,-0.001311
3429.325000,-0.024726,-0.001028,3429.325000,-0.014578,-0.001278
3429.807000,-0.024003,-0.000995,3429.807000,-0.016963,-0.001245
3430.289000,-0.025713,-0.000962,3430.289000,-0.018603,-0.001213
3430.771000,-0.029376,-0.000929,3430.771000,-0.021470,-0.001180
3431.253000,-0.031336,-0.000896,3431.253000,-0.027177,-0.001147
3431.735000,-0.034376,-0.000864,3431.735000,-0.032990,-0.001114
3432.217000,-0.037521,-0.000831,3432.217000,-0.036528,-0.001082
3432.699000,-0.041724,-0.000799,3432.699000,-0.037765,-0.001049
3433.181000,-0.044219,-0.000767,3433.181000,-0.040404,-0.001017
3433.663000,-0.046617,-0.000736,3433.663000,-0.042903,-0.000984
3434.145000,-0.047109,-0.000705,3434.145000,-0.044617,-0.000952
3434.627000,-0.045804,-0.000674,3434.627000,-0.043604,-0.000920
3435.109000,-0.042030,-0.000643,3435.109000,-0.041372,-0.000888
3435.591000,-0.040540,-0.000613,3435.591000,-0.038744,-0.000856
3436.073000,-0.036091,-0.000583,3436.073000,-0.037517,-0.000824
3436.555000,-0.031878,-0.000554,3436.555000,-0.035523,-0.000793
3437.037000,-0.030952,-0.000525,3437.037000,-0.032182,-0.000762
3437.519000,-0.027899,-0.000496,3437.519000,-0.029245,-0.000731
3438.001000,-0.024731,-0.000468,3438.001000,-0.027662,-0.000700
3438.483000,-0.023385,-0.000440,3438.483000,-0.024347,-0.000669
3438.965000,-0.025240,-0.000413,3438.965000,-0.018934,-0.000639
3439.447000,-0.026127,-0.000386,3439.447000,-0.014913,-0.000609
3439.929000,-0.028201,-0.000360,3439.929000,-0.013882,-0.000580
3440.411000,-0.028515,-0.000334,3440.411000,-0.011094,-0.000550
3440.893000,-0.028483,-0.000309,3440.893000,-0.009983,-0.000522
3441.375000,-0.028541,-0.000284,3441.375000,-0.006672,-0.000493
3441.857000,-0.029023,-0.000260,3441.857000,-0.003898,-0.000465
3442.339000,-0.029266,-0.000236,3442.339000,-0.001903,-0.000437
3442.821000,-0.029555,-0.000213,3442.821000,-0.001486,-0.000410
3443.303000,-0.030257,-0.000190,3443.303000,-0.000725,-0.000383
3443.785000,-0.030443,-0.000168,3443.785000,-0.000043,-0.000356
3444.267000,-0.029260,-0.000147,3444.267000,-0.000464,-0.000330
3444.749000,-0.027995,-0.000126,3444.749000,-0.000263,-0.000304
3445.231000,-0.028609,-0.000106,3445.231000,-0.000387,-0.000279
3445.713000,-0.030403,-0.000087,3445.713000,-0.002406,-0.000255
3446.195000,-0.028810,-0.000068,3446.195000,-0.005629,-0.000230
3446.677000,-0.027603,-0.000050,3446.677000,-0.011059,-0.000207
3447.159000,-0.023797,-0.000032,3447.159000,-0.016803,-0.000184
3447.641000,-0.022487,-0.000016,3447.641000,-0.021598,-0.000161
3448.123000,-0.023142,0.000000,3448.123000,-0.023651,-0.000139
3448.605000,-0.022315,0.000016,3448.605000,-0.026044,-0.000118
3449.087000,-0.024606,0.000030,3449.087000,-0.028117,-0.000097
3449.569000,-0.026949,0.000044,3449.569000,-0.031624,-0.000077
3450.051000,-0.028495,0.000057,3450.051000,-0.033846,-0.000057
3450.533000,-0.033456,0.000070,3450.533000,-0.035625,-0.000038
3451.015000,-0.036891,0.000081,3451.015000,-0.035869,-0.000020
3451.497000,-0.038271,0.000092,3451.497000,-0.035786,-0.000002
3451.979000,-0.041516,0.000102,3451.979000,-0.037009,0.000015
3452.461000,-0.044368,0.000112,3452.461000,-0.039034,0.000031
3452.943000,-0.041488,0.000120,3452.943000,-0.041017,0.000047
3453.425000,-0.041418,0.000128,3453.425000,-0.045377,0.000062
3453.907000,-0.038974,0.000135,3453.907000,-0.047800,0.000076
3454.389000,-0.036318,0.000141,3454.389000,-0.048386,0.000090
3454.871000,-0.032889,0.000146,3454.871000,-0.049017,0.000102
3455.353000,-0.028473,0.000150,3455.353000,-0.049826,0.000114
3455.835000,-0.026617,0.000154,3455.835000,-0.053413,0.000126
3456.317000,-0.022261,0.000157,3456.317000,-0.054297,0.000136
3456.799000,-0.020805,0.000159,3456.799000,-0.055062,0.000146
3457.281000,-0.022082,0.000160,3457.281000,-0.054300,0.000155
3457.763000,-0.019262,0.000160,3457.763000,-0.048680,0.000163
3458.245000,-0.017078,0.000159,3458.245000,-0.046178,0.000171
3458.727000,-0.017718,0.000157,3458.727000,-0.042857,0.000177
3459.209000,-0.020164,0.000155,3459.209000,-0.039976,0.000183
3459.691000,-0.018136,0.000151,3459.691000,-0.040499,0.000188
3460.173000,-0.021627,0.000147,3460.173000,-0.039355,0.000192
3460.655000,-0.024386,0.000142,3460.655000,-0.036288,0.000196
3461.137000,-0.027486,0.000136,3461.137000,-0.033613,0.000198
3461.619000,-0.030702,0.000129,3461.619000,-0.031173,0.000200
3462.101000,-0.034879,0.000121,3462.101000,-0.030249,0.000200
3462.583000,-0.038006,0.000112,3462.583000,-0.031094,0.000200
3463.065000,-0.039118,0.000103,3463.065000,-0.028839,0.000199
3463.547000,-0.041368,0.000092,3463.547000,-0.027617,0.000197
3464.029000,-0.041158,0.000080,3464.029000,-0.025504,0.000195
3464.511000,-0.040121,0.000068,3464.511000,-0.022230,0.000191
3464.993000,-0.038610,0.000055,3464.993000,-0.023022,0.000186
3465.475000,-0.038524,0.000040,3465.475000,-0.023477,0.000181
3465.957000,-0.038115,0.000025,3465.957000,-0.025998,0.000175
3466.439000,-0.035658,0.000009,3466.439000,-0.029671,0.000167
3466.921000,-0.036128,-0.000008,3466.921000,-0.031012,0.000159
3467.403000,-0.035253,-0.000026,3467.403000,-0.032225,0.000150
3467.885000,-0.036019,-0.000045,3467.885000,-0.034636,0.000140
3468.367000,-0.035378,-0.000064,3468.367000,-0.037072,0.000129
3468.849000,-0.034449,-0.000085,3468.849000,-0.039843,0.000117
3469.331000,-0.032267,-0.000107,3469.331000,-0.039389,0.000104
3469.813000,-0.029856,-0.000129,3469.813000,-0.038622,0.000091
3470.295000,-0.029449,-0.000153,3470.295000,-0.037937,0.000076
3470.777000,-0.030059,-0.000177,3470.777000,-0.038958,0.000060
3471.259000,-0.028345,-0.000202,3471.259000,-0.039003,0.000044
3471.741000,-0.027392,-0.000228,3471.741000,-0.037502,0.000027
3472.223000,-0.028248,-0.000255,3472.223000,-0.036960,0.000008
3472.705000,-0.030078,-0.000283,3472.705000,-0.036196,-0.000011
3473.187000,-0.031641,-0.000312,3473.187000,-0.033840,-0.000031
3473.669000,-0.031619,-0.000342,3473.669000,-0.032142,-0.000053
3474.151000,-0.031048,-0.000372,3474.151000,-0.029729,-0.000075
3474.633000,-0.034342,-0.000404,3474.633000,-0.029983,-0.000098
3475.115000,-0.034344,-0.000436,3475.115000,-0.030026,-0.000122
3475.597000,-0.035658,-0.000469,3475.597000,-0.031258,-0.000147
3476.079000,-0.037999,-0.000503,3476.079000,-0.032154,-0.000173
3476.561000,-0.040341,-0.000538,3476.561000,-0.031629,-0.000199
3477.043000,-0.045932,-0.000574,3477.043000,-0.032240,-0.000227
3477.525000,-0.047441,-0.000610,3477.525000,-0.033256,-0.000256
3478.007000,-0.043377,-0.000648,3478.007000,-0.032954,-0.000285
3478.489000,-0.041797,-0.000686,3478.489000,-0.032245,-0.000316
3478.971000,-0.039131,-0.000725,3478.971000,-0.032831,-0.000347
3479.453000,-0.035796,-0.000765,3479.453000,-0.032492,-0.000379
3479.935000,-0.032577,-0.000805,3479.935000,-0.031806,-0.000413
3480.417000,-0.029469,-0.000847,3480.417000,-0.031637,-0.000447
3480.899000,-0.026141,-0.000889,3480.899000,-0.032290,-0.000482
3481.381000,-0.024217,-0.000932,3481.381000,-0.034903,-0.000517
3481.863000,-0.021818,-0.000976,3481.863000,-0.036178,-0.000554
3482.345000,-0.021754,-0.001020,3482.345000,-0.039103,-0.000592
3482.827000,-0.024310,-0.001065,3482.827000,-0.039089,-0.000630
3483.309000,-0.027181,-0.001111,3483.309000,-0.038262,-0.000670
3483.791000,-0.031669,-0.001158,3483.791000,-0.035818,-0.000710
3484.273000,-0.033391,-0.001205,3484.273000,-0.034843,-0.000751
3484.755000,-0.035111,-0.001254,3484.755000,-0.033813,-0.000793
3485.237000,-0.038636,-0.001302,3485.237000,-0.033056,-0.000835
3485.719000,-0.042343,-0.001352,3485.719000,-0.035298,-0.000879
3486.201000,-0.043414,-0.001402,3486.201000,-0.037611,-0.000923
3486.683000,-0.046044,-0.001453,3486.683000,-0.041577,-0.000969
3487.165000,-0.046190,-0.001504,3487.165000,-0.044846,-0.001015
3487.647000,-0.045457,-0.001556,3487.647000,-0.049065,-0.001061
3488.129000,-0.044237,-0.001609,3488.129000,-0.052650,-0.001109
3488.611000,-0.041575,-0.001662,3488.611000,-0.054919,-0.001157
3489.093000,-0.037150,-0.001716,3489.093000,-0.057476,-0.001206
3489.575000,-0.034679,-0.001770,3489.575000,-0.057606,-0.001256
3490.057000,-0.030786,-0.001825,3490.057000,-0.057974,-0.001307
3490.539000,-0.028874,-0.001880,3490.539000,-0.055754,-0.001358
3491.021000,-0.028719,-0.001936,3491.021000,-0.054370,-0.001410
3491.503000,-0.027310,-0.001993,3491.503000,-0.051094,-0.001463
3491.985000,-0.028661,-0.002050,3491.985000,-0.047903,-0.001516
3492.467000,-0.030579,-0.002107,3492.467000,-0.048380,-0.001570
3492.949000,-0.029931,-0.002165,3492.949000,-0.046780,-0.001625
3493.431000,-0.029993,-0.002224,3493.431000,-0.043704,-0.001680
3493.913000,-0.029765,-0.002282,3493.913000,-0.041777,-0.001736
3494.395000,-0.031485,-0.002342,3494.395000,-0.041084,-0.001793
3494.877000,-0.030200,-0.002401,3494.877000,-0.039814,-0.001850
3495.359000,-0.029494,-0.002461,3495.359000,-0.041456,-0.001908
3495.841000,-0.029734,-0.002522,3495.841000,-0.042664,-0.001967
3496.323000,-0.029558,-0.002582,3496.323000,-0.043999,-0.002026
3496.805000,-0.029935,-0.002643,3496.805000,-0.044869,-0.002085
3497.287000,-0.032931,-0.002705,3497.287000,-0.042390,-0.002145
3497.769000,-0.035282,-0.002766,3497.769000,-0.043063,-0.002206
3498.251000,-0.037551,-0.002828,3498.251000,-0.040989,-0.002267
3498.733000,-0.042340,-0.002891,3498.733000,-0.040415,-0.002329
3499.215000,-0.044876,-0.002953,3499.215000,-0.038596,-0.002391
3499.697000,-0.045421,-0.003016,3499.697000,-0.032722,-0.002454
3500.179000,-0.045840,-0.003078,3500.179000,-0.025616,-0.002517
3500.661000,-0.046173,-0.003142,3500.661000,-0.020345,-0.002580
3501.143000,-0.046713,-0.003205,3501.143000,-0.014180,-0.002644
3501.625000,-0.044762,-0.003268,3501.625000,-0.011173,-0.002709
3502.107000,-0.044051,-0.003332,3502.107000,-0.009311,-0.002773
3502.589000,-0.041749,-0.003395,3502.589000,-0.008231,-0.002838
3503.071000,-0.037614,-0.003459,3503.071000,-0.007843,-0.002904
3503.553000,-0.037026,-0.003523,3503.553000,-0.007048,-0.002970
3504.035000,-0.035007,-0.003586,3504.035000,-0.008626,-0.003036
3504.517000,-0.034186,-0.003650,3504.517000,-0.014618,-0.003102
3504.999000,-0.033250,-0.003714,3504.999000,-0.017127,-0.003169
3505.481000,-0.032421,-0.003778,3505.481000,-0.022537,-0.003236
3505.963000,-0.033234,-0.003842,3505.963000,-0.025314,-0.003303
3506.445000,-0.032622,-0.003905,3506.445000,-0.026919,-0.003370
3506.927000,-0.033833,-0.003969,3506.927000,-0.028816,-0.003437
3507.409000,-0.032756,-0.004032,3507.409000,-0.030324,-0.003505
3507.891000,-0.030178,-0.004096,3507.891000,-0.031716,-0.003573
3508.373000,-0.028590,-0.004159,3508.373000,-0.035339,-0.003641
3508.855000,-0.027105,-0.004222,3508.855000,-0.037284,-0.003709
3509.337000,-0.024795,-0.004285,3509.337000,-0.039778,-0.003777
3509.819000,-0.025760,-0.004348,3509.819000,-0.041409,-0.003846
3510.301000,-0.027931,-0.004411,3510.301000,-0.045409,-0.003914
3510.783000,-0.026869,-0.004473,3510.783000,-0.048217,-0.003983
3511.265000,-0.028927,-0.004535,3511.265000,-0.051436,-0.004051
3511.747000,-0.030204,-0.004597,3511.747000,-0.053582,-0.004119
3512.229000,-0.029982,-0.004658,3512.229000,-0.055233,-0.004188
3512.711000,-0.033095,-0.004719,3512.711000,-0.057698,-0.004256
3513.193000,-0.032387,-0.004780,3513.193000,-0.056016,-0.004325
3513.675000,-0.031228,-0.004840,3513.675000,-0.056513,-0.004393
3514.157000,-0.026749,-0.004900,3514.157000,-0.055424,-0.004461
3514.639000,-0.023920,-0.004960,3514.639000,-0.051331,-0.004529
3515.121000,-0.023618,-0.005019,3515.121000,-0.047431,-0.004597
3515.603000,-0.020882,-0.005078,3515.603000,-0.041580,-0.004664
3516.085000,-0.019187,-0.005136,3516.085000,-0.036594,-0.004732
3516.567000,-0.022321,-0.005194,3516.567000,-0.030579,-0.004799
3517.049000,-0.021539,-0.005251,3517.049000,-0.026939,-0.004866
3517.531000,-0.023755,-0.005308,3517.531000,-0.020871,-0.004933
3518.013000,-0.025268,-0.005364,3518.013000,-0.017480,-0.005000
3518.495000,-0.026726,-0.005419,3518.495000,-0.012956,-0.005066
3518.977000,-0.027357,-0.005474,3518.977000,-0.009990,-0.005132
3519.459000,-0.029721,-0.005529,3519.459000,-0.009359,-0.005197
3519.941000,-0.032028,-0.005582,3519.941000,-0.005670,-0.005263
3520.423000,-0.031529,-0.005635,3520.423000,-0.005491,-0.005327
3520.905000,-0.032248,-0.005687,3520.905000,-0.004039,-0.005392
3521.387000,-0.035698,-0.005739,3521.387000,-0.001991,-0.005456
3521.869000,-0.036902,-0.005790,3521.869000,-0.002228,-0.005519
3522.351000,-0.037684,-0.005840,3522.351000,-0.000536,-0.005582
3522.833000,-0.040752,-0.005889,3522.833000,-0.001510,-0.005645
3523.315000,-0.045579,-0.005938,3523.315000,-0.001466,-0.005707
3523.797000,-0.045996,-0.005986,3523.797000,-0.003252,-0.005769
3524.279000,-0.047087,-0.006032,3524.279000,-0.003678,-0.005829
3524.761000,-0.042836,-0.006078,3524.761000,-0.005753,-0.005890
3525.243000,-0.040243,-0.006124,3525.243000,-0.007274,-0.005950
3525.725000,-0.035796,-0.006168,3525.725000,-0.010758,-0.006009
3526.207000,-0.031212,-0.006211,3526.207000,-0.015187,-0.006067
3526.689000,-0.027219,-0.006254,3526.689000,-0.019180,-0.006125
3527.171000,-0.020308,-0.006295,3527.171000,-0.024052,-0.006182
3527.653000,-0.013554,-0.006336,3527.653000,-0.028650,-0.006239
3528.135000,-0.008831,-0.006375,3528.135000,-0.033039,-0.006294
3528.617000,-0.002311,-0.006413,3528.617000,-0.037219,-0.006349
3529.099000,0.000465,-0.006451,3529.099000,-0.039208,-0.006404
3529.581000,0.002931,-0.006487,3529.581000,-0.044018,-0.006457
3530.063000,0.003789,-0.006523,3530.063000,-0.046010,-0.006510
3530.545000,0.006020,-0.006557,3530.545000,-0.047497,-0.006561
3531.027000,0.008019,-0.006590,3531.027000,-0.048838,-0.006612
3531.509000,0.007213,-0.006622,3531.509000,-0.049714,-0.006662
3531.991000,0.006276,-0.006653,3531.991000,-0.048772,-0.006711
3532.473000,0.005108,-0.006683,3532.473000,-0.048291,-0.006759
3532.955000,0.000112,-0.006711,3532.955000,-0.047389,-0.006807
3533.437000,-0.001907,-0.006738,3533.437000,-0.046871,-0.006853
3533.919000,-0.003554,-0.006765,3533.919000,-0.042549,-0.006898
3534.401000,-0.003814,-0.006789,3534.401000,-0.038256,-0.006942
3534.883000,-0.003240,-0.006813,3534.883000,-0.034248,-0.006986
3535.365000,-0.001897,-0.006835,3535.365000,-0.031685,-0.007028
3535.847000,-0.001855,-0.006856,3535.847000,-0.029353,-0.007069
3536.329000,-0.001906,-0.006876,3536.329000,-0.026922,-0.007109
3536.811000,-0.003394,-0.006895,3536.811000,-0.025229,-0.007148
3537.293000,-0.002607,-0.006912,3537.293000,-0.025161,-0.007186
3537.775000,-0.003469,-0.006928,3537.775000,-0.026163,-0.007223
3538.257000,-0.005265,-0.006942,3538.257000,-0.026960,-0.007258
3538.739000,-0.004777,-0.006955,3538.739000,-0.028430,-0.007293
3539.221000,-0.006387,-0.006967,3539.221000,-0.031256,-0.007326
3539.703000,-0.008235,-0.006977,3539.703000,-0.035830,-0.007358
3540.185000,-0.006814,-0.006986,3540.185000,-0.039445,-0.007388
3540.667000,-0.006034,-0.006994,3540.667000,-0.040266,-0.007418
3541.149000,-0.005213,-0.007000,3541.149000,-0.043854,-0.007446
3541.631000,-0.003604,-0.007004,3541.631000,-0.046645,-0.007473
3542.113000,-0.003788,-0.007007,3542.113000,-0.049521,-0.007499
3542.595000,-0.003944,-0.007009,3542.595000,-0.048532,-0.007523
3543.077000,-0.005423,-0.007009,3543.077000,-0.048996,-0.007546
3543.559000,-0.007060,-0.007008,3543.559000,-0.048671,-0.007568
3544.041000,-0.008345,-0.007005,3544.041000,-0.048597,-0.007588
3544.523000,-0.008478,-0.007000,3544.523000,-0.050798,-0.007607
3545.005000,-0.008888,-0.006995,3545.005000,-0.050331,-0.007624
3545.487000,-0.011414,-0.006987,3545.487000,-0.049101,-0.007641
3545.969000,-0.015251,-0.006978,3545.969000,-0.047548,-0.007655
3546.451000,-0.015947,-0.006967,3546.451000,-0.048243,-0.007668
3546.933000,-0.016784,-0.006955,3546.933000,-0.045269,-0.007680
3547.415000,-0.018307,-0.006941,3547.415000,-0.042591,-0.007691
3547.897000,-0.022588,-0.006926,3547.897000,-0.038422,-0.007699
3548.379000,-0.029774,-0.006909,3548.379000,-0.033525,-0.007707
3548.861000,-0.033767,-0.006891,3548.861000,-0.029229,-0.007712
3549.343000,-0.034411,-0.006870,3549.343000,-0.023759,-0.007717
3549.825000,-0.036542,-0.006849,3549.825000,-0.023104,-0.007720
3550.307000,-0.037614,-0.006825,3550.307000,-0.020866,-0.007721
3550.789000,-0.036340,-0.006800,3550.789000,-0.023097,-0.007720
3551.271000,-0.032302,-0.006773,3551.271000,-0.025199,-0.007718
3551.753000,-0.030484,-0.006745,3551.753000,-0.026456,-0.007715
3552.235000,-0.028284,-0.006715,3552.235000,-0.028476,-0.007710
3552.717000,-0.026297,-0.006683,3552.717000,-0.031128,-0.007703
3553.199000,-0.020105,-0.006650,3553.199000,-0.034107,-0.007695
3553.681000,-0.016687,-0.006615,3553.681000,-0.035595,-0.007685
3554.163000,-0.015699,-0.006578,3554.163000,-0.037509,-0.007673
3554.645000,-0.016198,-0.006540,3554.645000,-0.037690,-0.007660
3555.127000,-0.018531,-0.006500,3555.127000,-0.040261,-0.007645
3555.609000,-0.019366,-0.006458,3555.609000,-0.040822,-0.007629
3556.091000,-0.018471,-0.006414,3556.091000,-0.042843,-0.007610
3556.573000,-0.020572,-0.006369,3556.573000,-0.043128,-0.007591
3557.055000,-0.020887,-0.006323,3557.055000,-0.042540,-0.007569
3557.537000,-0.019787,-0.006274,3557.537000,-0.043282,-0.007546
3558.019000,-0.018350,-0.006224,3558.019000,-0.039235,-0.007521
3558.501000,-0.015188,-0.006172,3558.501000,-0.038683,-0.007494
3558.983000,-0.013184,-0.006118,3558.983000,-0.034257,-0.007466
3559.465000,-0.010948,-0.006063,3559.465000,-0.030693,-0.007436
3559.947000,-0.008384,-0.006006,3559.947000,-0.028647,-0.007404
3560.429000,-0.006322,-0.005948,3560.429000,-0.026237,-0.007370
3560.911000,-0.005028,-0.005887,3560.911000,-0.022549,-0.007335
3561.393000,-0.003490,-0.005825,3561.393000,-0.021806,-0.007298
3561.875000,-0.002848,-0.005762,3561.875000,-0.019720,-0.007259
3562.357000,-0.004913,-0.005696,3562.357000,-0.015219,-0.007219
3562.839000,-0.006255,-0.005629,3562.839000,-0.013616,-0.007177
3563.321000,-0.008178,-0.005561,3563.321000,-0.005421,-0.007133
3563.803000,-0.009865,-0.005490,3563.803000,0.002221,-0.007087
3564.285000,-0.010263,-0.005418,3564.285000,0.008063,-0.007039
3564.767000,-0.009063,-0.005345,3564.767000,0.018161,-0.006990
3565.249000,-0.007409,-0.005269,3565.249000,0.021263,-0.006939
3565.731000,-0.006069,-0.005192,3565.731000,0.028059,-0.006886
3566.213000,-0.004546,-0.005114,3566.213000,0.028303,-0.006832
3566.695000,-0.003957,-0.005033,3566.695000,0.027175,-0.006776
3567.177000,-0.000794,-0.004952,3567.177000,0.026480,-0.006718
3567.659000,0.003128,-0.004868,3567.659000,0.022202,-0.006658
3568.141000,0.004910,-0.004783,3568.141000,0.013924,-0.006597
3568.623000,0.007809,-0.004696,3568.623000,0.009571,-0.006533
3569.105000,0.007440,-0.004608,3569.105000,0.001678,-0.006468
3569.587000,0.004390,-0.004518,3569.587000,-0.005997,-0.006402
3570.069000,0.002221,-0.004427,3570.069000,-0.007385,-0.006333
3570.551000,-0.002251,-0.004334,3570.551000,-0.010741,-0.006263
3571.033000,-0.005226,-0.004240,3571.033000,-0.014756,-0.006191
3571.515000,-0.008828,-0.004143,3571.515000,-0.014104,-0.006118
3571.997000,-0.011428,-0.004046,3571.997000,-0.015637,-0.006042
3572.479000,-0.013538,-0.003947,3572.479000,-0.012804,-0.005965
3572.961000,-0.018523,-0.003846,3572.961000,-0.014506,-0.005886
3573.443000,-0.020205,-0.003744,3573.443000,-0.016121,-0.005806
3573.925000,-0.022311,-0.003641,3573.925000,-0.017049,-0.005724
3574.407000,-0.023706,-0.003536,3574.407000,-0.018423,-0.005640
3574.889000,-0.024803,-0.003429,3574.889000,-0.021592,-0.005555
3575.371000,-0.023670,-0.003322,3575.371000,-0.022079,-0.005467
3575.853000,-0.023772,-0.003212,3575.853000,-0.025855,-0.005379
3576.335000,-0.024912,-0.003102,3576.335000,-0.029768,-0.005288
3576.817000,-0.023557,-0.002990,3576.817000,-0.033305,-0.005196
3577.299000,-0.022873,-0.002876,3577.299000,-0.037743,-0.005102
3577.781000,-0.019417,-0.002762,3577.781000,-0.041070,-0.005007
3578.263000,-0.016685,-0.002645,3578.263000,-0.040894,-0.004910
3578.745000,-0.012779,-0.002528,3578.745000,-0.040239,-0.004811
3579.227000,-0.009789,-0.002409,3579.227000,-0.037677,-0.004711
3579.709000,-0.009571,-0.002289,3579.709000,-0.036859,-0.004610
3580.191000,-0.008518,-0.002168,3580.191000,-0.036361,-0.004506
3580.673000,-0.010540,-0.002046,3580.673000,-0.032982,-0.004401
3581.155000,-0.013269,-0.001922,3581.155000,-0.029740,-0.004295
3581.637000,-0.014334,-0.001797,3581.637000,-0.026871,-0.004187
3582.119000,-0.019317,-0.001671,3582.119000,-0.022295,-0.004078
3582.601000,-0.023168,-0.001544,3582.601000,-0.020491,-0.003967
3583.083000,-0.025746,-0.001416,3583.083000,-0.019558,-0.003855
3583.565000,-0.026798,-0.001286,3583.565000,-0.020270,-0.003741
3584.047000,-0.027694,-0.001156,3584.047000,-0.019127,-0.003626
3584.529000,-0.029054,-0.001024,3584.529000,-0.019575,-0.003509
3585.011000,-0.028157,-0.000892,3585.011000,-0.018721,-0.003391
3585.493000,-0.027168,-0.000758,3585.493000,-0.018022,-0.003271
3585.975000,-0.022568,-0.000623,3585.975000,-0.018311,-0.003151
3586.457000,-0.018363,-0.000488,3586.457000,-0.020775,-0.003028
3586.939000,-0.012366,-0.000351,3586.939000,-0.024496,-0.002905
3587.421000,-0.007539,-0.000213,3587.421000,-0.025413,-0.002780
3587.903000,-0.005628,-0.000075,3587.903000,-0.027848,-0.002654
3588.385000,-0.003226,0.000064,3588.385000,-0.026994,-0.002527
3588.867000,-0.001382,0.000204,3588.867000,-0.026066,-0.002398
3589.349000,0.000784,0.000345,3589.349000,-0.021308,-0.002268
3589.831000,0.003621,0.000487,3589.831000,-0.014551,-0.002137
3590.313000,0.004002,0.000630,3590.313000,-0.010912,-0.002005
3590.795000,0.001396,0.000773,3590.795000,-0.002850,-0.001871
3591.277000,-0.005201,0.000917,3591.277000,0.004336,-0.001737
3591.759000,-0.006977,0.001062,3591.759000,0.011757,-0.001601
3592.241000,-0.010639,0.001207,3592.241000,0.016933,-0.001464
3592.723000,-0.013051,0.001353,3592.723000,0.019809,-0.001326
3593.205000,-0.014203,0.001500,3593.205000,0.020503,-0.001187
3593.687000,-0.017839,0.001647,3593.687000,0.018758,-0.001047
3594.169000,-0.020918,0.001795,3594.169000,0.018051,-0.000906
3594.651000,-0.025331,0.001943,3594.651000,0.014441,-0.000764
3595.133000,-0.025497,0.002092,3595.133000,0.012778,-0.000621
3595.615000,-0.025912,0.002241,3595.615000,0.008825,-0.000477
3596.097000,-0.025789,0.002391,3596.097000,0.008167,-0.000333
3596.579000,-0.025581,0.002541,3596.579000,0.006055,-0.000187
3597.061000,-0.025143,0.002691,3597.061000,0.000711,-0.000040
3597.543000,-0.024423,0.002842,3597.543000,-0.001602,0.000107
3598.025000,-0.023944,0.002993,3598.025000,-0.001434,0.000255
3598.507000,-0.017413,0.003145,3598.507000,-0.002505,0.000404
3598.989000,-0.011612,0.003296,3598.989000,-0.002754,0.000554
3599.471000,-0.011225,0.003448,3599.471000,-0.002713,0.000704
3599.953000,-0.006298,0.003600,3599.953000,-0.003375,0.000855
3600.435000,-0.004996,0.003752,3600.435000,-0.003714,0.001007
3600.917000,-0.002997,0.003904,3600.917000,-0.003194,0.001159
3601.399000,-0.002615,0.004057,3601.399000,-0.000860,0.001312
3601.881000,-0.001246,0.004209,3601.881000,0.000269,0.001466
3602.363000,-0.001563,0.004362,3602.363000,0.001075,0.001620
3602.845000,-0.002675,0.004514,3602.845000,0.004507,0.001774
3603.327000,-0.005294,0.004667,3603.327000,0.004689,0.001929
3603.809000,-0.004490,0.004819,3603.809000,0.004835,0.002085
3604.291000,-0.004026,0.004971,3604.291000,0.004114,0.002241
3604.773000,-0.001877,0.005123,3604.773000,0.007960,0.002397
3605.255000,0.002773,0.005275,3605.255000,0.007103,0.002554
3605.737000,0.007634,0.005427,3605.737000,0.008139,0.002711
3606.219000,0.008208,0.005578,3606.219000,0.009266,0.002868
3606.701000,0.015167,0.005729,3606.701000,0.011744,0.003025
3607.183000,0.019174,0.005880,3607.183000,0.013954,0.003183
3607.665000,0.019525,0.006031,3607.665000,0.018130,0.003341
3608.147000,0.023682,0.006181,3608.147000,0.026420,0.003499
3608.629000,0.025607,0.006331,3608.629000,0.031721,0.003658
3609.111000,0.028344,0.006480,3609.111000,0.041258,0.003816
3609.593000,0.026781,0.006629,3609.593000,0.050328,0.003974
3610.075000,0.025591,0.006777,3610.075000,0.059456,0.004133
3610.557000,0.027325,0.006924,3610.557000,0.071347,0.004291
3611.039000,0.026674,0.007072,3611.039000,0.080348,0.004450
3611.521000,0.025758,0.007218,3611.521000,0.089728,0.004608
3612.003000,0.023182,0.007364,3612.003000,0.092784,0.004766
3612.485000,0.021871,0.007509,3612.485000,0.095298,0.004924
3612.967000,0.019106,0.007653,3612.967000,0.098770,0.005082
3613.449000,0.016590,0.007797,3613.449000,0.098908,0.005240
3613.931000,0.011002,0.007940,3613.931000,0.096143,0.005397
3614.413000,0.003009,0.008082,3614.413000,0.092654,0.005554
3614.895000,0.000433,0.008223,3614.895000,0.086444,0.005711
3615.377000,-0.005872,0.008363,3615.377000,0.076947,0.005868
3615.859000,-0.010865,0.008503,3615.859000,0.068454,0.006024
3616.341000,-0.017791,0.008641,3616.341000,0.057078,0.006179
3616.823000,-0.022978,0.008778,3616.823000,0.048884,0.006335
3617.305000,-0.024283,0.008914,3617.305000,0.041530,0.006489
3617.787000,-0.027043,0.009050,3617.787000,0.032341,0.006644
3618.269000,-0.028562,0.009184,3618.269000,0.021945,0.006797
3618.751000,-0.030900,0.009317,3618.751000,0.010234,0.006950
3619.233000,-0.030613,0.009448,3619.233000,0.002895,0.007103
3619.715000,-0.030218,0.009579,3619.715000,-0.002783,0.007254
3620.197000,-0.030794,0.009708,3620.197000,-0.007396,0.007405
3620.679000,-0.030876,0.009836,3620.679000,-0.011168,0.007556
3621.161000,-0.031236,0.009963,3621.161000,-0.014790,0.007705
3621.643000,-0.029514,0.010088,3621.643000,-0.017269,0.007854
3622.125000,-0.029754,0.010212,3622.125000,-0.019165,0.008002
3622.607000,-0.029904,0.010335,3622.607000,-0.018559,0.008149
3623.089000,-0.028480,0.010456,3623.089000,-0.017589,0.008295
3623.571000,-0.026235,0.010576,3623.571000,-0.015770,0.008440
3624.053000,-0.021839,0.010694,3624.053000,-0.012908,0.008584
3624.535000,-0.017062,0.010811,3624.535000,-0.012647,0.008727
3625.017000,-0.010535,0.010926,3625.017000,-0.013534,0.008870
3625.499000,-0.004373,0.011039,3625.499000,-0.016652,0.009011
3625.981000,0.003241,0.011151,3625.981000,-0.018815,0.009150
3626.463000,0.011722,0.011261,3626.463000,-0.025351,0.009289
3626.945000,0.019589,0.011369,3626.945000,-0.031923,0.009427
3627.427000,0.027744,0.011476,3627.427000,-0.040802,0.009563
3627.909000,0.035844,0.011581,3627.909000,-0.048263,0.009698
3628.391000,0.040143,0.011684,3628.391000,-0.056597,0.009831
3628.873000,0.040782,0.011785,3628.873000,-0.062698,0.009964
3629.355000,0.040257,0.011884,3629.355000,-0.065906,0.010095
3629.837000,0.039936,0.011982,3629.837000,-0.065086,0.010224
3630.319000,0.037013,0.012077,3630.319000,-0.063426,0.010352
3630.801000,0.032239,0.012171,3630.801000,-0.057180,0.010479
3631.283000,0.025945,0.012262,3631.283000,-0.049925,0.010604
3631.765000,0.020204,0.012352,3631.765000,-0.043999,0.010728
3632.247000,0.013957,0.012439,3632.247000,-0.037533,0.010850
3632.729000,0.008536,0.012525,3632.729000,-0.030101,0.010970
3633.211000,0.005803,0.012608,3633.211000,-0.023833,0.011089
3633.693000,0.002603,0.012689,3633.693000,-0.017631,0.011206
3634.175000,0.000889,0.012768,3634.175000,-0.011949,0.011321
3634.657000,0.000016,0.012845,3634.657000,-0.007769,0.011435
3635.139000,-0.005080,0.012920,3635.139000,-0.005926,0.011547
3635.621000,-0.010121,0.012993,3635.621000,-0.002255,0.011657
3636.103000,-0.011349,0.013063,3636.103000,0.000934,0.011765
3636.585000,-0.013171,0.013131,3636.585000,0.005913,0.011871
3637.067000,-0.014821,0.013196,3637.067000,0.008819,0.011976
3637.549000,-0.015557,0.013259,3637.549000,0.013267,0.012078
3638.031000,-0.016989,0.013320,3638.031000,0.017988,0.012179
3638.513000,-0.018062,0.013379,3638.513000,0.021948,0.012278
3638.995000,-0.021183,0.013435,3638.995000,0.028714,0.012374
3639.477000,-0.022177,0.013489,3639.477000,0.036579,0.012469
3639.959000,-0.023445,0.013540,3639.959000,0.044111,0.012561
3640.441000,-0.024050,0.013589,3640.441000,0.052231,0.012651
3640.923000,-0.024388,0.013635,3640.923000,0.059597,0.012739
3641.405000,-0.026077,0.013678,3641.405000,0.066755,0.012825
3641.887000,-0.028452,0.013720,3641.887000,0.075136,0.012909
3642.369000,-0.028475,0.013758,3642.369000,0.083267,0.012991
3642.851000,-0.027576,0.013794,3642.851000,0.092283,0.013070
3643.333000,-0.028369,0.013828,3643.333000,0.102721,0.013147
3643.815000,-0.028657,0.013858,3643.815000,0.113309,0.013222
3644.297000,-0.028754,0.013887,3644.297000,0.123765,0.013294
3644.779000,-0.031014,0.013912,3644.779000,0.134261,0.013364
3645.261000,-0.035079,0.013935,3645.261000,0.147178,0.013432
3645.743000,-0.037694,0.013955,3645.743000,0.157178,0.013497
3646.225000,-0.038481,0.013972,3646.225000,0.166528,0.013560
3646.707000,-0.040824,0.013987,3646.707000,0.170030,0.013620
3647.189000,-0.038725,0.013999,3647.189000,0.168023,0.013678
3647.671000,-0.036892,0.014008,3647.671000,0.159845,0.013733
3648.153000,-0.033724,0.014014,3648.153000,0.145545,0.013786
3648.635000,-0.028466,0.014018,3648.635000,0.125809,0.013836
3649.117000,-0.021777,0.014019,3649.117000,0.102129,0.013884
3649.599000,-0.019365,0.014017,3649.599000,0.079432,0.013929
3650.081000,-0.018227,0.014012,3650.081000,0.060720,0.013972
3650.563000,-0.018762,0.014004,3650.563000,0.042497,0.014012
3651.045000,-0.021154,0.013993,3651.045000,0.029655,0.014049
3651.527000,-0.025485,0.013980,3651.527000,0.020810,0.014083
3652.009000,-0.031136,0.013964,3652.009000,0.020186,0.014115
3652.491000,-0.034578,0.013944,3652.491000,0.023226,0.014144
3652.973000,-0.040443,0.013922,3652.973000,0.030797,0.014170
3653.455000,-0.045547,0.013897,3653.455000,0.036115,0.014194
3653.937000,-0.047141,0.013869,3653.937000,0.039229,0.014215
3654.419000,-0.046725,0.013838,3654.419000,0.043162,0.014233
3654.901000,-0.044165,0.013805,3654.901000,0.042135,0.014248
3655.383000,-0.040728,0.013768,3655.383000,0.039398,0.014260
3655.865000,-0.035267,0.013728,3655.865000,0.035852,0.014270
3656.347000,-0.030262,0.013685,3656.347000,0.032603,0.014276
3656.829000,-0.024489,0.013640,3656.829000,0.031066,0.014280
3657.311000,-0.019090,0.013591,3657.311000,0.026873,0.014281
3657.793000,-0.015099,0.013540,3657.793000,0.023704,0.014279
3658.275000,-0.012353,0.013485,3658.275000,0.019370,0.014274
3658.757000,-0.010827,0.013428,3658.757000,0.016695,0.014267
3659.239000,-0.008611,0.013368,3659.239000,0.015631,0.014256
3659.721000,-0.009264,0.013304,3659.721000,0.013469,0.014242
3660.203000,-0.008890,0.013238,3660.203000,0.010864,0.014226
3660.685000,-0.008912,0.013169,3660.685000,0.009771,0.014206
3661.167000,-0.010238,0.013096,3661.167000,0.010960,0.014183
3661.649000,-0.012810,0.013021,3661.649000,0.009404,0.014158
3662.131000,-0.013946,0.012943,3662.131000,0.008560,0.014129
3662.613000,-0.014779,0.012862,3662.613000,0.007911,0.014098
3663.095000,-0.016895,0.012778,3663.095000,0.007464,0.014063
3663.577000,-0.019473,0.012691,3663.577000,0.007273,0.014026
3664.059000,-0.020721,0.012601,3664.059000,0.006059,0.013985
3664.541000,-0.022658,0.012508,3664.541000,0.005323,0.013942
3665.023000,-0.025709,0.012412,3665.023000,0.005460,0.013895
3665.505000,-0.029212,0.012313,3665.505000,0.006467,0.013845
3665.987000,-0.032609,0.012211,3665.987000,0.006918,0.013793
3666.469000,-0.035707,0.012106,3666.469000,0.007876,0.013737
3666.951000,-0.035533,0.011999,3666.951000,0.010317,0.013678
3667.433000,-0.036074,0.011888,3667.433000,0.014737,0.013616
3667.915000,-0.036517,0.011775,3667.915000,0.018628,0.013552
3668.397000,-0.035387,0.011659,3668.397000,0.021751,0.013484
3668.879000,-0.030228,0.011540,3668.879000,0.026584,0.013413
3669.361000,-0.026728,0.011418,3669.361000,0.032574,0.013339
3669.843000,-0.026771,0.011293,3669.843000,0.039723,0.013262
3670.325000,-0.025653,0.011165,3670.325000,0.047144,0.013182
3670.807000,-0.024747,0.011035,3670.807000,0.054832,0.013099
3671.289000,-0.025124,0.010902,3671.289000,0.063541,0.013013
3671.771000,-0.028148,0.010766,3671.771000,0.071376,0.012924
3672.253000,-0.031230,0.010627,3672.253000,0.079715,0.012832
3672.735000,-0.034694,0.010485,3672.735000,0.085724,0.012736
3673.217000,-0.033759,0.010341,3673.217000,0.091535,0.012638
3673.699000,-0.031981,0.010194,3673.699000,0.093673,0.012537
3674.181000,-0.030992,0.010044,3674.181000,0.093170,0.012433
3674.663000,-0.026750,0.009892,3674.663000,0.087982,0.012326
3675.145000,-0.024245,0.009737,3675.145000,0.080309,0.012216
3675.627000,-0.017641,0.009579,3675.627000,0.071647,0.012103
3676.109000,-0.012516,0.009419,3676.109000,0.062621,0.011987
3676.591000,-0.013808,0.009256,3676.591000,0.053036,0.011868
3677.073000,-0.012543,0.009090,3677.073000,0.043393,0.011746
3677.555000,-0.009227,0.008922,3677.555000,0.034180,0.011621
3678.037000,-0.007496,0.008751,3678.037000,0.024115,0.011494
3678.519000,-0.008409,0.008578,3678.519000,0.018909,0.011363
3679.001000,-0.008003,0.008403,3679.001000,0.015862,0.011229
3679.483000,-0.007649,0.008225,3679.483000,0.014273,0.011093
3679.965000,-0.005340,0.008044,3679.965000,0.010278,0.010954
3680.447000,-0.005612,0.007861,3680.447000,0.007394,0.010812
3680.929000,-0.005269,0.007676,3680.929000,0.002945,0.010667
3681.411000,-0.003130,0.007488,3681.411000,-0.000702,0.010519
3681.893000,-0.003725,0.007298,3681.893000,-0.005664,0.010369
3682.375000,-0.002071,0.007106,3682.375000,-0.011003,0.010216
3682.857000,-0.002455,0.006912,3682.857000,-0.013106,0.010060
3683.339000,-0.004711,0.006715,3683.339000,-0.017604,0.009901
3683.821000,-0.005584,0.006516,3683.821000,-0.020865,0.009740
3684.303000,-0.006718,0.006315,3684.303000,-0.023026,0.009576
3684.785000,-0.011499,0.006111,3684.785000,-0.025131,0.009409
3685.267000,-0.016871,0.005906,3685.267000,-0.021513,0.009240
3685.749000,-0.021814,0.005698,3685.749000,-0.018203,0.009068
3686.231000,-0.025940,0.005489,3686.231000,-0.013761,0.008893
3686.713000,-0.031013,0.005277,3686.713000,-0.009729,0.008716
3687.195000,-0.035253,0.005064,3687.195000,-0.003959,0.008537
3687.677000,-0.036188,0.004848,3687.677000,0.001762,0.008354
3688.159000,-0.035596,0.004631,3688.159000,0.007039,0.008170
3688.641000,-0.035200,0.004412,3688.641000,0.009502,0.007983
3689.123000,-0.034401,0.004191,3689.123000,0.011680,0.007793
3689.605000,-0.035209,0.003968,3689.605000,0.012291,0.007601
3690.087000,-0.032881,0.003743,3690.087000,0.008990,0.007407
3690.569000,-0.032639,0.003517,3690.569000,0.006566,0.007210
3691.051000,-0.030321,0.003289,3691.051000,0.002457,0.007011
3691.533000,-0.028263,0.003059,3691.533000,-0.000994,0.006810
3692.015000,-0.027958,0.002828,3692.015000,-0.004421,0.006607
3692.497000,-0.029195,0.002595,3692.497000,-0.008134,0.006401
3692.979000,-0.031871,0.002361,3692.979000,-0.010097,0.006193
3693.461000,-0.034404,0.002125,3693.461000,-0.012129,0.005983
3693.943000,-0.036488,0.001888,3693.943000,-0.013068,0.005771
3694.425000,-0.037433,0.001649,3694.425000,-0.013518,0.005556
3694.907000,-0.039091,0.001409,3694.907000,-0.015740,0.005340
3695.389000,-0.042459,0.001167,3695.389000,-0.016540,0.005122
3695.871000,-0.043635,0.000925,3695.871000,-0.019099,0.004901
3696.353000,-0.045583,0.000681,3696.353000,-0.021875,0.004679
3696.835000,-0.045556,0.000436,3696.835000,-0.022660,0.004455
3697.317000,-0.043932,0.000190,3697.317000,-0.023894,0.004229
3697.799000,-0.040003,-0.000057,3697.799000,-0.025601,0.004001
3698.281000,-0.035269,-0.000306,3698.281000,-0.026129,0.003771
3698.763000,-0.030992,-0.000555,3698.763000,-0.027396,0.003540
3699.245000,-0.025032,-0.000805,3699.245000,-0.028667,0.003306
3699.727000,-0.019306,-0.001056,3699.727000,-0.031489,0.003072
3700.209000,-0.013512,-0.001308,3700.209000,-0.035070,0.002835
3700.691000,-0.008967,-0.001561,3700.691000,-0.037638,0.002597
3701.173000,-0.002611,-0.001815,3701.173000,-0.043290,0.002357
3701.655000,0.002278,-0.002069,3701.655000,-0.046516,0.002116
3702.137000,0.005692,-0.002324,3702.137000,-0.051134,0.001873
3702.619000,0.011845,-0.002580,3702.619000,-0.055626,0.001629
3703.101000,0.012772,-0.002836,3703.101000,-0.056016,0.001384
3703.583000,0.008463,-0.003093,3703.583000,-0.056220,0.001137
3704.065000,0.003362,-0.003350,3704.065000,-0.055823,0.000889
3704.547000,-0.004017,-0.003607,3704.547000,-0.051389,0.000640
3705.029000,-0.009633,-0.003865,3705.029000,-0.046593,0.000389
3705.511000,-0.017050,-0.004124,3705.511000,-0.039680,0.000137
3705.993000,-0.025830,-0.004382,3705.993000,-0.032456,-0.000115
3706.475000,-0.034826,-0.004641,3706.475000,-0.026132,-0.000369
3706.957000,-0.044541,-0.004900,3706.957000,-0.016029,-0.000624
3707.439000,-0.051096,-0.005159,3707.439000,-0.003243,-0.000880
3707.921000,-0.053711,-0.005418,3707.921000,0.005755,-0.001137
3708.403000,-0.056295,-0.005677,3708.403000,0.016269,-0.001395
3708.885000,-0.055821,-0.005936,3708.885000,0.021350,-0.001653
3709.367000,-0.051895,-0.006195,3709.367000,0.025437,-0.001913
3709.849000,-0.048007,-0.006454,3709.849000,0.025315,-0.002173
3710.331000,-0.045906,-0.006713,3710.331000,0.019245,-0.002433
3710.813000,-0.041288,-0.006971,3710.813000,0.013337,-0.002695
3711.295000,-0.035607,-0.007229,3711.295000,0.006210,-0.002957
3711.777000,-0.028634,-0.007487,3711.777000,-0.003423,-0.003219
3712.259000,-0.020872,-0.007744,3712.259000,-0.012089,-0.003482
3712.741000,-0.015659,-0.008001,3712.741000,-0.018176,-0.003746
3713.223000,-0.007435,-0.008258,3713.223000,-0.022420,-0.004009
3713.705000,-0.002397,-0.008514,3713.705000,-0.022825,-0.004274
3714.187000,0.002586,-0.008769,3714.187000,-0.021248,-0.004538
3714.669000,0.008349,-0.009023,3714.669000,-0.022404,-0.004803
3715.151000,0.011335,-0.009277,3715.151000,-0.019410,-0.005068
3715.633000,0.014609,-0.009530,3715.633000,-0.019471,-0.005333
3716.115000,0.016107,-0.009782,3716.115000,-0.018933,-0.005598
3716.597000,0.016122,-0.010034,3716.597000,-0.022051,-0.005863
3717.079000,0.012959,-0.010284,3717.079000,-0.024460,-0.006128
3717.561000,0.012358,-0.010534,3717.561000,-0.026451,-0.006393
3718.043000,0.012914,-0.010782,3718.043000,-0.027093,-0.006657
3718.525000,0.011963,-0.011029,3718.525000,-0.029997,-0.006922
3719.007000,0.011362,-0.011275,3719.007000,-0.032143,-0.007186
3719.489000,0.008806,-0.011520,3719.489000,-0.031641,-0.007450
3719.971000,0.007473,-0.011764,3719.971000,-0.028684,-0.007714
3720.453000,0.006386,-0.012006,3720.453000,-0.027065,-0.007978
3720.935000,0.007722,-0.012247,3720.935000,-0.024562,-0.008240
3721.417000,0.010661,-0.012487,3721.417000,-0.021325,-0.008503
3721.899000,0.011887,-0.012725,3721.899000,-0.019972,-0.008765
3722.381000,0.013037,-0.012961,3722.381000,-0.019752,-0.009026
3722.863000,0.012421,-0.013196,3722.863000,-0.019934,-0.009286
3723.345000,0.012278,-0.013429,3723.345000,-0.023249,-0.009546
3723.827000,0.013113,-0.013661,3723.827000,-0.028276,-0.009805
3724.309000,0.015991,-0.013891,3724.309000,-0.036486,-0.010063
3724.791000,0.017329,-0.014119,3724.791000,-0.043480,-0.010320
3725.273000,0.014320,-0.014345,3725.273000,-0.053167,-0.010576
3725.755000,0.012482,-0.014570,3725.755000,-0.061214,-0.010832
3726.237000,0.009078,-0.014792,3726.237000,-0.065767,-0.011086
3726.719000,0.003418,-0.015012,3726.719000,-0.066766,-0.011339
3727.201000,-0.001480,-0.015231,3727.201000,-0.068191,-0.011591
3727.683000,-0.006500,-0.015447,3727.683000,-0.064828,-0.011842
3728.165000,-0.011913,-0.015661,3728.165000,-0.059997,-0.012091
3728.647000,-0.017213,-0.015873,3728.647000,-0.053829,-0.012339
3729.129000,-0.022716,-0.016083,3729.129000,-0.042987,-0.012586
3729.611000,-0.027591,-0.016290,3729.611000,-0.032425,-0.012831
3730.093000,-0.031111,-0.016495,3730.093000,-0.019976,-0.013075
3730.575000,-0.031027,-0.016698,3730.575000,-0.003950,-0.013317
3731.057000,-0.031788,-0.016898,3731.057000,0.013321,-0.013558
3731.539000,-0.033157,-0.017096,3731.539000,0.031877,-0.013797
3732.021000,-0.031390,-0.017291,3732.021000,0.052889,-0.014034
3732.503000,-0.027631,-0.017483,3732.503000,0.070421,-0.014270
3732.985000,-0.024264,-0.017673,3732.985000,0.087772,-0.014504
3733.467000,-0.019685,-0.017860,3733.467000,0.102134,-0.014736
3733.949000,-0.014761,-0.018045,3733.949000,0.112329,-0.014966
3734.431000,-0.008157,-0.018227,3734.431000,0.119149,-0.015194
3734.913000,-0.002118,-0.018406,3734.913000,0.121315,-0.015419
3735.395000,0.006531,-0.018582,3735.395000,0.119752,-0.015643
3735.877000,0.011304,-0.018755,3735.877000,0.116706,-0.015865
3736.359000,0.013193,-0.018925,3736.359000,0.112954,-0.016085
3736.841000,0.013974,-0.019092,3736.841000,0.108501,-0.016302
3737.323000,0.012925,-0.019256,3737.323000,0.103365,-0.016517
3737.805000,0.007702,-0.019417,3737.805000,0.099472,-0.016730
3738.287000,0.000352,-0.019575,3738.287000,0.093437,-0.016940
3738.769000,-0.007217,-0.019729,3738.769000,0.086500,-0.017148
3739.251000,-0.016672,-0.019881,3739.251000,0.074167,-0.017354
3739.733000,-0.025274,-0.020029,3739.733000,0.061462,-0.017557
3740.215000,-0.032809,-0.020174,3740.215000,0.047610,-0.017757
3740.697000,-0.041279,-0.020315,3740.697000,0.033037,-0.017955
3741.179000,-0.048009,-0.020453,3741.179000,0.018230,-0.018150
3741.661000,-0.052293,-0.020588,3741.661000,0.003810,-0.018342
3742.143000,-0.052111,-0.020719,3742.143000,-0.009155,-0.018531
3742.625000,-0.053827,-0.020847,3742.625000,-0.016651,-0.018718
3743.107000,-0.052080,-0.020971,3743.107000,-0.020598,-0.018902
3743.589000,-0.046204,-0.021092,3743.589000,-0.020604,-0.019083
3744.071000,-0.040793,-0.021209,3744.071000,-0.014718,-0.019261
3744.553000,-0.034803,-0.021322,3744.553000,-0.003141,-0.019436
3745.035000,-0.031091,-0.021432,3745.035000,0.006853,-0.019608
3745.517000,-0.024958,-0.021538,3745.517000,0.017141,-0.019777
3745.999000,-0.018007,-0.021640,3745.999000,0.027154,-0.019942
3746.481000,-0.014566,-0.021738,3746.481000,0.037482,-0.020105
3746.963000,-0.011094,-0.021833,3746.963000,0.045973,-0.020264
3747.445000,-0.008566,-0.021924,3747.445000,0.050994,-0.020420
3747.927000,-0.009342,-0.022011,3747.927000,0.050896,-0.020573
3748.409000,-0.010146,-0.022094,3748.409000,0.046535,-0.020722
3748.891000,-0.013228,-0.022173,3748.891000,0.039725,-0.020868
3749.373000,-0.016298,-0.022248,3749.373000,0.031992,-0.021011
3749.855000,-0.017657,-0.022319,3749.855000,0.023070,-0.021150
3750.337000,-0.018108,-0.022386,3750.337000,0.015076,-0.021285
3750.819000,-0.020715,-0.022449,3750.819000,0.009009,-0.021417
3751.301000,-0.023898,-0.022508,3751.301000,0.006182,-0.021546
3751.783000,-0.027038,-0.022563,3751.783000,0.007244,-0.021671
3752.265000,-0.028307,-0.022613,3752.265000,0.012352,-0.021792
3752.747000,-0.031679,-0.022660,3752.747000,0.020815,-0.021909
3753.229000,-0.038852,-0.022702,3753.229000,0.031547,-0.022023
3753.711000,-0.042746,-0.022740,3753.711000,0.042037,-0.022133
3754.193000,-0.045257,-0.022774,3754.193000,0.051535,-0.022239
3754.675000,-0.049631,-0.022804,3754.675000,0.059901,-0.022341
3755.157000,-0.051322,-0.022829,3755.157000,0.068215,-0.022440
3755.639000,-0.054282,-0.022850,3755.639000,0.072862,-0.022534
3756.121000,-0.053092,-0.022867,3756.121000,0.073311,-0.022625
3756.603000,-0.048563,-0.022880,3756.603000,0.068867,-0.022711
3757.085000,-0.041215,-0.022888,3757.085000,0.061629,-0.022794
3757.567000,-0.033018,-0.022892,3757.567000,0.054464,-0.022873
3758.049000,-0.024538,-0.022891,3758.049000,0.046900,-0.022947
3758.531000,-0.016746,-0.022887,3758.531000,0.040077,-0.023018
3759.013000,-0.010072,-0.022877,3759.013000,0.032541,-0.023084
3759.495000,-0.004922,-0.022864,3759.495000,0.025593,-0.023146
3759.977000,-0.001712,-0.022845,3759.977000,0.019552,-0.023204
3760.459000,0.003294,-0.022823,3760.459000,0.015655,-0.023258
3760.941000,0.006454,-0.022796,3760.941000,0.013061,-0.023308
3761.423000,0.008445,-0.022765,3761.423000,0.011665,-0.023353
3761.905000,0.010028,-0.022729,3761.905000,0.012534,-0.023394
3762.387000,0.008798,-0.022688,3762.387000,0.013437,-0.023431
3762.869000,0.011158,-0.022644,3762.869000,0.016722,-0.023464
3763.351000,0.014263,-0.022594,3763.351000,0.020531,-0.023492
3763.833000,0.016738,-0.022541,3763.833000,0.023598,-0.023516
3764.315000,0.016453,-0.022482,3764.315000,0.027160,-0.023535
3764.797000,0.015468,-0.022420,3764.797000,0.031107,-0.023550
3765.279000,0.015822,-0.022353,3765.279000,0.035274,-0.023561
3765.761000,0.015912,-0.022281,3765.761000,0.038186,-0.023567
3766.243000,0.014497,-0.022205,3766.243000,0.039471,-0.023569
3766.725000,0.013334,-0.022124,3766.725000,0.038098,-0.023567
3767.207000,0.012237,-0.022039,3767.207000,0.035727,-0.023560
3767.689000,0.010430,-0.021949,3767.689000,0.028889,-0.023548
3768.171000,0.009883,-0.021855,3768.171000,0.019165,-0.023532
3768.653000,0.012700,-0.021757,3768.653000,0.009425,-0.023512
3769.135000,0.015137,-0.021654,3769.135000,-0.000442,-0.023487
3769.617000,0.018233,-0.021546,3769.617000,-0.009584,-0.023457
3770.099000,0.020919,-0.021434,3770.099000,-0.022580,-0.023423
3770.581000,0.021567,-0.021318,3770.581000,-0.036061,-0.023385
3771.063000,0.020140,-0.021197,3771.063000,-0.045851,-0.023342
3771.545000,0.019288,-0.021071,3771.545000,-0.052906,-0.023294
3772.027000,0.018444,-0.020942,3772.027000,-0.058020,-0.023242
3772.509000,0.014245,-0.020808,3772.509000,-0.063462,-0.023185
3772.991000,0.008633,-0.020669,3772.991000,-0.065696,-0.023124
3773.473000,0.002392,-0.020526,3773.473000,-0.066649,-0.023058
3773.955000,-0.002337,-0.020379,3773.955000,-0.065751,-0.022988
3774.437000,-0.006968,-0.020227,3774.437000,-0.063213,-0.022913
3774.919000,-0.011165,-0.020071,3774.919000,-0.060464,-0.022834
3775.401000,-0.012964,-0.019911,3775.401000,-0.054879,-0.022749
3775.883000,-0.017171,-0.019746,3775.883000,-0.047270,-0.022661
3776.365000,-0.021118,-0.019577,3776.365000,-0.040220,-0.022568
3776.847000,-0.023811,-0.019404,3776.847000,-0.034289,-0.022470
3777.329000,-0.027001,-0.019227,3777.329000,-0.027698,-0.022368
3777.811000,-0.029740,-0.019045,3777.811000,-0.020688,-0.022261
3778.293000,-0.030605,-0.018859,3778.293000,-0.015059,-0.022150
3778.775000,-0.031614,-0.018670,3778.775000,-0.011899,-0.022034
3779.257000,-0.033453,-0.018475,3779.257000,-0.011977,-0.021913
3779.739000,-0.035432,-0.018277,3779.739000,-0.010001,-0.021788
3780.221000,-0.034785,-0.018075,3780.221000,-0.010565,-0.021659
3780.703000,-0.030655,-0.017868,3780.703000,-0.010680,-0.021525
3781.185000,-0.031086,-0.017658,3781.185000,-0.012170,-0.021387
3781.667000,-0.030873,-0.017443,3781.667000,-0.014883,-0.021244
3782.149000,-0.028145,-0.017225,3782.149000,-0.016513,-0.021097
3782.631000,-0.025422,-0.017003,3782.631000,-0.017420,-0.020945
3783.113000,-0.023704,-0.016776,3783.113000,-0.018881,-0.020789
3783.595000,-0.020039,-0.016546,3783.595000,-0.018436,-0.020629
3784.077000,-0.016792,-0.016312,3784.077000,-0.019805,-0.020464
3784.559000,-0.012611,-0.016074,3784.559000,-0.020910,-0.020295
3785.041000,-0.008038,-0.015833,3785.041000,-0.021969,-0.020121
3785.523000,-0.004881,-0.015587,3785.523000,-0.024165,-0.019943
3786.005000,-0.002252,-0.015338,3786.005000,-0.026691,-0.019761
3786.487000,0.000738,-0.015085,3786.487000,-0.027895,-0.019575
3786.969000,0.004781,-0.014829,3786.969000,-0.029370,-0.019384
3787.451000,0.006411,-0.014569,3787.451000,-0.030836,-0.019189
3787.933000,0.004148,-0.014305,3787.933000,-0.034571,-0.018990
3788.415000,0.003745,-0.014038,3788.415000,-0.036878,-0.018787
3788.897000,0.003114,-0.013768,3788.897000,-0.040130,-0.018580
3789.379000,-0.000641,-0.013494,3789.379000,-0.042141,-0.018368
3789.861000,-0.005366,-0.013217,3789.861000,-0.042991,-0.018153
3790.343000,-0.008330,-0.012936,3790.343000,-0.042067,-0.017933
3790.825000,-0.012662,-0.012652,3790.825000,-0.041294,-0.017709
3791.307000,-0.016849,-0.012365,3791.307000,-0.038469,-0.017482
3791.789000,-0.021382,-0.012075,3791.789000,-0.035797,-0.017250
3792.271000,-0.024719,-0.011781,3792.271000,-0.032141,-0.017015
3792.753000,-0.028210,-0.011484,3792.753000,-0.027316,-0.016775
3793.235000,-0.030905,-0.011185,3793.235000,-0.021600,-0.016532
3793.717000,-0.032485,-0.010882,3793.717000,-0.015577,-0.016285
3794.199000,-0.033826,-0.010577,3794.199000,-0.010261,-0.016034
3794.681000,-0.034137,-0.010268,3794.681000,-0.005783,-0.015779
3795.163000,-0.033314,-0.009957,3795.163000,-0.000920,-0.015521
3795.645000,-0.032770,-0.009643,3795.645000,0.001893,-0.015259
3796.127000,-0.032106,-0.009326,3796.127000,0.004905,-0.014993
3796.609000,-0.030041,-0.009006,3796.609000,0.006710,-0.014724
3797.091000,-0.027866,-0.008684,3797.091000,0.005768,-0.014452
3797.573000,-0.025445,-0.008359,3797.573000,0.003492,-0.014175
3798.055000,-0.024378,-0.008032,3798.055000,0.000694,-0.013896
3798.537000,-0.022811,-0.007702,3798.537000,-0.004347,-0.013613
3799.019000,-0.022426,-0.007370,3799.019000,-0.008661,-0.013326
3799.501000,-0.022169,-0.007036,3799.501000,-0.015689,-0.013036
3799.983000,-0.021949,-0.006699,3799.983000,-0.021806,-0.012743
3800.465000,-0.022297,-0.006360,3800.465000,-0.026268,-0.012447
3800.947000,-0.023209,-0.006019,3800.947000,-0.030133,-0.012148
3801.429000,-0.024832,-0.005676,3801.429000,-0.031757,-0.011845
3801.911000,-0.026617,-0.005330,3801.911000,-0.030264,-0.011540
3802.393000,-0.028868,-0.004983,3802.393000,-0.027205,-0.011231
3802.875000,-0.031345,-0.004634,3802.875000,-0.023415,-0.010920
3803.357000,-0.033316,-0.004283,3803.357000,-0.019633,-0.010605
3803.839000,-0.036866,-0.003930,3803.839000,-0.016912,-0.010288
3804.321000,-0.038581,-0.003576,3804.321000,-0.016189,-0.009968
3804.803000,-0.039213,-0.003220,3804.803000,-0.014721,-0.009645
3805.285000,-0.037931,-0.002862,3805.285000,-0.014838,-0.009319
3805.767000,-0.036118,-0.002503,3805.767000,-0.015877,-0.008991
3806.249000,-0.032648,-0.002142,3806.249000,-0.019395,-0.008660
3806.731000,-0.027957,-0.001780,3806.731000,-0.022173,-0.008327
3807.213000,-0.023199,-0.001417,3807.213000,-0.024425,-0.007991
3807.695000,-0.016137,-0.001052,3807.695000,-0.026935,-0.007653
3808.177000,-0.010864,-0.000686,3808.177000,-0.028393,-0.007312
3808.659000,-0.005636,-0.000319,3808.659000,-0.028603,-0.006970
3809.141000,-0.001838,0.000048,3809.141000,-0.028590,-0.006625
3809.623000,0.001196,0.000417,3809.623000,-0.029251,-0.006278
3810.105000,0.002545,0.000787,3810.105000,-0.030438,-0.005928
3810.587000,0.001954,0.001158,3810.587000,-0.031743,-0.005577
3811.069000,0.002213,0.001529,3811.069000,-0.033028,-0.005224
3811.551000,0.002363,0.001901,3811.551000,-0.030983,-0.004869
3812.033000,0.002353,0.002274,3812.033000,-0.030859,-0.004511
3812.515000,0.002128,0.002647,3812.515000,-0.028438,-0.004153
3812.997000,0.003161,0.003021,3812.997000,-0.025839,-0.003792
3813.479000,0.005813,0.003395,3813.479000,-0.020387,-0.003430
3813.961000,0.010024,0.003769,3813.961000,-0.011376,-0.003066
3814.443000,0.017049,0.004144,3814.443000,-0.000316,-0.002701
3814.925000,0.020490,0.004519,3814.925000,0.011560,-0.002334
3815.407000,0.025275,0.004894,3815.407000,0.023668,-0.001966
3815.889000,0.031026,0.005269,3815.889000,0.035125,-0.001597
3816.371000,0.033963,0.005644,3816.371000,0.045657,-0.001226
3816.853000,0.033988,0.006019,3816.853000,0.055184,-0.000855
3817.335000,0.035535,0.006393,3817.335000,0.061711,-0.000482
3817.817000,0.036564,0.006768,3817.817000,0.064253,-0.000108
3818.299000,0.034148,0.007142,3818.299000,0.062624,0.000267
3818.781000,0.031611,0.007515,3818.781000,0.056667,0.000643
3819.263000,0.027754,0.007888,3819.263000,0.049438,0.001019
3819.745000,0.025699,0.008261,3819.745000,0.038811,0.001396
3820.227000,0.024740,0.008632,3820.227000,0.028964,0.001774
3820.709000,0.026850,0.009004,3820.709000,0.024093,0.002153
3821.191000,0.029169,0.009374,3821.191000,0.019453,0.002532
3821.673000,0.030926,0.009743,3821.673000,0.015876,0.002911
3822.155000,0.032315,0.010112,3822.155000,0.014915,0.003291
3822.637000,0.033333,0.010479,3822.637000,0.018588,0.003671
3823.119000,0.031944,0.010846,3823.119000,0.021891,0.004051
3823.601000,0.029928,0.011211,3823.601000,0.027796,0.004432
3824.083000,0.029784,0.011575,3824.083000,0.031684,0.004812
3824.565000,0.026869,0.011937,3824.565000,0.035429,0.005193
3825.047000,0.021098,0.012298,3825.047000,0.037953,0.005573
3825.529000,0.014224,0.012658,3825.529000,0.038007,0.005954
3826.011000,0.005795,0.013016,3826.011000,0.037218,0.006334
3826.493000,-0.001143,0.013373,3826.493000,0.034908,0.006714
3826.975000,-0.007376,0.013728,3826.975000,0.034979,0.007093
3827.457000,-0.011297,0.014081,3827.457000,0.038451,0.007472
3827.939000,-0.016092,0.014432,3827.939000,0.041532,0.007850
3828.421000,-0.020694,0.014781,3828.421000,0.046523,0.008228
3828.903000,-0.026054,0.015128,3828.903000,0.053453,0.008605
3829.385000,-0.028371,0.015473,3829.385000,0.062048,0.008982
3829.867000,-0.030554,0.015816,3829.867000,0.067908,0.009357
3830.349000,-0.031246,0.016157,3830.349000,0.076983,0.009732
3830.831000,-0.027600,0.016495,3830.831000,0.085483,0.010105
3831.313000,-0.023423,0.016831,3831.313000,0.093378,0.010478
3831.795000,-0.020353,0.017165,3831.795000,0.098501,0.010849
3832.277000,-0.015978,0.017496,3832.277000,0.102146,0.011219
3832.759000,-0.009342,0.017824,3832.759000,0.105343,0.011588
3833.241000,-0.004148,0.018150,3833.241000,0.107536,0.011956
3833.723000,-0.000254,0.018473,3833.723000,0.110947,0.012322
3834.205000,0.004113,0.018793,3834.205000,0.114422,0.012686
3834.687000,0.005145,0.019111,3834.687000,0.118604,0.013049
3835.169000,0.004038,0.019425,3835.169000,0.121854,0.013410
3835.651000,0.001745,0.019736,3835.651000,0.124034,0.013770
3836.133000,-0.003272,0.020044,3836.133000,0.127126,0.014127
3836.615000,-0.009867,0.020349,3836.615000,0.129190,0.014483
3837.097000,-0.013056,0.020651,3837.097000,0.129671,0.014837
3837.579000,-0.014168,0.020950,3837.579000,0.128714,0.015188
3838.061000,-0.019013,0.021245,3838.061000,0.124491,0.015538
3838.543000,-0.021589,0.021536,3838.543000,0.118224,0.015885
3839.025000,-0.020350,0.021825,3839.025000,0.110415,0.016230
3839.507000,-0.020420,0.022109,3839.507000,0.101102,0.016572
3839.989000,-0.018845,0.022390,3839.989000,0.094888,0.016913
3840.471000,-0.015504,0.022667,3840.471000,0.085998,0.017250
3840.953000,-0.009619,0.022941,3840.953000,0.076742,0.017585
3841.435000,-0.005769,0.023210,3841.435000,0.070093,0.017918
3841.917000,-0.001730,0.023476,3841.917000,0.064360,0.018247
3842.399000,0.002696,0.023738,3842.399000,0.057932,0.018574
3842.881000,0.005610,0.023995,3842.881000,0.056422,0.018898
3843.363000,0.008910,0.024249,3843.363000,0.055302,0.019219
3843.845000,0.012792,0.024498,3843.845000,0.054051,0.019537
3844.327000,0.014496,0.024743,3844.327000,0.054045,0.019852
3844.809000,0.013196,0.024984,3844.809000,0.053233,0.020164
3845.291000,0.012145,0.025221,3845.291000,0.053218,0.020473
3845.773000,0.008334,0.025453,3845.773000,0.053234,0.020778
3846.255000,0.003085,0.025681,3846.255000,0.055466,0.021080
3846.737000,-0.000824,0.025904,3846.737000,0.055822,0.021378
3847.219000,-0.005973,0.026123,3847.219000,0.050354,0.021673
3847.701000,-0.011787,0.026337,3847.701000,0.046614,0.021964
3848.183000,-0.019642,0.026546,3848.183000,0.041160,0.022252
3848.665000,-0.027498,0.026751,3848.665000,0.031427,0.022536
3849.147000,-0.032940,0.026951,3849.147000,0.017755,0.022816
3849.629000,-0.040115,0.027145,3849.629000,0.005006,0.023092
3850.111000,-0.046164,0.027336,3850.111000,-0.009743,0.023365
3850.593000,-0.049003,0.027521,3850.593000,-0.024750,0.023633
3851.075000,-0.049009,0.027701,3851.075000,-0.039205,0.023898
3851.557000,-0.045321,0.027876,3851.557000,-0.057068,0.024158
3852.039000,-0.036009,0.028046,3852.039000,-0.069816,0.024414
3852.521000,-0.024487,0.028211,3852.521000,-0.077973,0.024666
3853.003000,-0.011535,0.028371,3853.003000,-0.079287,0.024914
3853.485000,0.001559,0.028525,3853.485000,-0.075547,0.025157
3853.967000,0.014091,0.028674,3853.967000,-0.064624,0.025396
3854.449000,0.025259,0.028818,3854.449000,-0.049280,0.025630
3854.931000,0.033508,0.028957,3854.931000,-0.032129,0.025860
3855.413000,0.038517,0.029090,3855.413000,-0.011356,0.026085
3855.895000,0.040870,0.029217,3855.895000,0.009723,0.026306
3856.377000,0.036520,0.029340,3856.377000,0.031175,0.026522
3856.859000,0.030756,0.029456,3856.859000,0.049186,0.026733
3857.341000,0.022658,0.029567,3857.341000,0.064446,0.026939
3857.823000,0.015689,0.029673,3857.823000,0.075719,0.027141
3858.305000,0.008541,0.029773,3858.305000,0.082264,0.027338
3858.787000,0.002723,0.029867,3858.787000,0.089078,0.027529
3859.269000,-0.004061,0.029956,3859.269000,0.093223,0.027716
3859.751000,-0.009014,0.030038,3859.751000,0.095799,0.027897
3860.233000,-0.010606,0.030115,3860.233000,0.097215,0.028074
3860.715000,-0.010727,0.030187,3860.715000,0.097249,0.028245
3861.197000,-0.009010,0.030252,3861.197000,0.096099,0.028411
3861.679000,-0.008867,0.030312,3861.679000,0.096274,0.028572
3862.161000,-0.009176,0.030365,3862.161000,0.095730,0.028728
3862.643000,-0.010056,0.030413,3862.643000,0.093065,0.028878
3863.125000,-0.012006,0.030455,3863.125000,0.090212,0.029023
3863.607000,-0.013637,0.030491,3863.607000,0.088023,0.029162
3864.089000,-0.017007,0.030521,3864.089000,0.086105,0.029296
3864.571000,-0.020177,0.030544,3864.571000,0.086718,0.029424
3865.053000,-0.025624,0.030562,3865.053000,0.089078,0.029547
3865.535000,-0.030866,0.030574,3865.535000,0.089710,0.029664
3866.017000,-0.035937,0.030580,3866.017000,0.090034,0.029776
3866.499000,-0.038449,0.030580,3866.499000,0.091539,0.029882
3866.981000,-0.039763,0.030573,3866.981000,0.094044,0.029982
3867.463000,-0.041955,0.030561,3867.463000,0.097832,0.030076
3867.945000,-0.043117,0.030542,3867.945000,0.103850,0.030165
3868.427000,-0.045238,0.030518,3868.427000,0.106398,0.030248
3868.909000,-0.046043,0.030487,3868.909000,0.107859,0.030325
3869.391000,-0.045484,0.030450,3869.391000,0.108939,0.030396
3869.873000,-0.045256,0.030407,3869.873000,0.109327,0.030461
3870.355000,-0.043492,0.030357,3870.355000,0.110710,0.030521
3870.837000,-0.040777,0.030302,3870.837000,0.108308,0.030574
3871.319000,-0.035687,0.030240,3871.319000,0.107174,0.030621
3871.801000,-0.029498,0.030172,3871.801000,0.104007,0.030663
3872.283000,-0.019928,0.030098,3872.283000,0.097281,0.030698
3872.765000,-0.012391,0.030018,3872.765000,0.091304,0.030728
3873.247000,-0.006078,0.029932,3873.247000,0.085852,0.030751
3873.729000,0.000624,0.029839,3873.729000,0.080662,0.030768
3874.211000,0.004564,0.029740,3874.211000,0.076104,0.030779
3874.693000,0.008000,0.029635,3874.693000,0.073126,0.030784
3875.175000,0.009631,0.029524,3875.175000,0.068390,0.030783
3875.657000,0.010274,0.029407,3875.657000,0.065745,0.030775
3876.139000,0.009298,0.029284,3876.139000,0.063817,0.030762
3876.621000,0.005075,0.029154,3876.621000,0.062226,0.030742
3877.103000,0.001843,0.029018,3877.103000,0.062304,0.030716
3877.585000,-0.002441,0.028877,3877.585000,0.060659,0.030684
3878.067000,-0.004414,0.028729,3878.067000,0.058821,0.030646
3878.549000,-0.006980,0.028575,3878.549000,0.055797,0.030601
3879.031000,-0.007697,0.028415,3879.031000,0.051807,0.030550
3879.513000,-0.010817,0.028248,3879.513000,0.048540,0.030493
3879.995000,-0.013392,0.028076,3879.995000,0.043202,0.030430
3880.477000,-0.015031,0.027898,3880.477000,0.039845,0.030361
3880.959000,-0.018009,0.027714,3880.959000,0.035994,0.030285
3881.441000,-0.020280,0.027524,3881.441000,0.031336,0.030203
3881.923000,-0.021295,0.027327,3881.923000,0.025828,0.030114
3882.405000,-0.021177,0.027125,3882.405000,0.019919,0.030020
3882.887000,-0.021681,0.026917,3882.887000,0.015000,0.029919
3883.369000,-0.022167,0.026703,3883.369000,0.010544,0.029812
3883.851000,-0.021398,0.026484,3883.851000,0.004913,0.029699
3884.333000,-0.021128,0.026258,3884.333000,-0.002060,0.029579
3884.815000,-0.018888,0.026027,3884.815000,-0.008103,0.029454
3885.297000,-0.017765,0.025790,3885.297000,-0.010850,0.029322
3885.779000,-0.016612,0.025547,3885.779000,-0.012352,0.029184
3886.261000,-0.014659,0.025298,3886.261000,-0.011194,0.029040
3886.743000,-0.013186,0.025044,3886.743000,-0.008623,0.028889
3887.225000,-0.014466,0.024784,3887.225000,-0.004095,0.028733
3887.707000,-0.015552,0.024519,3887.707000,-0.000136,0.028570
3888.189000,-0.017963,0.024248,3888.189000,0.004519,0.028401
3888.671000,-0.018367,0.023971,3888.671000,0.009028,0.028226
3889.153000,-0.020545,0.023689,3889.153000,0.012251,0.028045
3889.635000,-0.021485,0.023402,3889.635000,0.017810,0.027858
3890.117000,-0.021461,0.023109,3890.117000,0.018823,0.027665
3890.599000,-0.019614,0.022811,3890.599000,0.017205,0.027465
3891.081000,-0.016674,0.022507,3891.081000,0.013640,0.027260
3891.563000,-0.012685,0.022199,3891.563000,0.012729,0.027049
3892.045000,-0.007996,0.021885,3892.045000,0.010849,0.026832
3892.527000,-0.005202,0.021566,3892.527000,0.009568,0.026609
3893.009000,-0.002428,0.021242,3893.009000,0.008440,0.026380
3893.491000,-0.000978,0.020913,3893.491000,0.005820,0.026146
3893.973000,-0.002674,0.020579,3893.973000,0.004352,0.025905
3894.455000,-0.004494,0.020240,3894.455000,0.003109,0.025659
3894.937000,-0.008613,0.019896,3894.937000,0.003145,0.025407
3895.419000,-0.013138,0.019547,3895.419000,0.003355,0.025149
3895.901000,-0.019732,0.019194,3895.901000,0.004614,0.024885
3896.383000,-0.023266,0.018835,3896.383000,0.006966,0.024616
3896.865000,-0.027758,0.018473,3896.865000,0.006915,0.024342
3897.347000,-0.031185,0.018105,3897.347000,0.009358,0.024061
3897.829000,-0.034524,0.017733,3897.829000,0.013154,0.023775
3898.311000,-0.033713,0.017357,3898.311000,0.021824,0.023484
3898.793000,-0.031886,0.016976,3898.793000,0.027369,0.023188
3899.275000,-0.030229,0.016591,3899.275000,0.034159,0.022886
3899.757000,-0.025590,0.016202,3899.757000,0.039329,0.022578
3900.239000,-0.019914,0.015808,3900.239000,0.043108,0.022266
3900.721000,-0.013632,0.015411,3900.721000,0.047959,0.021948
3901.203000,-0.006615,0.015009,3901.203000,0.049774,0.021625
3901.685000,-0.000555,0.014603,3901.685000,0.047914,0.021296
3902.167000,0.005168,0.014194,3902.167000,0.045337,0.020963
3902.649000,0.009282,0.013780,3902.649000,0.040387,0.020625
3903.131000,0.012162,0.013363,3903.131000,0.030968,0.020281
3903.613000,0.012312,0.012942,3903.613000,0.021388,0.019933
3904.095000,0.012363,0.012518,3904.095000,0.012473,0.019580
3904.577000,0.010081,0.012090,3904.577000,0.006899,0.019222
3905.059000,0.008161,0.011659,3905.059000,0.003111,0.018860
3905.541000,0.002802,0.011224,3905.541000,-0.002038,0.018492
3906.023000,-0.001535,0.010786,3906.023000,-0.003628,0.018121
3906.505000,-0.006665,0.010344,3906.505000,-0.004883,0.017744
3906.987000,-0.010785,0.009900,3906.987000,-0.003556,0.017363
3907.469000,-0.014412,0.009452,3907.469000,-0.002457,0.016978
3907.951000,-0.018384,0.009002,3907.951000,-0.002423,0.016588
3908.433000,-0.020369,0.008548,3908.433000,-0.003419,0.016194
3908.915000,-0.022658,0.008092,3908.915000,-0.001653,0.015796
3909.397000,-0.024821,0.007633,3909.397000,-0.003258,0.015394
3909.879000,-0.025106,0.007171,3909.879000,-0.007606,0.014987
3910.361000,-0.024811,0.006707,3910.361000,-0.011622,0.014577
3910.843000,-0.024195,0.006241,3910.843000,-0.013695,0.014162
3911.325000,-0.025082,0.005772,3911.325000,-0.011156,0.013744
3911.807000,-0.024958,0.005300,3911.807000,-0.009388,0.013322
3912.289000,-0.025569,0.004827,3912.289000,-0.008838,0.012897
3912.771000,-0.026026,0.004351,3912.771000,-0.004812,0.012467
3913.253000,-0.028339,0.003874,3913.253000,-0.002793,0.012034
3913.735000,-0.031184,0.003394,3913.735000,-0.000427,0.011598
3914.217000,-0.035428,0.002913,3914.217000,0.000535,0.011158
3914.699000,-0.037009,0.002430,3914.699000,0.002474,0.010715
3915.181000,-0.036568,0.001945,3915.181000,0.004375,0.010269
3915.663000,-0.037566,0.001458,3915.663000,0.005849,0.009819
3916.145000,-0.037376,0.000971,3916.145000,0.003240,0.009366
3916.627000,-0.037461,0.000481,3916.627000,-0.000517,0.008911
3917.109000,-0.037447,-0.000009,3917.109000,-0.004435,0.008452
3917.591000,-0.036891,-0.000501,3917.591000,-0.006780,0.007991
3918.073000,-0.035343,-0.000993,3918.073000,-0.006233,0.007527
3918.555000,-0.032985,-0.001487,3918.555000,-0.008107,0.007060
3919.037000,-0.032998,-0.001982,3919.037000,-0.010034,0.006591
3919.519000,-0.032053,-0.002477,3919.519000,-0.010444,0.006119
3920.001000,-0.031944,-0.002973,3920.001000,-0.012170,0.005645
3920.483000,-0.033668,-0.003470,3920.483000,-0.015064,0.005168
3920.965000,-0.032394,-0.003967,3920.965000,-0.015890,0.004690
3921.447000,-0.028321,-0.004465,3921.447000,-0.013734,0.004209
3921.929000,-0.023869,-0.004963,3921.929000,-0.011894,0.003726
3922.411000,-0.020139,-0.005461,3922.411000,-0.012037,0.003241
3922.893000,-0.016881,-0.005959,3922.893000,-0.014025,0.002755
3923.375000,-0.014390,-0.006457,3923.375000,-0.014297,0.002266
3923.857000,-0.011358,-0.006955,3923.857000,-0.013181,0.001776
3924.339000,-0.009725,-0.007453,3924.339000,-0.009823,0.001285
3924.821000,-0.009552,-0.007951,3924.821000,-0.006297,0.000792
3925.303000,-0.009732,-0.008448,3925.303000,-0.003288,0.000297
3925.785000,-0.010907,-0.008945,3925.785000,0.000597,-0.000198
3926.267000,-0.011426,-0.009441,3926.267000,0.002917,-0.000695
3926.749000,-0.014767,-0.009937,3926.749000,0.004768,-0.001193
3927.231000,-0.017982,-0.010431,3927.231000,0.005875,-0.001692
3927.713000,-0.020687,-0.010925,3927.713000,0.007529,-0.002192
3928.195000,-0.023355,-0.011418,3928.195000,0.008380,-0.002693
3928.677000,-0.023565,-0.011909,3928.677000,0.004693,-0.003194
3929.159000,-0.024722,-0.012400,3929.159000,-0.001186,-0.003696
3929.641000,-0.026403,-0.012889,3929.641000,-0.007957,-0.004198
3930.123000,-0.028088,-0.013377,3930.123000,-0.013736,-0.004701
3930.605000,-0.029189,-0.013863,3930.605000,-0.020319,-0.005204
3931.087000,-0.029336,-0.014348,3931.087000,-0.026127,-0.005707
3931.569000,-0.029266,-0.014830,3931.569000,-0.033980,-0.006211
3932.051000,-0.026977,-0.015312,3932.051000,-0.040545,-0.006714
3932.533000,-0.024115,-0.015791,3932.533000,-0.045382,-0.007218
3933.015000,-0.021521,-0.016268,3933.015000,-0.049417,-0.007721
3933.497000,-0.019120,-0.016743,3933.497000,-0.052044,-0.008223
3933.979000,-0.015854,-0.017216,3933.979000,-0.052989,-0.008726
3934.461000,-0.013576,-0.017686,3934.461000,-0.053805,-0.009228
3934.943000,-0.009497,-0.018154,3934.943000,-0.053415,-0.009729
3935.425000,-0.004372,-0.018620,3935.425000,-0.053697,-0.010229
3935.907000,-0.001565,-0.019083,3935.907000,-0.051816,-0.010729
3936.389000,0.000437,-0.019543,3936.389000,-0.050806,-0.011228
3936.871000,0.001168,-0.020001,3936.871000,-0.047389,-0.011726
3937.353000,0.000789,-0.020455,3937.353000,-0.043040,-0.012222
3937.835000,-0.000969,-0.020907,3937.835000,-0.037488,-0.012718
3938.317000,-0.004250,-0.021355,3938.317000,-0.032915,-0.013212
3938.799000,-0.008178,-0.021800,3938.799000,-0.027380,-0.013705
3939.281000,-0.013325,-0.022242,3939.281000,-0.021099,-0.014196
3939.763000,-0.018882,-0.022681,3939.763000,-0.015118,-0.014685
3940.245000,-0.022904,-0.023116,3940.245000,-0.009832,-0.015173
3940.727000,-0.026441,-0.023547,3940.727000,-0.006009,-0.015659
3941.209000,-0.030468,-0.023975,3941.209000,-0.003216,-0.016143
3941.691000,-0.034614,-0.024399,3941.691000,-0.000984,-0.016625
3942.173000,-0.037515,-0.024819,3942.173000,-0.001260,-0.017105
3942.655000,-0.039907,-0.025235,3942.655000,-0.001898,-0.017582
3943.137000,-0.042607,-0.025647,3943.137000,-0.004808,-0.018058
3943.619000,-0.046120,-0.026055,3943.619000,-0.005840,-0.018530
3944.101000,-0.048553,-0.026459,3944.101000,-0.007820,-0.019001
3944.583000,-0.051190,-0.026858,3944.583000,-0.010525,-0.019468
3945.065000,-0.053291,-0.027253,3945.065000,-0.013794,-0.019933
3945.547000,-0.055798,-0.027644,3945.547000,-0.016838,-0.020395
3946.029000,-0.057036,-0.028030,3946.029000,-0.019494,-0.020854
3946.511000,-0.056731,-0.028411,3946.511000,-0.020966,-0.021310
3946.993000,-0.053692,-0.028787,3946.993000,-0.022242,-0.021763
3947.475000,-0.051263,-0.029159,3947.475000,-0.024081,-0.022213
3947.957000,-0.049058,-0.029525,3947.957000,-0.025462,-0.022659
3948.439000,-0.046271,-0.029887,3948.439000,-0.024362,-0.023102
3948.921000,-0.042222,-0.030243,3948.921000,-0.023502,-0.023541
3949.403000,-0.037991,-0.030594,3949.403000,-0.022784,-0.023977
3949.885000,-0.035151,-0.030940,3949.885000,-0.021710,-0.024409
3950.367000,-0.031358,-0.031281,3950.367000,-0.019335,-0.024837
3950.849000,-0.025941,-0.031616,3950.849000,-0.018028,-0.025262
3951.331000,-0.022904,-0.031946,3951.331000,-0.018774,-0.025682
3951.813000,-0.020150,-0.032270,3951.813000,-0.018487,-0.026098
3952.295000,-0.019214,-0.032588,3952.295000,-0.017444,-0.026510
3952.777000,-0.015758,-0.032900,3952.777000,-0.017415,-0.026918
3953.259000,-0.014031,-0.033207,3953.259000,-0.018025,-0.027321
3953.741000,-0.011605,-0.033508,3953.741000,-0.018653,-0.027720
3954.223000,-0.009550,-0.033803,3954.223000,-0.019327,-0.028115
3954.705000,-0.007943,-0.034092,3954.705000,-0.019111,-0.028504
3955.187000,-0.007941,-0.034374,3955.187000,-0.017554,-0.028889
3955.669000,-0.007785,-0.034651,3955.669000,-0.014426,-0.029269
3956.151000,-0.007407,-0.034921,3956.151000,-0.013362,-0.029645
3956.633000,-0.008021,-0.035185,3956.633000,-0.012145,-0.030015
3957.115000,-0.007855,-0.035442,3957.115000,-0.008515,-0.030380
3957.597000,-0.008274,-0.035693,3957.597000,-0.008532,-0.030740
3958.079000,-0.008284,-0.035937,3958.079000,-0.009084,-0.031095
3958.561000,-0.009816,-0.036175,3958.561000,-0.008573,-0.031444
3959.043000,-0.011970,-0.036407,3959.043000,-0.008781,-0.031788
3959.525000,-0.012408,-0.036631,3959.525000,-0.010794,-0.032127
3960.007000,-0.015148,-0.036849,3960.007000,-0.013734,-0.032460
3960.489000,-0.015558,-0.037060,3960.489000,-0.016720,-0.032787
3960.971000,-0.016665,-0.037263,3960.971000,-0.020247,-0.033109
3961.453000,-0.018000,-0.037460,3961.453000,-0.023820,-0.033424
3961.935000,-0.020830,-0.037650,3961.935000,-0.026992,-0.033734
3962.417000,-0.023067,-0.037833,3962.417000,-0.029010,-0.034038
3962.899000,-0.026314,-0.038009,3962.899000,-0.032667,-0.034336
3963.381000,-0.029788,-0.038178,3963.381000,-0.034464,-0.034628
3963.863000,-0.032963,-0.038339,3963.863000,-0.034755,-0.034913
3964.345000,-0.034510,-0.038493,3964.345000,-0.037072,-0.035193
3964.827000,-0.033650,-0.038640,3964.827000,-0.039450,-0.035466
3965.309000,-0.033445,-0.038780,3965.309000,-0.042228,-0.035732
3965.791000,-0.033722,-0.038912,3965.791000,-0.044753,-0.035993
3966.273000,-0.034117,-0.039037,3966.273000,-0.047913,-0.036246
3966.755000,-0.033762,-0.039154,3966.755000,-0.051520,-0.036493
3967.237000,-0.030374,-0.039263,3967.237000,-0.055119,-0.036734
3967.719000,-0.028866,-0.039365,3967.719000,-0.058193,-0.036968
3968.201000,-0.026745,-0.039460,3968.201000,-0.060407,-0.037194
3968.683000,-0.026522,-0.039547,3968.683000,-0.061907,-0.037415
3969.165000,-0.027318,-0.039626,3969.165000,-0.062916,-0.037628
3969.647000,-0.029255,-0.039697,3969.647000,-0.060877,-0.037834
3970.129000,-0.031888,-0.039761,3970.129000,-0.058651,-0.038033
3970.611000,-0.033893,-0.039817,3970.611000,-0.054908,-0.038225
3971.093000,-0.034361,-0.039865,3971.093000,-0.049477,-0.038410
3971.575000,-0.032089,-0.039906,3971.575000,-0.044851,-0.038588
3972.057000,-0.029680,-0.039938,3972.057000,-0.039868,-0.038759
3972.539000,-0.028389,-0.039963,3972.539000,-0.034689,-0.038922
3973.021000,-0.027342,-0.039980,3973.021000,-0.031054,-0.039078
3973.503000,-0.024586,-0.039989,3973.503000,-0.027015,-0.039227
3973.985000,-0.020617,-0.039989,3973.985000,-0.022480,-0.039368
3974.467000,-0.019164,-0.039982,3974.467000,-0.019241,-0.039502
3974.949000,-0.016536,-0.039967,3974.949000,-0.018053,-0.039629
3975.431000,-0.016354,-0.039945,3975.431000,-0.016190,-0.039747
3975.913000,-0.019552,-0.039914,3975.913000,-0.016138,-0.039859
3976.395000,-0.024203,-0.039875,3976.395000,-0.017510,-0.039962
3976.877000,-0.027793,-0.039828,3976.877000,-0.018714,-0.040058
3977.359000,-0.032029,-0.039773,3977.359000,-0.019827,-0.040146
3977.841000,-0.033607,-0.039710,3977.841000,-0.020817,-0.040227
3978.323000,-0.032822,-0.039639,3978.323000,-0.023795,-0.040299
3978.805000,-0.034534,-0.039560,3978.805000,-0.027442,-0.040364
3979.287000,-0.036193,-0.039473,3979.287000,-0.029935,-0.040422
3979.769000,-0.038920,-0.039378,3979.769000,-0.033315,-0.040471
3980.251000,-0.039917,-0.039275,3980.251000,-0.034645,-0.040512
3980.733000,-0.039619,-0.039164,3980.733000,-0.036613,-0.040546
3981.215000,-0.037063,-0.039044,3981.215000,-0.040268,-0.040571
3981.697000,-0.035226,-0.038917,3981.697000,-0.043582,-0.040589
3982.179000,-0.035312,-0.038782,3982.179000,-0.045317,-0.040598
3982.661000,-0.035350,-0.038639,3982.661000,-0.047221,-0.040600
3983.143000,-0.034509,-0.038488,3983.143000,-0.047401,-0.040594
3983.625000,-0.032112,-0.038329,3983.625000,-0.043461,-0.040579
3984.107000,-0.029652,-0.038162,3984.107000,-0.042018,-0.040557
3984.589000,-0.024893,-0.037987,3984.589000,-0.038836,-0.040526
3985.071000,-0.020567,-0.037804,3985.071000,-0.035431,-0.040488
3985.553000,-0.018417,-0.037613,3985.553000,-0.031143,-0.040441
3986.035000,-0.013627,-0.037415,3986.035000,-0.024817,-0.040387
3986.517000,-0.010855,-0.037208,3986.517000,-0.019836,-0.040324
3986.999000,-0.006499,-0.036994,3986.999000,-0.014884,-0.040253
3987.481000,-0.001435,-0.036772,3987.481000,-0.014323,-0.040174
3987.963000,0.004276,-0.036542,3987.963000,-0.013313,-0.040087
3988.445000,0.006271,-0.036304,3988.445000,-0.014598,-0.039992
3988.927000,0.008380,-0.036059,3988.927000,-0.016484,-0.039889
3989.409000,0.010187,-0.035806,3989.409000,-0.016068,-0.039778
3989.891000,0.012664,-0.035545,3989.891000,-0.013730,-0.039658
3990.373000,0.013617,-0.035277,3990.373000,-0.011816,-0.039531
3990.855000,0.014380,-0.035002,3990.855000,-0.009463,-0.039395
3991.337000,0.016803,-0.034718,3991.337000,-0.006505,-0.039252
3991.819000,0.019637,-0.034427,3991.819000,-0.003085,-0.039100
3992.301000,0.022435,-0.034129,3992.301000,0.000524,-0.038941
3992.783000,0.026582,-0.033824,3992.783000,0.002690,-0.038773
3993.265000,0.030436,-0.033511,3993.265000,0.004375,-0.038597
3993.747000,0.035729,-0.033191,3993.747000,0.004562,-0.038414
3994.229000,0.041004,-0.032863,3994.229000,0.002819,-0.038222
3994.711000,0.046214,-0.032528,3994.711000,0.002406,-0.038023
3995.193000,0.050422,-0.032187,3995.193000,-0.002047,-0.037815
3995.675000,0.056184,-0.031838,3995.675000,-0.006546,-0.037600
3996.157000,0.060555,-0.031482,3996.157000,-0.010439,-0.037377
3996.639000,0.065037,-0.031119,3996.639000,-0.013564,-0.037146
3997.121000,0.067406,-0.030749,3997.121000,-0.016475,-0.036908
3997.603000,0.069798,-0.030373,3997.603000,-0.018849,-0.036661
3998.085000,0.071767,-0.029989,3998.085000,-0.020667,-0.036407
3998.567000,0.073359,-0.029599,3998.567000,-0.021815,-0.036145
3999.049000,0.074623,-0.029202,3999.049000,-0.022179,-0.035875
3999.531000,0.075608,-0.028799,3999.531000,-0.021645,-0.035598
4000.013000,0.076361,-0.028389,4000.013000,-0.020100,-0.035314
4000.495000,0.076931,-0.027972,4000.495000,-0.017428,-0.035021
