wn1,R_obs1,R_fit1,wn2,R_obs2,R_fit2
1556.755000,-0.077316,0.097211,1556.755000,0.032509,0.083522
1557.237000,-0.075526,0.097888,1557.237000,0.013145,0.084101
1557.719000,-0.071101,0.098576,1557.719000,-0.004279,0.084691
1558.201000,-0.064781,0.099277,1558.201000,-0.019755,0.085291
1558.683000,-0.057307,0.099989,1558.683000,-0.033275,0.085901
1559.165000,-0.049420,0.100714,1559.165000,-0.044830,0.086522
1559.647000,-0.041860,0.101451,1559.647000,-0.054413,0.087153
1560.129000,-0.035369,0.102201,1560.129000,-0.062016,0.087796
1560.611000,-0.032289,0.102965,1560.611000,-0.067458,0.088450
1561.093000,-0.032966,0.103743,1561.093000,-0.069262,0.089116
1561.575000,-0.036413,0.104534,1561.575000,-0.070037,0.089794
1562.057000,-0.044272,0.105340,1562.057000,-0.069549,0.090484
1562.539000,-0.051430,0.106161,1562.539000,-0.069746,0.091188
1563.021000,-0.054874,0.106997,1563.021000,-0.067974,0.091904
1563.503000,-0.058958,0.107849,1563.503000,-0.068124,0.092633
1563.985000,-0.061276,0.108716,1563.985000,-0.068982,0.093376
1564.467000,-0.060464,0.109601,1564.467000,-0.068802,0.094134
1564.949000,-0.058350,0.110502,1564.949000,-0.068509,0.094906
1565.431000,-0.056770,0.111420,1565.431000,-0.067984,0.095693
1565.913000,-0.053723,0.112357,1565.913000,-0.067747,0.096495
1566.395000,-0.047408,0.113312,1566.395000,-0.066064,0.097313
1566.877000,-0.041962,0.114286,1566.877000,-0.062508,0.098147
1567.359000,-0.035835,0.115279,1567.359000,-0.058243,0.098998
1567.841000,-0.027139,0.116293,1567.841000,-0.052491,0.099867
1568.323000,-0.015482,0.117327,1568.323000,-0.045159,0.100752
1568.805000,-0.001883,0.118383,1568.805000,-0.037348,0.101657
1569.287000,0.013014,0.119460,1569.287000,-0.029599,0.102580
1569.769000,0.029726,0.120560,1569.769000,-0.018265,0.103522
1570.251000,0.044011,0.121684,1570.251000,-0.008693,0.104485
1570.733000,0.057119,0.122831,1570.733000,0.002621,0.105467
1571.215000,0.069981,0.124003,1571.215000,0.014121,0.106472
1571.697000,0.079217,0.125201,1571.697000,0.024367,0.107498
1572.179000,0.086051,0.126425,1572.179000,0.031693,0.108546
1572.661000,0.094458,0.127677,1572.661000,0.039389,0.109618
1573.143000,0.101517,0.128956,1573.143000,0.045044,0.110714
1573.625000,0.108917,0.130264,1573.625000,0.049489,0.111835
1574.107000,0.120777,0.131603,1574.107000,0.058159,0.112982
1574.589000,0.134828,0.132972,1574.589000,0.065828,0.114155
1575.071000,0.152395,0.134373,1575.071000,0.078334,0.115356
1575.553000,0.170138,0.135808,1575.553000,0.091595,0.116585
1576.035000,0.188830,0.137276,1576.035000,0.106260,0.117843
1576.517000,0.206302,0.138780,1576.517000,0.123904,0.119131
1576.999000,0.222974,0.140321,1576.999000,0.138704,0.120451
1577.481000,0.238873,0.141900,1577.481000,0.154878,0.121804
1577.963000,0.253138,0.143518,1577.963000,0.169638,0.123190
1578.445000,0.263661,0.145176,1578.445000,0.181088,0.124611
1578.927000,0.272224,0.146877,1578.927000,0.189112,0.126068
1579.409000,0.279630,0.148621,1579.409000,0.193448,0.127563
1579.891000,0.283631,0.150411,1579.891000,0.195642,0.129096
1580.373000,0.289166,0.152248,1580.373000,0.198812,0.130670
1580.855000,0.294355,0.154133,1580.855000,0.203199,0.132285
1581.337000,0.300444,0.156069,1581.337000,0.204470,0.133944
1581.819000,0.307396,0.158058,1581.819000,0.209461,0.135648
1582.301000,0.310173,0.160101,1582.301000,0.212678,0.137399
1582.783000,0.316046,0.162201,1582.783000,0.218861,0.139198
1583.265000,0.320302,0.164360,1583.265000,0.224754,0.141048
1583.747000,0.326610,0.166581,1583.747000,0.230864,0.142951
1584.229000,0.333671,0.168865,1584.229000,0.241155,0.144908
1584.711000,0.340858,0.171215,1584.711000,0.251653,0.146922
1585.193000,0.347936,0.173635,1585.193000,0.261454,0.148995
1585.675000,0.352406,0.176126,1585.675000,0.270548,0.151130
1586.157000,0.357101,0.178692,1586.157000,0.280050,0.153329
1586.639000,0.360142,0.181337,1586.639000,0.290628,0.155595
1587.121000,0.362622,0.184062,1587.121000,0.298857,0.157931
1587.603000,0.362618,0.186872,1587.603000,0.306364,0.160339
1588.085000,0.363662,0.189770,1588.085000,0.314525,0.162822
1588.567000,0.364164,0.192760,1588.567000,0.323281,0.165385
1589.049000,0.360262,0.195846,1589.049000,0.329719,0.168029
1589.531000,0.358125,0.199032,1589.531000,0.336678,0.170760
1590.013000,0.353457,0.202323,1590.013000,0.340112,0.173579
1590.495000,0.352204,0.205721,1590.495000,0.343387,0.176492
1590.977000,0.351681,0.209233,1590.977000,0.347093,0.179502
1591.459000,0.350742,0.212863,1591.459000,0.348532,0.182613
1591.941000,0.348856,0.216616,1591.941000,0.348886,0.185829
1592.423000,0.347320,0.220497,1592.423000,0.346223,0.189155
1592.905000,0.347959,0.224511,1592.905000,0.344954,0.192596
1593.387000,0.348794,0.228663,1593.387000,0.340327,0.196155
1593.869000,0.348789,0.232959,1593.869000,0.332328,0.199837
1594.351000,0.347713,0.237404,1594.351000,0.327131,0.203647
1594.833000,0.345629,0.242003,1594.833000,0.323014,0.207589
1595.315000,0.344877,0.246762,1595.315000,0.318503,0.211668
1595.797000,0.341036,0.251684,1595.797000,0.313264,0.215887
1596.279000,0.336582,0.256774,1596.279000,0.309523,0.220251
1596.761000,0.331527,0.262036,1596.761000,0.305920,0.224762
1597.243000,0.325356,0.267472,1597.243000,0.301659,0.229422
1597.725000,0.318305,0.273083,1597.725000,0.299350,0.234233
1598.207000,0.310303,0.278869,1598.207000,0.295202,0.239194
1598.689000,0.303410,0.284827,1598.689000,0.293093,0.244302
1599.171000,0.299082,0.290950,1599.171000,0.289268,0.249552
1599.653000,0.297323,0.297228,1599.653000,0.288059,0.254936
1600.135000,0.295457,0.303644,1600.135000,0.285883,0.260439
1600.617000,0.293832,0.310177,1600.617000,0.283541,0.266042
1601.099000,0.291371,0.316793,1601.099000,0.283623,0.271716
1601.581000,0.288661,0.323447,1601.581000,0.281897,0.277425
1602.063000,0.287158,0.330079,1602.063000,0.281365,0.283114
1602.545000,0.283844,0.336605,1602.545000,0.279860,0.288715
1603.027000,0.279790,0.342917,1603.027000,0.278818,0.294132
1603.509000,0.274601,0.348866,1603.509000,0.277441,0.299241
1603.991000,0.268714,0.354259,1603.991000,0.272169,0.303874
1604.473000,0.265937,0.358835,1604.473000,0.270425,0.307809
1604.955000,0.261276,0.362251,1604.955000,0.267247,0.310751
1605.437000,0.255681,0.364048,1605.437000,0.264656,0.312309
1605.919000,0.247611,0.363620,1605.919000,0.261928,0.311962
1606.401000,0.242543,0.360158,1606.401000,0.261199,0.309018
1606.883000,0.237167,0.352593,1606.883000,0.257418,0.302561
1607.365000,0.231265,0.339512,1607.365000,0.250940,0.291381
1607.847000,0.224688,0.319074,1607.847000,0.244121,0.273899
1608.329000,0.217127,0.288920,1608.329000,0.235929,0.248096
1608.811000,0.209640,0.246156,1608.811000,0.229406,0.211489
1609.293000,0.201172,0.187529,1609.293000,0.220212,0.161287
1609.775000,0.195115,0.110138,1609.775000,0.211069,0.095002
1610.257000,0.188044,0.013475,1610.257000,0.201648,0.012188
1610.739000,0.184966,-0.095520,1610.739000,0.191690,-0.081223
1611.221000,0.178989,-0.191333,1611.221000,0.186828,-0.163391
1611.703000,0.171026,-0.210701,1611.703000,0.180685,-0.180124
1612.185000,0.163021,-0.046460,1612.185000,0.174878,-0.039564
1612.667000,0.154758,0.298927,1612.667000,0.170246,0.256389
1613.149000,0.148366,0.141275,1613.149000,0.165470,0.121674
1613.631000,0.142040,0.124902,1613.631000,0.161773,0.107226
1614.113000,0.134425,0.358362,1614.113000,0.155431,0.307489
1614.595000,0.126642,0.140279,1614.595000,0.149768,0.120819
1615.077000,0.118527,0.022426,1615.077000,0.144493,0.019575
1615.559000,0.111720,0.022412,1615.559000,0.136154,0.019563
1616.041000,0.105001,0.022399,1616.041000,0.126316,0.019552
1616.523000,0.100300,0.022385,1616.523000,0.117035,0.019540
1617.005000,0.094567,0.022372,1617.005000,0.108763,0.019528
1617.487000,0.092116,0.022358,1617.487000,0.098580,0.019516
1617.969000,0.087701,0.022344,1617.969000,0.087714,0.019505
1618.451000,0.085248,0.022331,1618.451000,0.077153,0.019493
1618.933000,0.083492,0.022317,1618.933000,0.068263,0.019481
1619.415000,0.081217,0.022303,1619.415000,0.061182,0.019469
1619.897000,0.078099,0.022290,1619.897000,0.056785,0.019458
1620.379000,0.075813,0.022276,1620.379000,0.055050,0.019446
1620.861000,0.073649,0.022263,1620.861000,0.049643,0.019434
1621.343000,0.071511,0.022249,1621.343000,0.044999,0.019422
1621.825000,0.070371,0.022235,1621.825000,0.040752,0.019411
1622.307000,0.069561,0.022222,1622.307000,0.035423,0.019399
1622.789000,0.068522,0.022208,1622.789000,0.032806,0.019387
1623.271000,0.067192,0.022194,1623.271000,0.028907,0.019375
1623.753000,0.067230,0.022181,1623.753000,0.026165,0.019364
1624.235000,0.067740,0.022167,1624.235000,0.020714,0.019352
1624.717000,0.067399,0.022154,1624.717000,0.015626,0.019340
1625.199000,0.066076,0.022140,1625.199000,0.013574,0.019329
1625.681000,0.065268,0.022126,1625.681000,0.011363,0.019317
1626.163000,0.064415,0.022113,1626.163000,0.009722,0.019305
1626.645000,0.063415,0.022099,1626.645000,0.008370,0.019293
1627.127000,0.062106,0.022086,1627.127000,0.007056,0.019282
1627.609000,0.061990,0.022072,1627.609000,0.005753,0.019270
1628.091000,0.062786,0.022058,1628.091000,0.004154,0.019258
1628.573000,0.062284,0.022045,1628.573000,0.004184,0.019247
1629.055000,0.062189,0.022031,1629.055000,0.005083,0.019235
1629.537000,0.062215,0.022018,1629.537000,0.007159,0.019223
1630.019000,0.062975,0.022004,1630.019000,0.009235,0.019211
1630.501000,0.065852,0.021990,1630.501000,0.014542,0.019200
1630.983000,0.067476,0.021977,1630.983000,0.020219,0.019188
1631.465000,0.069433,0.021963,1631.465000,0.028066,0.019176
1631.947000,0.071793,0.021950,1631.947000,0.036991,0.019165
1632.429000,0.074288,0.021936,1632.429000,0.045025,0.019153
1632.911000,0.075255,0.021922,1632.911000,0.052325,0.019141
1633.393000,0.076851,0.021909,1633.393000,0.060046,0.019129
1633.875000,0.075144,0.021895,1633.875000,0.068676,0.019118
1634.357000,0.076278,0.021882,1634.357000,0.074757,0.019106
1634.839000,0.073002,0.021868,1634.839000,0.078339,0.019094
1635.321000,0.071085,0.021855,1635.321000,0.079715,0.019083
1635.803000,0.068054,0.021841,1635.803000,0.079582,0.019071
1636.285000,0.066262,0.021827,1636.285000,0.080414,0.019059
1636.767000,0.063311,0.021814,1636.767000,0.078467,0.019048
1637.249000,0.062566,0.021800,1637.249000,0.076147,0.019036
1637.731000,0.061741,0.021787,1637.731000,0.075324,0.019024
1638.213000,0.061375,0.021773,1638.213000,0.077318,0.019012
1638.695000,0.060618,0.021760,1638.695000,0.077163,0.019001
1639.177000,0.063203,0.021746,1639.177000,0.078905,0.018989
1639.659000,0.062956,0.021732,1639.659000,0.081574,0.018977
1640.141000,0.061705,0.021719,1640.141000,0.084924,0.018966
1640.623000,0.059198,0.021705,1640.623000,0.090800,0.018954
1641.105000,0.058652,0.021692,1641.105000,0.093847,0.018942
1641.587000,0.054650,0.021678,1641.587000,0.096123,0.018931
1642.069000,0.056222,0.021665,1642.069000,0.097266,0.018919
1642.551000,0.055428,0.021651,1642.551000,0.099333,0.018907
1643.033000,0.056060,0.021637,1643.033000,0.101234,0.018896
1643.515000,0.053201,0.021624,1643.515000,0.100315,0.018884
1643.997000,0.051993,0.021610,1643.997000,0.099884,0.018872
1644.479000,0.050190,0.021597,1644.479000,0.098635,0.018861
1644.961000,0.047640,0.021583,1644.961000,0.094881,0.018849
1645.443000,0.044524,0.021570,1645.443000,0.087614,0.018837
1645.925000,0.044091,0.021556,1645.925000,0.082009,0.018825
1646.407000,0.038569,0.021543,1646.407000,0.074595,0.018814
1646.889000,0.033391,0.021529,1646.889000,0.066072,0.018802
1647.371000,0.029151,0.021515,1647.371000,0.059533,0.018790
1647.853000,0.025244,0.021502,1647.853000,0.052304,0.018779
1648.335000,0.023038,0.021488,1648.335000,0.046070,0.018767
1648.817000,0.023880,0.021475,1648.817000,0.043785,0.018755
1649.299000,0.025941,0.021461,1649.299000,0.044673,0.018744
1649.781000,0.028224,0.021448,1649.781000,0.046881,0.018732
1650.263000,0.028941,0.021434,1650.263000,0.050298,0.018720
1650.745000,0.029850,0.021421,1650.745000,0.050755,0.018709
1651.227000,0.030893,0.021407,1651.227000,0.046486,0.018697
1651.709000,0.031975,0.021394,1651.709000,0.038219,0.018685
1652.191000,0.033787,0.021380,1652.191000,0.026277,0.018674
1652.673000,0.035057,0.021366,1652.673000,0.016042,0.018662
1653.155000,0.034620,0.021353,1653.155000,0.006145,0.018650
1653.637000,0.034951,0.021339,1653.637000,-0.004597,0.018639
1654.119000,0.034926,0.021326,1654.119000,-0.011227,0.018627
1654.601000,0.034427,0.021312,1654.601000,-0.014489,0.018615
1655.083000,0.034447,0.021299,1655.083000,-0.014431,0.018604
1655.565000,0.035037,0.021285,1655.565000,-0.006807,0.018592
1656.047000,0.036559,0.021272,1656.047000,0.004105,0.018581
1656.529000,0.037383,0.021258,1656.529000,0.016010,0.018569
1657.011000,0.037025,0.021245,1657.011000,0.028771,0.018557
1657.493000,0.037769,0.021231,1657.493000,0.038745,0.018546
1657.975000,0.038138,0.021218,1657.975000,0.046390,0.018534
1658.457000,0.038582,0.021204,1658.457000,0.051992,0.018522
1658.939000,0.039133,0.021191,1658.939000,0.054311,0.018511
1659.421000,0.038430,0.021177,1659.421000,0.056745,0.018499
1659.903000,0.037895,0.021164,1659.903000,0.058172,0.018487
1660.385000,0.036625,0.021150,1660.385000,0.055816,0.018476
1660.867000,0.034420,0.021137,1660.867000,0.055303,0.018464
1661.349000,0.033645,0.021123,1661.349000,0.053115,0.018452
1661.831000,0.031527,0.021110,1661.831000,0.049616,0.018441
1662.313000,0.028729,0.021096,1662.313000,0.049646,0.018429
1662.795000,0.025408,0.021082,1662.795000,0.047949,0.018417
1663.277000,0.021724,0.021069,1663.277000,0.046020,0.018406
1663.759000,0.017416,0.021055,1663.759000,0.047207,0.018394
1664.241000,0.016632,0.021042,1664.241000,0.050407,0.018383
1664.723000,0.014180,0.021028,1664.723000,0.055490,0.018371
1665.205000,0.012166,0.021015,1665.205000,0.061890,0.018359
1665.687000,0.009381,0.021001,1665.687000,0.068730,0.018348
1666.169000,0.006901,0.020988,1666.169000,0.076805,0.018336
1666.651000,0.004837,0.020974,1666.651000,0.085206,0.018324
1667.133000,0.003358,0.020961,1667.133000,0.091188,0.018313
1667.615000,0.003739,0.020947,1667.615000,0.095291,0.018301
1668.097000,0.004030,0.020934,1668.097000,0.097775,0.018289
1668.579000,0.001981,0.020921,1668.579000,0.097618,0.018278
1669.061000,-0.000237,0.020907,1669.061000,0.096850,0.018266
1669.543000,-0.003027,0.020894,1669.543000,0.095561,0.018255
1670.025000,-0.004433,0.020880,1670.025000,0.093369,0.018243
1670.507000,-0.005268,0.020867,1670.507000,0.090638,0.018231
1670.989000,-0.004583,0.020853,1670.989000,0.086591,0.018220
1671.471000,-0.006108,0.020840,1671.471000,0.081962,0.018208
1671.953000,-0.007965,0.020826,1671.953000,0.075248,0.018196
1672.435000,-0.010768,0.020813,1672.435000,0.068575,0.018185
1672.917000,-0.011842,0.020799,1672.917000,0.060628,0.018173
1673.399000,-0.011854,0.020786,1673.399000,0.051878,0.018162
1673.881000,-0.010648,0.020772,1673.881000,0.043628,0.018150
1674.363000,-0.010019,0.020759,1674.363000,0.031647,0.018138
1674.845000,-0.010803,0.020745,1674.845000,0.021792,0.018127
1675.327000,-0.011469,0.020732,1675.327000,0.012647,0.018115
1675.809000,-0.010875,0.020718,1675.809000,0.006649,0.018104
1676.291000,-0.010158,0.020705,1676.291000,0.003408,0.018092
1676.773000,-0.008590,0.020691,1676.773000,0.000272,0.018080
1677.255000,-0.006795,0.020678,1677.255000,0.000195,0.018069
1677.737000,-0.006410,0.020664,1677.737000,0.000581,0.018057
1678.219000,-0.006782,0.020651,1678.219000,0.002019,0.018046
1678.701000,-0.007379,0.020637,1678.701000,0.005934,0.018034
1679.183000,-0.008577,0.020624,1679.183000,0.011240,0.018022
1679.665000,-0.009578,0.020611,1679.665000,0.015817,0.018011
1680.147000,-0.010803,0.020597,1680.147000,0.020464,0.017999
1680.629000,-0.011037,0.020584,1680.629000,0.023343,0.017988
1681.111000,-0.012766,0.020570,1681.111000,0.024766,0.017976
1681.593000,-0.014427,0.020557,1681.593000,0.026326,0.017964
1682.075000,-0.016012,0.020543,1682.075000,0.023520,0.017953
1682.557000,-0.015603,0.020530,1682.557000,0.019849,0.017941
1683.039000,-0.015578,0.020516,1683.039000,0.012911,0.017930
1683.521000,-0.015317,0.020503,1683.521000,0.004808,0.017918
1684.003000,-0.014559,0.020489,1684.003000,-0.003375,0.017906
1684.485000,-0.014494,0.020476,1684.485000,-0.013085,0.017895
1684.967000,-0.014156,0.020463,1684.967000,-0.022165,0.017883
1685.449000,-0.013153,0.020449,1685.449000,-0.027693,0.017872
1685.931000,-0.013916,0.020436,1685.931000,-0.031526,0.017860
1686.413000,-0.015049,0.020422,1686.413000,-0.033959,0.017848
1686.895000,-0.015734,0.020409,1686.895000,-0.035017,0.017837
1687.377000,-0.016337,0.020395,1687.377000,-0.034560,0.017825
1687.859000,-0.019492,0.020382,1687.859000,-0.031172,0.017814
1688.341000,-0.022249,0.020368,1688.341000,-0.029534,0.017802
1688.823000,-0.025654,0.020355,1688.823000,-0.029007,0.017791
1689.305000,-0.027929,0.020342,1689.305000,-0.026406,0.017779
1689.787000,-0.030598,0.020328,1689.787000,-0.024266,0.017767
1690.269000,-0.034127,0.020315,1690.269000,-0.023297,0.017756
1690.751000,-0.036451,0.020301,1690.751000,-0.022268,0.017744
1691.233000,-0.034482,0.020288,1691.233000,-0.022481,0.017733
1691.715000,-0.034405,0.020274,1691.715000,-0.023773,0.017721
1692.197000,-0.033031,0.020261,1692.197000,-0.020977,0.017709
1692.679000,-0.033253,0.020248,1692.679000,-0.018549,0.017698
1693.161000,-0.031965,0.020234,1693.161000,-0.016426,0.017686
1693.643000,-0.030906,0.020221,1693.643000,-0.014471,0.017675
1694.125000,-0.030058,0.020207,1694.125000,-0.012248,0.017663
1694.607000,-0.032038,0.020194,1694.607000,-0.009515,0.017652
1695.089000,-0.032760,0.020180,1695.089000,-0.005944,0.017640
1695.571000,-0.034115,0.020167,1695.571000,-0.000724,0.017629
1696.053000,-0.034114,0.020154,1696.053000,0.004560,0.017617
1696.535000,-0.034856,0.020140,1696.535000,0.011119,0.017605
1697.017000,-0.035153,0.020127,1697.017000,0.015517,0.017594
1697.499000,-0.033623,0.020113,1697.499000,0.016214,0.017582
1697.981000,-0.030367,0.020100,1697.981000,0.014565,0.017571
1698.463000,-0.031028,0.020087,1698.463000,0.009908,0.017559
1698.945000,-0.031187,0.020073,1698.945000,0.004492,0.017548
1699.427000,-0.032666,0.020060,1699.427000,-0.003965,0.017536
1699.909000,-0.032896,0.020046,1699.909000,-0.011663,0.017524
1700.391000,-0.034238,0.020033,1700.391000,-0.018768,0.017513
1700.873000,-0.037795,0.020020,1700.873000,-0.024918,0.017501
1701.355000,-0.043848,0.020006,1701.355000,-0.029456,0.017490
1701.837000,-0.048306,0.019993,1701.837000,-0.031807,0.017478
1702.319000,-0.051776,0.019979,1702.319000,-0.032950,0.017467
1702.801000,-0.055682,0.019966,1702.801000,-0.031474,0.017455
1703.283000,-0.057746,0.019953,1703.283000,-0.029051,0.017444
1703.765000,-0.058516,0.019939,1703.765000,-0.029406,0.017432
1704.247000,-0.057718,0.019926,1704.247000,-0.031123,0.017421
1704.729000,-0.056403,0.019912,1704.729000,-0.033049,0.017409
1705.211000,-0.054105,0.019899,1705.211000,-0.035218,0.017397
1705.693000,-0.051711,0.019886,1705.693000,-0.036077,0.017386
1706.175000,-0.049443,0.019872,1706.175000,-0.036566,0.017374
1706.657000,-0.043881,0.019859,1706.657000,-0.035725,0.017363
1707.139000,-0.041120,0.019845,1707.139000,-0.033985,0.017351
1707.621000,-0.039514,0.019832,1707.621000,-0.030578,0.017340
1708.103000,-0.037918,0.019819,1708.103000,-0.027229,0.017328
1708.585000,-0.036692,0.019805,1708.585000,-0.023257,0.017317
1709.067000,-0.037179,0.019792,1709.067000,-0.018272,0.017305
1709.549000,-0.039516,0.019779,1709.549000,-0.013279,0.017294
1710.031000,-0.039807,0.019765,1710.031000,-0.010251,0.017282
1710.513000,-0.042503,0.019752,1710.513000,-0.007327,0.017271
1710.995000,-0.045403,0.019738,1710.995000,-0.003715,0.017259
1711.477000,-0.048890,0.019725,1711.477000,-0.000039,0.017247
1711.959000,-0.051836,0.019712,1711.959000,0.006016,0.017236
1712.441000,-0.055245,0.019698,1712.441000,0.011710,0.017224
1712.923000,-0.059891,0.019685,1712.923000,0.017359,0.017213
1713.405000,-0.059166,0.019672,1713.405000,0.021189,0.017201
1713.887000,-0.060014,0.019658,1713.887000,0.026780,0.017190
1714.369000,-0.057874,0.019645,1714.369000,0.031759,0.017178
1714.851000,-0.054750,0.019631,1714.851000,0.033576,0.017167
1715.333000,-0.049572,0.019618,1715.333000,0.032445,0.017155
1715.815000,-0.046780,0.019605,1715.815000,0.026619,0.017144
1716.297000,-0.041386,0.019591,1716.297000,0.014905,0.017132
1716.779000,-0.035107,0.019578,1716.779000,0.001315,0.017121
1717.261000,-0.030723,0.019565,1717.261000,-0.012807,0.017109
1717.743000,-0.027000,0.019551,1717.743000,-0.026935,0.017098
1718.225000,-0.026447,0.019538,1718.225000,-0.040805,0.017086
1718.707000,-0.026350,0.019525,1718.707000,-0.052971,0.017075
1719.189000,-0.027001,0.019511,1719.189000,-0.061547,0.017063
1719.671000,-0.031173,0.019498,1719.671000,-0.066698,0.017052
1720.153000,-0.033460,0.019485,1720.153000,-0.070061,0.017040
1720.635000,-0.037553,0.019471,1720.635000,-0.067520,0.017029
1721.117000,-0.039598,0.019458,1721.117000,-0.062643,0.017017
1721.599000,-0.041321,0.019444,1721.599000,-0.057549,0.017006
1722.081000,-0.043019,0.019431,1722.081000,-0.053321,0.016994
1722.563000,-0.044576,0.019418,1722.563000,-0.050882,0.016983
1723.045000,-0.044982,0.019404,1723.045000,-0.049814,0.016971
1723.527000,-0.046106,0.019391,1723.527000,-0.048998,0.016960
1724.009000,-0.047557,0.019378,1724.009000,-0.048186,0.016948
1724.491000,-0.048874,0.019364,1724.491000,-0.049076,0.016937
1724.973000,-0.050577,0.019351,1724.973000,-0.050961,0.016925
1725.455000,-0.049902,0.019338,1725.455000,-0.052675,0.016914
1725.937000,-0.049653,0.019324,1725.937000,-0.052621,0.016902
1726.419000,-0.050435,0.019311,1726.419000,-0.052583,0.016891
1726.901000,-0.050709,0.019298,1726.901000,-0.052336,0.016879
1727.383000,-0.050232,0.019284,1727.383000,-0.049918,0.016868
1727.865000,-0.049406,0.019271,1727.865000,-0.046742,0.016856
1728.347000,-0.050532,0.019258,1728.347000,-0.044217,0.016845
1728.829000,-0.051944,0.019244,1728.829000,-0.041772,0.016833
1729.311000,-0.052697,0.019231,1729.311000,-0.038634,0.016822
1729.793000,-0.055163,0.019218,1729.793000,-0.037445,0.016810
1730.275000,-0.058308,0.019205,1730.275000,-0.039528,0.016799
1730.757000,-0.060032,0.019191,1730.757000,-0.040780,0.016787
1731.239000,-0.059741,0.019178,1731.239000,-0.044561,0.016776
1731.721000,-0.059461,0.019165,1731.721000,-0.048378,0.016764
1732.203000,-0.057214,0.019151,1732.203000,-0.053358,0.016753
1732.685000,-0.054449,0.019138,1732.685000,-0.059668,0.016741
1733.167000,-0.050198,0.019125,1733.167000,-0.064982,0.016730
1733.649000,-0.044880,0.019111,1733.649000,-0.070779,0.016718
1734.131000,-0.038989,0.019098,1734.131000,-0.073947,0.016707
1734.613000,-0.035095,0.019085,1734.613000,-0.073589,0.016695
1735.095000,-0.031529,0.019071,1735.095000,-0.071397,0.016684
1735.577000,-0.028239,0.019058,1735.577000,-0.068340,0.016672
1736.059000,-0.025445,0.019045,1736.059000,-0.062525,0.016661
1736.541000,-0.022869,0.019031,1736.541000,-0.057294,0.016650
1737.023000,-0.022118,0.019018,1737.023000,-0.052127,0.016638
1737.505000,-0.022842,0.019005,1737.505000,-0.044170,0.016627
1737.987000,-0.022988,0.018992,1737.987000,-0.040040,0.016615
1738.469000,-0.024235,0.018978,1738.469000,-0.035743,0.016604
1738.951000,-0.025116,0.018965,1738.951000,-0.034751,0.016592
1739.433000,-0.025973,0.018952,1739.433000,-0.034950,0.016581
1739.915000,-0.026864,0.018938,1739.915000,-0.037329,0.016569
1740.397000,-0.027472,0.018925,1740.397000,-0.039692,0.016558
1740.879000,-0.028919,0.018912,1740.879000,-0.040655,0.016546
1741.361000,-0.032700,0.018899,1741.361000,-0.040653,0.016535
1741.843000,-0.034957,0.018885,1741.843000,-0.042714,0.016523
1742.325000,-0.036673,0.018872,1742.325000,-0.044618,0.016512
1742.807000,-0.038382,0.018859,1742.807000,-0.045846,0.016501
1743.289000,-0.041782,0.018845,1743.289000,-0.044532,0.016489
1743.771000,-0.045168,0.018832,1743.771000,-0.043258,0.016478
1744.253000,-0.050797,0.018819,1744.253000,-0.041601,0.016466
1744.735000,-0.053447,0.018806,1744.735000,-0.038586,0.016455
1745.217000,-0.057019,0.018792,1745.217000,-0.035142,0.016443
1745.699000,-0.058870,0.018779,1745.699000,-0.031621,0.016432
1746.181000,-0.058357,0.018766,1746.181000,-0.027755,0.016420
1746.663000,-0.056330,0.018752,1746.663000,-0.024207,0.016409
1747.145000,-0.052819,0.018739,1747.145000,-0.022057,0.016397
1747.627000,-0.048187,0.018726,1747.627000,-0.022689,0.016386
1748.109000,-0.041634,0.018713,1748.109000,-0.026966,0.016375
1748.591000,-0.033738,0.018699,1748.591000,-0.032399,0.016363
1749.073000,-0.025188,0.018686,1749.073000,-0.039308,0.016352
1749.555000,-0.018591,0.018673,1749.555000,-0.047576,0.016340
1750.037000,-0.013720,0.018660,1750.037000,-0.053143,0.016329
1750.519000,-0.010057,0.018646,1750.519000,-0.060677,0.016317
1751.001000,-0.007851,0.018633,1751.001000,-0.066790,0.016306
1751.483000,-0.006137,0.018620,1751.483000,-0.069359,0.016295
1751.965000,-0.007135,0.018606,1751.965000,-0.071000,0.016283
1752.447000,-0.009245,0.018593,1752.447000,-0.069822,0.016272
1752.929000,-0.010171,0.018580,1752.929000,-0.067345,0.016260
1753.411000,-0.010063,0.018567,1753.411000,-0.063221,0.016249
1753.893000,-0.009942,0.018553,1753.893000,-0.061818,0.016237
1754.375000,-0.009902,0.018540,1754.375000,-0.059358,0.016226
1754.857000,-0.007774,0.018527,1754.857000,-0.056609,0.016215
1755.339000,-0.006782,0.018514,1755.339000,-0.054644,0.016203
1755.821000,-0.004810,0.018500,1755.821000,-0.051904,0.016192
1756.303000,-0.003676,0.018487,1756.303000,-0.048670,0.016180
1756.785000,-0.003008,0.018474,1756.785000,-0.044540,0.016169
1757.267000,-0.001977,0.018461,1757.267000,-0.044117,0.016157
1757.749000,0.000423,0.018447,1757.749000,-0.042717,0.016146
1758.231000,0.001001,0.018434,1758.231000,-0.042943,0.016135
1758.713000,0.001499,0.018421,1758.713000,-0.042247,0.016123
1759.195000,0.002780,0.018408,1759.195000,-0.042396,0.016112
1759.677000,0.005217,0.018395,1759.677000,-0.042387,0.016100
1760.159000,0.008754,0.018381,1760.159000,-0.043655,0.016089
1760.641000,0.011589,0.018368,1760.641000,-0.045074,0.016077
1761.123000,0.014740,0.018355,1761.123000,-0.046053,0.016066
1761.605000,0.018510,0.018342,1761.605000,-0.046571,0.016055
1762.087000,0.019946,0.018328,1762.087000,-0.046430,0.016043
1762.569000,0.020631,0.018315,1762.569000,-0.043253,0.016032
1763.051000,0.020147,0.018302,1763.051000,-0.040666,0.016020
1763.533000,0.020087,0.018289,1763.533000,-0.038126,0.016009
1764.015000,0.019487,0.018275,1764.015000,-0.036334,0.015998
1764.497000,0.020121,0.018262,1764.497000,-0.033859,0.015986
1764.979000,0.020673,0.018249,1764.979000,-0.031660,0.015975
1765.461000,0.021195,0.018236,1765.461000,-0.027940,0.015963
1765.943000,0.022468,0.018223,1765.943000,-0.024983,0.015952
1766.425000,0.021241,0.018209,1766.425000,-0.021549,0.015941
1766.907000,0.021545,0.018196,1766.907000,-0.020602,0.015929
1767.389000,0.021969,0.018183,1767.389000,-0.018829,0.015918
1767.871000,0.021066,0.018170,1767.871000,-0.018419,0.015906
1768.353000,0.020801,0.018157,1768.353000,-0.017291,0.015895
1768.835000,0.019145,0.018143,1768.835000,-0.016174,0.015884
1769.317000,0.020442,0.018130,1769.317000,-0.015669,0.015872
1769.799000,0.022771,0.018117,1769.799000,-0.016380,0.015861
1770.281000,0.027487,0.018104,1770.281000,-0.017893,0.015849
1770.763000,0.033891,0.018090,1770.763000,-0.019102,0.015838
1771.245000,0.044566,0.018077,1771.245000,-0.023180,0.015827
1771.727000,0.053838,0.018064,1771.727000,-0.025137,0.015815
1772.209000,0.061553,0.018051,1772.209000,-0.026577,0.015804
1772.691000,0.071315,0.018038,1772.691000,-0.027741,0.015793
1773.173000,0.077588,0.018024,1773.173000,-0.029082,0.015781
1773.655000,0.083965,0.018011,1773.655000,-0.029606,0.015770
1774.137000,0.087799,0.017998,1774.137000,-0.028812,0.015758
1774.619000,0.085753,0.017985,1774.619000,-0.027877,0.015747
1775.101000,0.085346,0.017972,1775.101000,-0.025333,0.015736
1775.583000,0.081218,0.017958,1775.583000,-0.024347,0.015724
1776.065000,0.077269,0.017945,1776.065000,-0.022606,0.015713
1776.547000,0.071529,0.017932,1776.547000,-0.020505,0.015701
1777.029000,0.067365,0.017919,1777.029000,-0.018192,0.015690
1777.511000,0.066128,0.017906,1777.511000,-0.015757,0.015679
1777.993000,0.066054,0.017893,1777.993000,-0.015966,0.015667
1778.475000,0.065270,0.017879,1778.475000,-0.013920,0.015656
1778.957000,0.063969,0.017866,1778.957000,-0.013762,0.015645
1779.439000,0.065744,0.017853,1779.439000,-0.014501,0.015633
1779.921000,0.065642,0.017840,1779.921000,-0.013759,0.015622
1780.403000,0.067333,0.017827,1780.403000,-0.010788,0.015611
1780.885000,0.066580,0.017813,1780.885000,-0.009203,0.015599
1781.367000,0.064994,0.017800,1781.367000,-0.007380,0.015588
1781.849000,0.067039,0.017787,1781.849000,-0.006634,0.015576
1782.331000,0.067808,0.017774,1782.331000,-0.008136,0.015565
1782.813000,0.067771,0.017761,1782.813000,-0.007539,0.015554
1783.295000,0.068791,0.017748,1783.295000,-0.006028,0.015542
1783.777000,0.071063,0.017734,1783.777000,-0.004519,0.015531
1784.259000,0.073757,0.017721,1784.259000,-0.004961,0.015520
1784.741000,0.074774,0.017708,1784.741000,-0.005549,0.015508
1785.223000,0.074359,0.017695,1785.223000,-0.002654,0.015497
1785.705000,0.071677,0.017682,1785.705000,-0.000467,0.015486
1786.187000,0.069643,0.017669,1786.187000,0.003815,0.015474
1786.669000,0.066716,0.017655,1786.669000,0.010685,0.015463
1787.151000,0.063378,0.017642,1787.151000,0.018237,0.015452
1787.633000,0.059414,0.017629,1787.633000,0.023640,0.015440
1788.115000,0.058786,0.017616,1788.115000,0.029373,0.015429
1788.597000,0.060963,0.017603,1788.597000,0.035288,0.015417
1789.079000,0.063694,0.017590,1789.079000,0.041945,0.015406
1789.561000,0.066954,0.017577,1789.561000,0.049777,0.015395
1790.043000,0.073257,0.017563,1790.043000,0.054507,0.015383
1790.525000,0.080117,0.017550,1790.525000,0.056415,0.015372
1791.007000,0.086309,0.017537,1791.007000,0.058930,0.015361
1791.489000,0.093308,0.017524,1791.489000,0.062376,0.015349
1791.971000,0.100647,0.017511,1791.971000,0.066843,0.015338
1792.453000,0.107887,0.017498,1792.453000,0.069051,0.015327
1792.935000,0.113624,0.017485,1792.935000,0.070647,0.015315
1793.417000,0.117776,0.017471,1793.417000,0.072397,0.015304
1793.899000,0.119396,0.017458,1793.899000,0.073275,0.015293
1794.381000,0.119715,0.017445,1794.381000,0.071715,0.015281
1794.863000,0.119689,0.017432,1794.863000,0.070318,0.015270
1795.345000,0.118826,0.017419,1795.345000,0.069755,0.015259
1795.827000,0.116495,0.017406,1795.827000,0.069578,0.015247
1796.309000,0.113347,0.017393,1796.309000,0.067887,0.015236
1796.791000,0.110567,0.017379,1796.791000,0.064424,0.015225
1797.273000,0.104685,0.017366,1797.273000,0.061490,0.015213
1797.755000,0.101133,0.017353,1797.755000,0.061438,0.015202
1798.237000,0.100097,0.017340,1798.237000,0.061496,0.015191
1798.719000,0.099264,0.017327,1798.719000,0.062054,0.015179
1799.201000,0.100552,0.017314,1799.201000,0.062110,0.015168
1799.683000,0.100907,0.017301,1799.683000,0.064583,0.015157
1800.165000,0.104172,0.017288,1800.165000,0.067569,0.015146
1800.647000,0.106687,0.017274,1800.647000,0.070830,0.015134
1801.129000,0.108154,0.017261,1801.129000,0.073848,0.015123
1801.611000,0.108927,0.017248,1801.611000,0.076815,0.015112
1802.093000,0.111849,0.017235,1802.093000,0.078131,0.015100
1802.575000,0.112122,0.017222,1802.575000,0.079868,0.015089
1803.057000,0.113775,0.017209,1803.057000,0.080530,0.015078
1803.539000,0.113505,0.017196,1803.539000,0.080707,0.015066
1804.021000,0.110246,0.017183,1804.021000,0.080589,0.015055
1804.503000,0.110937,0.017170,1804.503000,0.080097,0.015044
1804.985000,0.109428,0.017156,1804.985000,0.080377,0.015032
1805.467000,0.106616,0.017143,1805.467000,0.079855,0.015021
1805.949000,0.106975,0.017130,1805.949000,0.079396,0.015010
1806.431000,0.105842,0.017117,1806.431000,0.078965,0.014998
1806.913000,0.108082,0.017104,1806.913000,0.079205,0.014987
1807.395000,0.109029,0.017091,1807.395000,0.080771,0.014976
1807.877000,0.109922,0.017078,1807.877000,0.081708,0.014965
1808.359000,0.110200,0.017065,1808.359000,0.081165,0.014953
1808.841000,0.112533,0.017052,1808.841000,0.080322,0.014942
1809.323000,0.115497,0.017039,1809.323000,0.080989,0.014931
1809.805000,0.121609,0.017026,1809.805000,0.080997,0.014919
1810.287000,0.125734,0.017012,1810.287000,0.079800,0.014908
1810.769000,0.129227,0.016999,1810.769000,0.080219,0.014897
1811.251000,0.132864,0.016986,1811.251000,0.082199,0.014886
1811.733000,0.134616,0.016973,1811.733000,0.085124,0.014874
1812.215000,0.135778,0.016960,1812.215000,0.086243,0.014863
1812.697000,0.137818,0.016947,1812.697000,0.087818,0.014852
1813.179000,0.138626,0.016934,1813.179000,0.088192,0.014840
1813.661000,0.140878,0.016921,1813.661000,0.091414,0.014829
1814.143000,0.141970,0.016908,1814.143000,0.094826,0.014818
1814.625000,0.140809,0.016895,1814.625000,0.095970,0.014806
1815.107000,0.138230,0.016882,1815.107000,0.095467,0.014795
1815.589000,0.137190,0.016869,1815.589000,0.097018,0.014784
1816.071000,0.137326,0.016855,1816.071000,0.099870,0.014773
1816.553000,0.137562,0.016842,1816.553000,0.099845,0.014761
1817.035000,0.137368,0.016829,1817.035000,0.100806,0.014750
1817.517000,0.136929,0.016816,1817.517000,0.103556,0.014739
1817.999000,0.136061,0.016803,1817.999000,0.107223,0.014728
1818.481000,0.135763,0.016790,1818.481000,0.108565,0.014716
1818.963000,0.134416,0.016777,1818.963000,0.108889,0.014705
1819.445000,0.134296,0.016764,1819.445000,0.108548,0.014694
1819.927000,0.137007,0.016751,1819.927000,0.107668,0.014682
1820.409000,0.139236,0.016738,1820.409000,0.107847,0.014671
1820.891000,0.139448,0.016725,1820.891000,0.106615,0.014660
1821.373000,0.140412,0.016712,1821.373000,0.103262,0.014649
1821.855000,0.141345,0.016699,1821.855000,0.101210,0.014637
1822.337000,0.141088,0.016686,1822.337000,0.101654,0.014626
1822.819000,0.139097,0.016673,1822.819000,0.102060,0.014615
1823.301000,0.139693,0.016660,1823.301000,0.100110,0.014604
1823.783000,0.140469,0.016646,1823.783000,0.099756,0.014592
1824.265000,0.140947,0.016633,1824.265000,0.100408,0.014581
1824.747000,0.140410,0.016620,1824.747000,0.101966,0.014570
1825.229000,0.139045,0.016607,1825.229000,0.102001,0.014559
1825.711000,0.139753,0.016594,1825.711000,0.103088,0.014547
1826.193000,0.142249,0.016581,1826.193000,0.103843,0.014536
1826.675000,0.145206,0.016568,1826.675000,0.105692,0.014525
1827.157000,0.145688,0.016555,1827.157000,0.106370,0.014514
1827.639000,0.145713,0.016542,1827.639000,0.107384,0.014502
1828.121000,0.148451,0.016529,1828.121000,0.108328,0.014491
1828.603000,0.150239,0.016516,1828.603000,0.110231,0.014480
1829.085000,0.149803,0.016503,1829.085000,0.112020,0.014469
1829.567000,0.150423,0.016490,1829.567000,0.113949,0.014457
1830.049000,0.152044,0.016477,1830.049000,0.115742,0.014446
1830.531000,0.151625,0.016464,1830.531000,0.117455,0.014435
1831.013000,0.150667,0.016451,1831.013000,0.119809,0.014424
1831.495000,0.150334,0.016438,1831.495000,0.121290,0.014412
1831.977000,0.149587,0.016425,1831.977000,0.122061,0.014401
1832.459000,0.148114,0.016412,1832.459000,0.124218,0.014390
1832.941000,0.144728,0.016399,1832.941000,0.125497,0.014379
1833.423000,0.140468,0.016386,1833.423000,0.125921,0.014367
1833.905000,0.137726,0.016373,1833.905000,0.126169,0.014356
1834.387000,0.136367,0.016360,1834.387000,0.126268,0.014345
1834.869000,0.137636,0.016347,1834.869000,0.124942,0.014334
1835.351000,0.137627,0.016334,1835.351000,0.122619,0.014322
1835.833000,0.136844,0.016321,1835.833000,0.120408,0.014311
1836.315000,0.135068,0.016308,1836.315000,0.121479,0.014300
1836.797000,0.131998,0.016295,1836.797000,0.120902,0.014289
1837.279000,0.127842,0.016282,1837.279000,0.119568,0.014278
1837.761000,0.124163,0.016269,1837.761000,0.116135,0.014266
1838.243000,0.121687,0.016256,1838.243000,0.114014,0.014255
1838.725000,0.116779,0.016243,1838.725000,0.113278,0.014244
1839.207000,0.109067,0.016230,1839.207000,0.112974,0.014233
1839.689000,0.103985,0.016217,1839.689000,0.111977,0.014221
1840.171000,0.100136,0.016204,1840.171000,0.111105,0.014210
1840.653000,0.099335,0.016191,1840.653000,0.111055,0.014199
1841.135000,0.099217,0.016178,1841.135000,0.110093,0.014188
1841.617000,0.101845,0.016165,1841.617000,0.109646,0.014177
1842.099000,0.103227,0.016152,1842.099000,0.109287,0.014165
1842.581000,0.106089,0.016139,1842.581000,0.108375,0.014154
1843.063000,0.108368,0.016126,1843.063000,0.109581,0.014143
1843.545000,0.112158,0.016113,1843.545000,0.109448,0.014132
1844.027000,0.116811,0.016100,1844.027000,0.111204,0.014120
1844.509000,0.121040,0.016087,1844.509000,0.112020,0.014109
1844.991000,0.127021,0.016074,1844.991000,0.114477,0.014098
1845.473000,0.129865,0.016061,1845.473000,0.116577,0.014087
1845.955000,0.130417,0.016048,1845.955000,0.117568,0.014076
1846.437000,0.133284,0.016035,1846.437000,0.116748,0.014064
1846.919000,0.134747,0.016022,1846.919000,0.117470,0.014053
1847.401000,0.135086,0.016009,1847.401000,0.119134,0.014042
1847.883000,0.131527,0.015996,1847.883000,0.120642,0.014031
1848.365000,0.128398,0.015983,1848.365000,0.118537,0.014020
1848.847000,0.124817,0.015970,1848.847000,0.117273,0.014008
1849.329000,0.122817,0.015957,1849.329000,0.115723,0.013997
1849.811000,0.119152,0.015944,1849.811000,0.113454,0.013986
1850.293000,0.115849,0.015931,1850.293000,0.111947,0.013975
1850.775000,0.114778,0.015918,1850.775000,0.110099,0.013964
1851.257000,0.111066,0.015905,1851.257000,0.104525,0.013952
1851.739000,0.110956,0.015892,1851.739000,0.098879,0.013941
1852.221000,0.106734,0.015879,1852.221000,0.094862,0.013930
1852.703000,0.103697,0.015866,1852.703000,0.091417,0.013919
1853.185000,0.103811,0.015853,1853.185000,0.088650,0.013908
1853.667000,0.101485,0.015840,1853.667000,0.089275,0.013896
1854.149000,0.099608,0.015827,1854.149000,0.090174,0.013885
1854.631000,0.096142,0.015814,1854.631000,0.090114,0.013874
1855.113000,0.093665,0.015801,1855.113000,0.089657,0.013863
1855.595000,0.093163,0.015788,1855.595000,0.091436,0.013852
1856.077000,0.090423,0.015775,1856.077000,0.093166,0.013841
1856.559000,0.087669,0.015762,1856.559000,0.093715,0.013829
1857.041000,0.085269,0.015750,1857.041000,0.094179,0.013818
1857.523000,0.084674,0.015737,1857.523000,0.092914,0.013807
1858.005000,0.081134,0.015724,1858.005000,0.091840,0.013796
1858.487000,0.080465,0.015711,1858.487000,0.091207,0.013785
1858.969000,0.075454,0.015698,1858.969000,0.092248,0.013773
1859.451000,0.073954,0.015685,1859.451000,0.091584,0.013762
1859.933000,0.071612,0.015672,1859.933000,0.091962,0.013751
1860.415000,0.069210,0.015659,1860.415000,0.092932,0.013740
1860.897000,0.070403,0.015646,1860.897000,0.094135,0.013729
1861.379000,0.069870,0.015633,1861.379000,0.096183,0.013718
1861.861000,0.069153,0.015620,1861.861000,0.098409,0.013706
1862.343000,0.068353,0.015607,1862.343000,0.100730,0.013695
1862.825000,0.067080,0.015594,1862.825000,0.103596,0.013684
1863.307000,0.068064,0.015581,1863.307000,0.106975,0.013673
1863.789000,0.069281,0.015568,1863.789000,0.111091,0.013662
1864.271000,0.072028,0.015555,1864.271000,0.114729,0.013651
1864.753000,0.072898,0.015543,1864.753000,0.120989,0.013639
1865.235000,0.074175,0.015530,1865.235000,0.123876,0.013628
1865.717000,0.073686,0.015517,1865.717000,0.127397,0.013617
1866.199000,0.073554,0.015504,1866.199000,0.131093,0.013606
1866.681000,0.071835,0.015491,1866.681000,0.132033,0.013595
1867.163000,0.071227,0.015478,1867.163000,0.130479,0.013584
1867.645000,0.071303,0.015465,1867.645000,0.126195,0.013573
1868.127000,0.067895,0.015452,1868.127000,0.122020,0.013561
1868.609000,0.065296,0.015439,1868.609000,0.117299,0.013550
1869.091000,0.062311,0.015426,1869.091000,0.113883,0.013539
1869.573000,0.059304,0.015413,1869.573000,0.110601,0.013528
1870.055000,0.057230,0.015400,1870.055000,0.106291,0.013517
1870.537000,0.056558,0.015387,1870.537000,0.102858,0.013506
1871.019000,0.055317,0.015375,1871.019000,0.098517,0.013495
1871.501000,0.051804,0.015362,1871.501000,0.097595,0.013483
1871.983000,0.049076,0.015349,1871.983000,0.095595,0.013472
1872.465000,0.045360,0.015336,1872.465000,0.096213,0.013461
1872.947000,0.042093,0.015323,1872.947000,0.096910,0.013450
1873.429000,0.038852,0.015310,1873.429000,0.094583,0.013439
1873.911000,0.036914,0.015297,1873.911000,0.092708,0.013428
1874.393000,0.036511,0.015284,1874.393000,0.091150,0.013417
1874.875000,0.034178,0.015271,1874.875000,0.092712,0.013405
1875.357000,0.035552,0.015258,1875.357000,0.094072,0.013394
1875.839000,0.036516,0.015246,1875.839000,0.094899,0.013383
1876.321000,0.037054,0.015233,1876.321000,0.094980,0.013372
1876.803000,0.038619,0.015220,1876.803000,0.092181,0.013361
1877.285000,0.039589,0.015207,1877.285000,0.090916,0.013350
1877.767000,0.038509,0.015194,1877.767000,0.088907,0.013339
1878.249000,0.035552,0.015181,1878.249000,0.088298,0.013328
1878.731000,0.034258,0.015168,1878.731000,0.085680,0.013316
1879.213000,0.030629,0.015155,1879.213000,0.085173,0.013305
1879.695000,0.027539,0.015142,1879.695000,0.083376,0.013294
1880.177000,0.023865,0.015130,1880.177000,0.080729,0.013283
1880.659000,0.021773,0.015117,1880.659000,0.080327,0.013272
1881.141000,0.020954,0.015104,1881.141000,0.079772,0.013261
1881.623000,0.020357,0.015091,1881.623000,0.079858,0.013250
1882.105000,0.020789,0.015078,1882.105000,0.077278,0.013239
1882.587000,0.021982,0.015065,1882.587000,0.073961,0.013227
1883.069000,0.023583,0.015052,1883.069000,0.071734,0.013216
1883.551000,0.023828,0.015039,1883.551000,0.069541,0.013205
1884.033000,0.023431,0.015027,1884.033000,0.068208,0.013194
1884.515000,0.023541,0.015014,1884.515000,0.066171,0.013183
1884.997000,0.023621,0.015001,1884.997000,0.064610,0.013172
1885.479000,0.022965,0.014988,1885.479000,0.063489,0.013161
1885.961000,0.020418,0.014975,1885.961000,0.066051,0.013150
1886.443000,0.019065,0.014962,1886.443000,0.066031,0.013139
1886.925000,0.016969,0.014949,1886.925000,0.064862,0.013127
1887.407000,0.014448,0.014937,1887.407000,0.066098,0.013116
1887.889000,0.013924,0.014924,1887.889000,0.065288,0.013105
1888.371000,0.012342,0.014911,1888.371000,0.063831,0.013094
1888.853000,0.010654,0.014898,1888.853000,0.061123,0.013083
1889.335000,0.009344,0.014885,1889.335000,0.058796,0.013072
1889.817000,0.006467,0.014872,1889.817000,0.057642,0.013061
1890.299000,0.003655,0.014859,1890.299000,0.056723,0.013050
1890.781000,0.002341,0.014847,1890.781000,0.054928,0.013039
1891.263000,0.000955,0.014834,1891.263000,0.054425,0.013028
1891.745000,-0.000775,0.014821,1891.745000,0.054064,0.013016
1892.227000,-0.003845,0.014808,1892.227000,0.054087,0.013005
1892.709000,-0.006125,0.014795,1892.709000,0.056882,0.012994
1893.191000,-0.008495,0.014782,1893.191000,0.056658,0.012983
1893.673000,-0.012586,0.014770,1893.673000,0.054093,0.012972
1894.155000,-0.014611,0.014757,1894.155000,0.051520,0.012961
1894.637000,-0.015525,0.014744,1894.637000,0.048148,0.012950
1895.119000,-0.016185,0.014731,1895.119000,0.043768,0.012939
1895.601000,-0.015345,0.014718,1895.601000,0.039433,0.012928
1896.083000,-0.015123,0.014705,1896.083000,0.036007,0.012917
1896.565000,-0.015087,0.014693,1896.565000,0.034584,0.012906
1897.047000,-0.013735,0.014680,1897.047000,0.033312,0.012895
1897.529000,-0.011128,0.014667,1897.529000,0.030380,0.012883
1898.011000,-0.010916,0.014654,1898.011000,0.028105,0.012872
1898.493000,-0.010365,0.014641,1898.493000,0.025845,0.012861
1898.975000,-0.010730,0.014628,1898.975000,0.024224,0.012850
1899.457000,-0.012862,0.014616,1899.457000,0.024165,0.012839
1899.939000,-0.017019,0.014603,1899.939000,0.022764,0.012828
1900.421000,-0.021213,0.014590,1900.421000,0.022315,0.012817
1900.903000,-0.023967,0.014577,1900.903000,0.023660,0.012806
1901.385000,-0.026295,0.014564,1901.385000,0.023997,0.012795
1901.867000,-0.026995,0.014552,1901.867000,0.023621,0.012784
1902.349000,-0.027316,0.014539,1902.349000,0.023137,0.012773
1902.831000,-0.027404,0.014526,1902.831000,0.025284,0.012762
1903.313000,-0.026904,0.014513,1903.313000,0.027676,0.012751
1903.795000,-0.025872,0.014500,1903.795000,0.027913,0.012740
1904.277000,-0.024680,0.014487,1904.277000,0.025870,0.012729
1904.759000,-0.023591,0.014475,1904.759000,0.023517,0.012717
1905.241000,-0.023492,0.014462,1905.241000,0.022647,0.012706
1905.723000,-0.024661,0.014449,1905.723000,0.021652,0.012695
1906.205000,-0.027728,0.014436,1906.205000,0.018691,0.012684
1906.687000,-0.030725,0.014423,1906.687000,0.016095,0.012673
1907.169000,-0.033166,0.014411,1907.169000,0.014686,0.012662
1907.651000,-0.034435,0.014398,1907.651000,0.011943,0.012651
1908.133000,-0.033234,0.014385,1908.133000,0.009104,0.012640
1908.615000,-0.030278,0.014372,1908.615000,0.005854,0.012629
1909.097000,-0.026664,0.014359,1909.097000,0.002711,0.012618
1909.579000,-0.022757,0.014347,1909.579000,0.002189,0.012607
1910.061000,-0.019824,0.014334,1910.061000,0.000771,0.012596
1910.543000,-0.017805,0.014321,1910.543000,-0.001279,0.012585
1911.025000,-0.016137,0.014308,1911.025000,-0.002242,0.012574
1911.507000,-0.014631,0.014296,1911.507000,-0.002857,0.012563
1911.989000,-0.016059,0.014283,1911.989000,-0.001161,0.012552
1912.471000,-0.018038,0.014270,1912.471000,-0.000837,0.012541
1912.953000,-0.019867,0.014257,1912.953000,-0.002043,0.012530
1913.435000,-0.020678,0.014244,1913.435000,-0.002652,0.012519
1913.917000,-0.022223,0.014232,1913.917000,-0.002875,0.012508
1914.399000,-0.020912,0.014219,1914.399000,-0.002988,0.012497
1914.881000,-0.019675,0.014206,1914.881000,-0.002056,0.012486
1915.363000,-0.018523,0.014193,1915.363000,-0.001897,0.012474
1915.845000,-0.018823,0.014181,1915.845000,-0.002398,0.012463
1916.327000,-0.018738,0.014168,1916.327000,-0.001666,0.012452
1916.809000,-0.020804,0.014155,1916.809000,-0.002307,0.012441
1917.291000,-0.023128,0.014142,1917.291000,-0.003454,0.012430
1917.773000,-0.025884,0.014129,1917.773000,-0.003862,0.012419
1918.255000,-0.028900,0.014117,1918.255000,-0.004840,0.012408
1918.737000,-0.031424,0.014104,1918.737000,-0.003767,0.012397
1919.219000,-0.033165,0.014091,1919.219000,-0.004339,0.012386
1919.701000,-0.034388,0.014078,1919.701000,-0.002551,0.012375
1920.183000,-0.033237,0.014066,1920.183000,-0.002087,0.012364
1920.665000,-0.032951,0.014053,1920.665000,-0.002190,0.012353
1921.147000,-0.031858,0.014040,1921.147000,-0.002481,0.012342
1921.629000,-0.033804,0.014027,1921.629000,-0.004105,0.012331
1922.111000,-0.035804,0.014015,1922.111000,-0.005956,0.012320
1922.593000,-0.036829,0.014002,1922.593000,-0.009171,0.012309
1923.075000,-0.038443,0.013989,1923.075000,-0.013202,0.012298
1923.557000,-0.042005,0.013976,1923.557000,-0.018841,0.012287
1924.039000,-0.045325,0.013964,1924.039000,-0.024059,0.012276
1924.521000,-0.048197,0.013951,1924.521000,-0.028789,0.012265
1925.003000,-0.049415,0.013938,1925.003000,-0.033285,0.012254
1925.485000,-0.049684,0.013925,1925.485000,-0.035382,0.012243
1925.967000,-0.050585,0.013913,1925.967000,-0.037612,0.012232
1926.449000,-0.050403,0.013900,1926.449000,-0.037547,0.012221
1926.931000,-0.049657,0.013887,1926.931000,-0.039304,0.012210
1927.413000,-0.050845,0.013874,1927.413000,-0.038960,0.012199
1927.895000,-0.052210,0.013862,1927.895000,-0.038504,0.012188
1928.377000,-0.053913,0.013849,1928.377000,-0.039027,0.012177
1928.859000,-0.054050,0.013836,1928.859000,-0.039896,0.012166
1929.341000,-0.053387,0.013824,1929.341000,-0.040801,0.012155
1929.823000,-0.054128,0.013811,1929.823000,-0.042212,0.012144
1930.305000,-0.053999,0.013798,1930.305000,-0.042553,0.012133
1930.787000,-0.053053,0.013785,1930.787000,-0.041706,0.012122
1931.269000,-0.051345,0.013773,1931.269000,-0.041643,0.012111
1931.751000,-0.048629,0.013760,1931.751000,-0.042149,0.012100
1932.233000,-0.044931,0.013747,1932.233000,-0.042135,0.012089
1932.715000,-0.042587,0.013735,1932.715000,-0.043141,0.012078
1933.197000,-0.040134,0.013722,1933.197000,-0.043829,0.012067
1933.679000,-0.039200,0.013709,1933.679000,-0.044486,0.012056
1934.161000,-0.037212,0.013696,1934.161000,-0.044705,0.012045
1934.643000,-0.035672,0.013684,1934.643000,-0.045063,0.012034
1935.125000,-0.035752,0.013671,1935.125000,-0.047459,0.012023
1935.607000,-0.034423,0.013658,1935.607000,-0.048622,0.012012
1936.089000,-0.035028,0.013646,1936.089000,-0.049648,0.012001
1936.571000,-0.036426,0.013633,1936.571000,-0.049598,0.011990
1937.053000,-0.037502,0.013620,1937.053000,-0.049925,0.011979
1937.535000,-0.039286,0.013607,1937.535000,-0.050084,0.011968
1938.017000,-0.038851,0.013595,1938.017000,-0.049741,0.011957
1938.499000,-0.040151,0.013582,1938.499000,-0.049092,0.011946
1938.981000,-0.040366,0.013569,1938.981000,-0.048946,0.011935
1939.463000,-0.042154,0.013557,1939.463000,-0.047796,0.011924
1939.945000,-0.044444,0.013544,1939.945000,-0.046212,0.011914
1940.427000,-0.045713,0.013531,1940.427000,-0.045772,0.011903
1940.909000,-0.044939,0.013519,1940.909000,-0.045412,0.011892
1941.391000,-0.045471,0.013506,1941.391000,-0.043843,0.011881
1941.873000,-0.046164,0.013493,1941.873000,-0.043194,0.011870
1942.355000,-0.045032,0.013480,1942.355000,-0.042580,0.011859
1942.837000,-0.046274,0.013468,1942.837000,-0.044037,0.011848
1943.319000,-0.046861,0.013455,1943.319000,-0.044884,0.011837
1943.801000,-0.046202,0.013442,1943.801000,-0.047787,0.011826
1944.283000,-0.046386,0.013430,1944.283000,-0.049291,0.011815
1944.765000,-0.044398,0.013417,1944.765000,-0.050911,0.011804
1945.247000,-0.043847,0.013404,1945.247000,-0.053039,0.011793
1945.729000,-0.044397,0.013392,1945.729000,-0.056047,0.011782
1946.211000,-0.044984,0.013379,1946.211000,-0.057290,0.011771
1946.693000,-0.045850,0.013366,1946.693000,-0.057558,0.011760
1947.175000,-0.046089,0.013354,1947.175000,-0.057818,0.011749
1947.657000,-0.047477,0.013341,1947.657000,-0.057021,0.011738
1948.139000,-0.049259,0.013328,1948.139000,-0.056340,0.011727
1948.621000,-0.049918,0.013316,1948.621000,-0.055417,0.011716
1949.103000,-0.050823,0.013303,1949.103000,-0.055031,0.011705
1949.585000,-0.053770,0.013290,1949.585000,-0.053870,0.011694
1950.067000,-0.054521,0.013278,1950.067000,-0.052361,0.011683
1950.549000,-0.055190,0.013265,1950.549000,-0.051892,0.011673
1951.031000,-0.056670,0.013252,1951.031000,-0.051012,0.011662
1951.513000,-0.056058,0.013240,1951.513000,-0.051343,0.011651
1951.995000,-0.053683,0.013227,1951.995000,-0.051089,0.011640
1952.477000,-0.054094,0.013214,1952.477000,-0.052201,0.011629
1952.959000,-0.052319,0.013202,1952.959000,-0.049858,0.011618
1953.441000,-0.051582,0.013189,1953.441000,-0.047661,0.011607
1953.923000,-0.050457,0.013176,1953.923000,-0.046677,0.011596
1954.405000,-0.051723,0.013164,1954.405000,-0.045554,0.011585
1954.887000,-0.050717,0.013151,1954.887000,-0.047408,0.011574
1955.369000,-0.048369,0.013138,1955.369000,-0.049914,0.011563
1955.851000,-0.045966,0.013126,1955.851000,-0.052189,0.011552
1956.333000,-0.044052,0.013113,1956.333000,-0.054300,0.011541
1956.815000,-0.041012,0.013101,1956.815000,-0.055719,0.011530
1957.297000,-0.039850,0.013088,1957.297000,-0.057140,0.011520
1957.779000,-0.038792,0.013075,1957.779000,-0.057484,0.011509
1958.261000,-0.038110,0.013063,1958.261000,-0.056933,0.011498
1958.743000,-0.036254,0.013050,1958.743000,-0.057295,0.011487
1959.225000,-0.037331,0.013037,1959.225000,-0.056693,0.011476
1959.707000,-0.037954,0.013025,1959.707000,-0.052673,0.011465
1960.189000,-0.039256,0.013012,1960.189000,-0.051601,0.011454
1960.671000,-0.040741,0.012999,1960.671000,-0.050899,0.011443
1961.153000,-0.043692,0.012987,1961.153000,-0.051198,0.011432
1961.635000,-0.044494,0.012974,1961.635000,-0.052451,0.011421
1962.117000,-0.044731,0.012962,1962.117000,-0.053670,0.011410
1962.599000,-0.044468,0.012949,1962.599000,-0.054023,0.011399
1963.081000,-0.044076,0.012936,1963.081000,-0.054267,0.011389
1963.563000,-0.042607,0.012924,1963.563000,-0.053318,0.011378
1964.045000,-0.041846,0.012911,1964.045000,-0.053525,0.011367
1964.527000,-0.042728,0.012898,1964.527000,-0.053913,0.011356
1965.009000,-0.042662,0.012886,1965.009000,-0.053908,0.011345
1965.491000,-0.041888,0.012873,1965.491000,-0.054308,0.011334
1965.973000,-0.043645,0.012861,1965.973000,-0.054260,0.011323
1966.455000,-0.045552,0.012848,1966.455000,-0.055778,0.011312
1966.937000,-0.047755,0.012835,1966.937000,-0.056628,0.011301
1967.419000,-0.048701,0.012823,1967.419000,-0.057705,0.011290
1967.901000,-0.048391,0.012810,1967.901000,-0.058496,0.011280
1968.383000,-0.047248,0.012798,1968.383000,-0.058293,0.011269
1968.865000,-0.045848,0.012785,1968.865000,-0.057714,0.011258
1969.347000,-0.044205,0.012772,1969.347000,-0.056400,0.011247
1969.829000,-0.041782,0.012760,1969.829000,-0.056705,0.011236
1970.311000,-0.038037,0.012747,1970.311000,-0.055570,0.011225
1970.793000,-0.035652,0.012735,1970.793000,-0.054336,0.011214
1971.275000,-0.034052,0.012722,1971.275000,-0.053062,0.011203
1971.757000,-0.031257,0.012709,1971.757000,-0.050689,0.011192
1972.239000,-0.030858,0.012697,1972.239000,-0.048804,0.011182
1972.721000,-0.032208,0.012684,1972.721000,-0.048686,0.011171
1973.203000,-0.032935,0.012672,1973.203000,-0.050886,0.011160
1973.685000,-0.033294,0.012659,1973.685000,-0.048334,0.011149
1974.167000,-0.032012,0.012646,1974.167000,-0.048755,0.011138
1974.649000,-0.030665,0.012634,1974.649000,-0.048489,0.011127
1975.131000,-0.028695,0.012621,1975.131000,-0.049810,0.011116
1975.613000,-0.028782,0.012609,1975.613000,-0.049228,0.011105
1976.095000,-0.029259,0.012596,1976.095000,-0.048620,0.011094
1976.577000,-0.028300,0.012583,1976.577000,-0.049313,0.011084
1977.059000,-0.027574,0.012571,1977.059000,-0.048234,0.011073
1977.541000,-0.028341,0.012558,1977.541000,-0.045613,0.011062
1978.023000,-0.030239,0.012546,1978.023000,-0.045994,0.011051
1978.505000,-0.032652,0.012533,1978.505000,-0.045670,0.011040
1978.987000,-0.035848,0.012521,1978.987000,-0.045419,0.011029
1979.469000,-0.039689,0.012508,1979.469000,-0.047451,0.011018
1979.951000,-0.042462,0.012495,1979.951000,-0.050943,0.011008
1980.433000,-0.046660,0.012483,1980.433000,-0.051528,0.010997
1980.915000,-0.049426,0.012470,1980.915000,-0.052838,0.010986
1981.397000,-0.052348,0.012458,1981.397000,-0.054598,0.010975
1981.879000,-0.054152,0.012445,1981.879000,-0.056772,0.010964
1982.361000,-0.056072,0.012433,1982.361000,-0.056176,0.010953
1982.843000,-0.056318,0.012420,1982.843000,-0.055273,0.010942
1983.325000,-0.055627,0.012408,1983.325000,-0.054187,0.010932
1983.807000,-0.053483,0.012395,1983.807000,-0.053875,0.010921
1984.289000,-0.051274,0.012382,1984.289000,-0.051895,0.010910
1984.771000,-0.047381,0.012370,1984.771000,-0.052552,0.010899
1985.253000,-0.042772,0.012357,1985.253000,-0.050513,0.010888
1985.735000,-0.037717,0.012345,1985.735000,-0.049222,0.010877
1986.217000,-0.034309,0.012332,1986.217000,-0.048428,0.010866
1986.699000,-0.031117,0.012320,1986.699000,-0.046949,0.010856
1987.181000,-0.028943,0.012307,1987.181000,-0.045160,0.010845
1987.663000,-0.025496,0.012295,1987.663000,-0.043922,0.010834
1988.145000,-0.021795,0.012282,1988.145000,-0.044283,0.010823
1988.627000,-0.017475,0.012269,1988.627000,-0.044391,0.010812
1989.109000,-0.013600,0.012257,1989.109000,-0.043965,0.010801
1989.591000,-0.011460,0.012244,1989.591000,-0.043504,0.010791
1990.073000,-0.009770,0.012232,1990.073000,-0.043217,0.010780
1990.555000,-0.005979,0.012219,1990.555000,-0.043887,0.010769
1991.037000,-0.002801,0.012207,1991.037000,-0.043122,0.010758
1991.519000,0.000538,0.012194,1991.519000,-0.042649,0.010747
1992.001000,0.002392,0.012182,1992.001000,-0.041199,0.010736
1992.483000,0.002689,0.012169,1992.483000,-0.040862,0.010726
1992.965000,0.001076,0.012157,1992.965000,-0.042007,0.010715
1993.447000,-0.000514,0.012144,1993.447000,-0.043302,0.010704
1993.929000,-0.002882,0.012132,1993.929000,-0.045159,0.010693
1994.411000,-0.006561,0.012119,1994.411000,-0.047172,0.010682
1994.893000,-0.009482,0.012107,1994.893000,-0.049145,0.010671
1995.375000,-0.012368,0.012094,1995.375000,-0.052731,0.010661
1995.857000,-0.015806,0.012082,1995.857000,-0.055347,0.010650
1996.339000,-0.020748,0.012069,1996.339000,-0.056626,0.010639
1996.821000,-0.023569,0.012057,1996.821000,-0.056364,0.010628
1997.303000,-0.025383,0.012044,1997.303000,-0.054892,0.010617
1997.785000,-0.027630,0.012031,1997.785000,-0.052688,0.010606
1998.267000,-0.029172,0.012019,1998.267000,-0.050870,0.010596
1998.749000,-0.029477,0.012006,1998.749000,-0.049851,0.010585
1999.231000,-0.029286,0.011994,1999.231000,-0.050128,0.010574
1999.713000,-0.026375,0.011981,1999.713000,-0.050275,0.010563
2000.195000,-0.021795,0.011969,2000.195000,-0.048308,0.010552
2000.677000,-0.018780,0.011956,2000.677000,-0.046382,0.010542
2001.159000,-0.014877,0.011944,2001.159000,-0.045102,0.010531
2001.641000,-0.010334,0.011931,2001.641000,-0.046934,0.010520
2002.123000,-0.005129,0.011919,2002.123000,-0.048655,0.010509
2002.605000,-0.000641,0.011906,2002.605000,-0.048313,0.010498
2003.087000,0.002979,0.011894,2003.087000,-0.047883,0.010488
2003.569000,0.005442,0.011881,2003.569000,-0.045622,0.010477
2004.051000,0.006279,0.011869,2004.051000,-0.044552,0.010466
2004.533000,0.004915,0.011856,2004.533000,-0.044025,0.010455
2005.015000,0.003626,0.011844,2005.015000,-0.044165,0.010444
2005.497000,0.002481,0.011831,2005.497000,-0.044155,0.010434
2005.979000,0.002377,0.011819,2005.979000,-0.044278,0.010423
2006.461000,0.003683,0.011807,2006.461000,-0.044805,0.010412
2006.943000,0.004280,0.011794,2006.943000,-0.044654,0.010401
2007.425000,0.003309,0.011782,2007.425000,-0.045426,0.010390
2007.907000,0.004113,0.011769,2007.907000,-0.045549,0.010380
2008.389000,0.004515,0.011757,2008.389000,-0.046877,0.010369
2008.871000,0.006053,0.011744,2008.871000,-0.045763,0.010358
2009.353000,0.008095,0.011732,2009.353000,-0.044021,0.010347
2009.835000,0.009957,0.011719,2009.835000,-0.043943,0.010336
2010.317000,0.009134,0.011707,2010.317000,-0.044206,0.010326
2010.799000,0.008881,0.011694,2010.799000,-0.045185,0.010315
2011.281000,0.007691,0.011682,2011.281000,-0.045067,0.010304
2011.763000,0.007890,0.011669,2011.763000,-0.045521,0.010293
2012.245000,0.008318,0.011657,2012.245000,-0.046016,0.010283
2012.727000,0.008003,0.011644,2012.727000,-0.046469,0.010272
2013.209000,0.008156,0.011632,2013.209000,-0.046990,0.010261
2013.691000,0.006836,0.011619,2013.691000,-0.047025,0.010250
2014.173000,0.005784,0.011607,2014.173000,-0.046196,0.010239
2014.655000,0.007384,0.011595,2014.655000,-0.043770,0.010229
2015.137000,0.009456,0.011582,2015.137000,-0.043665,0.010218
2015.619000,0.011064,0.011570,2015.619000,-0.041373,0.010207
2016.101000,0.013626,0.011557,2016.101000,-0.038456,0.010196
2016.583000,0.015402,0.011545,2016.583000,-0.036601,0.010186
2017.065000,0.016435,0.011532,2017.065000,-0.036227,0.010175
2017.547000,0.019103,0.011520,2017.547000,-0.035674,0.010164
2018.029000,0.021128,0.011507,2018.029000,-0.035740,0.010153
2018.511000,0.022678,0.011495,2018.511000,-0.035823,0.010143
2018.993000,0.024144,0.011482,2018.993000,-0.035778,0.010132
2019.475000,0.025801,0.011470,2019.475000,-0.034989,0.010121
2019.957000,0.027896,0.011458,2019.957000,-0.034098,0.010110
2020.439000,0.029836,0.011445,2020.439000,-0.035085,0.010100
2020.921000,0.031433,0.011433,2020.921000,-0.034779,0.010089
2021.403000,0.034839,0.011420,2021.403000,-0.035066,0.010078
2021.885000,0.037392,0.011408,2021.885000,-0.035293,0.010067
2022.367000,0.038153,0.011395,2022.367000,-0.032313,0.010057
2022.849000,0.039311,0.011383,2022.849000,-0.028966,0.010046
2023.331000,0.039999,0.011371,2023.331000,-0.026364,0.010035
2023.813000,0.040968,0.011358,2023.813000,-0.025745,0.010024
2024.295000,0.041194,0.011346,2024.295000,-0.023924,0.010014
2024.777000,0.040143,0.011333,2024.777000,-0.021867,0.010003
2025.259000,0.039647,0.011321,2025.259000,-0.020506,0.009992
2025.741000,0.039975,0.011308,2025.741000,-0.019281,0.009981
2026.223000,0.041395,0.011296,2026.223000,-0.018145,0.009971
2026.705000,0.041877,0.011284,2026.705000,-0.019251,0.009960
2027.187000,0.042150,0.011271,2027.187000,-0.021232,0.009949
2027.669000,0.042897,0.011259,2027.669000,-0.022049,0.009938
2028.151000,0.044470,0.011246,2028.151000,-0.023290,0.009928
2028.633000,0.046290,0.011234,2028.633000,-0.023810,0.009917
2029.115000,0.047261,0.011222,2029.115000,-0.024819,0.009906
2029.597000,0.047678,0.011209,2029.597000,-0.025652,0.009895
2030.079000,0.047576,0.011197,2030.079000,-0.027777,0.009885
2030.561000,0.048445,0.011184,2030.561000,-0.029048,0.009874
2031.043000,0.049453,0.011172,2031.043000,-0.028315,0.009863
2031.525000,0.049885,0.011160,2031.525000,-0.027542,0.009853
2032.007000,0.052015,0.011147,2032.007000,-0.028180,0.009842
2032.489000,0.052726,0.011135,2032.489000,-0.025835,0.009831
2032.971000,0.052436,0.011122,2032.971000,-0.022624,0.009820
2033.453000,0.051943,0.011110,2033.453000,-0.021031,0.009810
2033.935000,0.051928,0.011098,2033.935000,-0.017620,0.009799
2034.417000,0.053637,0.011085,2034.417000,-0.013704,0.009788
2034.899000,0.053302,0.011073,2034.899000,-0.012476,0.009777
2035.381000,0.054404,0.011060,2035.381000,-0.010020,0.009767
2035.863000,0.054843,0.011048,2035.863000,-0.007874,0.009756
2036.345000,0.055275,0.011036,2036.345000,-0.007440,0.009745
2036.827000,0.056524,0.011023,2036.827000,-0.007442,0.009735
2037.309000,0.059348,0.011011,2037.309000,-0.006055,0.009724
2037.791000,0.062149,0.010998,2037.791000,-0.004653,0.009713
2038.273000,0.063808,0.010986,2038.273000,-0.003570,0.009703
2038.755000,0.066218,0.010974,2038.755000,-0.001690,0.009692
2039.237000,0.066765,0.010961,2039.237000,0.001313,0.009681
2039.719000,0.067174,0.010949,2039.719000,0.005928,0.009670
2040.201000,0.068586,0.010937,2040.201000,0.008510,0.009660
2040.683000,0.070056,0.010924,2040.683000,0.011648,0.009649
2041.165000,0.069488,0.010912,2041.165000,0.014651,0.009638
2041.647000,0.068855,0.010899,2041.647000,0.017484,0.009628
2042.129000,0.070107,0.010887,2042.129000,0.021804,0.009617
2042.611000,0.071932,0.010875,2042.611000,0.025500,0.009606
2043.093000,0.074101,0.010862,2043.093000,0.026584,0.009595
2043.575000,0.075012,0.010850,2043.575000,0.028034,0.009585
2044.057000,0.075962,0.010838,2044.057000,0.028950,0.009574
2044.539000,0.077284,0.010825,2044.539000,0.029078,0.009563
2045.021000,0.077795,0.010813,2045.021000,0.029155,0.009553
2045.503000,0.078252,0.010801,2045.503000,0.028417,0.009542
2045.985000,0.078099,0.010788,2045.985000,0.027855,0.009531
2046.467000,0.077872,0.010776,2046.467000,0.030101,0.009521
2046.949000,0.077163,0.010763,2046.949000,0.031974,0.009510
2047.431000,0.076719,0.010751,2047.431000,0.032993,0.009499
2047.913000,0.074942,0.010739,2047.913000,0.035008,0.009489
2048.395000,0.074544,0.010726,2048.395000,0.038023,0.009478
2048.877000,0.073834,0.010714,2048.877000,0.040380,0.009467
2049.359000,0.073896,0.010702,2049.359000,0.043146,0.009457
2049.841000,0.072556,0.010689,2049.841000,0.044001,0.009446
2050.323000,0.071080,0.010677,2050.323000,0.045516,0.009435
2050.805000,0.070917,0.010665,2050.805000,0.047855,0.009425
2051.287000,0.069837,0.010652,2051.287000,0.050520,0.009414
2051.769000,0.068777,0.010640,2051.769000,0.053022,0.009403
2052.251000,0.068504,0.010628,2052.251000,0.054621,0.009393
2052.733000,0.067811,0.010615,2052.733000,0.058113,0.009382
2053.215000,0.068767,0.010603,2053.215000,0.062762,0.009371
2053.697000,0.070741,0.010591,2053.697000,0.065678,0.009361
2054.179000,0.073334,0.010578,2054.179000,0.067182,0.009350
2054.661000,0.074928,0.010566,2054.661000,0.069519,0.009339
2055.143000,0.076639,0.010554,2055.143000,0.071020,0.009329
2055.625000,0.079063,0.010541,2055.625000,0.071153,0.009318
2056.107000,0.082224,0.010529,2056.107000,0.070169,0.009307
2056.589000,0.084106,0.010517,2056.589000,0.068671,0.009297
2057.071000,0.086255,0.010504,2057.071000,0.068799,0.009286
2057.553000,0.085730,0.010492,2057.553000,0.068866,0.009275
2058.035000,0.084702,0.010480,2058.035000,0.068506,0.009265
2058.517000,0.083379,0.010467,2058.517000,0.065967,0.009254
2058.999000,0.082352,0.010455,2058.999000,0.065300,0.009243
2059.481000,0.080263,0.010443,2059.481000,0.066072,0.009233
2059.963000,0.079009,0.010431,2059.963000,0.066115,0.009222
2060.445000,0.077201,0.010418,2060.445000,0.066215,0.009211
2060.927000,0.075439,0.010406,2060.927000,0.068359,0.009201
2061.409000,0.073361,0.010394,2061.409000,0.069342,0.009190
2061.891000,0.072261,0.010381,2061.891000,0.068995,0.009179
2062.373000,0.072733,0.010369,2062.373000,0.070177,0.009169
2062.855000,0.073928,0.010357,2062.855000,0.071076,0.009158
2063.337000,0.075720,0.010344,2063.337000,0.072604,0.009148
2063.819000,0.077953,0.010332,2063.819000,0.074198,0.009137
2064.301000,0.079187,0.010320,2064.301000,0.076214,0.009126
2064.783000,0.082259,0.010308,2064.783000,0.077856,0.009116
2065.265000,0.083990,0.010295,2065.265000,0.078484,0.009105
2065.747000,0.086165,0.010283,2065.747000,0.080773,0.009094
2066.229000,0.087571,0.010271,2066.229000,0.081864,0.009084
2066.711000,0.089160,0.010258,2066.711000,0.081571,0.009073
2067.193000,0.090767,0.010246,2067.193000,0.081888,0.009062
2067.675000,0.092117,0.010234,2067.675000,0.082149,0.009052
2068.157000,0.092353,0.010222,2068.157000,0.079979,0.009041
2068.639000,0.091145,0.010209,2068.639000,0.077781,0.009031
2069.121000,0.091224,0.010197,2069.121000,0.076993,0.009020
2069.603000,0.090553,0.010185,2069.603000,0.074988,0.009009
2070.085000,0.091225,0.010172,2070.085000,0.072934,0.008999
2070.567000,0.091467,0.010160,2070.567000,0.070462,0.008988
2071.049000,0.090705,0.010148,2071.049000,0.069828,0.008977
2071.531000,0.088862,0.010136,2071.531000,0.068281,0.008967
2072.013000,0.086525,0.010123,2072.013000,0.066831,0.008956
2072.495000,0.085006,0.010111,2072.495000,0.065335,0.008946
2072.977000,0.084395,0.010099,2072.977000,0.065006,0.008935
2073.459000,0.083999,0.010087,2073.459000,0.064364,0.008924
2073.941000,0.084125,0.010074,2073.941000,0.064916,0.008914
2074.423000,0.084920,0.010062,2074.423000,0.066220,0.008903
2074.905000,0.085679,0.010050,2074.905000,0.067065,0.008893
2075.387000,0.085468,0.010037,2075.387000,0.067775,0.008882
2075.869000,0.086924,0.010025,2075.869000,0.069418,0.008871
2076.351000,0.087211,0.010013,2076.351000,0.070164,0.008861
2076.833000,0.089351,0.010001,2076.833000,0.070939,0.008850
2077.315000,0.091582,0.009988,2077.315000,0.072038,0.008840
2077.797000,0.091724,0.009976,2077.797000,0.073001,0.008829
2078.279000,0.089717,0.009964,2078.279000,0.073101,0.008818
2078.761000,0.088881,0.009952,2078.761000,0.074579,0.008808
2079.243000,0.088701,0.009939,2079.243000,0.074720,0.008797
2079.725000,0.086959,0.009927,2079.725000,0.076038,0.008787
2080.207000,0.083965,0.009915,2080.207000,0.077819,0.008776
2080.689000,0.081342,0.009903,2080.689000,0.080613,0.008765
2081.171000,0.081932,0.009891,2081.171000,0.083021,0.008755
2081.653000,0.081325,0.009878,2081.653000,0.084345,0.008744
2082.135000,0.080175,0.009866,2082.135000,0.084847,0.008734
2082.617000,0.080474,0.009854,2082.617000,0.085813,0.008723
2083.099000,0.079540,0.009842,2083.099000,0.084665,0.008712
2083.581000,0.079460,0.009829,2083.581000,0.083920,0.008702
2084.063000,0.079757,0.009817,2084.063000,0.082659,0.008691
2084.545000,0.076925,0.009805,2084.545000,0.078921,0.008681
2085.027000,0.075263,0.009793,2085.027000,0.076061,0.008670
2085.509000,0.074185,0.009780,2085.509000,0.075434,0.008660
2085.991000,0.073439,0.009768,2085.991000,0.073430,0.008649
2086.473000,0.070946,0.009756,2086.473000,0.072012,0.008638
2086.955000,0.069418,0.009744,2086.955000,0.074496,0.008628
2087.437000,0.070138,0.009732,2087.437000,0.077719,0.008617
2087.919000,0.072455,0.009719,2087.919000,0.079050,0.008607
2088.401000,0.073361,0.009707,2088.401000,0.079640,0.008596
2088.883000,0.073251,0.009695,2088.883000,0.080589,0.008586
2089.365000,0.073648,0.009683,2089.365000,0.082817,0.008575
2089.847000,0.073514,0.009671,2089.847000,0.081391,0.008564
2090.329000,0.073873,0.009658,2090.329000,0.080814,0.008554
2090.811000,0.074693,0.009646,2090.811000,0.080225,0.008543
2091.293000,0.071979,0.009634,2091.293000,0.077031,0.008533
2091.775000,0.069687,0.009622,2091.775000,0.074218,0.008522
2092.257000,0.067747,0.009609,2092.257000,0.073617,0.008512
2092.739000,0.065332,0.009597,2092.739000,0.071447,0.008501
2093.221000,0.064717,0.009585,2093.221000,0.068080,0.008490
2093.703000,0.065379,0.009573,2093.703000,0.067543,0.008480
2094.185000,0.066134,0.009561,2094.185000,0.065468,0.008469
2094.667000,0.067417,0.009549,2094.667000,0.061785,0.008459
2095.149000,0.067626,0.009536,2095.149000,0.060434,0.008448
2095.631000,0.066256,0.009524,2095.631000,0.061059,0.008438
2096.113000,0.067131,0.009512,2096.113000,0.062502,0.008427
2096.595000,0.069134,0.009500,2096.595000,0.062180,0.008417
2097.077000,0.069676,0.009488,2097.077000,0.064921,0.008406
2097.559000,0.068822,0.009475,2097.559000,0.066695,0.008395
2098.041000,0.066490,0.009463,2098.041000,0.064800,0.008385
2098.523000,0.063353,0.009451,2098.523000,0.063525,0.008374
2099.005000,0.061997,0.009439,2099.005000,0.065421,0.008364
2099.487000,0.059729,0.009427,2099.487000,0.065475,0.008353
2099.969000,0.059063,0.009414,2099.969000,0.062827,0.008343
2100.451000,0.057121,0.009402,2100.451000,0.061295,0.008332
2100.933000,0.054635,0.009390,2100.933000,0.059818,0.008322
2101.415000,0.053628,0.009378,2101.415000,0.059565,0.008311
2101.897000,0.051825,0.009366,2101.897000,0.061224,0.008301
2102.379000,0.049904,0.009354,2102.379000,0.061691,0.008290
2102.861000,0.049667,0.009341,2102.861000,0.063088,0.008280
2103.343000,0.048826,0.009329,2103.343000,0.065471,0.008269
2103.825000,0.047179,0.009317,2103.825000,0.067032,0.008259
2104.307000,0.047182,0.009305,2104.307000,0.065325,0.008248
2104.789000,0.047459,0.009293,2104.789000,0.062375,0.008237
2105.271000,0.046291,0.009281,2105.271000,0.061231,0.008227
2105.753000,0.046902,0.009268,2105.753000,0.061711,0.008216
2106.235000,0.046233,0.009256,2106.235000,0.059724,0.008206
2106.717000,0.045070,0.009244,2106.717000,0.055712,0.008195
2107.199000,0.044286,0.009232,2107.199000,0.052274,0.008185
2107.681000,0.042922,0.009220,2107.681000,0.048811,0.008174
2108.163000,0.041773,0.009208,2108.163000,0.046433,0.008164
2108.645000,0.040839,0.009196,2108.645000,0.044076,0.008153
2109.127000,0.039656,0.009183,2109.127000,0.040823,0.008143
2109.609000,0.040074,0.009171,2109.609000,0.039705,0.008132
2110.091000,0.039791,0.009159,2110.091000,0.038775,0.008122
2110.573000,0.040670,0.009147,2110.573000,0.037875,0.008111
2111.055000,0.041227,0.009135,2111.055000,0.038371,0.008101
2111.537000,0.040812,0.009123,2111.537000,0.039793,0.008090
2112.019000,0.040543,0.009111,2112.019000,0.044547,0.008080
2112.501000,0.040830,0.009098,2112.501000,0.048034,0.008069
2112.983000,0.038905,0.009086,2112.983000,0.052148,0.008059
2113.465000,0.036409,0.009074,2113.465000,0.055140,0.008048
2113.947000,0.033418,0.009062,2113.947000,0.056547,0.008038
2114.429000,0.029600,0.009050,2114.429000,0.059018,0.008027
2114.911000,0.027300,0.009038,2114.911000,0.060533,0.008017
2115.393000,0.024595,0.009026,2115.393000,0.059976,0.008006
2115.875000,0.022382,0.009014,2115.875000,0.057413,0.007996
2116.357000,0.022163,0.009001,2116.357000,0.054362,0.007985
2116.839000,0.020984,0.008989,2116.839000,0.050318,0.007975
2117.321000,0.019659,0.008977,2117.321000,0.047516,0.007964
2117.803000,0.018985,0.008965,2117.803000,0.047094,0.007954
2118.285000,0.018212,0.008953,2118.285000,0.044598,0.007943
2118.767000,0.016896,0.008941,2118.767000,0.043719,0.007933
2119.249000,0.015645,0.008929,2119.249000,0.042410,0.007922
2119.731000,0.013201,0.008917,2119.731000,0.043861,0.007912
2120.213000,0.011667,0.008905,2120.213000,0.042283,0.007901
2120.695000,0.010850,0.008892,2120.695000,0.039470,0.007891
2121.177000,0.009776,0.008880,2121.177000,0.037786,0.007880
2121.659000,0.009956,0.008868,2121.659000,0.035675,0.007870
2122.141000,0.009062,0.008856,2122.141000,0.032713,0.007859
2122.623000,0.009461,0.008844,2122.623000,0.029749,0.007849
2123.105000,0.010295,0.008832,2123.105000,0.028404,0.007839
2123.587000,0.010010,0.008820,2123.587000,0.026934,0.007828
2124.069000,0.009974,0.008808,2124.069000,0.027284,0.007818
2124.551000,0.011794,0.008796,2124.551000,0.029795,0.007807
2125.033000,0.012259,0.008784,2125.033000,0.030006,0.007797
2125.515000,0.013062,0.008772,2125.515000,0.031221,0.007786
2125.997000,0.014775,0.008759,2125.997000,0.035912,0.007776
2126.479000,0.016269,0.008747,2126.479000,0.038526,0.007765
2126.961000,0.018211,0.008735,2126.961000,0.038711,0.007755
2127.443000,0.019231,0.008723,2127.443000,0.037950,0.007744
2127.925000,0.019293,0.008711,2127.925000,0.037367,0.007734
2128.407000,0.017789,0.008699,2128.407000,0.037302,0.007723
2128.889000,0.015039,0.008687,2128.889000,0.036659,0.007713
2129.371000,0.012148,0.008675,2129.371000,0.036319,0.007702
2129.853000,0.007837,0.008663,2129.853000,0.035908,0.007692
2130.335000,0.003108,0.008651,2130.335000,0.035279,0.007682
2130.817000,0.000157,0.008639,2130.817000,0.036407,0.007671
2131.299000,-0.001466,0.008627,2131.299000,0.038285,0.007661
2131.781000,-0.004208,0.008614,2131.781000,0.038718,0.007650
2132.263000,-0.006368,0.008602,2132.263000,0.038497,0.007640
2132.745000,-0.008019,0.008590,2132.745000,0.039078,0.007629
2133.227000,-0.009480,0.008578,2133.227000,0.037434,0.007619
2133.709000,-0.010403,0.008566,2133.709000,0.036862,0.007608
2134.191000,-0.010464,0.008554,2134.191000,0.036412,0.007598
2134.673000,-0.011116,0.008542,2134.673000,0.036480,0.007588
2135.155000,-0.012888,0.008530,2135.155000,0.036360,0.007577
2135.637000,-0.013940,0.008518,2135.637000,0.036741,0.007567
2136.119000,-0.015261,0.008506,2136.119000,0.037082,0.007556
2136.601000,-0.017607,0.008494,2136.601000,0.036387,0.007546
2137.083000,-0.019290,0.008482,2137.083000,0.036393,0.007535
2137.565000,-0.019314,0.008470,2137.565000,0.037561,0.007525
2138.047000,-0.020732,0.008458,2138.047000,0.038139,0.007515
2138.529000,-0.023659,0.008446,2138.529000,0.037429,0.007504
2139.011000,-0.026017,0.008434,2139.011000,0.035459,0.007494
2139.493000,-0.027744,0.008422,2139.493000,0.034585,0.007483
2139.975000,-0.028057,0.008410,2139.975000,0.033471,0.007473
2140.457000,-0.029085,0.008398,2140.457000,0.033016,0.007462
2140.939000,-0.029738,0.008386,2140.939000,0.033356,0.007452
2141.421000,-0.030005,0.008373,2141.421000,0.033216,0.007442
2141.903000,-0.029956,0.008361,2141.903000,0.032942,0.007431
2142.385000,-0.029155,0.008349,2142.385000,0.031341,0.007421
2142.867000,-0.028626,0.008337,2142.867000,0.028773,0.007410
2143.349000,-0.028695,0.008325,2143.349000,0.025436,0.007400
2143.831000,-0.029016,0.008313,2143.831000,0.022022,0.007389
2144.313000,-0.028979,0.008301,2144.313000,0.018851,0.007379
2144.795000,-0.030419,0.008289,2144.795000,0.015490,0.007369
2145.277000,-0.031486,0.008277,2145.277000,0.013480,0.007358
2145.759000,-0.032837,0.008265,2145.759000,0.012112,0.007348
2146.241000,-0.033547,0.008253,2146.241000,0.011731,0.007337
2146.723000,-0.034084,0.008241,2146.723000,0.009211,0.007327
2147.205000,-0.035729,0.008229,2147.205000,0.007957,0.007317
2147.687000,-0.035680,0.008217,2147.687000,0.010085,0.007306
2148.169000,-0.034366,0.008205,2148.169000,0.012573,0.007296
2148.651000,-0.033889,0.008193,2148.651000,0.013694,0.007285
2149.133000,-0.032887,0.008181,2149.133000,0.012402,0.007275
2149.615000,-0.030988,0.008169,2149.615000,0.011158,0.007265
2150.097000,-0.030085,0.008157,2150.097000,0.010138,0.007254
2150.579000,-0.029316,0.008145,2150.579000,0.008913,0.007244
2151.061000,-0.027517,0.008133,2151.061000,0.008217,0.007233
2151.543000,-0.025155,0.008121,2151.543000,0.007774,0.007223
2152.025000,-0.022873,0.008109,2152.025000,0.008206,0.007213
2152.507000,-0.021331,0.008097,2152.507000,0.006984,0.007202
2152.989000,-0.020353,0.008085,2152.989000,0.004243,0.007192
2153.471000,-0.020799,0.008073,2153.471000,0.000562,0.007181
2153.953000,-0.021029,0.008061,2153.953000,-0.000169,0.007171
2154.435000,-0.020844,0.008049,2154.435000,0.000674,0.007161
2154.917000,-0.022370,0.008037,2154.917000,0.000359,0.007150
2155.399000,-0.025566,0.008025,2155.399000,-0.001854,0.007140
2155.881000,-0.028749,0.008013,2155.881000,-0.004295,0.007130
2156.363000,-0.031262,0.008001,2156.363000,-0.003587,0.007119
2156.845000,-0.034273,0.007989,2156.845000,-0.002502,0.007109
2157.327000,-0.036032,0.007977,2157.327000,-0.001546,0.007098
2157.809000,-0.035432,0.007965,2157.809000,-0.001232,0.007088
2158.291000,-0.034788,0.007953,2158.291000,-0.002100,0.007078
2158.773000,-0.035054,0.007941,2158.773000,-0.002442,0.007067
2159.255000,-0.033952,0.007929,2159.255000,-0.004358,0.007057
2159.737000,-0.033967,0.007917,2159.737000,-0.005787,0.007047
2160.219000,-0.034879,0.007905,2160.219000,-0.006752,0.007036
2160.701000,-0.035514,0.007893,2160.701000,-0.007711,0.007026
2161.183000,-0.036551,0.007881,2161.183000,-0.010167,0.007015
2161.665000,-0.037758,0.007870,2161.665000,-0.012841,0.007005
2162.147000,-0.038907,0.007858,2162.147000,-0.014592,0.006995
2162.629000,-0.039833,0.007846,2162.629000,-0.015026,0.006984
2163.111000,-0.039795,0.007834,2163.111000,-0.013417,0.006974
2163.593000,-0.038533,0.007822,2163.593000,-0.014286,0.006964
2164.075000,-0.037583,0.007810,2164.075000,-0.016091,0.006953
2164.557000,-0.036482,0.007798,2164.557000,-0.018051,0.006943
2165.039000,-0.036849,0.007786,2165.039000,-0.020167,0.006933
2165.521000,-0.037576,0.007774,2165.521000,-0.022599,0.006922
2166.003000,-0.038538,0.007762,2166.003000,-0.026693,0.006912
2166.485000,-0.040242,0.007750,2166.485000,-0.030285,0.006901
2166.967000,-0.043020,0.007738,2166.967000,-0.034747,0.006891
2167.449000,-0.046188,0.007726,2167.449000,-0.037812,0.006881
2167.931000,-0.049824,0.007714,2167.931000,-0.040116,0.006870
2168.413000,-0.051655,0.007702,2168.413000,-0.042218,0.006860
2168.895000,-0.052850,0.007690,2168.895000,-0.043422,0.006850
2169.377000,-0.054429,0.007678,2169.377000,-0.042154,0.006839
2169.859000,-0.054065,0.007666,2169.859000,-0.038311,0.006829
2170.341000,-0.052419,0.007654,2170.341000,-0.034823,0.006819
2170.823000,-0.052330,0.007643,2170.823000,-0.032698,0.006808
2171.305000,-0.049903,0.007631,2171.305000,-0.030887,0.006798
2171.787000,-0.045854,0.007619,2171.787000,-0.029433,0.006788
2172.269000,-0.042950,0.007607,2172.269000,-0.028575,0.006777
2172.751000,-0.040297,0.007595,2172.751000,-0.028028,0.006767
2173.233000,-0.035835,0.007583,2173.233000,-0.029168,0.006757
2173.715000,-0.033317,0.007571,2173.715000,-0.031080,0.006746
2174.197000,-0.031835,0.007559,2174.197000,-0.031326,0.006736
2174.679000,-0.030278,0.007547,2174.679000,-0.033572,0.006726
2175.161000,-0.028989,0.007535,2175.161000,-0.036332,0.006715
2175.643000,-0.029290,0.007523,2175.643000,-0.038570,0.006705
2176.125000,-0.031493,0.007511,2176.125000,-0.039081,0.006695
2176.607000,-0.032195,0.007499,2176.607000,-0.038986,0.006684
2177.089000,-0.034119,0.007488,2177.089000,-0.040315,0.006674
2177.571000,-0.037107,0.007476,2177.571000,-0.042435,0.006664
2178.053000,-0.038569,0.007464,2178.053000,-0.042048,0.006653
2178.535000,-0.041467,0.007452,2178.535000,-0.039891,0.006643
2179.017000,-0.044041,0.007440,2179.017000,-0.038231,0.006633
2179.499000,-0.045324,0.007428,2179.499000,-0.037510,0.006623
2179.981000,-0.046734,0.007416,2179.981000,-0.038035,0.006612
2180.463000,-0.048788,0.007404,2180.463000,-0.038188,0.006602
2180.945000,-0.050263,0.007392,2180.945000,-0.037465,0.006592
2181.427000,-0.050198,0.007380,2181.427000,-0.036779,0.006581
2181.909000,-0.048268,0.007368,2181.909000,-0.035438,0.006571
2182.391000,-0.046506,0.007357,2182.391000,-0.034391,0.006561
2182.873000,-0.045407,0.007345,2182.873000,-0.033997,0.006550
2183.355000,-0.042244,0.007333,2183.355000,-0.033543,0.006540
2183.837000,-0.040881,0.007321,2183.837000,-0.033161,0.006530
2184.319000,-0.040726,0.007309,2184.319000,-0.032680,0.006519
2184.801000,-0.040897,0.007297,2184.801000,-0.031605,0.006509
2185.283000,-0.041050,0.007285,2185.283000,-0.031276,0.006499
2185.765000,-0.041016,0.007273,2185.765000,-0.031300,0.006489
2186.247000,-0.040923,0.007262,2186.247000,-0.031440,0.006478
2186.729000,-0.043183,0.007250,2186.729000,-0.032485,0.006468
2187.211000,-0.044194,0.007238,2187.211000,-0.034605,0.006458
2187.693000,-0.045725,0.007226,2187.693000,-0.036357,0.006447
2188.175000,-0.045563,0.007214,2188.175000,-0.037737,0.006437
2188.657000,-0.043661,0.007202,2188.657000,-0.038628,0.006427
2189.139000,-0.043649,0.007190,2189.139000,-0.040754,0.006417
2189.621000,-0.045164,0.007178,2189.621000,-0.043198,0.006406
2190.103000,-0.044477,0.007167,2190.103000,-0.044682,0.006396
2190.585000,-0.044839,0.007155,2190.585000,-0.047145,0.006386
2191.067000,-0.046040,0.007143,2191.067000,-0.049365,0.006375
2191.549000,-0.046022,0.007131,2191.549000,-0.052082,0.006365
2192.031000,-0.045079,0.007119,2192.031000,-0.053762,0.006355
2192.513000,-0.044980,0.007107,2192.513000,-0.054632,0.006345
2192.995000,-0.044944,0.007095,2192.995000,-0.055853,0.006334
2193.477000,-0.045491,0.007084,2193.477000,-0.056942,0.006324
2193.959000,-0.044278,0.007072,2193.959000,-0.059018,0.006314
2194.441000,-0.043363,0.007060,2194.441000,-0.058604,0.006304
2194.923000,-0.041784,0.007048,2194.923000,-0.056570,0.006293
2195.405000,-0.039282,0.007036,2195.405000,-0.051676,0.006283
2195.887000,-0.038059,0.007024,2195.887000,-0.047350,0.006273
2196.369000,-0.037864,0.007012,2196.369000,-0.044027,0.006262
2196.851000,-0.036418,0.007001,2196.851000,-0.040884,0.006252
2197.333000,-0.034651,0.006989,2197.333000,-0.040761,0.006242
2197.815000,-0.034723,0.006977,2197.815000,-0.041422,0.006232
2198.297000,-0.035023,0.006965,2198.297000,-0.043869,0.006221
2198.779000,-0.034822,0.006953,2198.779000,-0.045110,0.006211
2199.261000,-0.034727,0.006941,2199.261000,-0.047062,0.006201
2199.743000,-0.035930,0.006930,2199.743000,-0.049195,0.006191
2200.225000,-0.036622,0.006918,2200.225000,-0.050987,0.006180
2200.707000,-0.037740,0.006906,2200.707000,-0.053147,0.006170
2201.189000,-0.040147,0.006894,2201.189000,-0.050939,0.006160
2201.671000,-0.042868,0.006882,2201.671000,-0.047613,0.006150
2202.153000,-0.044001,0.006870,2202.153000,-0.043689,0.006139
2202.635000,-0.046759,0.006859,2202.635000,-0.041501,0.006129
2203.117000,-0.049552,0.006847,2203.117000,-0.041555,0.006119
2203.599000,-0.051035,0.006835,2203.599000,-0.042256,0.006109
2204.081000,-0.052311,0.006823,2204.081000,-0.045081,0.006098
2204.563000,-0.054845,0.006811,2204.563000,-0.047188,0.006088
2205.045000,-0.055436,0.006800,2205.045000,-0.048307,0.006078
2205.527000,-0.054898,0.006788,2205.527000,-0.048950,0.006068
2206.009000,-0.052166,0.006776,2206.009000,-0.050889,0.006057
2206.491000,-0.050603,0.006764,2206.491000,-0.053293,0.006047
2206.973000,-0.050004,0.006752,2206.973000,-0.055590,0.006037
2207.455000,-0.050063,0.006740,2207.455000,-0.057246,0.006027
2207.937000,-0.048540,0.006729,2207.937000,-0.057263,0.006017
2208.419000,-0.047654,0.006717,2208.419000,-0.058259,0.006006
2208.901000,-0.046969,0.006705,2208.901000,-0.059398,0.005996
2209.383000,-0.046428,0.006693,2209.383000,-0.059078,0.005986
2209.865000,-0.044774,0.006681,2209.865000,-0.060151,0.005976
2210.347000,-0.043990,0.006670,2210.347000,-0.061917,0.005965
2210.829000,-0.043872,0.006658,2210.829000,-0.062934,0.005955
2211.311000,-0.043827,0.006646,2211.311000,-0.060891,0.005945
2211.793000,-0.043289,0.006634,2211.793000,-0.059044,0.005935
2212.275000,-0.043006,0.006623,2212.275000,-0.059091,0.005925
2212.757000,-0.042035,0.006611,2212.757000,-0.059829,0.005914
2213.239000,-0.042388,0.006599,2213.239000,-0.059102,0.005904
2213.721000,-0.044010,0.006587,2213.721000,-0.056661,0.005894
2214.203000,-0.045586,0.006575,2214.203000,-0.055749,0.005884
2214.685000,-0.045485,0.006564,2214.685000,-0.055685,0.005873
2215.167000,-0.046207,0.006552,2215.167000,-0.055749,0.005863
2215.649000,-0.046795,0.006540,2215.649000,-0.056217,0.005853
2216.131000,-0.045091,0.006528,2216.131000,-0.056006,0.005843
2216.613000,-0.043632,0.006517,2216.613000,-0.057212,0.005833
2217.095000,-0.043247,0.006505,2217.095000,-0.057250,0.005822
2217.577000,-0.040928,0.006493,2217.577000,-0.056167,0.005812
2218.059000,-0.039300,0.006481,2218.059000,-0.055913,0.005802
2218.541000,-0.039824,0.006469,2218.541000,-0.056415,0.005792
2219.023000,-0.039059,0.006458,2219.023000,-0.055800,0.005782
2219.505000,-0.039112,0.006446,2219.505000,-0.053278,0.005771
2219.987000,-0.040092,0.006434,2219.987000,-0.050303,0.005761
2220.469000,-0.041936,0.006422,2220.469000,-0.047423,0.005751
2220.951000,-0.043563,0.006411,2220.951000,-0.046606,0.005741
2221.433000,-0.044393,0.006399,2221.433000,-0.046981,0.005731
2221.915000,-0.045301,0.006387,2221.915000,-0.047496,0.005720
2222.397000,-0.046118,0.006375,2222.397000,-0.047465,0.005710
2222.879000,-0.045969,0.006364,2222.879000,-0.045384,0.005700
2223.361000,-0.045254,0.006352,2223.361000,-0.043942,0.005690
2223.843000,-0.044542,0.006340,2223.843000,-0.043004,0.005680
2224.325000,-0.044273,0.006328,2224.325000,-0.041736,0.005670
2224.807000,-0.044060,0.006317,2224.807000,-0.041249,0.005659
2225.289000,-0.044642,0.006305,2225.289000,-0.039383,0.005649
2225.771000,-0.043526,0.006293,2225.771000,-0.038037,0.005639
2226.253000,-0.043827,0.006281,2226.253000,-0.037947,0.005629
2226.735000,-0.044506,0.006270,2226.735000,-0.039241,0.005619
2227.217000,-0.044615,0.006258,2227.217000,-0.040186,0.005608
2227.699000,-0.044406,0.006246,2227.699000,-0.041243,0.005598
2228.181000,-0.043697,0.006234,2228.181000,-0.042918,0.005588
2228.663000,-0.042822,0.006223,2228.663000,-0.043500,0.005578
2229.145000,-0.041735,0.006211,2229.145000,-0.042786,0.005568
2229.627000,-0.041123,0.006199,2229.627000,-0.041738,0.005558
2230.109000,-0.041851,0.006188,2230.109000,-0.041894,0.005547
2230.591000,-0.043419,0.006176,2230.591000,-0.041814,0.005537
2231.073000,-0.046147,0.006164,2231.073000,-0.041377,0.005527
2231.555000,-0.046456,0.006152,2231.555000,-0.040907,0.005517
2232.037000,-0.047979,0.006141,2232.037000,-0.040803,0.005507
2232.519000,-0.048864,0.006129,2232.519000,-0.041480,0.005497
2233.001000,-0.049844,0.006117,2233.001000,-0.042734,0.005486
2233.483000,-0.050398,0.006106,2233.483000,-0.044171,0.005476
2233.965000,-0.050095,0.006094,2233.965000,-0.044718,0.005466
2234.447000,-0.048062,0.006082,2234.447000,-0.044421,0.005456
2234.929000,-0.045242,0.006070,2234.929000,-0.044433,0.005446
2235.411000,-0.042858,0.006059,2235.411000,-0.045330,0.005436
2235.893000,-0.040588,0.006047,2235.893000,-0.045958,0.005426
2236.375000,-0.038455,0.006035,2236.375000,-0.046130,0.005415
2236.857000,-0.037984,0.006024,2236.857000,-0.046242,0.005405
2237.339000,-0.036610,0.006012,2237.339000,-0.047897,0.005395
2237.821000,-0.035906,0.006000,2237.821000,-0.048713,0.005385
2238.303000,-0.034712,0.005989,2238.303000,-0.048517,0.005375
2238.785000,-0.035759,0.005977,2238.785000,-0.047325,0.005365
2239.267000,-0.035763,0.005965,2239.267000,-0.046057,0.005355
2239.749000,-0.036395,0.005953,2239.749000,-0.044860,0.005344
2240.231000,-0.036512,0.005942,2240.231000,-0.043889,0.005334
2240.713000,-0.036518,0.005930,2240.713000,-0.041377,0.005324
2241.195000,-0.035252,0.005918,2241.195000,-0.038516,0.005314
2241.677000,-0.033644,0.005907,2241.677000,-0.036701,0.005304
2242.159000,-0.033106,0.005895,2242.159000,-0.036185,0.005294
2242.641000,-0.031140,0.005883,2242.641000,-0.034566,0.005284
2243.123000,-0.029470,0.005872,2243.123000,-0.033825,0.005273
2243.605000,-0.028162,0.005860,2243.605000,-0.034067,0.005263
2244.087000,-0.025220,0.005848,2244.087000,-0.035998,0.005253
2244.569000,-0.022906,0.005837,2244.569000,-0.037665,0.005243
2245.051000,-0.020519,0.005825,2245.051000,-0.039379,0.005233
2245.533000,-0.019476,0.005813,2245.533000,-0.041686,0.005223
2246.015000,-0.017880,0.005802,2246.015000,-0.043578,0.005213
2246.497000,-0.017277,0.005790,2246.497000,-0.044726,0.005203
2246.979000,-0.015172,0.005778,2246.979000,-0.045773,0.005193
2247.461000,-0.012962,0.005767,2247.461000,-0.046150,0.005182
2247.943000,-0.011489,0.005755,2247.943000,-0.045154,0.005172
2248.425000,-0.010207,0.005743,2248.425000,-0.044160,0.005162
2248.907000,-0.008774,0.005732,2248.907000,-0.042894,0.005152
2249.389000,-0.006761,0.005720,2249.389000,-0.041131,0.005142
2249.871000,-0.005512,0.005708,2249.871000,-0.039745,0.005132
2250.353000,-0.003805,0.005697,2250.353000,-0.038294,0.005122
2250.835000,-0.002991,0.005685,2250.835000,-0.038317,0.005112
2251.317000,-0.003567,0.005673,2251.317000,-0.039524,0.005102
2251.799000,-0.003130,0.005662,2251.799000,-0.039109,0.005091
2252.281000,-0.003276,0.005650,2252.281000,-0.039056,0.005081
2252.763000,-0.004617,0.005638,2252.763000,-0.037097,0.005071
2253.245000,-0.005457,0.005627,2253.245000,-0.034386,0.005061
2253.727000,-0.003716,0.005615,2253.727000,-0.032270,0.005051
2254.209000,-0.002612,0.005604,2254.209000,-0.030556,0.005041
2254.691000,-0.001886,0.005592,2254.691000,-0.027370,0.005031
2255.173000,-0.000303,0.005580,2255.173000,-0.024123,0.005021
2255.655000,0.002085,0.005569,2255.655000,-0.020786,0.005011
2256.137000,0.004522,0.005557,2256.137000,-0.018005,0.005001
2256.619000,0.006263,0.005545,2256.619000,-0.015590,0.004990
2257.101000,0.006973,0.005534,2257.101000,-0.013950,0.004980
2257.583000,0.006906,0.005522,2257.583000,-0.013730,0.004970
2258.065000,0.006501,0.005510,2258.065000,-0.015623,0.004960
2258.547000,0.007109,0.005499,2258.547000,-0.016014,0.004950
2259.029000,0.007660,0.005487,2259.029000,-0.016254,0.004940
2259.511000,0.005646,0.005476,2259.511000,-0.016511,0.004930
2259.993000,0.004825,0.005464,2259.993000,-0.017087,0.004920
2260.475000,0.004914,0.005452,2260.475000,-0.018951,0.004910
2260.957000,0.004738,0.005441,2260.957000,-0.021636,0.004900
2261.439000,0.005582,0.005429,2261.439000,-0.024074,0.004890
2261.921000,0.006331,0.005418,2261.921000,-0.026047,0.004880
2262.403000,0.008283,0.005406,2262.403000,-0.024854,0.004870
2262.885000,0.010202,0.005394,2262.885000,-0.024531,0.004859
2263.367000,0.011984,0.005383,2263.367000,-0.024178,0.004849
2263.849000,0.012280,0.005371,2263.849000,-0.022033,0.004839
2264.331000,0.014248,0.005359,2264.331000,-0.018203,0.004829
2264.813000,0.016829,0.005348,2264.813000,-0.015441,0.004819
2265.295000,0.019962,0.005336,2265.295000,-0.012200,0.004809
2265.777000,0.022451,0.005325,2265.777000,-0.008231,0.004799
2266.259000,0.023270,0.005313,2266.259000,-0.004277,0.004789
2266.741000,0.024718,0.005302,2266.741000,-0.000899,0.004779
2267.223000,0.025204,0.005290,2267.223000,0.001971,0.004769
2267.705000,0.025414,0.005278,2267.705000,0.004104,0.004759
2268.187000,0.025494,0.005267,2268.187000,0.005997,0.004749
2268.669000,0.025669,0.005255,2268.669000,0.008543,0.004739
2269.151000,0.025695,0.005244,2269.151000,0.011634,0.004729
2269.633000,0.024835,0.005232,2269.633000,0.012420,0.004719
2270.115000,0.023709,0.005220,2270.115000,0.012863,0.004709
2270.597000,0.020302,0.005209,2270.597000,0.015231,0.004699
2271.079000,0.019367,0.005197,2271.079000,0.017688,0.004689
2271.561000,0.018888,0.005186,2271.561000,0.017957,0.004678
2272.043000,0.019711,0.005174,2272.043000,0.017578,0.004668
2272.525000,0.022259,0.005163,2272.525000,0.017646,0.004658
2273.007000,0.025008,0.005151,2273.007000,0.017553,0.004648
2273.489000,0.027987,0.005139,2273.489000,0.018297,0.004638
2273.971000,0.031198,0.005128,2273.971000,0.019815,0.004628
2274.453000,0.035233,0.005116,2274.453000,0.021380,0.004618
2274.935000,0.038258,0.005105,2274.935000,0.022126,0.004608
2275.417000,0.040348,0.005093,2275.417000,0.022449,0.004598
2275.899000,0.041920,0.005082,2275.899000,0.022861,0.004588
2276.381000,0.044436,0.005070,2276.381000,0.025749,0.004578
2276.863000,0.045996,0.005058,2276.863000,0.029425,0.004568
2277.345000,0.046819,0.005047,2277.345000,0.035250,0.004558
2277.827000,0.049089,0.005035,2277.827000,0.039608,0.004548
2278.309000,0.051007,0.005024,2278.309000,0.044077,0.004538
2278.791000,0.054095,0.005012,2278.791000,0.049780,0.004528
2279.273000,0.057835,0.005001,2279.273000,0.054950,0.004518
2279.755000,0.061402,0.004989,2279.755000,0.060377,0.004508
2280.237000,0.065219,0.004978,2280.237000,0.065664,0.004498
2280.719000,0.067922,0.004966,2280.719000,0.070143,0.004488
2281.201000,0.069978,0.004955,2281.201000,0.073324,0.004478
2281.683000,0.070332,0.004943,2281.683000,0.075031,0.004468
2282.165000,0.069858,0.004931,2282.165000,0.076174,0.004458
2282.647000,0.068819,0.004920,2282.647000,0.077650,0.004448
2283.129000,0.068908,0.004908,2283.129000,0.079857,0.004438
2283.611000,0.068382,0.004897,2283.611000,0.082838,0.004428
2284.093000,0.067471,0.004885,2284.093000,0.084456,0.004418
2284.575000,0.066763,0.004874,2284.575000,0.084904,0.004408
2285.057000,0.065111,0.004862,2285.057000,0.087671,0.004398
2285.539000,0.063546,0.004851,2285.539000,0.089655,0.004388
2286.021000,0.062421,0.004839,2286.021000,0.090946,0.004378
2286.503000,0.060504,0.004828,2286.503000,0.092837,0.004368
2286.985000,0.057884,0.004816,2286.985000,0.093754,0.004358
2287.467000,0.054977,0.004805,2287.467000,0.092958,0.004348
2287.949000,0.053433,0.004793,2287.949000,0.091865,0.004338
2288.431000,0.051334,0.004782,2288.431000,0.090225,0.004328
2288.913000,0.049697,0.004770,2288.913000,0.086691,0.004318
2289.395000,0.047201,0.004759,2289.395000,0.081841,0.004308
2289.877000,0.046160,0.004747,2289.877000,0.076594,0.004298
2290.359000,0.046004,0.004736,2290.359000,0.072352,0.004288
2290.841000,0.046942,0.004724,2290.841000,0.067767,0.004278
2291.323000,0.048742,0.004713,2291.323000,0.062374,0.004268
2291.805000,0.050930,0.004701,2291.805000,0.057644,0.004258
2292.287000,0.052440,0.004690,2292.287000,0.050944,0.004248
2292.769000,0.054149,0.004678,2292.769000,0.045824,0.004238
2293.251000,0.055689,0.004667,2293.251000,0.042033,0.004228
2293.733000,0.057311,0.004655,2293.733000,0.037424,0.004218
2294.215000,0.059425,0.004644,2294.215000,0.032421,0.004208
2294.697000,0.062107,0.004632,2294.697000,0.028806,0.004198
2295.179000,0.064597,0.004621,2295.179000,0.024275,0.004188
2295.661000,0.067285,0.004609,2295.661000,0.019276,0.004178
2296.143000,0.068507,0.004598,2296.143000,0.014823,0.004168
2296.625000,0.070279,0.004586,2296.625000,0.011845,0.004158
2297.107000,0.072802,0.004575,2297.107000,0.009906,0.004148
2297.589000,0.074097,0.004563,2297.589000,0.009072,0.004138
2298.071000,0.073815,0.004552,2298.071000,0.005922,0.004128
2298.553000,0.073128,0.004540,2298.553000,0.004721,0.004118
2299.035000,0.071859,0.004529,2299.035000,0.003710,0.004108
2299.517000,0.070704,0.004517,2299.517000,0.004991,0.004098
2299.999000,0.068711,0.004506,2299.999000,0.008899,0.004088
2300.481000,0.066296,0.004494,2300.481000,0.012941,0.004079
2300.963000,0.065352,0.004483,2300.963000,0.014883,0.004069
2301.445000,0.065732,0.004471,2301.445000,0.015270,0.004059
2301.927000,0.066332,0.004460,2301.927000,0.016371,0.004049
2302.409000,0.066764,0.004448,2302.409000,0.016566,0.004039
2302.891000,0.067268,0.004437,2302.891000,0.015321,0.004029
2303.373000,0.068510,0.004426,2303.373000,0.012216,0.004019
2303.855000,0.069405,0.004414,2303.855000,0.008047,0.004009
2304.337000,0.068535,0.004403,2304.337000,0.001969,0.003999
2304.819000,0.068233,0.004391,2304.819000,-0.005462,0.003989
2305.301000,0.069123,0.004380,2305.301000,-0.013171,0.003979
2305.783000,0.070049,0.004368,2305.783000,-0.021895,0.003969
2306.265000,0.069558,0.004357,2306.265000,-0.028407,0.003959
2306.747000,0.069049,0.004345,2306.747000,-0.033324,0.003949
2307.229000,0.069814,0.004334,2307.229000,-0.039240,0.003939
2307.711000,0.072068,0.004322,2307.711000,-0.044804,0.003929
2308.193000,0.072721,0.004311,2308.193000,-0.047047,0.003919
2308.675000,0.072392,0.004300,2308.675000,-0.045718,0.003909
2309.157000,0.071468,0.004288,2309.157000,-0.044591,0.003900
2309.639000,0.069845,0.004277,2309.639000,-0.043044,0.003890
2310.121000,0.067284,0.004265,2310.121000,-0.039567,0.003880
2310.603000,0.065348,0.004254,2310.603000,-0.032044,0.003870
2311.085000,0.063364,0.004242,2311.085000,-0.024012,0.003860
2311.567000,0.062251,0.004231,2311.567000,-0.012709,0.003850
2312.049000,0.061826,0.004220,2312.049000,-0.001523,0.003840
2312.531000,0.060937,0.004208,2312.531000,0.008560,0.003830
2313.013000,0.060710,0.004197,2313.013000,0.020542,0.003820
2313.495000,0.061017,0.004185,2313.495000,0.032799,0.003810
2313.977000,0.062512,0.004174,2313.977000,0.043889,0.003800
2314.459000,0.063832,0.004162,2314.459000,0.054135,0.003790
2314.941000,0.065216,0.004151,2314.941000,0.064042,0.003781
2315.423000,0.066795,0.004140,2315.423000,0.070853,0.003771
2315.905000,0.067791,0.004128,2315.905000,0.075587,0.003761
2316.387000,0.068210,0.004117,2316.387000,0.079258,0.003751
2316.869000,0.070579,0.004105,2316.869000,0.082335,0.003741
2317.351000,0.073507,0.004094,2317.351000,0.084682,0.003731
2317.833000,0.074526,0.004083,2317.833000,0.086044,0.003721
2318.315000,0.076011,0.004071,2318.315000,0.087492,0.003711
2318.797000,0.077070,0.004060,2318.797000,0.088210,0.003701
2319.279000,0.078576,0.004048,2319.279000,0.086113,0.003691
2319.761000,0.080704,0.004037,2319.761000,0.085012,0.003681
2320.243000,0.081990,0.004026,2320.243000,0.084942,0.003672
2320.725000,0.082781,0.004014,2320.725000,0.083388,0.003662
2321.207000,0.083219,0.004003,2321.207000,0.079914,0.003652
2321.689000,0.084030,0.003991,2321.689000,0.074784,0.003642
2322.171000,0.083185,0.003980,2322.171000,0.067325,0.003632
2322.653000,0.081770,0.003969,2322.653000,0.059477,0.003622
2323.135000,0.080363,0.003957,2323.135000,0.050815,0.003612
2323.617000,0.080249,0.003946,2323.617000,0.041203,0.003602
2324.099000,0.078268,0.003934,2324.099000,0.031937,0.003592
2324.581000,0.074681,0.003923,2324.581000,0.022867,0.003583
2325.063000,0.071975,0.003912,2325.063000,0.012871,0.003573
2325.545000,0.068537,0.003900,2325.545000,0.003940,0.003563
2326.027000,0.067013,0.003889,2326.027000,-0.004071,0.003553
2326.509000,0.063934,0.003877,2326.509000,-0.010491,0.003543
2326.991000,0.059545,0.003866,2326.991000,-0.014717,0.003533
2327.473000,0.055819,0.003855,2327.473000,-0.017961,0.003523
2327.955000,0.051149,0.003843,2327.955000,-0.020105,0.003513
2328.437000,0.046865,0.003832,2328.437000,-0.021788,0.003504
2328.919000,0.041828,0.003821,2328.919000,-0.023432,0.003494
2329.401000,0.037814,0.003809,2329.401000,-0.024836,0.003484
2329.883000,0.035339,0.003798,2329.883000,-0.024667,0.003474
2330.365000,0.034927,0.003787,2330.365000,-0.026904,0.003464
2330.847000,0.036185,0.003775,2330.847000,-0.029896,0.003454
2331.329000,0.037393,0.003764,2331.329000,-0.033576,0.003444
2331.811000,0.040122,0.003752,2331.811000,-0.039271,0.003435
2332.293000,0.044775,0.003741,2332.293000,-0.044536,0.003425
2332.775000,0.051665,0.003730,2332.775000,-0.050226,0.003415
2333.257000,0.058251,0.003718,2333.257000,-0.057233,0.003405
2333.739000,0.064012,0.003707,2333.739000,-0.062466,0.003395
2334.221000,0.070034,0.003696,2334.221000,-0.064832,0.003385
2334.703000,0.075069,0.003684,2334.703000,-0.064683,0.003375
2335.185000,0.079561,0.003673,2335.185000,-0.060705,0.003366
2335.667000,0.081235,0.003662,2335.667000,-0.053183,0.003356
2336.149000,0.081525,0.003650,2336.149000,-0.041485,0.003346
2336.631000,0.080233,0.003639,2336.631000,-0.026848,0.003336
2337.113000,0.079488,0.003628,2337.113000,-0.013122,0.003326
2337.595000,0.076568,0.003616,2337.595000,0.002130,0.003316
2338.077000,0.070462,0.003605,2338.077000,0.016365,0.003306
2338.559000,0.064042,0.003594,2338.559000,0.027908,0.003297
2339.041000,0.056588,0.003582,2339.041000,0.037695,0.003287
2339.523000,0.048188,0.003571,2339.523000,0.043151,0.003277
2340.005000,0.039039,0.003560,2340.005000,0.045312,0.003267
2340.487000,0.029061,0.003548,2340.487000,0.043190,0.003257
2340.969000,0.021114,0.003537,2340.969000,0.038908,0.003247
2341.451000,0.015281,0.003526,2341.451000,0.033222,0.003238
2341.933000,0.008625,0.003514,2341.933000,0.027571,0.003228
2342.415000,0.002757,0.003503,2342.415000,0.021700,0.003218
2342.897000,0.000209,0.003492,2342.897000,0.016435,0.003208
2343.379000,0.000035,0.003480,2343.379000,0.011233,0.003198
2343.861000,0.003577,0.003469,2343.861000,0.007171,0.003188
2344.343000,0.006866,0.003458,2344.343000,0.004694,0.003179
2344.825000,0.010651,0.003447,2344.825000,0.003080,0.003169
2345.307000,0.016646,0.003435,2345.307000,0.002060,0.003159
2345.789000,0.022404,0.003424,2345.789000,0.001901,0.003149
2346.271000,0.026675,0.003413,2346.271000,0.000664,0.003139
2346.753000,0.030538,0.003401,2346.753000,-0.000239,0.003130
2347.235000,0.034239,0.003390,2347.235000,-0.001041,0.003120
2347.717000,0.037179,0.003379,2347.717000,-0.003048,0.003110
2348.199000,0.037533,0.003367,2348.199000,-0.005358,0.003100
2348.681000,0.035665,0.003356,2348.681000,-0.009705,0.003090
2349.163000,0.033634,0.003345,2349.163000,-0.014585,0.003081
2349.645000,0.033215,0.003334,2349.645000,-0.018093,0.003071
2350.127000,0.031373,0.003322,2350.127000,-0.023853,0.003061
2350.609000,0.029610,0.003311,2350.609000,-0.028208,0.003051
2351.091000,0.027902,0.003300,2351.091000,-0.031787,0.003041
2351.573000,0.026833,0.003288,2351.573000,-0.035545,0.003031
2352.055000,0.027833,0.003277,2352.055000,-0.039389,0.003022
2352.537000,0.027277,0.003266,2352.537000,-0.041884,0.003012
2353.019000,0.023667,0.003255,2353.019000,-0.043483,0.003002
2353.501000,0.020077,0.003243,2353.501000,-0.043797,0.002992
2353.983000,0.015955,0.003232,2353.983000,-0.043954,0.002983
2354.465000,0.010642,0.003221,2354.465000,-0.043388,0.002973
2354.947000,0.003191,0.003210,2354.947000,-0.040377,0.002963
2355.429000,-0.004828,0.003198,2355.429000,-0.036987,0.002953
2355.911000,-0.013936,0.003187,2355.911000,-0.032300,0.002943
2356.393000,-0.022959,0.003176,2356.393000,-0.027613,0.002934
2356.875000,-0.032531,0.003164,2356.875000,-0.026998,0.002924
2357.357000,-0.041072,0.003153,2357.357000,-0.028099,0.002914
2357.839000,-0.047538,0.003142,2357.839000,-0.030474,0.002904
2358.321000,-0.051737,0.003131,2358.321000,-0.035538,0.002894
2358.803000,-0.054231,0.003119,2358.803000,-0.041721,0.002885
2359.285000,-0.055612,0.003108,2359.285000,-0.047328,0.002875
2359.767000,-0.054968,0.003097,2359.767000,-0.052374,0.002865
2360.249000,-0.052010,0.003086,2360.249000,-0.055593,0.002855
2360.731000,-0.048353,0.003074,2360.731000,-0.051376,0.002846
2361.213000,-0.044474,0.003063,2361.213000,-0.042640,0.002836
2361.695000,-0.040012,0.003052,2361.695000,-0.031592,0.002826
2362.177000,-0.034405,0.003041,2362.177000,-0.018473,0.002816
2362.659000,-0.029593,0.003029,2362.659000,-0.004628,0.002806
2363.141000,-0.025715,0.003018,2363.141000,0.007294,0.002797
2363.623000,-0.021725,0.003007,2363.623000,0.017550,0.002787
2364.105000,-0.017702,0.002996,2364.105000,0.023987,0.002777
2364.587000,-0.015048,0.002985,2364.587000,0.025354,0.002767
2365.069000,-0.013436,0.002973,2365.069000,0.020641,0.002758
2365.551000,-0.011995,0.002962,2365.551000,0.012025,0.002748
2366.033000,-0.010413,0.002951,2366.033000,0.001116,0.002738
2366.515000,-0.010258,0.002940,2366.515000,-0.010632,0.002728
2366.997000,-0.012322,0.002928,2366.997000,-0.020101,0.002719
2367.479000,-0.015811,0.002917,2367.479000,-0.027023,0.002709
2367.961000,-0.019509,0.002906,2367.961000,-0.034678,0.002699
2368.443000,-0.022299,0.002895,2368.443000,-0.041221,0.002689
2368.925000,-0.023783,0.002883,2368.925000,-0.047831,0.002680
2369.407000,-0.025546,0.002872,2369.407000,-0.050306,0.002670
2369.889000,-0.026790,0.002861,2369.889000,-0.048809,0.002660
2370.371000,-0.026408,0.002850,2370.371000,-0.043863,0.002650
2370.853000,-0.024555,0.002839,2370.853000,-0.038382,0.002641
2371.335000,-0.021677,0.002827,2371.335000,-0.032443,0.002631
2371.817000,-0.016249,0.002816,2371.817000,-0.025115,0.002621
2372.299000,-0.009264,0.002805,2372.299000,-0.016964,0.002611
2372.781000,-0.001483,0.002794,2372.781000,-0.009172,0.002602
2373.263000,0.006241,0.002783,2373.263000,-0.001270,0.002592
2373.745000,0.013543,0.002771,2373.745000,0.006240,0.002582
2374.227000,0.020545,0.002760,2374.227000,0.012579,0.002573
2374.709000,0.027792,0.002749,2374.709000,0.018336,0.002563
2375.191000,0.034161,0.002738,2375.191000,0.021565,0.002553
2375.673000,0.039235,0.002727,2375.673000,0.023004,0.002543
2376.155000,0.043121,0.002715,2376.155000,0.026093,0.002534
2376.637000,0.045619,0.002704,2376.637000,0.028106,0.002524
2377.119000,0.046827,0.002693,2377.119000,0.029319,0.002514
2377.601000,0.048194,0.002682,2377.601000,0.031898,0.002504
2378.083000,0.050145,0.002671,2378.083000,0.034291,0.002495
2378.565000,0.051011,0.002660,2378.565000,0.037173,0.002485
2379.047000,0.050423,0.002648,2379.047000,0.040325,0.002475
2379.529000,0.049848,0.002637,2379.529000,0.043621,0.002466
2380.011000,0.049615,0.002626,2380.011000,0.047404,0.002456
2380.493000,0.049056,0.002615,2380.493000,0.052044,0.002446
2380.975000,0.049216,0.002604,2380.975000,0.057322,0.002437
2381.457000,0.048802,0.002592,2381.457000,0.062620,0.002427
2381.939000,0.047344,0.002581,2381.939000,0.067998,0.002417
2382.421000,0.044854,0.002570,2382.421000,0.074437,0.002407
2382.903000,0.042052,0.002559,2382.903000,0.081878,0.002398
2383.385000,0.038307,0.002548,2383.385000,0.090512,0.002388
2383.867000,0.035869,0.002537,2383.867000,0.101421,0.002378
2384.349000,0.034695,0.002526,2384.349000,0.113749,0.002369
2384.831000,0.032419,0.002514,2384.831000,0.125145,0.002359
2385.313000,0.029642,0.002503,2385.313000,0.136751,0.002349
2385.795000,0.028620,0.002492,2385.795000,0.147572,0.002339
2386.277000,0.029452,0.002481,2386.277000,0.157658,0.002330
2386.759000,0.032375,0.002470,2386.759000,0.167208,0.002320
2387.241000,0.034189,0.002459,2387.241000,0.174906,0.002310
2387.723000,0.036885,0.002447,2387.723000,0.180399,0.002301
2388.205000,0.038856,0.002436,2388.205000,0.185487,0.002291
2388.687000,0.041041,0.002425,2388.687000,0.188226,0.002281
2389.169000,0.040774,0.002414,2389.169000,0.189077,0.002272
2389.651000,0.038541,0.002403,2389.651000,0.190639,0.002262
2390.133000,0.036338,0.002392,2390.133000,0.191637,0.002252
2390.615000,0.034733,0.002381,2390.615000,0.190682,0.002243
2391.097000,0.031190,0.002369,2391.097000,0.188557,0.002233
2391.579000,0.026864,0.002358,2391.579000,0.186347,0.002223
2392.061000,0.023266,0.002347,2392.061000,0.184785,0.002214
2392.543000,0.020710,0.002336,2392.543000,0.183986,0.002204
2393.025000,0.019715,0.002325,2393.025000,0.182745,0.002194
2393.507000,0.018215,0.002314,2393.507000,0.181632,0.002185
2393.989000,0.015240,0.002303,2393.989000,0.179772,0.002175
2394.471000,0.013707,0.002292,2394.471000,0.178451,0.002165
2394.953000,0.012814,0.002280,2394.953000,0.177324,0.002156
2395.435000,0.012060,0.002269,2395.435000,0.174349,0.002146
2395.917000,0.011049,0.002258,2395.917000,0.171514,0.002136
2396.399000,0.011108,0.002247,2396.399000,0.170008,0.002127
2396.881000,0.012083,0.002236,2396.881000,0.167222,0.002117
2397.363000,0.013264,0.002225,2397.363000,0.163214,0.002107
2397.845000,0.013456,0.002214,2397.845000,0.160226,0.002098
2398.327000,0.014126,0.002203,2398.327000,0.159455,0.002088
2398.809000,0.013544,0.002192,2398.809000,0.158868,0.002078
2399.291000,0.013991,0.002180,2399.291000,0.157897,0.002069
2399.773000,0.015565,0.002169,2399.773000,0.155069,0.002059
2400.255000,0.015540,0.002158,2400.255000,0.151875,0.002049
2400.737000,0.013980,0.002147,2400.737000,0.150315,0.002040
2401.219000,0.011797,0.002136,2401.219000,0.147558,0.002030
2401.701000,0.009877,0.002125,2401.701000,0.143781,0.002020
2402.183000,0.007645,0.002114,2402.183000,0.140806,0.002011
2402.665000,0.006545,0.002103,2402.665000,0.138146,0.002001
2403.147000,0.005392,0.002092,2403.147000,0.135539,0.001992
2403.629000,0.004078,0.002081,2403.629000,0.134440,0.001982
2404.111000,0.002621,0.002070,2404.111000,0.132525,0.001972
2404.593000,0.000059,0.002058,2404.593000,0.130829,0.001963
2405.075000,-0.001807,0.002047,2405.075000,0.129003,0.001953
2405.557000,-0.004222,0.002036,2405.557000,0.125588,0.001943
2406.039000,-0.006002,0.002025,2406.039000,0.122225,0.001934
2406.521000,-0.006947,0.002014,2406.521000,0.117733,0.001924
2407.003000,-0.008622,0.002003,2407.003000,0.112809,0.001914
2407.485000,-0.010978,0.001992,2407.485000,0.109198,0.001905
2407.967000,-0.011959,0.001981,2407.967000,0.104800,0.001895
2408.449000,-0.012674,0.001970,2408.449000,0.100195,0.001886
2408.931000,-0.013965,0.001959,2408.931000,0.095798,0.001876
2409.413000,-0.016239,0.001948,2409.413000,0.091357,0.001866
2409.895000,-0.018977,0.001937,2409.895000,0.088361,0.001857
2410.377000,-0.021307,0.001926,2410.377000,0.087163,0.001847
2410.859000,-0.024239,0.001915,2410.859000,0.084257,0.001838
2411.341000,-0.026802,0.001904,2411.341000,0.081071,0.001828
2411.823000,-0.028225,0.001892,2411.823000,0.077160,0.001818
2412.305000,-0.029646,0.001881,2412.305000,0.072498,0.001809
2412.787000,-0.029661,0.001870,2412.787000,0.067522,0.001799
2413.269000,-0.029701,0.001859,2413.269000,0.061542,0.001789
2413.751000,-0.030229,0.001848,2413.751000,0.055858,0.001780
2414.233000,-0.029648,0.001837,2414.233000,0.052004,0.001770
2414.715000,-0.028326,0.001826,2414.715000,0.048006,0.001761
2415.197000,-0.028469,0.001815,2415.197000,0.043844,0.001751
2415.679000,-0.029798,0.001804,2415.679000,0.041437,0.001741
2416.161000,-0.031743,0.001793,2416.161000,0.040667,0.001732
2416.643000,-0.034095,0.001782,2416.643000,0.040424,0.001722
2417.125000,-0.036432,0.001771,2417.125000,0.040152,0.001713
2417.607000,-0.037666,0.001760,2417.607000,0.038734,0.001703
2418.089000,-0.038999,0.001749,2418.089000,0.037363,0.001693
2418.571000,-0.039726,0.001738,2418.571000,0.036100,0.001684
2419.053000,-0.037835,0.001727,2419.053000,0.034078,0.001674
2419.535000,-0.035708,0.001716,2419.535000,0.031354,0.001665
2420.017000,-0.036373,0.001705,2420.017000,0.028716,0.001655
2420.499000,-0.036683,0.001694,2420.499000,0.027162,0.001646
2420.981000,-0.037258,0.001683,2420.981000,0.025648,0.001636
2421.463000,-0.038744,0.001672,2421.463000,0.023289,0.001626
2421.945000,-0.040517,0.001661,2421.945000,0.022720,0.001617
2422.427000,-0.042967,0.001650,2422.427000,0.023556,0.001607
2422.909000,-0.045158,0.001639,2422.909000,0.022975,0.001598
2423.391000,-0.048236,0.001628,2423.391000,0.020951,0.001588
2423.873000,-0.050237,0.001617,2423.873000,0.018103,0.001578
2424.355000,-0.051257,0.001606,2424.355000,0.014973,0.001569
2424.837000,-0.051740,0.001595,2424.837000,0.012908,0.001559
2425.319000,-0.050113,0.001584,2425.319000,0.011489,0.001550
2425.801000,-0.047595,0.001573,2425.801000,0.008675,0.001540
2426.283000,-0.046044,0.001562,2426.283000,0.004936,0.001531
2426.765000,-0.045059,0.001551,2426.765000,0.001553,0.001521
2427.247000,-0.043024,0.001540,2427.247000,-0.001440,0.001511
2427.729000,-0.041465,0.001529,2427.729000,-0.004552,0.001502
2428.211000,-0.039355,0.001518,2428.211000,-0.007245,0.001492
2428.693000,-0.036690,0.001507,2428.693000,-0.009372,0.001483
2429.175000,-0.035871,0.001496,2429.175000,-0.011774,0.001473
2429.657000,-0.035297,0.001485,2429.657000,-0.014855,0.001464
2430.139000,-0.035154,0.001474,2430.139000,-0.016769,0.001454
2430.621000,-0.035371,0.001463,2430.621000,-0.017229,0.001445
2431.103000,-0.036244,0.001452,2431.103000,-0.015581,0.001435
2431.585000,-0.036457,0.001441,2431.585000,-0.014238,0.001425
2432.067000,-0.036678,0.001430,2432.067000,-0.013656,0.001416
2432.549000,-0.037650,0.001419,2432.549000,-0.014131,0.001406
2433.031000,-0.039092,0.001408,2433.031000,-0.014846,0.001397
2433.513000,-0.039318,0.001397,2433.513000,-0.015097,0.001387
2433.995000,-0.037927,0.001386,2433.995000,-0.016046,0.001378
2434.477000,-0.036986,0.001375,2434.477000,-0.016939,0.001368
2434.959000,-0.035867,0.001364,2434.959000,-0.018923,0.001359
2435.441000,-0.036088,0.001353,2435.441000,-0.022147,0.001349
2435.923000,-0.038896,0.001342,2435.923000,-0.025769,0.001340
2436.405000,-0.040836,0.001331,2436.405000,-0.029199,0.001330
2436.887000,-0.041615,0.001320,2436.887000,-0.030950,0.001321
2437.369000,-0.041136,0.001309,2437.369000,-0.032127,0.001311
2437.851000,-0.040085,0.001298,2437.851000,-0.033571,0.001301
2438.333000,-0.038739,0.001287,2438.333000,-0.035564,0.001292
2438.815000,-0.036357,0.001276,2438.815000,-0.037912,0.001282
2439.297000,-0.034237,0.001265,2439.297000,-0.040142,0.001273
2439.779000,-0.033307,0.001254,2439.779000,-0.042138,0.001263
2440.261000,-0.032450,0.001244,2440.261000,-0.043792,0.001254
2440.743000,-0.031637,0.001233,2440.743000,-0.044491,0.001244
2441.225000,-0.032146,0.001222,2441.225000,-0.044858,0.001235
2441.707000,-0.033602,0.001211,2441.707000,-0.046280,0.001225
2442.189000,-0.036032,0.001200,2442.189000,-0.048069,0.001216
2442.671000,-0.040115,0.001189,2442.671000,-0.049587,0.001206
2443.153000,-0.042773,0.001178,2443.153000,-0.051100,0.001197
2443.635000,-0.042447,0.001167,2443.635000,-0.051883,0.001187
2444.117000,-0.042220,0.001156,2444.117000,-0.052594,0.001178
2444.599000,-0.041951,0.001145,2444.599000,-0.053096,0.001168
2445.081000,-0.040414,0.001134,2445.081000,-0.053379,0.001159
2445.563000,-0.038719,0.001123,2445.563000,-0.053990,0.001149
2446.045000,-0.038352,0.001112,2446.045000,-0.054549,0.001140
2446.527000,-0.039567,0.001101,2446.527000,-0.054846,0.001130
2447.009000,-0.042332,0.001091,2447.009000,-0.055079,0.001121
2447.491000,-0.042941,0.001080,2447.491000,-0.054781,0.001111
2447.973000,-0.043195,0.001069,2447.973000,-0.055531,0.001102
2448.455000,-0.044236,0.001058,2448.455000,-0.055825,0.001092
2448.937000,-0.045060,0.001047,2448.937000,-0.055723,0.001083
2449.419000,-0.047756,0.001036,2449.419000,-0.055092,0.001073
2449.901000,-0.049389,0.001025,2449.901000,-0.056557,0.001064
2450.383000,-0.047830,0.001014,2450.383000,-0.058411,0.001054
2450.865000,-0.047572,0.001003,2450.865000,-0.059143,0.001045
2451.347000,-0.046270,0.000992,2451.347000,-0.058800,0.001035
2451.829000,-0.044222,0.000981,2451.829000,-0.058471,0.001026
2452.311000,-0.044656,0.000971,2452.311000,-0.057543,0.001016
2452.793000,-0.045916,0.000960,2452.793000,-0.056859,0.001007
2453.275000,-0.047922,0.000949,2453.275000,-0.056876,0.000997
2453.757000,-0.049491,0.000938,2453.757000,-0.056961,0.000988
2454.239000,-0.048734,0.000927,2454.239000,-0.056374,0.000978
2454.721000,-0.048959,0.000916,2454.721000,-0.054484,0.000969
2455.203000,-0.048771,0.000905,2455.203000,-0.050550,0.000959
2455.685000,-0.048497,0.000894,2455.685000,-0.046767,0.000950
2456.167000,-0.049689,0.000883,2456.167000,-0.044869,0.000941
2456.649000,-0.048893,0.000873,2456.649000,-0.045498,0.000931
2457.131000,-0.045758,0.000862,2457.131000,-0.044887,0.000922
2457.613000,-0.044153,0.000851,2457.613000,-0.042814,0.000912
2458.095000,-0.042110,0.000840,2458.095000,-0.041064,0.000903
2458.577000,-0.040309,0.000829,2458.577000,-0.039838,0.000893
2459.059000,-0.039758,0.000818,2459.059000,-0.038882,0.000884
2459.541000,-0.038142,0.000807,2459.541000,-0.039407,0.000874
2460.023000,-0.036341,0.000796,2460.023000,-0.040570,0.000865
2460.505000,-0.033718,0.000786,2460.505000,-0.041035,0.000855
2460.987000,-0.031036,0.000775,2460.987000,-0.042608,0.000846
2461.469000,-0.028920,0.000764,2461.469000,-0.044391,0.000836
2461.951000,-0.027048,0.000753,2461.951000,-0.044957,0.000827
2462.433000,-0.027399,0.000742,2462.433000,-0.045673,0.000818
2462.915000,-0.030201,0.000731,2462.915000,-0.047404,0.000808
2463.397000,-0.031228,0.000720,2463.397000,-0.048295,0.000799
2463.879000,-0.031957,0.000710,2463.879000,-0.047094,0.000789
2464.361000,-0.034903,0.000699,2464.361000,-0.045934,0.000780
2464.843000,-0.036689,0.000688,2464.843000,-0.044110,0.000770
2465.325000,-0.038801,0.000677,2465.325000,-0.042013,0.000761
2465.807000,-0.040812,0.000666,2465.807000,-0.041445,0.000751
2466.289000,-0.042287,0.000655,2466.289000,-0.041376,0.000742
2466.771000,-0.046143,0.000644,2466.771000,-0.040243,0.000733
2467.253000,-0.050115,0.000634,2467.253000,-0.041064,0.000723
2467.735000,-0.052041,0.000623,2467.735000,-0.044496,0.000714
2468.217000,-0.053512,0.000612,2468.217000,-0.047502,0.000704
2468.699000,-0.055396,0.000601,2468.699000,-0.050302,0.000695
2469.181000,-0.057011,0.000590,2469.181000,-0.053597,0.000685
2469.663000,-0.058141,0.000579,2469.663000,-0.055730,0.000676
2470.145000,-0.057406,0.000569,2470.145000,-0.056338,0.000667
2470.627000,-0.055866,0.000558,2470.627000,-0.056281,0.000657
2471.109000,-0.055704,0.000547,2471.109000,-0.056567,0.000648
2471.591000,-0.053085,0.000536,2471.591000,-0.055896,0.000638
2472.073000,-0.049578,0.000525,2472.073000,-0.053860,0.000629
2472.555000,-0.046137,0.000514,2472.555000,-0.052778,0.000619
2473.037000,-0.043142,0.000504,2473.037000,-0.050893,0.000610
2473.519000,-0.040643,0.000493,2473.519000,-0.047833,0.000601
2474.001000,-0.036315,0.000482,2474.001000,-0.046231,0.000591
2474.483000,-0.031601,0.000471,2474.483000,-0.045203,0.000582
2474.965000,-0.027390,0.000460,2474.965000,-0.044155,0.000572
2475.447000,-0.024323,0.000450,2475.447000,-0.044700,0.000563
2475.929000,-0.020355,0.000439,2475.929000,-0.045417,0.000554
2476.411000,-0.016632,0.000428,2476.411000,-0.045238,0.000544
2476.893000,-0.013943,0.000417,2476.893000,-0.045660,0.000535
2477.375000,-0.011823,0.000406,2477.375000,-0.047490,0.000525
2477.857000,-0.010731,0.000396,2477.857000,-0.049241,0.000516
2478.339000,-0.009038,0.000385,2478.339000,-0.050037,0.000507
2478.821000,-0.007744,0.000374,2478.821000,-0.049990,0.000497
2479.303000,-0.007956,0.000363,2479.303000,-0.050213,0.000488
2479.785000,-0.009206,0.000352,2479.785000,-0.049159,0.000478
2480.267000,-0.011018,0.000342,2480.267000,-0.047961,0.000469
2480.749000,-0.013873,0.000331,2480.749000,-0.046684,0.000460
2481.231000,-0.017138,0.000320,2481.231000,-0.043643,0.000450
2481.713000,-0.020582,0.000309,2481.713000,-0.040677,0.000441
2482.195000,-0.025947,0.000298,2482.195000,-0.038884,0.000431
2482.677000,-0.030534,0.000288,2482.677000,-0.036566,0.000422
2483.159000,-0.033474,0.000277,2483.159000,-0.035125,0.000413
2483.641000,-0.035870,0.000266,2483.641000,-0.034767,0.000403
2484.123000,-0.036068,0.000255,2484.123000,-0.034544,0.000394
2484.605000,-0.034709,0.000245,2484.605000,-0.035508,0.000384
2485.087000,-0.033779,0.000234,2485.087000,-0.037469,0.000375
2485.569000,-0.031760,0.000223,2485.569000,-0.039281,0.000366
2486.051000,-0.031090,0.000212,2486.051000,-0.040062,0.000356
2486.533000,-0.030480,0.000202,2486.533000,-0.040988,0.000347
2487.015000,-0.028791,0.000191,2487.015000,-0.042792,0.000338
2487.497000,-0.026067,0.000180,2487.497000,-0.043170,0.000328
2487.979000,-0.023009,0.000169,2487.979000,-0.043592,0.000319
2488.461000,-0.021744,0.000159,2488.461000,-0.044573,0.000310
2488.943000,-0.021212,0.000148,2488.943000,-0.044355,0.000300
2489.425000,-0.021562,0.000137,2489.425000,-0.043453,0.000291
2489.907000,-0.021145,0.000126,2489.907000,-0.042947,0.000281
2490.389000,-0.020538,0.000115,2490.389000,-0.040731,0.000272
2490.871000,-0.019375,0.000105,2490.871000,-0.038330,0.000263
2491.353000,-0.018503,0.000094,2491.353000,-0.037574,0.000253
2491.835000,-0.018408,0.000083,2491.835000,-0.036414,0.000244
2492.317000,-0.018628,0.000073,2492.317000,-0.034203,0.000235
2492.799000,-0.020034,0.000062,2492.799000,-0.033278,0.000225
2493.281000,-0.021907,0.000051,2493.281000,-0.032693,0.000216
2493.763000,-0.023241,0.000040,2493.763000,-0.032850,0.000207
2494.245000,-0.023712,0.000030,2494.245000,-0.034687,0.000197
2494.727000,-0.024178,0.000019,2494.727000,-0.037068,0.000188
2495.209000,-0.025377,0.000008,2495.209000,-0.038611,0.000179
2495.691000,-0.027052,-0.000003,2495.691000,-0.040101,0.000169
2496.173000,-0.029224,-0.000013,2496.173000,-0.043528,0.000160
2496.655000,-0.030468,-0.000024,2496.655000,-0.046215,0.000151
2497.137000,-0.031010,-0.000035,2497.137000,-0.047204,0.000141
2497.619000,-0.032385,-0.000046,2497.619000,-0.048752,0.000132
2498.101000,-0.034555,-0.000056,2498.101000,-0.050419,0.000123
2498.583000,-0.035166,-0.000067,2498.583000,-0.051075,0.000113
2499.065000,-0.034998,-0.000078,2499.065000,-0.051503,0.000104
2499.547000,-0.034941,-0.000088,2499.547000,-0.053014,0.000095
2500.029000,-0.035175,-0.000099,2500.029000,-0.053371,0.000085
2500.511000,-0.034793,-0.000110,2500.511000,-0.053598,0.000076
2500.993000,-0.032997,-0.000121,2500.993000,-0.054614,0.000067
2501.475000,-0.030513,-0.000131,2501.475000,-0.055048,0.000057
2501.957000,-0.028287,-0.000142,2501.957000,-0.055622,0.000048
2502.439000,-0.026158,-0.000153,2502.439000,-0.056143,0.000039
2502.921000,-0.023798,-0.000163,2502.921000,-0.057638,0.000029
2503.403000,-0.023584,-0.000174,2503.403000,-0.058416,0.000020
2503.885000,-0.024942,-0.000185,2503.885000,-0.058877,0.000011
2504.367000,-0.026459,-0.000195,2504.367000,-0.060187,0.000001
2504.849000,-0.027761,-0.000206,2504.849000,-0.061348,-0.000008
2505.331000,-0.026766,-0.000217,2505.331000,-0.061513,-0.000017
2505.813000,-0.026372,-0.000227,2505.813000,-0.062052,-0.000027
2506.295000,-0.026925,-0.000238,2506.295000,-0.062033,-0.000036
2506.777000,-0.027185,-0.000249,2506.777000,-0.060057,-0.000045
2507.259000,-0.026701,-0.000260,2507.259000,-0.057070,-0.000055
2507.741000,-0.025080,-0.000270,2507.741000,-0.053618,-0.000064
2508.223000,-0.022789,-0.000281,2508.223000,-0.048920,-0.000073
2508.705000,-0.020338,-0.000292,2508.705000,-0.043439,-0.000082
2509.187000,-0.018409,-0.000302,2509.187000,-0.037310,-0.000092
2509.669000,-0.016862,-0.000313,2509.669000,-0.031357,-0.000101
2510.151000,-0.017817,-0.000324,2510.151000,-0.026200,-0.000110
2510.633000,-0.018740,-0.000334,2510.633000,-0.022791,-0.000120
2511.115000,-0.017984,-0.000345,2511.115000,-0.020870,-0.000129
2511.597000,-0.017420,-0.000356,2511.597000,-0.019300,-0.000138
2512.079000,-0.016272,-0.000366,2512.079000,-0.018351,-0.000148
2512.561000,-0.015838,-0.000377,2512.561000,-0.019054,-0.000157
2513.043000,-0.015087,-0.000388,2513.043000,-0.019481,-0.000166
2513.525000,-0.013818,-0.000398,2513.525000,-0.019731,-0.000175
2514.007000,-0.013353,-0.000409,2514.007000,-0.020993,-0.000185
2514.489000,-0.015081,-0.000420,2514.489000,-0.022774,-0.000194
2514.971000,-0.016420,-0.000430,2514.971000,-0.023746,-0.000203
2515.453000,-0.015767,-0.000441,2515.453000,-0.026075,-0.000213
2515.935000,-0.014196,-0.000452,2515.935000,-0.029023,-0.000222
2516.417000,-0.012635,-0.000462,2516.417000,-0.030799,-0.000231
2516.899000,-0.011884,-0.000473,2516.899000,-0.032100,-0.000240
2517.381000,-0.010341,-0.000483,2517.381000,-0.033930,-0.000250
2517.863000,-0.007552,-0.000494,2517.863000,-0.035258,-0.000259
2518.345000,-0.005286,-0.000505,2518.345000,-0.035423,-0.000268
2518.827000,-0.003825,-0.000515,2518.827000,-0.034947,-0.000277
2519.309000,-0.001604,-0.000526,2519.309000,-0.035171,-0.000287
2519.791000,0.001140,-0.000537,2519.791000,-0.035618,-0.000296
2520.273000,0.002847,-0.000547,2520.273000,-0.035998,-0.000305
2520.755000,0.001737,-0.000558,2520.755000,-0.036350,-0.000314
2521.237000,0.000013,-0.000569,2521.237000,-0.036691,-0.000324
2521.719000,-0.000262,-0.000579,2521.719000,-0.037844,-0.000333
2522.201000,0.000705,-0.000590,2522.201000,-0.039722,-0.000342
2522.683000,0.000912,-0.000600,2522.683000,-0.041185,-0.000351
2523.165000,0.000358,-0.000611,2523.165000,-0.040714,-0.000361
2523.647000,-0.000166,-0.000622,2523.647000,-0.040240,-0.000370
2524.129000,-0.000360,-0.000632,2524.129000,-0.040167,-0.000379
2524.611000,-0.000593,-0.000643,2524.611000,-0.038877,-0.000388
2525.093000,-0.002473,-0.000653,2525.093000,-0.037347,-0.000398
2525.575000,-0.005720,-0.000664,2525.575000,-0.035796,-0.000407
2526.057000,-0.005990,-0.000675,2526.057000,-0.034160,-0.000416
2526.539000,-0.005571,-0.000685,2526.539000,-0.032344,-0.000425
2527.021000,-0.006171,-0.000696,2527.021000,-0.030670,-0.000435
2527.503000,-0.006519,-0.000706,2527.503000,-0.029168,-0.000444
2527.985000,-0.004979,-0.000717,2527.985000,-0.028398,-0.000453
2528.467000,-0.003571,-0.000728,2528.467000,-0.028490,-0.000462
2528.949000,-0.001572,-0.000738,2528.949000,-0.027844,-0.000472
2529.431000,0.000569,-0.000749,2529.431000,-0.028740,-0.000481
2529.913000,0.002440,-0.000759,2529.913000,-0.028879,-0.000490
2530.395000,0.004693,-0.000770,2530.395000,-0.030475,-0.000499
2530.877000,0.007105,-0.000781,2530.877000,-0.032341,-0.000509
2531.359000,0.009695,-0.000791,2531.359000,-0.033878,-0.000518
2531.841000,0.011242,-0.000802,2531.841000,-0.035619,-0.000527
2532.323000,0.012010,-0.000812,2532.323000,-0.034690,-0.000536
2532.805000,0.013386,-0.000823,2532.805000,-0.034340,-0.000545
2533.287000,0.014663,-0.000834,2533.287000,-0.036338,-0.000555
2533.769000,0.014427,-0.000844,2533.769000,-0.036575,-0.000564
2534.251000,0.013957,-0.000855,2534.251000,-0.036617,-0.000573
2534.733000,0.013339,-0.000865,2534.733000,-0.038047,-0.000582
2535.215000,0.010890,-0.000876,2535.215000,-0.038468,-0.000592
2535.697000,0.009280,-0.000886,2535.697000,-0.039207,-0.000601
2536.179000,0.006582,-0.000897,2536.179000,-0.039847,-0.000610
2536.661000,0.002623,-0.000908,2536.661000,-0.038537,-0.000619
2537.143000,-0.000365,-0.000918,2537.143000,-0.038682,-0.000628
2537.625000,-0.001814,-0.000929,2537.625000,-0.038770,-0.000638
2538.107000,-0.001576,-0.000939,2538.107000,-0.037146,-0.000647
2538.589000,-0.001543,-0.000950,2538.589000,-0.033380,-0.000656
2539.071000,-0.000843,-0.000960,2539.071000,-0.028533,-0.000665
2539.553000,0.000859,-0.000971,2539.553000,-0.026065,-0.000674
2540.035000,0.003029,-0.000981,2540.035000,-0.024022,-0.000684
2540.517000,0.005311,-0.000992,2540.517000,-0.019986,-0.000693
2540.999000,0.008032,-0.001003,2540.999000,-0.018034,-0.000702
2541.481000,0.009765,-0.001013,2541.481000,-0.017304,-0.000711
2541.963000,0.011893,-0.001024,2541.963000,-0.015882,-0.000720
2542.445000,0.014696,-0.001034,2542.445000,-0.015337,-0.000730
2542.927000,0.016597,-0.001045,2542.927000,-0.013585,-0.000739
2543.409000,0.017557,-0.001055,2543.409000,-0.011373,-0.000748
2543.891000,0.018810,-0.001066,2543.891000,-0.010354,-0.000757
2544.373000,0.020863,-0.001076,2544.373000,-0.010726,-0.000766
2544.855000,0.022758,-0.001087,2544.855000,-0.009446,-0.000775
2545.337000,0.023845,-0.001097,2545.337000,-0.007038,-0.000785
2545.819000,0.024256,-0.001108,2545.819000,-0.004226,-0.000794
2546.301000,0.026328,-0.001118,2546.301000,-0.003098,-0.000803
2546.783000,0.027840,-0.001129,2546.783000,-0.001465,-0.000812
2547.265000,0.028601,-0.001140,2547.265000,-0.000537,-0.000821
2547.747000,0.028729,-0.001150,2547.747000,0.000607,-0.000831
2548.229000,0.028336,-0.001161,2548.229000,0.000401,-0.000840
2548.711000,0.028558,-0.001171,2548.711000,0.000392,-0.000849
2549.193000,0.027178,-0.001182,2549.193000,0.000121,-0.000858
2549.675000,0.025556,-0.001192,2549.675000,0.000674,-0.000867
2550.157000,0.023249,-0.001203,2550.157000,0.001497,-0.000876
2550.639000,0.021038,-0.001213,2550.639000,0.002381,-0.000886
2551.121000,0.018629,-0.001224,2551.121000,0.002398,-0.000895
2551.603000,0.015721,-0.001234,2551.603000,0.004194,-0.000904
2552.085000,0.012270,-0.001245,2552.085000,0.006296,-0.000913
2552.567000,0.009841,-0.001255,2552.567000,0.007588,-0.000922
2553.049000,0.010049,-0.001266,2553.049000,0.007208,-0.000931
2553.531000,0.009206,-0.001276,2553.531000,0.008148,-0.000940
2554.013000,0.007811,-0.001287,2554.013000,0.007901,-0.000950
2554.495000,0.007678,-0.001297,2554.495000,0.007649,-0.000959
2554.977000,0.008944,-0.001308,2554.977000,0.007317,-0.000968
2555.459000,0.009891,-0.001318,2555.459000,0.008654,-0.000977
2555.941000,0.010775,-0.001329,2555.941000,0.010902,-0.000986
2556.423000,0.013766,-0.001339,2556.423000,0.013518,-0.000995
2556.905000,0.017618,-0.001350,2556.905000,0.015028,-0.001005
2557.387000,0.020326,-0.001360,2557.387000,0.016691,-0.001014
2557.869000,0.020713,-0.001371,2557.869000,0.018843,-0.001023
2558.351000,0.020817,-0.001381,2558.351000,0.021122,-0.001032
2558.833000,0.021467,-0.001391,2558.833000,0.021817,-0.001041
2559.315000,0.023863,-0.001402,2559.315000,0.021693,-0.001050
2559.797000,0.025954,-0.001412,2559.797000,0.021330,-0.001059
2560.279000,0.027132,-0.001423,2560.279000,0.019629,-0.001068
2560.761000,0.028366,-0.001433,2560.761000,0.017920,-0.001078
2561.243000,0.029520,-0.001444,2561.243000,0.016952,-0.001087
2561.725000,0.031898,-0.001454,2561.725000,0.017334,-0.001096
2562.207000,0.034136,-0.001465,2562.207000,0.018005,-0.001105
2562.689000,0.036430,-0.001475,2562.689000,0.018461,-0.001114
2563.171000,0.039254,-0.001486,2563.171000,0.017356,-0.001123
2563.653000,0.041163,-0.001496,2563.653000,0.015306,-0.001132
2564.135000,0.041218,-0.001507,2564.135000,0.013449,-0.001141
2564.617000,0.040070,-0.001517,2564.617000,0.012594,-0.001151
2565.099000,0.039652,-0.001528,2565.099000,0.011205,-0.001160
2565.581000,0.038745,-0.001538,2565.581000,0.008823,-0.001169
2566.063000,0.037881,-0.001548,2566.063000,0.006290,-0.001178
2566.545000,0.036572,-0.001559,2566.545000,0.003727,-0.001187
2567.027000,0.035137,-0.001569,2567.027000,0.002163,-0.001196
2567.509000,0.034904,-0.001580,2567.509000,0.002908,-0.001205
2567.991000,0.034360,-0.001590,2567.991000,0.004661,-0.001214
2568.473000,0.034875,-0.001601,2568.473000,0.006975,-0.001223
2568.955000,0.035567,-0.001611,2568.955000,0.008062,-0.001233
2569.437000,0.036081,-0.001621,2569.437000,0.009817,-0.001242
2569.919000,0.036726,-0.001632,2569.919000,0.011621,-0.001251
2570.401000,0.036478,-0.001642,2570.401000,0.013518,-0.001260
2570.883000,0.035403,-0.001653,2570.883000,0.015980,-0.001269
2571.365000,0.034062,-0.001663,2571.365000,0.018768,-0.001278
2571.847000,0.032579,-0.001674,2571.847000,0.020939,-0.001287
2572.329000,0.031978,-0.001684,2572.329000,0.022640,-0.001296
2572.811000,0.031810,-0.001694,2572.811000,0.024500,-0.001305
2573.293000,0.030605,-0.001705,2573.293000,0.026312,-0.001314
2573.775000,0.029713,-0.001715,2573.775000,0.027695,-0.001323
2574.257000,0.029948,-0.001726,2574.257000,0.028889,-0.001333
2574.739000,0.029395,-0.001736,2574.739000,0.030495,-0.001342
2575.221000,0.028402,-0.001747,2575.221000,0.030439,-0.001351
2575.703000,0.028232,-0.001757,2575.703000,0.029788,-0.001360
2576.185000,0.028229,-0.001767,2576.185000,0.030984,-0.001369
2576.667000,0.028715,-0.001778,2576.667000,0.030584,-0.001378
2577.149000,0.028104,-0.001788,2577.149000,0.028379,-0.001387
2577.631000,0.026824,-0.001799,2577.631000,0.026958,-0.001396
2578.113000,0.026503,-0.001809,2578.113000,0.025151,-0.001405
2578.595000,0.026812,-0.001819,2578.595000,0.024443,-0.001414
2579.077000,0.028843,-0.001830,2579.077000,0.025475,-0.001423
2579.559000,0.030905,-0.001840,2579.559000,0.025703,-0.001432
2580.041000,0.032048,-0.001851,2580.041000,0.024553,-0.001441
2580.523000,0.033721,-0.001861,2580.523000,0.022953,-0.001450
2581.005000,0.036091,-0.001871,2581.005000,0.023321,-0.001460
2581.487000,0.036956,-0.001882,2581.487000,0.023895,-0.001469
2581.969000,0.036659,-0.001892,2581.969000,0.024424,-0.001478
2582.451000,0.036522,-0.001902,2582.451000,0.026036,-0.001487
2582.933000,0.036327,-0.001913,2582.933000,0.026814,-0.001496
2583.415000,0.036415,-0.001923,2583.415000,0.025964,-0.001505
2583.897000,0.036562,-0.001934,2583.897000,0.023282,-0.001514
2584.379000,0.035995,-0.001944,2584.379000,0.021532,-0.001523
2584.861000,0.034691,-0.001954,2584.861000,0.020344,-0.001532
2585.343000,0.035293,-0.001965,2585.343000,0.019836,-0.001541
2585.825000,0.037152,-0.001975,2585.825000,0.019433,-0.001550
2586.307000,0.038449,-0.001985,2586.307000,0.018063,-0.001559
2586.789000,0.038591,-0.001996,2586.789000,0.016983,-0.001568
2587.271000,0.038640,-0.002006,2587.271000,0.016613,-0.001577
2587.753000,0.039164,-0.002017,2587.753000,0.016948,-0.001586
2588.235000,0.037993,-0.002027,2588.235000,0.016880,-0.001595
2588.717000,0.035169,-0.002037,2588.717000,0.017335,-0.001604
2589.199000,0.031768,-0.002048,2589.199000,0.017748,-0.001613
2589.681000,0.029071,-0.002058,2589.681000,0.017960,-0.001622
2590.163000,0.027082,-0.002068,2590.163000,0.018489,-0.001631
2590.645000,0.025510,-0.002079,2590.645000,0.017754,-0.001640
2591.127000,0.022476,-0.002089,2591.127000,0.017081,-0.001649
2591.609000,0.020156,-0.002099,2591.609000,0.016353,-0.001658
2592.091000,0.020485,-0.002110,2592.091000,0.014799,-0.001667
2592.573000,0.020922,-0.002120,2592.573000,0.013139,-0.001676
2593.055000,0.022283,-0.002130,2593.055000,0.012390,-0.001686
2593.537000,0.022323,-0.002141,2593.537000,0.012840,-0.001695
2594.019000,0.024393,-0.002151,2594.019000,0.014165,-0.001704
2594.501000,0.026306,-0.002161,2594.501000,0.016174,-0.001713
2594.983000,0.027082,-0.002172,2594.983000,0.019559,-0.001722
2595.465000,0.025479,-0.002182,2595.465000,0.023182,-0.001731
2595.947000,0.024231,-0.002192,2595.947000,0.025237,-0.001740
2596.429000,0.023327,-0.002203,2596.429000,0.026393,-0.001749
2596.911000,0.022154,-0.002213,2596.911000,0.028544,-0.001758
2597.393000,0.020623,-0.002223,2597.393000,0.030047,-0.001767
2597.875000,0.018351,-0.002234,2597.875000,0.029848,-0.001776
2598.357000,0.017343,-0.002244,2598.357000,0.028557,-0.001785
2598.839000,0.017667,-0.002254,2598.839000,0.025513,-0.001794
2599.321000,0.019659,-0.002265,2599.321000,0.021883,-0.001803
2599.803000,0.021450,-0.002275,2599.803000,0.018921,-0.001812
2600.285000,0.020891,-0.002285,2600.285000,0.017546,-0.001821
2600.767000,0.022116,-0.002295,2600.767000,0.016430,-0.001830
2601.249000,0.022005,-0.002306,2601.249000,0.014721,-0.001839
2601.731000,0.021874,-0.002316,2601.731000,0.014212,-0.001848
2602.213000,0.020493,-0.002326,2602.213000,0.013151,-0.001857
2602.695000,0.020318,-0.002337,2602.695000,0.011178,-0.001866
2603.177000,0.020629,-0.002347,2603.177000,0.011662,-0.001875
2603.659000,0.020717,-0.002357,2603.659000,0.014348,-0.001884
2604.141000,0.020494,-0.002368,2604.141000,0.016360,-0.001893
2604.623000,0.019896,-0.002378,2604.623000,0.017858,-0.001901
2605.105000,0.020779,-0.002388,2605.105000,0.019759,-0.001910
2605.587000,0.022624,-0.002398,2605.587000,0.020207,-0.001919
2606.069000,0.023691,-0.002409,2606.069000,0.021674,-0.001928
2606.551000,0.023515,-0.002419,2606.551000,0.022788,-0.001937
2607.033000,0.022432,-0.002429,2607.033000,0.024081,-0.001946
2607.515000,0.021133,-0.002440,2607.515000,0.025048,-0.001955
2607.997000,0.019546,-0.002450,2607.997000,0.025376,-0.001964
2608.479000,0.018274,-0.002460,2608.479000,0.026054,-0.001973
2608.961000,0.017021,-0.002470,2608.961000,0.025691,-0.001982
2609.443000,0.015729,-0.002481,2609.443000,0.025563,-0.001991
2609.925000,0.014250,-0.002491,2609.925000,0.026658,-0.002000
2610.407000,0.012457,-0.002501,2610.407000,0.026110,-0.002009
2610.889000,0.011598,-0.002511,2610.889000,0.024037,-0.002018
2611.371000,0.010802,-0.002522,2611.371000,0.022501,-0.002027
2611.853000,0.010450,-0.002532,2611.853000,0.021350,-0.002036
2612.335000,0.010437,-0.002542,2612.335000,0.019418,-0.002045
2612.817000,0.008793,-0.002552,2612.817000,0.017594,-0.002054
2613.299000,0.007318,-0.002563,2613.299000,0.015998,-0.002063
2613.781000,0.006169,-0.002573,2613.781000,0.015206,-0.002072
2614.263000,0.004447,-0.002583,2614.263000,0.015248,-0.002081
2614.745000,0.002472,-0.002593,2614.745000,0.017341,-0.002090
2615.227000,0.001468,-0.002604,2615.227000,0.019936,-0.002099
2615.709000,0.002144,-0.002614,2615.709000,0.021883,-0.002108
2616.191000,0.003255,-0.002624,2616.191000,0.024445,-0.002117
2616.673000,0.003240,-0.002634,2616.673000,0.027880,-0.002125
2617.155000,0.004267,-0.002645,2617.155000,0.029487,-0.002134
2617.637000,0.006257,-0.002655,2617.637000,0.031959,-0.002143
2618.119000,0.007871,-0.002665,2618.119000,0.036005,-0.002152
2618.601000,0.009269,-0.002675,2618.601000,0.037422,-0.002161
2619.083000,0.010749,-0.002686,2619.083000,0.036590,-0.002170
2619.565000,0.010896,-0.002696,2619.565000,0.034455,-0.002179
2620.047000,0.011940,-0.002706,2620.047000,0.032093,-0.002188
2620.529000,0.013321,-0.002716,2620.529000,0.028196,-0.002197
2621.011000,0.013946,-0.002727,2621.011000,0.025072,-0.002206
2621.493000,0.014614,-0.002737,2621.493000,0.023385,-0.002215
2621.975000,0.016355,-0.002747,2621.975000,0.021578,-0.002224
2622.457000,0.017593,-0.002757,2622.457000,0.019305,-0.002233
2622.939000,0.017303,-0.002767,2622.939000,0.017378,-0.002242
2623.421000,0.015985,-0.002778,2623.421000,0.017270,-0.002250
2623.903000,0.015408,-0.002788,2623.903000,0.018016,-0.002259
2624.385000,0.012961,-0.002798,2624.385000,0.019675,-0.002268
2624.867000,0.009308,-0.002808,2624.867000,0.020147,-0.002277
2625.349000,0.004964,-0.002818,2625.349000,0.018471,-0.002286
2625.831000,0.001302,-0.002829,2625.831000,0.015733,-0.002295
2626.313000,-0.002222,-0.002839,2626.313000,0.012430,-0.002304
2626.795000,-0.005346,-0.002849,2626.795000,0.010260,-0.002313
2627.277000,-0.007233,-0.002859,2627.277000,0.009058,-0.002322
2627.759000,-0.008875,-0.002869,2627.759000,0.008189,-0.002331
2628.241000,-0.010749,-0.002880,2628.241000,0.006757,-0.002340
2628.723000,-0.011275,-0.002890,2628.723000,0.006791,-0.002348
2629.205000,-0.012040,-0.002900,2629.205000,0.007423,-0.002357
2629.687000,-0.013618,-0.002910,2629.687000,0.008724,-0.002366
2630.169000,-0.013973,-0.002920,2630.169000,0.010867,-0.002375
2630.651000,-0.014523,-0.002931,2630.651000,0.011571,-0.002384
2631.133000,-0.016248,-0.002941,2631.133000,0.011415,-0.002393
2631.615000,-0.017886,-0.002951,2631.615000,0.011529,-0.002402
2632.097000,-0.019602,-0.002961,2632.097000,0.010709,-0.002411
2632.579000,-0.020440,-0.002971,2632.579000,0.008454,-0.002420
2633.061000,-0.019548,-0.002981,2633.061000,0.006838,-0.002428
2633.543000,-0.017563,-0.002992,2633.543000,0.007127,-0.002437
2634.025000,-0.015810,-0.003002,2634.025000,0.007231,-0.002446
2634.507000,-0.014692,-0.003012,2634.507000,0.007552,-0.002455
2634.989000,-0.012462,-0.003022,2634.989000,0.007444,-0.002464
2635.471000,-0.009595,-0.003032,2635.471000,0.008499,-0.002473
2635.953000,-0.008216,-0.003042,2635.953000,0.009693,-0.002482
2636.435000,-0.007397,-0.003053,2636.435000,0.010715,-0.002491
2636.917000,-0.005355,-0.003063,2636.917000,0.010652,-0.002499
2637.399000,-0.003476,-0.003073,2637.399000,0.009854,-0.002508
2637.881000,-0.004400,-0.003083,2637.881000,0.011002,-0.002517
2638.363000,-0.007208,-0.003093,2638.363000,0.012440,-0.002526
2638.845000,-0.011059,-0.003103,2638.845000,0.012842,-0.002535
2639.327000,-0.013815,-0.003114,2639.327000,0.012997,-0.002544
2639.809000,-0.015043,-0.003124,2639.809000,0.013979,-0.002553
2640.291000,-0.017055,-0.003134,2640.291000,0.014738,-0.002562
2640.773000,-0.020256,-0.003144,2640.773000,0.014820,-0.002570
2641.255000,-0.022112,-0.003154,2641.255000,0.016318,-0.002579
2641.737000,-0.023140,-0.003164,2641.737000,0.017303,-0.002588
2642.219000,-0.023171,-0.003174,2642.219000,0.016997,-0.002597
2642.701000,-0.022969,-0.003184,2642.701000,0.015300,-0.002606
2643.183000,-0.021268,-0.003195,2643.183000,0.013146,-0.002615
2643.665000,-0.018394,-0.003205,2643.665000,0.010852,-0.002623
2644.147000,-0.017096,-0.003215,2644.147000,0.008549,-0.002632
2644.629000,-0.017747,-0.003225,2644.629000,0.007211,-0.002641
2645.111000,-0.019135,-0.003235,2645.111000,0.005559,-0.002650
2645.593000,-0.020019,-0.003245,2645.593000,0.003571,-0.002659
2646.075000,-0.021250,-0.003255,2646.075000,0.000914,-0.002668
2646.557000,-0.022614,-0.003265,2646.557000,-0.001685,-0.002677
2647.039000,-0.023924,-0.003276,2647.039000,-0.005073,-0.002685
2647.521000,-0.024117,-0.003286,2647.521000,-0.007946,-0.002694
2648.003000,-0.023180,-0.003296,2648.003000,-0.009155,-0.002703
2648.485000,-0.022287,-0.003306,2648.485000,-0.009903,-0.002712
2648.967000,-0.020875,-0.003316,2648.967000,-0.011475,-0.002721
2649.449000,-0.018736,-0.003326,2649.449000,-0.012609,-0.002730
2649.931000,-0.017636,-0.003336,2649.931000,-0.011764,-0.002738
2650.413000,-0.017286,-0.003346,2650.413000,-0.008766,-0.002747
2650.895000,-0.019383,-0.003356,2650.895000,-0.006686,-0.002756
2651.377000,-0.021714,-0.003367,2651.377000,-0.003586,-0.002765
2651.859000,-0.023480,-0.003377,2651.859000,-0.001080,-0.002774
2652.341000,-0.025808,-0.003387,2652.341000,0.001631,-0.002782
2652.823000,-0.029308,-0.003397,2652.823000,0.004100,-0.002791
2653.305000,-0.031742,-0.003407,2653.305000,0.005394,-0.002800
2653.787000,-0.032581,-0.003417,2653.787000,0.005215,-0.002809
2654.269000,-0.031981,-0.003427,2654.269000,0.004935,-0.002818
2654.751000,-0.031856,-0.003437,2654.751000,0.003595,-0.002827
2655.233000,-0.031859,-0.003447,2655.233000,0.002196,-0.002835
2655.715000,-0.031288,-0.003457,2655.715000,0.000935,-0.002844
2656.197000,-0.030026,-0.003467,2656.197000,-0.000392,-0.002853
2656.679000,-0.030454,-0.003477,2656.679000,-0.001246,-0.002862
2657.161000,-0.029781,-0.003488,2657.161000,-0.002275,-0.002871
2657.643000,-0.029341,-0.003498,2657.643000,-0.005470,-0.002879
2658.125000,-0.028014,-0.003508,2658.125000,-0.007616,-0.002888
2658.607000,-0.026289,-0.003518,2658.607000,-0.008755,-0.002897
2659.089000,-0.025223,-0.003528,2659.089000,-0.008528,-0.002906
2659.571000,-0.024831,-0.003538,2659.571000,-0.009070,-0.002915
2660.053000,-0.023982,-0.003548,2660.053000,-0.009722,-0.002923
2660.535000,-0.022959,-0.003558,2660.535000,-0.009690,-0.002932
2661.017000,-0.022988,-0.003568,2661.017000,-0.009350,-0.002941
2661.499000,-0.023865,-0.003578,2661.499000,-0.010051,-0.002950
2661.981000,-0.023619,-0.003588,2661.981000,-0.010388,-0.002958
2662.463000,-0.023848,-0.003598,2662.463000,-0.010369,-0.002967
2662.945000,-0.024307,-0.003608,2662.945000,-0.010351,-0.002976
2663.427000,-0.024832,-0.003618,2663.427000,-0.010346,-0.002985
2663.909000,-0.025534,-0.003628,2663.909000,-0.010379,-0.002994
2664.391000,-0.027288,-0.003638,2664.391000,-0.010447,-0.003002
2664.873000,-0.028331,-0.003648,2664.873000,-0.010202,-0.003011
2665.355000,-0.029163,-0.003658,2665.355000,-0.009703,-0.003020
2665.837000,-0.030719,-0.003668,2665.837000,-0.009793,-0.003029
2666.319000,-0.034346,-0.003679,2666.319000,-0.009908,-0.003037
2666.801000,-0.038422,-0.003689,2666.801000,-0.008637,-0.003046
2667.283000,-0.042525,-0.003699,2667.283000,-0.007207,-0.003055
2667.765000,-0.046466,-0.003709,2667.765000,-0.006956,-0.003064
2668.247000,-0.048633,-0.003719,2668.247000,-0.007691,-0.003073
2668.729000,-0.049706,-0.003729,2668.729000,-0.008745,-0.003081
2669.211000,-0.051044,-0.003739,2669.211000,-0.009827,-0.003090
2669.693000,-0.050899,-0.003749,2669.693000,-0.011049,-0.003099
2670.175000,-0.050552,-0.003759,2670.175000,-0.011960,-0.003108
2670.657000,-0.050228,-0.003769,2670.657000,-0.013150,-0.003116
2671.139000,-0.048705,-0.003779,2671.139000,-0.014844,-0.003125
2671.621000,-0.045561,-0.003789,2671.621000,-0.015338,-0.003134
2672.103000,-0.043257,-0.003799,2672.103000,-0.015991,-0.003143
2672.585000,-0.042140,-0.003809,2672.585000,-0.016479,-0.003151
2673.067000,-0.040954,-0.003819,2673.067000,-0.016246,-0.003160
2673.549000,-0.038345,-0.003829,2673.549000,-0.015187,-0.003169
2674.031000,-0.035685,-0.003839,2674.031000,-0.013472,-0.003178
2674.513000,-0.032678,-0.003849,2674.513000,-0.012795,-0.003186
2674.995000,-0.028909,-0.003859,2674.995000,-0.012225,-0.003195
2675.477000,-0.025240,-0.003869,2675.477000,-0.011772,-0.003204
2675.959000,-0.021698,-0.003879,2675.959000,-0.012282,-0.003213
2676.441000,-0.019299,-0.003889,2676.441000,-0.014103,-0.003221
2676.923000,-0.019086,-0.003899,2676.923000,-0.015952,-0.003230
2677.405000,-0.020862,-0.003909,2677.405000,-0.018578,-0.003239
2677.887000,-0.023144,-0.003919,2677.887000,-0.021301,-0.003247
2678.369000,-0.026842,-0.003929,2678.369000,-0.023005,-0.003256
2678.851000,-0.031806,-0.003939,2678.851000,-0.024824,-0.003265
2679.333000,-0.036782,-0.003949,2679.333000,-0.025744,-0.003274
2679.815000,-0.040651,-0.003959,2679.815000,-0.026952,-0.003282
2680.297000,-0.043887,-0.003969,2680.297000,-0.027881,-0.003291
2680.779000,-0.047472,-0.003979,2680.779000,-0.027772,-0.003300
2681.261000,-0.049385,-0.003989,2681.261000,-0.028371,-0.003308
2681.743000,-0.049464,-0.003999,2681.743000,-0.026404,-0.003317
2682.225000,-0.048607,-0.004009,2682.225000,-0.026043,-0.003326
2682.707000,-0.047299,-0.004018,2682.707000,-0.027780,-0.003335
2683.189000,-0.046409,-0.004028,2683.189000,-0.030656,-0.003343
2683.671000,-0.044868,-0.004038,2683.671000,-0.033361,-0.003352
2684.153000,-0.042842,-0.004048,2684.153000,-0.034850,-0.003361
2684.635000,-0.041583,-0.004058,2684.635000,-0.035924,-0.003369
2685.117000,-0.041697,-0.004068,2685.117000,-0.037258,-0.003378
2685.599000,-0.041461,-0.004078,2685.599000,-0.038036,-0.003387
2686.081000,-0.041439,-0.004088,2686.081000,-0.038651,-0.003396
2686.563000,-0.039854,-0.004098,2686.563000,-0.038808,-0.003404
2687.045000,-0.037863,-0.004108,2687.045000,-0.038357,-0.003413
2687.527000,-0.036088,-0.004118,2687.527000,-0.037815,-0.003422
2688.009000,-0.034967,-0.004128,2688.009000,-0.037602,-0.003430
2688.491000,-0.033988,-0.004138,2688.491000,-0.036617,-0.003439
2688.973000,-0.033263,-0.004148,2688.973000,-0.038550,-0.003448
2689.455000,-0.032821,-0.004158,2689.455000,-0.040815,-0.003456
2689.937000,-0.032581,-0.004168,2689.937000,-0.042779,-0.003465
2690.419000,-0.033023,-0.004178,2690.419000,-0.044544,-0.003474
2690.901000,-0.034826,-0.004188,2690.901000,-0.044910,-0.003482
2691.383000,-0.038076,-0.004197,2691.383000,-0.046470,-0.003491
2691.865000,-0.041871,-0.004207,2691.865000,-0.048742,-0.003500
2692.347000,-0.044790,-0.004217,2692.347000,-0.050110,-0.003509
2692.829000,-0.046825,-0.004227,2692.829000,-0.052972,-0.003517
2693.311000,-0.047141,-0.004237,2693.311000,-0.054584,-0.003526
2693.793000,-0.047429,-0.004247,2693.793000,-0.055102,-0.003535
2694.275000,-0.047896,-0.004257,2694.275000,-0.056379,-0.003543
2694.757000,-0.048708,-0.004267,2694.757000,-0.057478,-0.003552
2695.239000,-0.049165,-0.004277,2695.239000,-0.057800,-0.003561
2695.721000,-0.049291,-0.004287,2695.721000,-0.056623,-0.003569
2696.203000,-0.049978,-0.004297,2696.203000,-0.054497,-0.003578
2696.685000,-0.050170,-0.004307,2696.685000,-0.052312,-0.003587
2697.167000,-0.050378,-0.004316,2697.167000,-0.049968,-0.003595
2697.649000,-0.050612,-0.004326,2697.649000,-0.047066,-0.003604
2698.131000,-0.051170,-0.004336,2698.131000,-0.044431,-0.003613
2698.613000,-0.051411,-0.004346,2698.613000,-0.041125,-0.003621
2699.095000,-0.050728,-0.004356,2699.095000,-0.038254,-0.003630
2699.577000,-0.049505,-0.004366,2699.577000,-0.037682,-0.003639
2700.059000,-0.047833,-0.004376,2700.059000,-0.036489,-0.003647
2700.541000,-0.045235,-0.004386,2700.541000,-0.035287,-0.003656
2701.023000,-0.042415,-0.004396,2701.023000,-0.035303,-0.003664
2701.505000,-0.039953,-0.004406,2701.505000,-0.035835,-0.003673
2701.987000,-0.037050,-0.004415,2701.987000,-0.036708,-0.003682
2702.469000,-0.034673,-0.004425,2702.469000,-0.037565,-0.003690
2702.951000,-0.034027,-0.004435,2702.951000,-0.040587,-0.003699
2703.433000,-0.033154,-0.004445,2703.433000,-0.043320,-0.003708
2703.915000,-0.033034,-0.004455,2703.915000,-0.045559,-0.003716
2704.397000,-0.033349,-0.004465,2704.397000,-0.047827,-0.003725
2704.879000,-0.033899,-0.004475,2704.879000,-0.049023,-0.003734
2705.361000,-0.033642,-0.004485,2705.361000,-0.049644,-0.003742
2705.843000,-0.033916,-0.004494,2705.843000,-0.051665,-0.003751
2706.325000,-0.033865,-0.004504,2706.325000,-0.053456,-0.003759
2706.807000,-0.033370,-0.004514,2706.807000,-0.054249,-0.003768
2707.289000,-0.032569,-0.004524,2707.289000,-0.055207,-0.003777
2707.771000,-0.032336,-0.004534,2707.771000,-0.054522,-0.003785
2708.253000,-0.032150,-0.004544,2708.253000,-0.053867,-0.003794
2708.735000,-0.032364,-0.004554,2708.735000,-0.054440,-0.003803
2709.217000,-0.033255,-0.004563,2709.217000,-0.055091,-0.003811
2709.699000,-0.034345,-0.004573,2709.699000,-0.056022,-0.003820
2710.181000,-0.035457,-0.004583,2710.181000,-0.056337,-0.003828
2710.663000,-0.036302,-0.004593,2710.663000,-0.055368,-0.003837
2711.145000,-0.036284,-0.004603,2711.145000,-0.053165,-0.003846
2711.627000,-0.036561,-0.004613,2711.627000,-0.049839,-0.003854
2712.109000,-0.036305,-0.004622,2712.109000,-0.046624,-0.003863
2712.591000,-0.035491,-0.004632,2712.591000,-0.044482,-0.003872
2713.073000,-0.033548,-0.004642,2713.073000,-0.040936,-0.003880
2713.555000,-0.031399,-0.004652,2713.555000,-0.036843,-0.003889
2714.037000,-0.031518,-0.004662,2714.037000,-0.034687,-0.003897
2714.519000,-0.032897,-0.004672,2714.519000,-0.031899,-0.003906
2715.001000,-0.035769,-0.004681,2715.001000,-0.030791,-0.003915
2715.483000,-0.038285,-0.004691,2715.483000,-0.031624,-0.003923
2715.965000,-0.039421,-0.004701,2715.965000,-0.032320,-0.003932
2716.447000,-0.042184,-0.004711,2716.447000,-0.034202,-0.003940
2716.929000,-0.046405,-0.004721,2716.929000,-0.036502,-0.003949
2717.411000,-0.050099,-0.004731,2717.411000,-0.036873,-0.003958
2717.893000,-0.053080,-0.004740,2717.893000,-0.036618,-0.003966
2718.375000,-0.055277,-0.004750,2718.375000,-0.037463,-0.003975
2718.857000,-0.055355,-0.004760,2718.857000,-0.038725,-0.003983
2719.339000,-0.053905,-0.004770,2719.339000,-0.040692,-0.003992
2719.821000,-0.052687,-0.004780,2719.821000,-0.043287,-0.004000
2720.303000,-0.050873,-0.004789,2720.303000,-0.045586,-0.004009
2720.785000,-0.050505,-0.004799,2720.785000,-0.048537,-0.004018
2721.267000,-0.048233,-0.004809,2721.267000,-0.049863,-0.004026
2721.749000,-0.046215,-0.004819,2721.749000,-0.050154,-0.004035
2722.231000,-0.044177,-0.004829,2722.231000,-0.051389,-0.004043
2722.713000,-0.042195,-0.004838,2722.713000,-0.051627,-0.004052
2723.195000,-0.040961,-0.004848,2723.195000,-0.051085,-0.004060
2723.677000,-0.037633,-0.004858,2723.677000,-0.049415,-0.004069
2724.159000,-0.033614,-0.004868,2724.159000,-0.048186,-0.004078
2724.641000,-0.031234,-0.004878,2724.641000,-0.047699,-0.004086
2725.123000,-0.029619,-0.004887,2725.123000,-0.047221,-0.004095
2725.605000,-0.027735,-0.004897,2725.605000,-0.046359,-0.004103
2726.087000,-0.026656,-0.004907,2726.087000,-0.045313,-0.004112
2726.569000,-0.026297,-0.004917,2726.569000,-0.045074,-0.004120
2727.051000,-0.025636,-0.004927,2727.051000,-0.043194,-0.004129
2727.533000,-0.025521,-0.004936,2727.533000,-0.041585,-0.004138
2728.015000,-0.025636,-0.004946,2728.015000,-0.039301,-0.004146
2728.497000,-0.027946,-0.004956,2728.497000,-0.037409,-0.004155
2728.979000,-0.030598,-0.004966,2728.979000,-0.037618,-0.004163
2729.461000,-0.031379,-0.004975,2729.461000,-0.037728,-0.004172
2729.943000,-0.030703,-0.004985,2729.943000,-0.037576,-0.004180
2730.425000,-0.029279,-0.004995,2730.425000,-0.037932,-0.004189
2730.907000,-0.028772,-0.005005,2730.907000,-0.039655,-0.004197
2731.389000,-0.029625,-0.005014,2731.389000,-0.042061,-0.004206
2731.871000,-0.029442,-0.005024,2731.871000,-0.042793,-0.004214
2732.353000,-0.029213,-0.005034,2732.353000,-0.043247,-0.004223
2732.835000,-0.029642,-0.005044,2732.835000,-0.044076,-0.004232
2733.317000,-0.029470,-0.005053,2733.317000,-0.045342,-0.004240
2733.799000,-0.029726,-0.005063,2733.799000,-0.044967,-0.004249
2734.281000,-0.030596,-0.005073,2734.281000,-0.044418,-0.004257
2734.763000,-0.031757,-0.005083,2734.763000,-0.043107,-0.004266
2735.245000,-0.032870,-0.005092,2735.245000,-0.041292,-0.004274
2735.727000,-0.033889,-0.005102,2735.727000,-0.039368,-0.004283
2736.209000,-0.034295,-0.005112,2736.209000,-0.037730,-0.004291
2736.691000,-0.034696,-0.005122,2736.691000,-0.034430,-0.004300
2737.173000,-0.035784,-0.005131,2737.173000,-0.032387,-0.004308
2737.655000,-0.035966,-0.005141,2737.655000,-0.031401,-0.004317
2738.137000,-0.035934,-0.005151,2738.137000,-0.030292,-0.004325
2738.619000,-0.035749,-0.005161,2738.619000,-0.028936,-0.004334
2739.101000,-0.036231,-0.005170,2739.101000,-0.028236,-0.004342
2739.583000,-0.035927,-0.005180,2739.583000,-0.029948,-0.004351
2740.065000,-0.035776,-0.005190,2740.065000,-0.032728,-0.004359
2740.547000,-0.035839,-0.005199,2740.547000,-0.036197,-0.004368
2741.029000,-0.036946,-0.005209,2741.029000,-0.040566,-0.004376
2741.511000,-0.037338,-0.005219,2741.511000,-0.043871,-0.004385
2741.993000,-0.038496,-0.005229,2741.993000,-0.046919,-0.004393
2742.475000,-0.039381,-0.005238,2742.475000,-0.050531,-0.004402
2742.957000,-0.039892,-0.005248,2742.957000,-0.054230,-0.004410
2743.439000,-0.040843,-0.005258,2743.439000,-0.055980,-0.004419
2743.921000,-0.042667,-0.005267,2743.921000,-0.058453,-0.004427
2744.403000,-0.043625,-0.005277,2744.403000,-0.059441,-0.004436
2744.885000,-0.044597,-0.005287,2744.885000,-0.058659,-0.004444
2745.367000,-0.046446,-0.005296,2745.367000,-0.057112,-0.004453
2745.849000,-0.047379,-0.005306,2745.849000,-0.056365,-0.004461
2746.331000,-0.046882,-0.005316,2746.331000,-0.056057,-0.004470
2746.813000,-0.046530,-0.005326,2746.813000,-0.055449,-0.004478
2747.295000,-0.045867,-0.005335,2747.295000,-0.055232,-0.004487
2747.777000,-0.045608,-0.005345,2747.777000,-0.053148,-0.004495
2748.259000,-0.044377,-0.005355,2748.259000,-0.049615,-0.004504
2748.741000,-0.043617,-0.005364,2748.741000,-0.048048,-0.004512
2749.223000,-0.042749,-0.005374,2749.223000,-0.047368,-0.004521
2749.705000,-0.041927,-0.005384,2749.705000,-0.046446,-0.004529
2750.187000,-0.041000,-0.005393,2750.187000,-0.044921,-0.004538
2750.669000,-0.040036,-0.005403,2750.669000,-0.044936,-0.004546
2751.151000,-0.040042,-0.005413,2751.151000,-0.044892,-0.004555
2751.633000,-0.040799,-0.005422,2751.633000,-0.043444,-0.004563
2752.115000,-0.042386,-0.005432,2752.115000,-0.041594,-0.004572
2752.597000,-0.042035,-0.005442,2752.597000,-0.040257,-0.004580
2753.079000,-0.040489,-0.005451,2753.079000,-0.036995,-0.004589
2753.561000,-0.039502,-0.005461,2753.561000,-0.034215,-0.004597
2754.043000,-0.037773,-0.005471,2754.043000,-0.031234,-0.004605
2754.525000,-0.036487,-0.005480,2754.525000,-0.026853,-0.004614
2755.007000,-0.035433,-0.005490,2755.007000,-0.023941,-0.004622
2755.489000,-0.035779,-0.005500,2755.489000,-0.022838,-0.004631
2755.971000,-0.035879,-0.005509,2755.971000,-0.023540,-0.004639
2756.453000,-0.035657,-0.005519,2756.453000,-0.024652,-0.004648
2756.935000,-0.035782,-0.005529,2756.935000,-0.025033,-0.004656
2757.417000,-0.036399,-0.005538,2757.417000,-0.026944,-0.004665
2757.899000,-0.038181,-0.005548,2757.899000,-0.029532,-0.004673
2758.381000,-0.038999,-0.005558,2758.381000,-0.031586,-0.004681
2758.863000,-0.039852,-0.005567,2758.863000,-0.033130,-0.004690
2759.345000,-0.039334,-0.005577,2759.345000,-0.034436,-0.004698
2759.827000,-0.038358,-0.005586,2759.827000,-0.036813,-0.004707
2760.309000,-0.037659,-0.005596,2760.309000,-0.040148,-0.004715
2760.791000,-0.036181,-0.005606,2760.791000,-0.043585,-0.004724
2761.273000,-0.035043,-0.005615,2761.273000,-0.045739,-0.004732
2761.755000,-0.035566,-0.005625,2761.755000,-0.046434,-0.004741
2762.237000,-0.035935,-0.005635,2762.237000,-0.047091,-0.004749
2762.719000,-0.034657,-0.005644,2762.719000,-0.049858,-0.004757
2763.201000,-0.034386,-0.005654,2763.201000,-0.050001,-0.004766
2763.683000,-0.034794,-0.005663,2763.683000,-0.049302,-0.004774
2764.165000,-0.033982,-0.005673,2764.165000,-0.048930,-0.004783
2764.647000,-0.033224,-0.005683,2764.647000,-0.047185,-0.004791
2765.129000,-0.032048,-0.005692,2765.129000,-0.045122,-0.004800
2765.611000,-0.031164,-0.005702,2765.611000,-0.042204,-0.004808
2766.093000,-0.028429,-0.005712,2766.093000,-0.040875,-0.004816
2766.575000,-0.025235,-0.005721,2766.575000,-0.041543,-0.004825
2767.057000,-0.021880,-0.005731,2767.057000,-0.043056,-0.004833
2767.539000,-0.018226,-0.005740,2767.539000,-0.044770,-0.004842
2768.021000,-0.015176,-0.005750,2768.021000,-0.044546,-0.004850
2768.503000,-0.013458,-0.005760,2768.503000,-0.043105,-0.004858
2768.985000,-0.010551,-0.005769,2768.985000,-0.043066,-0.004867
2769.467000,-0.008027,-0.005779,2769.467000,-0.043645,-0.004875
2769.949000,-0.008339,-0.005788,2769.949000,-0.042950,-0.004884
2770.431000,-0.009320,-0.005798,2770.431000,-0.042500,-0.004892
2770.913000,-0.009818,-0.005807,2770.913000,-0.040803,-0.004900
2771.395000,-0.010591,-0.005817,2771.395000,-0.038161,-0.004909
2771.877000,-0.010665,-0.005827,2771.877000,-0.036942,-0.004917
2772.359000,-0.011260,-0.005836,2772.359000,-0.035517,-0.004926
2772.841000,-0.010747,-0.005846,2772.841000,-0.035747,-0.004934
2773.323000,-0.008164,-0.005855,2773.323000,-0.037779,-0.004942
2773.805000,-0.007099,-0.005865,2773.805000,-0.041070,-0.004951
2774.287000,-0.007147,-0.005875,2774.287000,-0.044058,-0.004959
2774.769000,-0.006191,-0.005884,2774.769000,-0.046061,-0.004968
2775.251000,-0.004272,-0.005894,2775.251000,-0.046758,-0.004976
2775.733000,-0.001239,-0.005903,2775.733000,-0.046426,-0.004984
2776.215000,-0.000161,-0.005913,2776.215000,-0.045074,-0.004993
2776.697000,-0.000371,-0.005922,2776.697000,-0.043462,-0.005001
2777.179000,-0.000938,-0.005932,2777.179000,-0.041514,-0.005010
2777.661000,-0.000929,-0.005941,2777.661000,-0.039224,-0.005018
2778.143000,-0.000805,-0.005951,2778.143000,-0.037714,-0.005026
2778.625000,-0.002252,-0.005961,2778.625000,-0.036979,-0.005035
2779.107000,-0.003542,-0.005970,2779.107000,-0.036164,-0.005043
2779.589000,-0.003567,-0.005980,2779.589000,-0.035902,-0.005051
2780.071000,-0.002741,-0.005989,2780.071000,-0.036783,-0.005060
2780.553000,-0.004487,-0.005999,2780.553000,-0.037599,-0.005068
2781.035000,-0.005882,-0.006008,2781.035000,-0.038848,-0.005076
2781.517000,-0.006121,-0.006018,2781.517000,-0.040027,-0.005085
2781.999000,-0.006898,-0.006027,2781.999000,-0.039292,-0.005093
2782.481000,-0.006973,-0.006037,2782.481000,-0.036991,-0.005102
2782.963000,-0.007955,-0.006046,2782.963000,-0.035319,-0.005110
2783.445000,-0.008547,-0.006056,2783.445000,-0.034075,-0.005118
2783.927000,-0.009839,-0.006066,2783.927000,-0.032911,-0.005127
2784.409000,-0.011121,-0.006075,2784.409000,-0.031960,-0.005135
2784.891000,-0.012637,-0.006085,2784.891000,-0.032821,-0.005143
2785.373000,-0.013394,-0.006094,2785.373000,-0.035284,-0.005152
2785.855000,-0.013068,-0.006104,2785.855000,-0.037032,-0.005160
2786.337000,-0.012586,-0.006113,2786.337000,-0.038027,-0.005168
2786.819000,-0.011435,-0.006123,2786.819000,-0.039295,-0.005177
2787.301000,-0.011108,-0.006132,2787.301000,-0.041009,-0.005185
2787.783000,-0.010272,-0.006142,2787.783000,-0.044055,-0.005193
2788.265000,-0.010048,-0.006151,2788.265000,-0.046018,-0.005202
2788.747000,-0.011248,-0.006161,2788.747000,-0.046901,-0.005210
2789.229000,-0.011741,-0.006170,2789.229000,-0.046756,-0.005218
2789.711000,-0.010987,-0.006180,2789.711000,-0.046928,-0.005227
2790.193000,-0.010368,-0.006189,2790.193000,-0.047214,-0.005235
2790.675000,-0.010565,-0.006199,2790.675000,-0.046979,-0.005243
2791.157000,-0.010733,-0.006208,2791.157000,-0.047274,-0.005252
2791.639000,-0.009116,-0.006218,2791.639000,-0.047269,-0.005260
2792.121000,-0.006959,-0.006227,2792.121000,-0.049448,-0.005268
2792.603000,-0.005511,-0.006237,2792.603000,-0.048478,-0.005277
2793.085000,-0.002922,-0.006246,2793.085000,-0.046902,-0.005285
2793.567000,-0.000099,-0.006256,2793.567000,-0.045964,-0.005293
2794.049000,0.002415,-0.006265,2794.049000,-0.045582,-0.005302
2794.531000,0.004221,-0.006275,2794.531000,-0.046114,-0.005310
2795.013000,0.004767,-0.006284,2795.013000,-0.046704,-0.005318
2795.495000,0.003466,-0.006294,2795.495000,-0.048471,-0.005327
2795.977000,0.002608,-0.006303,2795.977000,-0.048106,-0.005335
2796.459000,0.001788,-0.006313,2796.459000,-0.046955,-0.005343
2796.941000,-0.000285,-0.006322,2796.941000,-0.047395,-0.005352
2797.423000,-0.002708,-0.006332,2797.423000,-0.047042,-0.005360
2797.905000,-0.004828,-0.006341,2797.905000,-0.047332,-0.005368
2798.387000,-0.006727,-0.006350,2798.387000,-0.047346,-0.005376
2798.869000,-0.008285,-0.006360,2798.869000,-0.047422,-0.005385
2799.351000,-0.008809,-0.006369,2799.351000,-0.045789,-0.005393
2799.833000,-0.007948,-0.006379,2799.833000,-0.045414,-0.005401
2800.315000,-0.005017,-0.006388,2800.315000,-0.043895,-0.005410
2800.797000,-0.001950,-0.006398,2800.797000,-0.042685,-0.005418
2801.279000,-0.001306,-0.006407,2801.279000,-0.042177,-0.005426
2801.761000,0.000678,-0.006417,2801.761000,-0.042329,-0.005435
2802.243000,0.002602,-0.006426,2802.243000,-0.043154,-0.005443
2802.725000,0.002703,-0.006436,2802.725000,-0.041986,-0.005451
2803.207000,0.002403,-0.006445,2803.207000,-0.040318,-0.005459
2803.689000,0.001256,-0.006454,2803.689000,-0.040615,-0.005468
2804.171000,0.001542,-0.006464,2804.171000,-0.039908,-0.005476
2804.653000,0.000661,-0.006473,2804.653000,-0.040282,-0.005484
2805.135000,-0.002663,-0.006483,2805.135000,-0.041305,-0.005492
2805.617000,-0.005297,-0.006492,2805.617000,-0.041349,-0.005501
2806.099000,-0.007203,-0.006502,2806.099000,-0.041309,-0.005509
2806.581000,-0.007775,-0.006511,2806.581000,-0.040763,-0.005517
2807.063000,-0.006791,-0.006521,2807.063000,-0.038076,-0.005526
2807.545000,-0.006156,-0.006530,2807.545000,-0.034788,-0.005534
2808.027000,-0.005066,-0.006539,2808.027000,-0.030405,-0.005542
2808.509000,-0.002935,-0.006549,2808.509000,-0.025846,-0.005550
2808.991000,-0.000745,-0.006558,2808.991000,-0.021715,-0.005559
2809.473000,0.001171,-0.006568,2809.473000,-0.016758,-0.005567
2809.955000,0.003672,-0.006577,2809.955000,-0.012509,-0.005575
2810.437000,0.006817,-0.006586,2810.437000,-0.009887,-0.005583
2810.919000,0.010893,-0.006596,2810.919000,-0.009155,-0.005592
2811.401000,0.012857,-0.006605,2811.401000,-0.009830,-0.005600
2811.883000,0.012818,-0.006615,2811.883000,-0.011949,-0.005608
2812.365000,0.012449,-0.006624,2812.365000,-0.013483,-0.005616
2812.847000,0.012213,-0.006634,2812.847000,-0.014507,-0.005625
2813.329000,0.012084,-0.006643,2813.329000,-0.015557,-0.005633
2813.811000,0.012223,-0.006652,2813.811000,-0.016076,-0.005641
2814.293000,0.012396,-0.006662,2814.293000,-0.015709,-0.005649
2814.775000,0.012330,-0.006671,2814.775000,-0.013160,-0.005658
2815.257000,0.011030,-0.006681,2815.257000,-0.009292,-0.005666
2815.739000,0.010736,-0.006690,2815.739000,-0.005164,-0.005674
2816.221000,0.010345,-0.006699,2816.221000,-0.001071,-0.005682
2816.703000,0.009627,-0.006709,2816.703000,0.000421,-0.005691
2817.185000,0.009705,-0.006718,2817.185000,-0.000753,-0.005699
2817.667000,0.009441,-0.006727,2817.667000,-0.002244,-0.005707
2818.149000,0.008932,-0.006737,2818.149000,-0.003591,-0.005715
2818.631000,0.009194,-0.006746,2818.631000,-0.004760,-0.005724
2819.113000,0.009870,-0.006756,2819.113000,-0.006326,-0.005732
2819.595000,0.011852,-0.006765,2819.595000,-0.009200,-0.005740
2820.077000,0.013706,-0.006774,2820.077000,-0.011106,-0.005748
2820.559000,0.015752,-0.006784,2820.559000,-0.012527,-0.005756
2821.041000,0.017616,-0.006793,2821.041000,-0.011717,-0.005765
2821.523000,0.019383,-0.006802,2821.523000,-0.008980,-0.005773
2822.005000,0.019835,-0.006812,2822.005000,-0.006470,-0.005781
2822.487000,0.021062,-0.006821,2822.487000,-0.004819,-0.005789
2822.969000,0.020355,-0.006831,2822.969000,-0.003903,-0.005798
2823.451000,0.020474,-0.006840,2823.451000,-0.005113,-0.005806
2823.933000,0.020582,-0.006849,2823.933000,-0.004758,-0.005814
2824.415000,0.021301,-0.006859,2824.415000,-0.002721,-0.005822
2824.897000,0.021308,-0.006868,2824.897000,-0.000518,-0.005830
2825.379000,0.021468,-0.006877,2825.379000,0.002563,-0.005839
2825.861000,0.021839,-0.006887,2825.861000,0.002582,-0.005847
2826.343000,0.021395,-0.006896,2826.343000,0.002542,-0.005855
2826.825000,0.020959,-0.006905,2826.825000,0.004060,-0.005863
2827.307000,0.021699,-0.006915,2827.307000,0.007859,-0.005871
2827.789000,0.021833,-0.006924,2827.789000,0.011394,-0.005880
2828.271000,0.021728,-0.006933,2828.271000,0.011093,-0.005888
2828.753000,0.020875,-0.006943,2828.753000,0.010132,-0.005896
2829.235000,0.021194,-0.006952,2829.235000,0.007983,-0.005904
2829.717000,0.021247,-0.006961,2829.717000,0.004750,-0.005912
2830.199000,0.023461,-0.006971,2830.199000,0.003604,-0.005920
2830.681000,0.025476,-0.006980,2830.681000,0.003536,-0.005929
2831.163000,0.026463,-0.006989,2831.163000,0.002274,-0.005937
2831.645000,0.026526,-0.006999,2831.645000,0.003741,-0.005945
2832.127000,0.025880,-0.007008,2832.127000,0.004515,-0.005953
2832.609000,0.023675,-0.007017,2832.609000,0.002857,-0.005961
2833.091000,0.020798,-0.007027,2833.091000,0.004236,-0.005970
2833.573000,0.017503,-0.007036,2833.573000,0.007693,-0.005978
2834.055000,0.013247,-0.007045,2834.055000,0.011260,-0.005986
2834.537000,0.005511,-0.007054,2834.537000,0.013261,-0.005994
2835.019000,-0.001151,-0.007064,2835.019000,0.015632,-0.006002
2835.501000,-0.007319,-0.007073,2835.501000,0.018844,-0.006010
2835.983000,-0.010574,-0.007082,2835.983000,0.020607,-0.006019
2836.465000,-0.009770,-0.007092,2836.465000,0.021471,-0.006027
2836.947000,-0.008118,-0.007101,2836.947000,0.023007,-0.006035
2837.429000,-0.006019,-0.007110,2837.429000,0.021413,-0.006043
2837.911000,-0.004674,-0.007120,2837.911000,0.018608,-0.006051
2838.393000,-0.001986,-0.007129,2838.393000,0.018321,-0.006059
2838.875000,0.001966,-0.007138,2838.875000,0.016101,-0.006068
2839.357000,0.005900,-0.007147,2839.357000,0.012633,-0.006076
2839.839000,0.009792,-0.007157,2839.839000,0.010313,-0.006084
2840.321000,0.011534,-0.007166,2840.321000,0.007991,-0.006092
2840.803000,0.012447,-0.007175,2840.803000,0.004335,-0.006100
2841.285000,0.010713,-0.007185,2841.285000,0.003861,-0.006108
2841.767000,0.009762,-0.007194,2841.767000,0.004335,-0.006116
2842.249000,0.008081,-0.007203,2842.249000,0.004488,-0.006125
2842.731000,0.006927,-0.007212,2842.731000,0.005710,-0.006133
2843.213000,0.006615,-0.007222,2843.213000,0.006549,-0.006141
2843.695000,0.005861,-0.007231,2843.695000,0.008319,-0.006149
2844.177000,0.006124,-0.007240,2844.177000,0.009414,-0.006157
2844.659000,0.005257,-0.007249,2844.659000,0.010557,-0.006165
2845.141000,0.005202,-0.007259,2845.141000,0.012466,-0.006173
2845.623000,0.008674,-0.007268,2845.623000,0.012937,-0.006181
2846.105000,0.012774,-0.007277,2846.105000,0.012094,-0.006190
2846.587000,0.016849,-0.007286,2846.587000,0.009934,-0.006198
2847.069000,0.020649,-0.007296,2847.069000,0.007897,-0.006206
2847.551000,0.023978,-0.007305,2847.551000,0.005590,-0.006214
2848.033000,0.025202,-0.007314,2848.033000,0.004188,-0.006222
2848.515000,0.025953,-0.007323,2848.515000,0.000994,-0.006230
2848.997000,0.024330,-0.007333,2848.997000,-0.001636,-0.006238
2849.479000,0.021801,-0.007342,2849.479000,-0.002225,-0.006246
2849.961000,0.020868,-0.007351,2849.961000,-0.001708,-0.006255
2850.443000,0.019910,-0.007360,2850.443000,-0.000282,-0.006263
2850.925000,0.018605,-0.007370,2850.925000,0.001537,-0.006271
2851.407000,0.014301,-0.007379,2851.407000,0.003337,-0.006279
2851.889000,0.011709,-0.007388,2851.889000,0.005353,-0.006287
2852.371000,0.011751,-0.007397,2852.371000,0.007127,-0.006295
2852.853000,0.011276,-0.007407,2852.853000,0.008864,-0.006303
2853.335000,0.011688,-0.007416,2853.335000,0.009840,-0.006311
2853.817000,0.010302,-0.007425,2853.817000,0.010666,-0.006319
2854.299000,0.008796,-0.007434,2854.299000,0.010874,-0.006328
2854.781000,0.007691,-0.007443,2854.781000,0.009319,-0.006336
2855.263000,0.006839,-0.007453,2855.263000,0.007002,-0.006344
2855.745000,0.004012,-0.007462,2855.745000,0.005830,-0.006352
2856.227000,0.001518,-0.007471,2856.227000,0.005747,-0.006360
2856.709000,-0.000033,-0.007480,2856.709000,0.004489,-0.006368
2857.191000,-0.002188,-0.007490,2857.191000,0.002050,-0.006376
2857.673000,-0.002355,-0.007499,2857.673000,0.000850,-0.006384
2858.155000,-0.002913,-0.007508,2858.155000,-0.000089,-0.006392
2858.637000,-0.001862,-0.007517,2858.637000,-0.001270,-0.006400
2859.119000,0.000088,-0.007526,2859.119000,-0.002792,-0.006408
2859.601000,0.001176,-0.007536,2859.601000,-0.004280,-0.006416
2860.083000,0.002394,-0.007545,2860.083000,-0.004995,-0.006425
2860.565000,0.003168,-0.007554,2860.565000,-0.005772,-0.006433
2861.047000,0.005651,-0.007563,2861.047000,-0.006362,-0.006441
2861.529000,0.006948,-0.007572,2861.529000,-0.006620,-0.006449
2862.011000,0.007362,-0.007581,2862.011000,-0.006012,-0.006457
2862.493000,0.008627,-0.007591,2862.493000,-0.004697,-0.006465
2862.975000,0.010021,-0.007600,2862.975000,-0.004705,-0.006473
2863.457000,0.011924,-0.007609,2863.457000,-0.004547,-0.006481
2863.939000,0.014169,-0.007618,2863.939000,-0.004160,-0.006489
2864.421000,0.016895,-0.007627,2864.421000,-0.002514,-0.006497
2864.903000,0.018345,-0.007637,2864.903000,-0.000239,-0.006505
2865.385000,0.018917,-0.007646,2865.385000,0.000002,-0.006513
2865.867000,0.018906,-0.007655,2865.867000,-0.001475,-0.006521
2866.349000,0.017417,-0.007664,2866.349000,-0.002477,-0.006529
2866.831000,0.015401,-0.007673,2866.831000,-0.001636,-0.006537
2867.313000,0.013536,-0.007682,2867.313000,-0.000957,-0.006545
2867.795000,0.011204,-0.007692,2867.795000,-0.000102,-0.006554
2868.277000,0.009115,-0.007701,2868.277000,0.002410,-0.006562
2868.759000,0.006969,-0.007710,2868.759000,0.004196,-0.006570
2869.241000,0.005519,-0.007719,2869.241000,0.005866,-0.006578
2869.723000,0.003518,-0.007728,2869.723000,0.007319,-0.006586
2870.205000,0.000818,-0.007737,2870.205000,0.009837,-0.006594
2870.687000,-0.001088,-0.007746,2870.687000,0.012767,-0.006602
2871.169000,-0.001939,-0.007756,2871.169000,0.016622,-0.006610
2871.651000,-0.001119,-0.007765,2871.651000,0.019227,-0.006618
2872.133000,-0.000618,-0.007774,2872.133000,0.019445,-0.006626
2872.615000,-0.001184,-0.007783,2872.615000,0.017774,-0.006634
2873.097000,-0.001948,-0.007792,2873.097000,0.016178,-0.006642
2873.579000,-0.002844,-0.007801,2873.579000,0.014105,-0.006650
2874.061000,-0.003793,-0.007810,2874.061000,0.011482,-0.006658
2874.543000,-0.004201,-0.007820,2874.543000,0.008897,-0.006666
2875.025000,-0.004541,-0.007829,2875.025000,0.006463,-0.006674
2875.507000,-0.007234,-0.007838,2875.507000,0.003043,-0.006682
2875.989000,-0.009637,-0.007847,2875.989000,0.000255,-0.006690
2876.471000,-0.011593,-0.007856,2876.471000,-0.000371,-0.006698
2876.953000,-0.013344,-0.007865,2876.953000,-0.000423,-0.006706
2877.435000,-0.013957,-0.007874,2877.435000,0.001206,-0.006714
2877.917000,-0.013509,-0.007883,2877.917000,0.002861,-0.006722
2878.399000,-0.012230,-0.007892,2878.399000,0.005319,-0.006730
2878.881000,-0.011634,-0.007902,2878.881000,0.007161,-0.006738
2879.363000,-0.011279,-0.007911,2879.363000,0.007277,-0.006746
2879.845000,-0.011103,-0.007920,2879.845000,0.008156,-0.006754
2880.327000,-0.010674,-0.007929,2880.327000,0.007449,-0.006762
2880.809000,-0.009797,-0.007938,2880.809000,0.006503,-0.006770
2881.291000,-0.010079,-0.007947,2881.291000,0.005110,-0.006778
2881.773000,-0.011606,-0.007956,2881.773000,0.003612,-0.006786
2882.255000,-0.013608,-0.007965,2882.255000,0.003956,-0.006794
2882.737000,-0.015507,-0.007974,2882.737000,0.004422,-0.006802
2883.219000,-0.017906,-0.007983,2883.219000,0.004668,-0.006810
2883.701000,-0.019903,-0.007993,2883.701000,0.003567,-0.006818
2884.183000,-0.021912,-0.008002,2884.183000,0.003147,-0.006826
2884.665000,-0.023458,-0.008011,2884.665000,0.002071,-0.006834
2885.147000,-0.023629,-0.008020,2885.147000,0.000930,-0.006842
2885.629000,-0.023439,-0.008029,2885.629000,-0.002260,-0.006850
2886.111000,-0.023701,-0.008038,2886.111000,-0.004277,-0.006858
2886.593000,-0.023789,-0.008047,2886.593000,-0.005594,-0.006866
2887.075000,-0.023111,-0.008056,2887.075000,-0.008294,-0.006874
2887.557000,-0.022593,-0.008065,2887.557000,-0.011768,-0.006882
2888.039000,-0.023325,-0.008074,2888.039000,-0.014615,-0.006890
2888.521000,-0.024553,-0.008083,2888.521000,-0.014014,-0.006898
2889.003000,-0.026607,-0.008092,2889.003000,-0.012122,-0.006906
2889.485000,-0.029547,-0.008101,2889.485000,-0.012758,-0.006914
2889.967000,-0.031360,-0.008111,2889.967000,-0.013669,-0.006922
2890.449000,-0.031770,-0.008120,2890.449000,-0.014575,-0.006930
2890.931000,-0.031941,-0.008129,2890.931000,-0.015350,-0.006938
2891.413000,-0.030771,-0.008138,2891.413000,-0.015664,-0.006946
2891.895000,-0.028689,-0.008147,2891.895000,-0.016461,-0.006954
2892.377000,-0.027802,-0.008156,2892.377000,-0.016077,-0.006962
2892.859000,-0.027015,-0.008165,2892.859000,-0.013719,-0.006969
2893.341000,-0.024870,-0.008174,2893.341000,-0.013556,-0.006977
2893.823000,-0.023559,-0.008183,2893.823000,-0.014034,-0.006985
2894.305000,-0.022851,-0.008192,2894.305000,-0.014065,-0.006993
2894.787000,-0.023403,-0.008201,2894.787000,-0.012353,-0.007001
2895.269000,-0.025932,-0.008210,2895.269000,-0.009363,-0.007009
2895.751000,-0.028179,-0.008219,2895.751000,-0.007204,-0.007017
2896.233000,-0.031525,-0.008228,2896.233000,-0.006219,-0.007025
2896.715000,-0.034071,-0.008237,2896.715000,-0.007910,-0.007033
2897.197000,-0.034432,-0.008246,2897.197000,-0.010001,-0.007041
2897.679000,-0.034946,-0.008255,2897.679000,-0.011446,-0.007049
2898.161000,-0.035432,-0.008264,2898.161000,-0.011927,-0.007057
2898.643000,-0.035373,-0.008273,2898.643000,-0.012232,-0.007065
2899.125000,-0.035458,-0.008282,2899.125000,-0.013181,-0.007073
2899.607000,-0.034714,-0.008291,2899.607000,-0.015177,-0.007081
2900.089000,-0.032347,-0.008300,2900.089000,-0.017322,-0.007089
2900.571000,-0.030860,-0.008309,2900.571000,-0.018574,-0.007097
2901.053000,-0.028471,-0.008318,2901.053000,-0.018575,-0.007104
2901.535000,-0.026000,-0.008327,2901.535000,-0.017075,-0.007112
2902.017000,-0.024505,-0.008336,2902.017000,-0.016096,-0.007120
2902.499000,-0.022288,-0.008345,2902.499000,-0.013865,-0.007128
2902.981000,-0.022488,-0.008354,2902.981000,-0.012378,-0.007136
2903.463000,-0.022279,-0.008363,2903.463000,-0.012869,-0.007144
2903.945000,-0.020070,-0.008372,2903.945000,-0.011830,-0.007152
2904.427000,-0.018552,-0.008381,2904.427000,-0.010579,-0.007160
2904.909000,-0.018406,-0.008390,2904.909000,-0.009622,-0.007168
2905.391000,-0.018715,-0.008399,2905.391000,-0.008540,-0.007176
2905.873000,-0.020228,-0.008408,2905.873000,-0.008434,-0.007184
2906.355000,-0.021897,-0.008417,2906.355000,-0.008197,-0.007191
2906.837000,-0.023354,-0.008426,2906.837000,-0.007379,-0.007199
2907.319000,-0.025573,-0.008435,2907.319000,-0.007547,-0.007207
2907.801000,-0.026655,-0.008444,2907.801000,-0.007151,-0.007215
2908.283000,-0.028174,-0.008453,2908.283000,-0.005196,-0.007223
2908.765000,-0.032276,-0.008462,2908.765000,-0.005834,-0.007231
2909.247000,-0.036861,-0.008471,2909.247000,-0.005493,-0.007239
2909.729000,-0.041519,-0.008480,2909.729000,-0.005611,-0.007247
2910.211000,-0.044071,-0.008489,2910.211000,-0.006732,-0.007255
2910.693000,-0.044476,-0.008498,2910.693000,-0.008844,-0.007263
2911.175000,-0.044871,-0.008507,2911.175000,-0.009775,-0.007270
2911.657000,-0.046285,-0.008516,2911.657000,-0.008406,-0.007278
2912.139000,-0.045477,-0.008525,2912.139000,-0.009551,-0.007286
2912.621000,-0.045059,-0.008534,2912.621000,-0.010173,-0.007294
2913.103000,-0.044360,-0.008543,2913.103000,-0.009087,-0.007302
2913.585000,-0.043050,-0.008552,2913.585000,-0.010207,-0.007310
2914.067000,-0.040944,-0.008561,2914.067000,-0.011149,-0.007318
2914.549000,-0.038847,-0.008570,2914.549000,-0.011030,-0.007326
2915.031000,-0.038177,-0.008579,2915.031000,-0.010947,-0.007333
2915.513000,-0.039406,-0.008588,2915.513000,-0.011977,-0.007341
2915.995000,-0.040553,-0.008596,2915.995000,-0.012880,-0.007349
2916.477000,-0.041450,-0.008605,2916.477000,-0.014583,-0.007357
2916.959000,-0.041116,-0.008614,2916.959000,-0.016197,-0.007365
2917.441000,-0.041200,-0.008623,2917.441000,-0.017783,-0.007373
2917.923000,-0.041763,-0.008632,2917.923000,-0.018334,-0.007381
2918.405000,-0.042209,-0.008641,2918.405000,-0.017889,-0.007388
2918.887000,-0.041683,-0.008650,2918.887000,-0.021488,-0.007396
2919.369000,-0.042008,-0.008659,2919.369000,-0.022158,-0.007404
2919.851000,-0.041547,-0.008668,2919.851000,-0.021241,-0.007412
2920.333000,-0.040376,-0.008677,2920.333000,-0.021662,-0.007420
2920.815000,-0.038795,-0.008686,2920.815000,-0.020063,-0.007428
2921.297000,-0.037643,-0.008695,2921.297000,-0.017478,-0.007436
2921.779000,-0.035741,-0.008704,2921.779000,-0.016241,-0.007443
2922.261000,-0.034226,-0.008713,2922.261000,-0.014627,-0.007451
2922.743000,-0.032682,-0.008721,2922.743000,-0.012154,-0.007459
2923.225000,-0.031679,-0.008730,2923.225000,-0.010732,-0.007467
2923.707000,-0.030879,-0.008739,2923.707000,-0.009085,-0.007475
2924.189000,-0.030885,-0.008748,2924.189000,-0.010358,-0.007483
2924.671000,-0.030337,-0.008757,2924.671000,-0.013236,-0.007490
2925.153000,-0.031108,-0.008766,2925.153000,-0.015790,-0.007498
2925.635000,-0.031463,-0.008775,2925.635000,-0.020197,-0.007506
2926.117000,-0.031440,-0.008784,2926.117000,-0.023373,-0.007514
2926.599000,-0.032302,-0.008793,2926.599000,-0.026300,-0.007522
2927.081000,-0.034162,-0.008802,2927.081000,-0.028849,-0.007530
2927.563000,-0.037611,-0.008810,2927.563000,-0.030391,-0.007537
2928.045000,-0.040073,-0.008819,2928.045000,-0.030928,-0.007545
2928.527000,-0.040003,-0.008828,2928.527000,-0.031350,-0.007553
2929.009000,-0.040135,-0.008837,2929.009000,-0.029570,-0.007561
2929.491000,-0.040771,-0.008846,2929.491000,-0.028539,-0.007569
2929.973000,-0.041759,-0.008855,2929.973000,-0.029054,-0.007577
2930.455000,-0.042427,-0.008864,2930.455000,-0.029600,-0.007584
2930.937000,-0.041664,-0.008873,2930.937000,-0.031323,-0.007592
2931.419000,-0.040385,-0.008881,2931.419000,-0.032672,-0.007600
2931.901000,-0.039756,-0.008890,2931.901000,-0.033626,-0.007608
2932.383000,-0.038289,-0.008899,2932.383000,-0.033534,-0.007616
2932.865000,-0.038291,-0.008908,2932.865000,-0.033045,-0.007623
2933.347000,-0.036980,-0.008917,2933.347000,-0.034109,-0.007631
2933.829000,-0.037291,-0.008926,2933.829000,-0.034983,-0.007639
2934.311000,-0.040075,-0.008935,2934.311000,-0.036063,-0.007647
2934.793000,-0.039436,-0.008943,2934.793000,-0.037697,-0.007655
2935.275000,-0.036837,-0.008952,2935.275000,-0.038324,-0.007662
2935.757000,-0.036598,-0.008961,2935.757000,-0.040282,-0.007670
2936.239000,-0.038391,-0.008970,2936.239000,-0.043187,-0.007678
2936.721000,-0.039630,-0.008979,2936.721000,-0.046111,-0.007686
2937.203000,-0.039688,-0.008988,2937.203000,-0.047826,-0.007694
2937.685000,-0.036863,-0.008997,2937.685000,-0.048737,-0.007701
2938.167000,-0.035558,-0.009005,2938.167000,-0.049270,-0.007709
2938.649000,-0.034301,-0.009014,2938.649000,-0.048729,-0.007717
2939.131000,-0.031457,-0.009023,2939.131000,-0.046899,-0.007725
2939.613000,-0.028722,-0.009032,2939.613000,-0.046577,-0.007732
2940.095000,-0.024738,-0.009041,2940.095000,-0.047354,-0.007740
2940.577000,-0.023514,-0.009050,2940.577000,-0.045763,-0.007748
2941.059000,-0.022454,-0.009058,2941.059000,-0.045370,-0.007756
2941.541000,-0.021324,-0.009067,2941.541000,-0.044856,-0.007764
2942.023000,-0.020679,-0.009076,2942.023000,-0.045002,-0.007771
2942.505000,-0.020833,-0.009085,2942.505000,-0.045139,-0.007779
2942.987000,-0.022950,-0.009094,2942.987000,-0.045489,-0.007787
2943.469000,-0.023515,-0.009102,2943.469000,-0.045758,-0.007795
2943.951000,-0.024139,-0.009111,2943.951000,-0.045470,-0.007802
2944.433000,-0.024116,-0.009120,2944.433000,-0.045348,-0.007810
2944.915000,-0.027627,-0.009129,2944.915000,-0.044429,-0.007818
2945.397000,-0.029346,-0.009138,2945.397000,-0.043111,-0.007826
2945.879000,-0.030555,-0.009147,2945.879000,-0.042388,-0.007833
2946.361000,-0.031890,-0.009155,2946.361000,-0.041687,-0.007841
2946.843000,-0.033300,-0.009164,2946.843000,-0.039982,-0.007849
2947.325000,-0.035016,-0.009173,2947.325000,-0.037206,-0.007857
2947.807000,-0.035925,-0.009182,2947.807000,-0.034521,-0.007864
2948.289000,-0.036993,-0.009191,2948.289000,-0.032573,-0.007872
2948.771000,-0.035374,-0.009199,2948.771000,-0.032663,-0.007880
2949.253000,-0.031281,-0.009208,2949.253000,-0.032022,-0.007888
2949.735000,-0.028615,-0.009217,2949.735000,-0.033645,-0.007895
2950.217000,-0.026299,-0.009226,2950.217000,-0.035021,-0.007903
2950.699000,-0.025214,-0.009234,2950.699000,-0.036583,-0.007911
2951.181000,-0.025194,-0.009243,2951.181000,-0.037594,-0.007919
2951.663000,-0.026047,-0.009252,2951.663000,-0.037803,-0.007926
2952.145000,-0.026081,-0.009261,2952.145000,-0.038725,-0.007934
2952.627000,-0.027580,-0.009270,2952.627000,-0.039671,-0.007942
2953.109000,-0.027640,-0.009278,2953.109000,-0.041133,-0.007949
2953.591000,-0.028465,-0.009287,2953.591000,-0.042479,-0.007957
2954.073000,-0.029956,-0.009296,2954.073000,-0.043767,-0.007965
2954.555000,-0.030573,-0.009305,2954.555000,-0.044029,-0.007973
2955.037000,-0.029233,-0.009313,2955.037000,-0.045356,-0.007980
2955.519000,-0.027260,-0.009322,2955.519000,-0.046472,-0.007988
2956.001000,-0.024252,-0.009331,2956.001000,-0.047652,-0.007996
2956.483000,-0.022133,-0.009340,2956.483000,-0.048978,-0.008004
2956.965000,-0.022285,-0.009348,2956.965000,-0.049664,-0.008011
2957.447000,-0.021220,-0.009357,2957.447000,-0.049879,-0.008019
2957.929000,-0.021346,-0.009366,2957.929000,-0.050304,-0.008027
2958.411000,-0.022993,-0.009375,2958.411000,-0.050424,-0.008034
2958.893000,-0.025168,-0.009383,2958.893000,-0.050706,-0.008042
2959.375000,-0.027510,-0.009392,2959.375000,-0.050739,-0.008050
2959.857000,-0.030133,-0.009401,2959.857000,-0.051766,-0.008057
2960.339000,-0.034903,-0.009410,2960.339000,-0.052867,-0.008065
2960.821000,-0.039459,-0.009418,2960.821000,-0.053600,-0.008073
2961.303000,-0.043599,-0.009427,2961.303000,-0.053347,-0.008081
2961.785000,-0.046472,-0.009436,2961.785000,-0.052984,-0.008088
2962.267000,-0.049642,-0.009445,2962.267000,-0.053224,-0.008096
2962.749000,-0.052721,-0.009453,2962.749000,-0.053754,-0.008104
2963.231000,-0.054803,-0.009462,2963.231000,-0.054269,-0.008111
2963.713000,-0.056952,-0.009471,2963.713000,-0.054641,-0.008119
2964.195000,-0.056727,-0.009479,2964.195000,-0.053642,-0.008127
2964.677000,-0.056395,-0.009488,2964.677000,-0.053294,-0.008134
2965.159000,-0.055899,-0.009497,2965.159000,-0.052738,-0.008142
2965.641000,-0.053908,-0.009506,2965.641000,-0.052494,-0.008150
2966.123000,-0.052297,-0.009514,2966.123000,-0.052316,-0.008157
2966.605000,-0.051174,-0.009523,2966.605000,-0.052723,-0.008165
2967.087000,-0.049510,-0.009532,2967.087000,-0.053355,-0.008173
2967.569000,-0.047115,-0.009540,2967.569000,-0.053162,-0.008180
2968.051000,-0.045392,-0.009549,2968.051000,-0.051752,-0.008188
2968.533000,-0.042598,-0.009558,2968.533000,-0.050443,-0.008196
2969.015000,-0.041040,-0.009567,2969.015000,-0.050199,-0.008203
2969.497000,-0.039908,-0.009575,2969.497000,-0.049384,-0.008211
2969.979000,-0.038570,-0.009584,2969.979000,-0.048076,-0.008219
2970.461000,-0.037913,-0.009593,2970.461000,-0.046233,-0.008226
2970.943000,-0.036318,-0.009601,2970.943000,-0.044298,-0.008234
2971.425000,-0.034354,-0.009610,2971.425000,-0.042650,-0.008242
2971.907000,-0.032083,-0.009619,2971.907000,-0.040754,-0.008249
2972.389000,-0.031223,-0.009627,2972.389000,-0.038969,-0.008257
2972.871000,-0.031327,-0.009636,2972.871000,-0.038078,-0.008265
2973.353000,-0.030599,-0.009645,2973.353000,-0.038080,-0.008272
2973.835000,-0.030694,-0.009653,2973.835000,-0.038859,-0.008280
2974.317000,-0.029470,-0.009662,2974.317000,-0.039625,-0.008288
2974.799000,-0.029467,-0.009671,2974.799000,-0.039450,-0.008295
2975.281000,-0.029826,-0.009679,2975.281000,-0.040107,-0.008303
2975.763000,-0.029601,-0.009688,2975.763000,-0.039857,-0.008311
2976.245000,-0.029338,-0.009697,2976.245000,-0.041021,-0.008318
2976.727000,-0.027868,-0.009705,2976.727000,-0.042391,-0.008326
2977.209000,-0.026786,-0.009714,2977.209000,-0.045404,-0.008333
2977.691000,-0.024623,-0.009723,2977.691000,-0.048403,-0.008341
2978.173000,-0.022969,-0.009731,2978.173000,-0.050637,-0.008349
2978.655000,-0.020667,-0.009740,2978.655000,-0.053029,-0.008356
2979.137000,-0.020832,-0.009749,2979.137000,-0.054055,-0.008364
2979.619000,-0.019657,-0.009757,2979.619000,-0.056755,-0.008372
2980.101000,-0.017719,-0.009766,2980.101000,-0.058510,-0.008379
2980.583000,-0.016585,-0.009775,2980.583000,-0.058708,-0.008387
2981.065000,-0.014886,-0.009783,2981.065000,-0.058964,-0.008394
2981.547000,-0.014854,-0.009792,2981.547000,-0.057925,-0.008402
2982.029000,-0.014749,-0.009800,2982.029000,-0.055401,-0.008410
2982.511000,-0.013760,-0.009809,2982.511000,-0.050700,-0.008417
2982.993000,-0.012824,-0.009818,2982.993000,-0.046557,-0.008425
2983.475000,-0.010323,-0.009826,2983.475000,-0.042079,-0.008433
2983.957000,-0.009899,-0.009835,2983.957000,-0.039370,-0.008440
2984.439000,-0.011145,-0.009844,2984.439000,-0.036376,-0.008448
2984.921000,-0.012281,-0.009852,2984.921000,-0.034490,-0.008455
2985.403000,-0.013676,-0.009861,2985.403000,-0.033625,-0.008463
2985.885000,-0.014145,-0.009869,2985.885000,-0.031997,-0.008471
2986.367000,-0.012106,-0.009878,2986.367000,-0.031879,-0.008478
2986.849000,-0.009797,-0.009887,2986.849000,-0.032723,-0.008486
2987.331000,-0.009633,-0.009895,2987.331000,-0.034885,-0.008493
2987.813000,-0.010809,-0.009904,2987.813000,-0.037116,-0.008501
2988.295000,-0.012712,-0.009913,2988.295000,-0.038148,-0.008509
2988.777000,-0.016849,-0.009921,2988.777000,-0.038499,-0.008516
2989.259000,-0.022419,-0.009930,2989.259000,-0.039345,-0.008524
2989.741000,-0.026617,-0.009938,2989.741000,-0.039248,-0.008531
2990.223000,-0.031828,-0.009947,2990.223000,-0.040049,-0.008539
2990.705000,-0.038682,-0.009956,2990.705000,-0.040721,-0.008546
2991.187000,-0.045162,-0.009964,2991.187000,-0.039847,-0.008554
2991.669000,-0.049897,-0.009973,2991.669000,-0.039277,-0.008562
2992.151000,-0.052946,-0.009981,2992.151000,-0.037921,-0.008569
2992.633000,-0.053447,-0.009990,2992.633000,-0.035281,-0.008577
2993.115000,-0.052889,-0.009999,2993.115000,-0.033572,-0.008584
2993.597000,-0.051225,-0.010007,2993.597000,-0.032373,-0.008592
2994.079000,-0.049928,-0.010016,2994.079000,-0.031361,-0.008600
2994.561000,-0.046750,-0.010024,2994.561000,-0.028503,-0.008607
2995.043000,-0.046075,-0.010033,2995.043000,-0.028406,-0.008615
2995.525000,-0.044745,-0.010041,2995.525000,-0.029606,-0.008622
2996.007000,-0.043206,-0.010050,2996.007000,-0.031173,-0.008630
2996.489000,-0.040618,-0.010059,2996.489000,-0.032914,-0.008637
2996.971000,-0.038116,-0.010067,2996.971000,-0.034771,-0.008645
2997.453000,-0.035954,-0.010076,2997.453000,-0.036722,-0.008652
2997.935000,-0.033971,-0.010084,2997.935000,-0.039627,-0.008660
2998.417000,-0.033114,-0.010093,2998.417000,-0.042524,-0.008668
2998.899000,-0.031395,-0.010101,2998.899000,-0.044511,-0.008675
2999.381000,-0.029755,-0.010110,2999.381000,-0.046784,-0.008683
2999.863000,-0.027979,-0.010118,2999.863000,-0.048619,-0.008690
3000.345000,-0.025104,-0.010127,3000.345000,-0.048180,-0.008698
3000.827000,-0.021734,-0.010136,3000.827000,-0.048345,-0.008705
3001.309000,-0.018535,-0.010144,3001.309000,-0.047609,-0.008713
3001.791000,-0.017407,-0.010153,3001.791000,-0.046862,-0.008720
3002.273000,-0.015191,-0.010161,3002.273000,-0.044385,-0.008728
3002.755000,-0.013024,-0.010170,3002.755000,-0.041226,-0.008735
3003.237000,-0.012828,-0.010178,3003.237000,-0.038435,-0.008743
3003.719000,-0.012412,-0.010187,3003.719000,-0.036753,-0.008751
3004.201000,-0.013590,-0.010195,3004.201000,-0.036153,-0.008758
3004.683000,-0.014985,-0.010204,3004.683000,-0.036947,-0.008766
3005.165000,-0.017128,-0.010212,3005.165000,-0.037420,-0.008773
3005.647000,-0.019845,-0.010221,3005.647000,-0.038408,-0.008781
3006.129000,-0.022373,-0.010229,3006.129000,-0.040901,-0.008788
3006.611000,-0.025202,-0.010238,3006.611000,-0.042804,-0.008796
3007.093000,-0.026810,-0.010246,3007.093000,-0.044385,-0.008803
3007.575000,-0.028312,-0.010255,3007.575000,-0.044901,-0.008811
3008.057000,-0.030005,-0.010264,3008.057000,-0.043585,-0.008818
3008.539000,-0.031196,-0.010272,3008.539000,-0.042161,-0.008826
3009.021000,-0.032740,-0.010281,3009.021000,-0.041793,-0.008833
3009.503000,-0.032539,-0.010289,3009.503000,-0.040755,-0.008841
3009.985000,-0.032439,-0.010298,3009.985000,-0.041167,-0.008848
3010.467000,-0.029028,-0.010306,3010.467000,-0.041382,-0.008856
3010.949000,-0.024461,-0.010315,3010.949000,-0.040848,-0.008863
3011.431000,-0.022623,-0.010323,3011.431000,-0.042483,-0.008871
3011.913000,-0.021222,-0.010332,3011.913000,-0.044614,-0.008878
3012.395000,-0.020281,-0.010340,3012.395000,-0.045886,-0.008886
3012.877000,-0.019427,-0.010349,3012.877000,-0.048959,-0.008893
3013.359000,-0.019750,-0.010357,3013.359000,-0.050970,-0.008901
3013.841000,-0.020286,-0.010366,3013.841000,-0.054107,-0.008908
3014.323000,-0.023033,-0.010374,3014.323000,-0.056428,-0.008916
3014.805000,-0.026283,-0.010383,3014.805000,-0.056909,-0.008923
3015.287000,-0.030571,-0.010391,3015.287000,-0.056317,-0.008931
3015.769000,-0.035430,-0.010399,3015.769000,-0.056114,-0.008938
3016.251000,-0.038137,-0.010408,3016.251000,-0.053753,-0.008946
3016.733000,-0.038135,-0.010416,3016.733000,-0.051357,-0.008953
3017.215000,-0.037105,-0.010425,3017.215000,-0.045728,-0.008961
3017.697000,-0.036452,-0.010433,3017.697000,-0.039139,-0.008968
3018.179000,-0.037225,-0.010442,3018.179000,-0.034440,-0.008976
3018.661000,-0.035435,-0.010450,3018.661000,-0.030892,-0.008983
3019.143000,-0.034998,-0.010459,3019.143000,-0.028064,-0.008991
3019.625000,-0.033800,-0.010467,3019.625000,-0.026379,-0.008998
3020.107000,-0.032207,-0.010476,3020.107000,-0.026417,-0.009006
3020.589000,-0.030153,-0.010484,3020.589000,-0.026805,-0.009013
3021.071000,-0.029103,-0.010493,3021.071000,-0.026695,-0.009020
3021.553000,-0.028047,-0.010501,3021.553000,-0.027034,-0.009028
3022.035000,-0.027892,-0.010509,3022.035000,-0.027223,-0.009035
3022.517000,-0.028349,-0.010518,3022.517000,-0.029330,-0.009043
3022.999000,-0.027206,-0.010526,3022.999000,-0.030967,-0.009050
3023.481000,-0.025558,-0.010535,3023.481000,-0.032540,-0.009058
3023.963000,-0.024867,-0.010543,3023.963000,-0.031712,-0.009065
3024.445000,-0.023398,-0.010552,3024.445000,-0.031121,-0.009073
3024.927000,-0.021904,-0.010560,3024.927000,-0.031678,-0.009080
3025.409000,-0.021267,-0.010569,3025.409000,-0.033370,-0.009088
3025.891000,-0.021897,-0.010577,3025.891000,-0.035595,-0.009095
3026.373000,-0.019664,-0.010585,3026.373000,-0.034236,-0.009102
3026.855000,-0.016858,-0.010594,3026.855000,-0.034190,-0.009110
3027.337000,-0.014115,-0.010602,3027.337000,-0.031657,-0.009117
3027.819000,-0.012452,-0.010611,3027.819000,-0.028558,-0.009125
3028.301000,-0.011103,-0.010619,3028.301000,-0.028344,-0.009132
3028.783000,-0.009777,-0.010628,3028.783000,-0.026955,-0.009140
3029.265000,-0.009981,-0.010636,3029.265000,-0.024544,-0.009147
3029.747000,-0.009369,-0.010644,3029.747000,-0.022387,-0.009154
3030.229000,-0.009091,-0.010653,3030.229000,-0.021819,-0.009162
3030.711000,-0.008797,-0.010661,3030.711000,-0.020874,-0.009169
3031.193000,-0.008235,-0.010670,3031.193000,-0.021508,-0.009177
3031.675000,-0.008573,-0.010678,3031.675000,-0.022045,-0.009184
3032.157000,-0.010040,-0.010686,3032.157000,-0.024389,-0.009192
3032.639000,-0.011719,-0.010695,3032.639000,-0.027472,-0.009199
3033.121000,-0.013638,-0.010703,3033.121000,-0.028915,-0.009206
3033.603000,-0.016415,-0.010712,3033.603000,-0.032333,-0.009214
3034.085000,-0.018851,-0.010720,3034.085000,-0.034838,-0.009221
3034.567000,-0.021134,-0.010728,3034.567000,-0.036743,-0.009229
3035.049000,-0.023114,-0.010737,3035.049000,-0.039114,-0.009236
3035.531000,-0.024846,-0.010745,3035.531000,-0.039935,-0.009244
3036.013000,-0.027621,-0.010754,3036.013000,-0.037504,-0.009251
3036.495000,-0.028741,-0.010762,3036.495000,-0.037240,-0.009258
3036.977000,-0.029054,-0.010770,3036.977000,-0.036949,-0.009266
3037.459000,-0.028840,-0.010779,3037.459000,-0.035749,-0.009273
3037.941000,-0.028445,-0.010787,3037.941000,-0.034010,-0.009281
3038.423000,-0.028099,-0.010795,3038.423000,-0.031650,-0.009288
3038.905000,-0.027048,-0.010804,3038.905000,-0.029779,-0.009295
3039.387000,-0.026396,-0.010812,3039.387000,-0.027108,-0.009303
3039.869000,-0.027226,-0.010821,3039.869000,-0.026140,-0.009310
3040.351000,-0.025865,-0.010829,3040.351000,-0.026187,-0.009318
3040.833000,-0.022222,-0.010837,3040.833000,-0.026764,-0.009325
3041.315000,-0.017621,-0.010846,3041.315000,-0.027833,-0.009332
3041.797000,-0.012683,-0.010854,3041.797000,-0.028990,-0.009340
3042.279000,-0.007392,-0.010862,3042.279000,-0.029979,-0.009347
3042.761000,-0.002430,-0.010871,3042.761000,-0.029500,-0.009354
3043.243000,0.002729,-0.010879,3043.243000,-0.031194,-0.009362
3043.725000,0.007104,-0.010887,3043.725000,-0.031341,-0.009369
3044.207000,0.010717,-0.010896,3044.207000,-0.032526,-0.009377
3044.689000,0.013547,-0.010904,3044.689000,-0.032861,-0.009384
3045.171000,0.014461,-0.010912,3045.171000,-0.032385,-0.009391
3045.653000,0.014580,-0.010921,3045.653000,-0.032706,-0.009399
3046.135000,0.012865,-0.010929,3046.135000,-0.033181,-0.009406
3046.617000,0.009424,-0.010937,3046.617000,-0.034181,-0.009413
3047.099000,0.006372,-0.010946,3047.099000,-0.035803,-0.009421
3047.581000,0.004538,-0.010954,3047.581000,-0.037913,-0.009428
3048.063000,0.001105,-0.010962,3048.063000,-0.041158,-0.009435
3048.545000,-0.004283,-0.010971,3048.545000,-0.045022,-0.009443
3049.027000,-0.009129,-0.010979,3049.027000,-0.048200,-0.009450
3049.509000,-0.012942,-0.010987,3049.509000,-0.050023,-0.009458
3049.991000,-0.014373,-0.010996,3049.991000,-0.051526,-0.009465
3050.473000,-0.014291,-0.011004,3050.473000,-0.051689,-0.009472
3050.955000,-0.013787,-0.011012,3050.955000,-0.051559,-0.009480
3051.437000,-0.013116,-0.011021,3051.437000,-0.049893,-0.009487
3051.919000,-0.012227,-0.011029,3051.919000,-0.047338,-0.009494
3052.401000,-0.009122,-0.011037,3052.401000,-0.044830,-0.009502
3052.883000,-0.007743,-0.011046,3052.883000,-0.041429,-0.009509
3053.365000,-0.006789,-0.011054,3053.365000,-0.037343,-0.009516
3053.847000,-0.005796,-0.011062,3053.847000,-0.034756,-0.009524
3054.329000,-0.003934,-0.011070,3054.329000,-0.033515,-0.009531
3054.811000,-0.005022,-0.011079,3054.811000,-0.034214,-0.009538
3055.293000,-0.008638,-0.011087,3055.293000,-0.034806,-0.009546
3055.775000,-0.009848,-0.011095,3055.775000,-0.036169,-0.009553
3056.257000,-0.010141,-0.011104,3056.257000,-0.036491,-0.009560
3056.739000,-0.008774,-0.011112,3056.739000,-0.035083,-0.009568
3057.221000,-0.007958,-0.011120,3057.221000,-0.033950,-0.009575
3057.703000,-0.008295,-0.011128,3057.703000,-0.033087,-0.009582
3058.185000,-0.008661,-0.011137,3058.185000,-0.031550,-0.009590
3058.667000,-0.007047,-0.011145,3058.667000,-0.029190,-0.009597
3059.149000,-0.004367,-0.011153,3059.149000,-0.027995,-0.009604
3059.631000,-0.004860,-0.011162,3059.631000,-0.028550,-0.009612
3060.113000,-0.005569,-0.011170,3060.113000,-0.027600,-0.009619
3060.595000,-0.005027,-0.011178,3060.595000,-0.026320,-0.009626
3061.077000,-0.004557,-0.011186,3061.077000,-0.026172,-0.009633
3061.559000,-0.003362,-0.011195,3061.559000,-0.026290,-0.009641
3062.041000,-0.003735,-0.011203,3062.041000,-0.025349,-0.009648
3062.523000,-0.004927,-0.011211,3062.523000,-0.025552,-0.009655
3063.005000,-0.005381,-0.011219,3063.005000,-0.024596,-0.009663
3063.487000,-0.004030,-0.011228,3063.487000,-0.022941,-0.009670
3063.969000,-0.002787,-0.011236,3063.969000,-0.022296,-0.009677
3064.451000,-0.002685,-0.011244,3064.451000,-0.021553,-0.009685
3064.933000,-0.002586,-0.011252,3064.933000,-0.020159,-0.009692
3065.415000,-0.001125,-0.011261,3065.415000,-0.018508,-0.009699
3065.897000,-0.000379,-0.011269,3065.897000,-0.018577,-0.009706
3066.379000,-0.001700,-0.011277,3066.379000,-0.018994,-0.009714
3066.861000,-0.003010,-0.011285,3066.861000,-0.016316,-0.009721
3067.343000,-0.002640,-0.011294,3067.343000,-0.013496,-0.009728
3067.825000,-0.002474,-0.011302,3067.825000,-0.011342,-0.009736
3068.307000,-0.001382,-0.011310,3068.307000,-0.010712,-0.009743
3068.789000,-0.001627,-0.011318,3068.789000,-0.007436,-0.009750
3069.271000,-0.002052,-0.011326,3069.271000,-0.005228,-0.009757
3069.753000,-0.000053,-0.011335,3069.753000,-0.002768,-0.009765
3070.235000,0.002568,-0.011343,3070.235000,-0.000168,-0.009772
3070.717000,0.003970,-0.011351,3070.717000,0.003623,-0.009779
3071.199000,0.004483,-0.011359,3071.199000,0.005643,-0.009787
3071.681000,0.005099,-0.011368,3071.681000,0.005936,-0.009794
3072.163000,0.006203,-0.011376,3072.163000,0.008216,-0.009801
3072.645000,0.006793,-0.011384,3072.645000,0.009345,-0.009808
3073.127000,0.006284,-0.011392,3073.127000,0.008235,-0.009816
3073.609000,0.007331,-0.011400,3073.609000,0.007543,-0.009823
3074.091000,0.008014,-0.011409,3074.091000,0.005991,-0.009830
3074.573000,0.009280,-0.011417,3074.573000,0.004967,-0.009837
3075.055000,0.010597,-0.011425,3075.055000,-0.000096,-0.009845
3075.537000,0.011604,-0.011433,3075.537000,-0.002984,-0.009852
3076.019000,0.012521,-0.011441,3076.019000,-0.007286,-0.009859
3076.501000,0.012991,-0.011450,3076.501000,-0.011249,-0.009866
3076.983000,0.014104,-0.011458,3076.983000,-0.014579,-0.009874
3077.465000,0.015817,-0.011466,3077.465000,-0.018291,-0.009881
3077.947000,0.015521,-0.011474,3077.947000,-0.022476,-0.009888
3078.429000,0.015060,-0.011482,3078.429000,-0.025193,-0.009895
3078.911000,0.013786,-0.011490,3078.911000,-0.025332,-0.009903
3079.393000,0.013272,-0.011499,3079.393000,-0.025928,-0.009910
3079.875000,0.011736,-0.011507,3079.875000,-0.026313,-0.009917
3080.357000,0.011822,-0.011515,3080.357000,-0.023729,-0.009924
3080.839000,0.011624,-0.011523,3080.839000,-0.020847,-0.009932
3081.321000,0.012146,-0.011531,3081.321000,-0.016551,-0.009939
3081.803000,0.009787,-0.011539,3081.803000,-0.017666,-0.009946
3082.285000,0.008453,-0.011548,3082.285000,-0.016545,-0.009953
3082.767000,0.007518,-0.011556,3082.767000,-0.014581,-0.009960
3083.249000,0.007747,-0.011564,3083.249000,-0.013803,-0.009968
3083.731000,0.009103,-0.011572,3083.731000,-0.014222,-0.009975
3084.213000,0.008771,-0.011580,3084.213000,-0.013374,-0.009982
3084.695000,0.007411,-0.011588,3084.695000,-0.012074,-0.009989
3085.177000,0.004633,-0.011597,3085.177000,-0.012484,-0.009996
3085.659000,0.001292,-0.011605,3085.659000,-0.012498,-0.010004
3086.141000,0.000034,-0.011613,3086.141000,-0.010925,-0.010011
3086.623000,-0.003769,-0.011621,3086.623000,-0.009126,-0.010018
3087.105000,-0.005499,-0.011629,3087.105000,-0.007251,-0.010025
3087.587000,-0.006534,-0.011637,3087.587000,-0.006581,-0.010033
3088.069000,-0.006953,-0.011645,3088.069000,-0.005748,-0.010040
3088.551000,-0.008971,-0.011654,3088.551000,-0.006937,-0.010047
3089.033000,-0.007270,-0.011662,3089.033000,-0.007791,-0.010054
3089.515000,-0.006782,-0.011670,3089.515000,-0.008411,-0.010061
3089.997000,-0.004728,-0.011678,3089.997000,-0.009713,-0.010069
3090.479000,-0.003134,-0.011686,3090.479000,-0.010766,-0.010076
3090.961000,-0.002370,-0.011694,3090.961000,-0.009966,-0.010083
3091.443000,-0.000434,-0.011702,3091.443000,-0.011961,-0.010090
3091.925000,0.001178,-0.011710,3091.925000,-0.013115,-0.010097
3092.407000,0.003256,-0.011719,3092.407000,-0.012392,-0.010104
3092.889000,0.003986,-0.011727,3092.889000,-0.010569,-0.010112
3093.371000,0.003615,-0.011735,3093.371000,-0.008326,-0.010119
3093.853000,0.004215,-0.011743,3093.853000,-0.005612,-0.010126
3094.335000,0.005495,-0.011751,3094.335000,-0.003457,-0.010133
3094.817000,0.007062,-0.011759,3094.817000,-0.000422,-0.010140
3095.299000,0.007106,-0.011767,3095.299000,0.003846,-0.010148
3095.781000,0.007655,-0.011775,3095.781000,0.006905,-0.010155
3096.263000,0.003917,-0.011783,3096.263000,0.008542,-0.010162
3096.745000,0.001909,-0.011791,3096.745000,0.011134,-0.010169
3097.227000,0.001229,-0.011800,3097.227000,0.013272,-0.010176
3097.709000,0.000519,-0.011808,3097.709000,0.014486,-0.010183
3098.191000,-0.000934,-0.011816,3098.191000,0.015435,-0.010191
3098.673000,-0.001273,-0.011824,3098.673000,0.015253,-0.010198
3099.155000,-0.002953,-0.011832,3099.155000,0.016409,-0.010205
3099.637000,-0.004842,-0.011840,3099.637000,0.015935,-0.010212
3100.119000,-0.005092,-0.011848,3100.119000,0.015446,-0.010219
3100.601000,-0.005720,-0.011856,3100.601000,0.013583,-0.010226
3101.083000,-0.004160,-0.011864,3101.083000,0.009960,-0.010233
3101.565000,-0.003675,-0.011872,3101.565000,0.007284,-0.010241
3102.047000,-0.003159,-0.011880,3102.047000,0.005494,-0.010248
3102.529000,-0.002710,-0.011888,3102.529000,0.002370,-0.010255
3103.011000,-0.003797,-0.011896,3103.011000,-0.001940,-0.010262
3103.493000,0.000704,-0.011905,3103.493000,-0.002454,-0.010269
3103.975000,0.005812,-0.011913,3103.975000,-0.004894,-0.010276
3104.457000,0.007267,-0.011921,3104.457000,-0.006293,-0.010283
3104.939000,0.007932,-0.011929,3104.939000,-0.005423,-0.010291
3105.421000,0.008685,-0.011937,3105.421000,-0.006196,-0.010298
3105.903000,0.008927,-0.011945,3105.903000,-0.005442,-0.010305
3106.385000,0.009437,-0.011953,3106.385000,-0.007047,-0.010312
3106.867000,0.009142,-0.011961,3106.867000,-0.009707,-0.010319
3107.349000,0.008941,-0.011969,3107.349000,-0.014031,-0.010326
3107.831000,0.008742,-0.011977,3107.831000,-0.017020,-0.010333
3108.313000,0.007921,-0.011985,3108.313000,-0.017131,-0.010340
3108.795000,0.008748,-0.011993,3108.795000,-0.018198,-0.010348
3109.277000,0.011194,-0.012001,3109.277000,-0.019488,-0.010355
3109.759000,0.014243,-0.012009,3109.759000,-0.020236,-0.010362
3110.241000,0.018117,-0.012017,3110.241000,-0.019951,-0.010369
3110.723000,0.020516,-0.012025,3110.723000,-0.021739,-0.010376
3111.205000,0.021114,-0.012033,3111.205000,-0.020765,-0.010383
3111.687000,0.019923,-0.012041,3111.687000,-0.018019,-0.010390
3112.169000,0.017907,-0.012049,3112.169000,-0.016726,-0.010397
3112.651000,0.015785,-0.012057,3112.651000,-0.016065,-0.010404
3113.133000,0.013641,-0.012065,3113.133000,-0.015830,-0.010412
3113.615000,0.010353,-0.012073,3113.615000,-0.018158,-0.010419
3114.097000,0.007356,-0.012081,3114.097000,-0.019068,-0.010426
3114.579000,0.003203,-0.012089,3114.579000,-0.016048,-0.010433
3115.061000,-0.000410,-0.012097,3115.061000,-0.013288,-0.010440
3115.543000,-0.004121,-0.012105,3115.543000,-0.011242,-0.010447
3116.025000,-0.005648,-0.012113,3116.025000,-0.008364,-0.010454
3116.507000,-0.008431,-0.012121,3116.507000,-0.006628,-0.010461
3116.989000,-0.011207,-0.012129,3116.989000,-0.004974,-0.010468
3117.471000,-0.011844,-0.012137,3117.471000,-0.004454,-0.010475
3117.953000,-0.012700,-0.012145,3117.953000,-0.003119,-0.010483
3118.435000,-0.014954,-0.012153,3118.435000,-0.000587,-0.010490
3118.917000,-0.013591,-0.012161,3118.917000,0.000927,-0.010497
3119.399000,-0.012699,-0.012169,3119.399000,0.000926,-0.010504
3119.881000,-0.011356,-0.012177,3119.881000,-0.000013,-0.010511
3120.363000,-0.010997,-0.012185,3120.363000,-0.002970,-0.010518
3120.845000,-0.010358,-0.012193,3120.845000,-0.005187,-0.010525
3121.327000,-0.008830,-0.012201,3121.327000,-0.005767,-0.010532
3121.809000,-0.008209,-0.012209,3121.809000,-0.005690,-0.010539
3122.291000,-0.007691,-0.012217,3122.291000,-0.004234,-0.010546
3122.773000,-0.006688,-0.012225,3122.773000,-0.004263,-0.010553
3123.255000,-0.007824,-0.012233,3123.255000,-0.006196,-0.010560
3123.737000,-0.007525,-0.012241,3123.737000,-0.006706,-0.010567
3124.219000,-0.008214,-0.012249,3124.219000,-0.006608,-0.010574
3124.701000,-0.010060,-0.012257,3124.701000,-0.004465,-0.010581
3125.183000,-0.010280,-0.012265,3125.183000,-0.004013,-0.010589
3125.665000,-0.010080,-0.012273,3125.665000,-0.004040,-0.010596
3126.147000,-0.011482,-0.012281,3126.147000,-0.003766,-0.010603
3126.629000,-0.012448,-0.012289,3126.629000,-0.003512,-0.010610
3127.111000,-0.015235,-0.012297,3127.111000,-0.005730,-0.010617
3127.593000,-0.017073,-0.012305,3127.593000,-0.007180,-0.010624
3128.075000,-0.016722,-0.012313,3128.075000,-0.007635,-0.010631
3128.557000,-0.016073,-0.012320,3128.557000,-0.007027,-0.010638
3129.039000,-0.015279,-0.012328,3129.039000,-0.008170,-0.010645
3129.521000,-0.015601,-0.012336,3129.521000,-0.009797,-0.010652
3130.003000,-0.014928,-0.012344,3130.003000,-0.011166,-0.010659
3130.485000,-0.014492,-0.012352,3130.485000,-0.010290,-0.010666
3130.967000,-0.016559,-0.012360,3130.967000,-0.009911,-0.010673
3131.449000,-0.017344,-0.012368,3131.449000,-0.009532,-0.010680
3131.931000,-0.017038,-0.012376,3131.931000,-0.010760,-0.010687
3132.413000,-0.018340,-0.012384,3132.413000,-0.011092,-0.010694
3132.895000,-0.017342,-0.012392,3132.895000,-0.009647,-0.010701
3133.377000,-0.015718,-0.012400,3133.377000,-0.009876,-0.010708
3133.859000,-0.015763,-0.012408,3133.859000,-0.010190,-0.010715
3134.341000,-0.015185,-0.012416,3134.341000,-0.009060,-0.010722
3134.823000,-0.012655,-0.012423,3134.823000,-0.008718,-0.010729
3135.305000,-0.010390,-0.012431,3135.305000,-0.007674,-0.010736
3135.787000,-0.007551,-0.012439,3135.787000,-0.007696,-0.010743
3136.269000,-0.006437,-0.012447,3136.269000,-0.006428,-0.010750
3136.751000,-0.005919,-0.012455,3136.751000,-0.005033,-0.010757
3137.233000,-0.008959,-0.012463,3137.233000,-0.003706,-0.010764
3137.715000,-0.013023,-0.012471,3137.715000,-0.003713,-0.010771
3138.197000,-0.016824,-0.012479,3138.197000,-0.002066,-0.010778
3138.679000,-0.021140,-0.012487,3138.679000,-0.001368,-0.010785
3139.161000,-0.023587,-0.012495,3139.161000,-0.001913,-0.010792
3139.643000,-0.025498,-0.012502,3139.643000,-0.002428,-0.010799
3140.125000,-0.027730,-0.012510,3140.125000,-0.004390,-0.010806
3140.607000,-0.029672,-0.012518,3140.607000,-0.005383,-0.010813
3141.089000,-0.030929,-0.012526,3141.089000,-0.007766,-0.010820
3141.571000,-0.031115,-0.012534,3141.571000,-0.012395,-0.010827
3142.053000,-0.032808,-0.012542,3142.053000,-0.016496,-0.010834
3142.535000,-0.032557,-0.012550,3142.535000,-0.020272,-0.010841
3143.017000,-0.032611,-0.012558,3143.017000,-0.024002,-0.010848
3143.499000,-0.031947,-0.012565,3143.499000,-0.028387,-0.010855
3143.981000,-0.031113,-0.012573,3143.981000,-0.031025,-0.010862
3144.463000,-0.028544,-0.012581,3144.463000,-0.031308,-0.010869
3144.945000,-0.025234,-0.012589,3144.945000,-0.030609,-0.010876
3145.427000,-0.022679,-0.012597,3145.427000,-0.030679,-0.010883
3145.909000,-0.021372,-0.012605,3145.909000,-0.028435,-0.010890
3146.391000,-0.019575,-0.012613,3146.391000,-0.026358,-0.010897
3146.873000,-0.018578,-0.012620,3146.873000,-0.024475,-0.010904
3147.355000,-0.017447,-0.012628,3147.355000,-0.020409,-0.010911
3147.837000,-0.017583,-0.012636,3147.837000,-0.018749,-0.010918
3148.319000,-0.018591,-0.012644,3148.319000,-0.018987,-0.010925
3148.801000,-0.021614,-0.012652,3148.801000,-0.018328,-0.010932
3149.283000,-0.023157,-0.012660,3149.283000,-0.017654,-0.010939
3149.765000,-0.023352,-0.012667,3149.765000,-0.019050,-0.010946
3150.247000,-0.024615,-0.012675,3150.247000,-0.020397,-0.010953
3150.729000,-0.025451,-0.012683,3150.729000,-0.020627,-0.010960
3151.211000,-0.025259,-0.012691,3151.211000,-0.020154,-0.010967
3151.693000,-0.024259,-0.012699,3151.693000,-0.019823,-0.010973
3152.175000,-0.024252,-0.012707,3152.175000,-0.015657,-0.010980
3152.657000,-0.023952,-0.012714,3152.657000,-0.011942,-0.010987
3153.139000,-0.022194,-0.012722,3153.139000,-0.010038,-0.010994
3153.621000,-0.022517,-0.012730,3153.621000,-0.007302,-0.011001
3154.103000,-0.021988,-0.012738,3154.103000,-0.003249,-0.011008
3154.585000,-0.021230,-0.012746,3154.585000,-0.002306,-0.011015
3155.067000,-0.020200,-0.012753,3155.067000,-0.001572,-0.011022
3155.549000,-0.020645,-0.012761,3155.549000,-0.002133,-0.011029
3156.031000,-0.021123,-0.012769,3156.031000,-0.003686,-0.011036
3156.513000,-0.021677,-0.012777,3156.513000,-0.006467,-0.011043
3156.995000,-0.023265,-0.012785,3156.995000,-0.009616,-0.011050
3157.477000,-0.024582,-0.012792,3157.477000,-0.012355,-0.011057
3157.959000,-0.024990,-0.012800,3157.959000,-0.013156,-0.011064
3158.441000,-0.025007,-0.012808,3158.441000,-0.014907,-0.011071
3158.923000,-0.025159,-0.012816,3158.923000,-0.016512,-0.011077
3159.405000,-0.027069,-0.012824,3159.405000,-0.018089,-0.011084
3159.887000,-0.028451,-0.012831,3159.887000,-0.020670,-0.011091
3160.369000,-0.029162,-0.012839,3160.369000,-0.022967,-0.011098
3160.851000,-0.029666,-0.012847,3160.851000,-0.022402,-0.011105
3161.333000,-0.029939,-0.012855,3161.333000,-0.022349,-0.011112
3161.815000,-0.028547,-0.012863,3161.815000,-0.021340,-0.011119
3162.297000,-0.028052,-0.012870,3162.297000,-0.020969,-0.011126
3162.779000,-0.027048,-0.012878,3162.779000,-0.017694,-0.011133
3163.261000,-0.024075,-0.012886,3163.261000,-0.013348,-0.011140
3163.743000,-0.021547,-0.012894,3163.743000,-0.009225,-0.011147
3164.225000,-0.021647,-0.012901,3164.225000,-0.005169,-0.011153
3164.707000,-0.020723,-0.012909,3164.707000,-0.001881,-0.011160
3165.189000,-0.020207,-0.012917,3165.189000,-0.001504,-0.011167
3165.671000,-0.020457,-0.012925,3165.671000,0.000030,-0.011174
3166.153000,-0.021781,-0.012932,3166.153000,0.002254,-0.011181
3166.635000,-0.020669,-0.012940,3166.635000,-0.001657,-0.011188
3167.117000,-0.021141,-0.012948,3167.117000,-0.005218,-0.011195
3167.599000,-0.021663,-0.012956,3167.599000,-0.006958,-0.011202
3168.081000,-0.022070,-0.012963,3168.081000,-0.009825,-0.011209
3168.563000,-0.020606,-0.012971,3168.563000,-0.012963,-0.011215
3169.045000,-0.022327,-0.012979,3169.045000,-0.016796,-0.011222
3169.527000,-0.023673,-0.012987,3169.527000,-0.019882,-0.011229
3170.009000,-0.026405,-0.012994,3170.009000,-0.022364,-0.011236
3170.491000,-0.030953,-0.013002,3170.491000,-0.025267,-0.011243
3170.973000,-0.035770,-0.013010,3170.973000,-0.028631,-0.011250
3171.455000,-0.038201,-0.013018,3171.455000,-0.029550,-0.011257
3171.937000,-0.040012,-0.013025,3171.937000,-0.029896,-0.011263
3172.419000,-0.041088,-0.013033,3172.419000,-0.030052,-0.011270
3172.901000,-0.044390,-0.013041,3172.901000,-0.032704,-0.011277
3173.383000,-0.046100,-0.013048,3173.383000,-0.033361,-0.011284
3173.865000,-0.047642,-0.013056,3173.865000,-0.031379,-0.011291
3174.347000,-0.048619,-0.013064,3174.347000,-0.027870,-0.011298
3174.829000,-0.048541,-0.013072,3174.829000,-0.024193,-0.011305
3175.311000,-0.047030,-0.013079,3175.311000,-0.022237,-0.011311
3175.793000,-0.047634,-0.013087,3175.793000,-0.021781,-0.011318
3176.275000,-0.048615,-0.013095,3176.275000,-0.020633,-0.011325
3176.757000,-0.049095,-0.013102,3176.757000,-0.020024,-0.011332
3177.239000,-0.047236,-0.013110,3177.239000,-0.020521,-0.011339
3177.721000,-0.045219,-0.013118,3177.721000,-0.021379,-0.011346
3178.203000,-0.043648,-0.013126,3178.203000,-0.020959,-0.011353
3178.685000,-0.040017,-0.013133,3178.685000,-0.024047,-0.011359
3179.167000,-0.038600,-0.013141,3179.167000,-0.026713,-0.011366
3179.649000,-0.039452,-0.013149,3179.649000,-0.028119,-0.011373
3180.131000,-0.037687,-0.013156,3180.131000,-0.026422,-0.011380
3180.613000,-0.034182,-0.013164,3180.613000,-0.025746,-0.011387
3181.095000,-0.033507,-0.013172,3181.095000,-0.023723,-0.011394
3181.577000,-0.032499,-0.013179,3181.577000,-0.024022,-0.011400
3182.059000,-0.030662,-0.013187,3182.059000,-0.022811,-0.011407
3182.541000,-0.027872,-0.013195,3182.541000,-0.024725,-0.011414
3183.023000,-0.027498,-0.013202,3183.023000,-0.025874,-0.011421
3183.505000,-0.026776,-0.013210,3183.505000,-0.029142,-0.011428
3183.987000,-0.026080,-0.013218,3183.987000,-0.030801,-0.011434
3184.469000,-0.025888,-0.013225,3184.469000,-0.032077,-0.011441
3184.951000,-0.026632,-0.013233,3184.951000,-0.033994,-0.011448
3185.433000,-0.026894,-0.013241,3185.433000,-0.037324,-0.011455
3185.915000,-0.029326,-0.013248,3185.915000,-0.037450,-0.011462
3186.397000,-0.032097,-0.013256,3186.397000,-0.038414,-0.011469
3186.879000,-0.033117,-0.013264,3186.879000,-0.036981,-0.011475
3187.361000,-0.033268,-0.013271,3187.361000,-0.036084,-0.011482
3187.843000,-0.036050,-0.013279,3187.843000,-0.033104,-0.011489
3188.325000,-0.037303,-0.013287,3188.325000,-0.031607,-0.011496
3188.807000,-0.035912,-0.013294,3188.807000,-0.028552,-0.011503
3189.289000,-0.035184,-0.013302,3189.289000,-0.027881,-0.011509
3189.771000,-0.035903,-0.013309,3189.771000,-0.024898,-0.011516
3190.253000,-0.035731,-0.013317,3190.253000,-0.024238,-0.011523
3190.735000,-0.033693,-0.013325,3190.735000,-0.023641,-0.011530
3191.217000,-0.030605,-0.013332,3191.217000,-0.024303,-0.011536
3191.699000,-0.028912,-0.013340,3191.699000,-0.026131,-0.011543
3192.181000,-0.027718,-0.013348,3192.181000,-0.029045,-0.011550
3192.663000,-0.025393,-0.013355,3192.663000,-0.030949,-0.011557
3193.145000,-0.023576,-0.013363,3193.145000,-0.033274,-0.011564
3193.627000,-0.020581,-0.013371,3193.627000,-0.033559,-0.011570
3194.109000,-0.018096,-0.013378,3194.109000,-0.035284,-0.011577
3194.591000,-0.014468,-0.013386,3194.591000,-0.035212,-0.011584
3195.073000,-0.011507,-0.013393,3195.073000,-0.034147,-0.011591
3195.555000,-0.011556,-0.013401,3195.555000,-0.034789,-0.011597
3196.037000,-0.013565,-0.013409,3196.037000,-0.034609,-0.011604
3196.519000,-0.015327,-0.013416,3196.519000,-0.035059,-0.011611
3197.001000,-0.018636,-0.013424,3197.001000,-0.035320,-0.011618
3197.483000,-0.021641,-0.013431,3197.483000,-0.037018,-0.011624
3197.965000,-0.022953,-0.013439,3197.965000,-0.038999,-0.011631
3198.447000,-0.025401,-0.013447,3198.447000,-0.039243,-0.011638
3198.929000,-0.028644,-0.013454,3198.929000,-0.039948,-0.011645
3199.411000,-0.030496,-0.013462,3199.411000,-0.040850,-0.011652
3199.893000,-0.032949,-0.013469,3199.893000,-0.041178,-0.011658
3200.375000,-0.033021,-0.013477,3200.375000,-0.040711,-0.011665
3200.857000,-0.033889,-0.013485,3200.857000,-0.038794,-0.011672
3201.339000,-0.033019,-0.013492,3201.339000,-0.036057,-0.011679
3201.821000,-0.033903,-0.013500,3201.821000,-0.034059,-0.011685
3202.303000,-0.035577,-0.013507,3202.303000,-0.033735,-0.011692
3202.785000,-0.037094,-0.013515,3202.785000,-0.034010,-0.011699
3203.267000,-0.037695,-0.013522,3203.267000,-0.037148,-0.011705
3203.749000,-0.038695,-0.013530,3203.749000,-0.035898,-0.011712
3204.231000,-0.039239,-0.013538,3204.231000,-0.035456,-0.011719
3204.713000,-0.038156,-0.013545,3204.713000,-0.036201,-0.011726
3205.195000,-0.039274,-0.013553,3205.195000,-0.035856,-0.011732
3205.677000,-0.040053,-0.013560,3205.677000,-0.036445,-0.011739
3206.159000,-0.040005,-0.013568,3206.159000,-0.038144,-0.011746
3206.641000,-0.039095,-0.013575,3206.641000,-0.039903,-0.011753
3207.123000,-0.037141,-0.013583,3207.123000,-0.042442,-0.011759
3207.605000,-0.037483,-0.013590,3207.605000,-0.044128,-0.011766
3208.087000,-0.036243,-0.013598,3208.087000,-0.045881,-0.011773
3208.569000,-0.035115,-0.013606,3208.569000,-0.047506,-0.011779
3209.051000,-0.033508,-0.013613,3209.051000,-0.048263,-0.011786
3209.533000,-0.033263,-0.013621,3209.533000,-0.052028,-0.011793
3210.015000,-0.033282,-0.013628,3210.015000,-0.054229,-0.011800
3210.497000,-0.032874,-0.013636,3210.497000,-0.051835,-0.011806
3210.979000,-0.033787,-0.013643,3210.979000,-0.049377,-0.011813
3211.461000,-0.032141,-0.013651,3211.461000,-0.049575,-0.011820
3211.943000,-0.032206,-0.013658,3211.943000,-0.048060,-0.011826
3212.425000,-0.029910,-0.013666,3212.425000,-0.046360,-0.011833
3212.907000,-0.028330,-0.013673,3212.907000,-0.045168,-0.011840
3213.389000,-0.028354,-0.013681,3213.389000,-0.045136,-0.011846
3213.871000,-0.029057,-0.013688,3213.871000,-0.044041,-0.011853
3214.353000,-0.030923,-0.013696,3214.353000,-0.041978,-0.011860
3214.835000,-0.034373,-0.013703,3214.835000,-0.041338,-0.011867
3215.317000,-0.037879,-0.013711,3215.317000,-0.040216,-0.011873
3215.799000,-0.039705,-0.013718,3215.799000,-0.040042,-0.011880
3216.281000,-0.043705,-0.013726,3216.281000,-0.040665,-0.011887
3216.763000,-0.048139,-0.013733,3216.763000,-0.040316,-0.011893
3217.245000,-0.048533,-0.013741,3217.245000,-0.040840,-0.011900
3217.727000,-0.049435,-0.013748,3217.727000,-0.041761,-0.011907
3218.209000,-0.047079,-0.013756,3218.209000,-0.042175,-0.011913
3218.691000,-0.043292,-0.013763,3218.691000,-0.042024,-0.011920
3219.173000,-0.037837,-0.013771,3219.173000,-0.040611,-0.011927
3219.655000,-0.034003,-0.013778,3219.655000,-0.038526,-0.011933
3220.137000,-0.032263,-0.013786,3220.137000,-0.038084,-0.011940
3220.619000,-0.028378,-0.013793,3220.619000,-0.037324,-0.011947
3221.101000,-0.026868,-0.013801,3221.101000,-0.038119,-0.011953
3221.583000,-0.025067,-0.013808,3221.583000,-0.040924,-0.011960
3222.065000,-0.023296,-0.013816,3222.065000,-0.043631,-0.011967
3222.547000,-0.021214,-0.013823,3222.547000,-0.047017,-0.011973
3223.029000,-0.021219,-0.013831,3223.029000,-0.047903,-0.011980
3223.511000,-0.021639,-0.013838,3223.511000,-0.050299,-0.011987
3223.993000,-0.020291,-0.013846,3223.993000,-0.052749,-0.011993
3224.475000,-0.021414,-0.013853,3224.475000,-0.052779,-0.012000
3224.957000,-0.021441,-0.013861,3224.957000,-0.050773,-0.012007
3225.439000,-0.022383,-0.013868,3225.439000,-0.049158,-0.012013
3225.921000,-0.024874,-0.013876,3225.921000,-0.045419,-0.012020
3226.403000,-0.028535,-0.013883,3226.403000,-0.043836,-0.012026
3226.885000,-0.031564,-0.013890,3226.885000,-0.042605,-0.012033
3227.367000,-0.031666,-0.013898,3227.367000,-0.041022,-0.012040
3227.849000,-0.033443,-0.013905,3227.849000,-0.040751,-0.012046
3228.331000,-0.032663,-0.013913,3228.331000,-0.042184,-0.012053
3228.813000,-0.030598,-0.013920,3228.813000,-0.042534,-0.012060
3229.295000,-0.031673,-0.013928,3229.295000,-0.043281,-0.012066
3229.777000,-0.029845,-0.013935,3229.777000,-0.041521,-0.012073
3230.259000,-0.028777,-0.013943,3230.259000,-0.043554,-0.012080
3230.741000,-0.026284,-0.013950,3230.741000,-0.044063,-0.012086
3231.223000,-0.024319,-0.013957,3231.223000,-0.044132,-0.012093
3231.705000,-0.023052,-0.013965,3231.705000,-0.044453,-0.012099
3232.187000,-0.022111,-0.013972,3232.187000,-0.045389,-0.012106
3232.669000,-0.023424,-0.013980,3232.669000,-0.047450,-0.012113
3233.151000,-0.024609,-0.013987,3233.151000,-0.048563,-0.012119
3233.633000,-0.023281,-0.013995,3233.633000,-0.048478,-0.012126
3234.115000,-0.022797,-0.014002,3234.115000,-0.048610,-0.012132
3234.597000,-0.023725,-0.014009,3234.597000,-0.049172,-0.012139
3235.079000,-0.024312,-0.014017,3235.079000,-0.049840,-0.012146
3235.561000,-0.026400,-0.014024,3235.561000,-0.048786,-0.012152
3236.043000,-0.029642,-0.014032,3236.043000,-0.048523,-0.012159
3236.525000,-0.028140,-0.014039,3236.525000,-0.047892,-0.012165
3237.007000,-0.027558,-0.014046,3237.007000,-0.047574,-0.012172
3237.489000,-0.026123,-0.014054,3237.489000,-0.047458,-0.012179
3237.971000,-0.025525,-0.014061,3237.971000,-0.048809,-0.012185
3238.453000,-0.024619,-0.014069,3238.453000,-0.050450,-0.012192
3238.935000,-0.026122,-0.014076,3238.935000,-0.050777,-0.012198
3239.417000,-0.029673,-0.014083,3239.417000,-0.051725,-0.012205
3239.899000,-0.029332,-0.014091,3239.899000,-0.048853,-0.012212
3240.381000,-0.028311,-0.014098,3240.381000,-0.046748,-0.012218
3240.863000,-0.028668,-0.014106,3240.863000,-0.044314,-0.012225
3241.345000,-0.029927,-0.014113,3241.345000,-0.040556,-0.012231
3241.827000,-0.031439,-0.014120,3241.827000,-0.036158,-0.012238
3242.309000,-0.031893,-0.014128,3242.309000,-0.031687,-0.012245
3242.791000,-0.031862,-0.014135,3242.791000,-0.027680,-0.012251
3243.273000,-0.030665,-0.014142,3243.273000,-0.024421,-0.012258
3243.755000,-0.027675,-0.014150,3243.755000,-0.020524,-0.012264
3244.237000,-0.025358,-0.014157,3244.237000,-0.019434,-0.012271
3244.719000,-0.024228,-0.014164,3244.719000,-0.019735,-0.012277
3245.201000,-0.026040,-0.014172,3245.201000,-0.019981,-0.012284
3245.683000,-0.031533,-0.014179,3245.683000,-0.017993,-0.012290
3246.165000,-0.034576,-0.014187,3246.165000,-0.019325,-0.012297
3246.647000,-0.037612,-0.014194,3246.647000,-0.019750,-0.012304
3247.129000,-0.040919,-0.014201,3247.129000,-0.022330,-0.012310
3247.611000,-0.043744,-0.014209,3247.611000,-0.024673,-0.012317
3248.093000,-0.047658,-0.014216,3248.093000,-0.025973,-0.012323
3248.575000,-0.051051,-0.014223,3248.575000,-0.028252,-0.012330
3249.057000,-0.053119,-0.014231,3249.057000,-0.031440,-0.012336
3249.539000,-0.054174,-0.014238,3249.539000,-0.032509,-0.012343
3250.021000,-0.052462,-0.014245,3250.021000,-0.033598,-0.012349
3250.503000,-0.050982,-0.014253,3250.503000,-0.035133,-0.012356
3250.985000,-0.048399,-0.014260,3250.985000,-0.035956,-0.012363
3251.467000,-0.045854,-0.014267,3251.467000,-0.036973,-0.012369
3251.949000,-0.046183,-0.014275,3251.949000,-0.034771,-0.012376
3252.431000,-0.044270,-0.014282,3252.431000,-0.034158,-0.012382
3252.913000,-0.042593,-0.014289,3252.913000,-0.033671,-0.012389
3253.395000,-0.039619,-0.014297,3253.395000,-0.032538,-0.012395
3253.877000,-0.035287,-0.014304,3253.877000,-0.034157,-0.012402
3254.359000,-0.030111,-0.014311,3254.359000,-0.036377,-0.012408
3254.841000,-0.026428,-0.014319,3254.841000,-0.038895,-0.012415
3255.323000,-0.022360,-0.014326,3255.323000,-0.041111,-0.012421
3255.805000,-0.020598,-0.014333,3255.805000,-0.044826,-0.012428
3256.287000,-0.017947,-0.014340,3256.287000,-0.045663,-0.012434
3256.769000,-0.019239,-0.014348,3256.769000,-0.048507,-0.012441
3257.251000,-0.021910,-0.014355,3257.251000,-0.051472,-0.012447
3257.733000,-0.023062,-0.014362,3257.733000,-0.052837,-0.012454
3258.215000,-0.023575,-0.014370,3258.215000,-0.053747,-0.012460
3258.697000,-0.026041,-0.014377,3258.697000,-0.053080,-0.012467
3259.179000,-0.028622,-0.014384,3259.179000,-0.054132,-0.012473
3259.661000,-0.029940,-0.014392,3259.661000,-0.050254,-0.012480
3260.143000,-0.029664,-0.014399,3260.143000,-0.046109,-0.012486
3260.625000,-0.029190,-0.014406,3260.625000,-0.044009,-0.012493
3261.107000,-0.028496,-0.014413,3261.107000,-0.042344,-0.012499
3261.589000,-0.026876,-0.014421,3261.589000,-0.042271,-0.012506
3262.071000,-0.024877,-0.014428,3262.071000,-0.040428,-0.012512
3262.553000,-0.024996,-0.014435,3262.553000,-0.040914,-0.012519
3263.035000,-0.023482,-0.014442,3263.035000,-0.038548,-0.012525
3263.517000,-0.022939,-0.014450,3263.517000,-0.040024,-0.012532
3263.999000,-0.022649,-0.014457,3263.999000,-0.041756,-0.012538
3264.481000,-0.021610,-0.014464,3264.481000,-0.042949,-0.012545
3264.963000,-0.019681,-0.014472,3264.963000,-0.044956,-0.012551
3265.445000,-0.019364,-0.014479,3265.445000,-0.044191,-0.012558
3265.927000,-0.020005,-0.014486,3265.927000,-0.041548,-0.012564
3266.409000,-0.018955,-0.014493,3266.409000,-0.036188,-0.012571
3266.891000,-0.018719,-0.014501,3266.891000,-0.032929,-0.012577
3267.373000,-0.018576,-0.014508,3267.373000,-0.030703,-0.012584
3267.855000,-0.017612,-0.014515,3267.855000,-0.029933,-0.012590
3268.337000,-0.017137,-0.014522,3268.337000,-0.031274,-0.012597
3268.819000,-0.017451,-0.014530,3268.819000,-0.030430,-0.012603
3269.301000,-0.018602,-0.014537,3269.301000,-0.028561,-0.012610
3269.783000,-0.018635,-0.014544,3269.783000,-0.028282,-0.012616
3270.265000,-0.018797,-0.014551,3270.265000,-0.028755,-0.012622
3270.747000,-0.019679,-0.014558,3270.747000,-0.029685,-0.012629
3271.229000,-0.019510,-0.014566,3271.229000,-0.030862,-0.012635
3271.711000,-0.021705,-0.014573,3271.711000,-0.033850,-0.012642
3272.193000,-0.022322,-0.014580,3272.193000,-0.036424,-0.012648
3272.675000,-0.025012,-0.014587,3272.675000,-0.038672,-0.012655
3273.157000,-0.027794,-0.014595,3273.157000,-0.040299,-0.012661
3273.639000,-0.029628,-0.014602,3273.639000,-0.043769,-0.012668
3274.121000,-0.029713,-0.014609,3274.121000,-0.045382,-0.012674
3274.603000,-0.028884,-0.014616,3274.603000,-0.046644,-0.012680
3275.085000,-0.029574,-0.014623,3275.085000,-0.049040,-0.012687
3275.567000,-0.029447,-0.014631,3275.567000,-0.049050,-0.012693
3276.049000,-0.028846,-0.014638,3276.049000,-0.047146,-0.012700
3276.531000,-0.027021,-0.014645,3276.531000,-0.044939,-0.012706
3277.013000,-0.025991,-0.014652,3277.013000,-0.040632,-0.012713
3277.495000,-0.024705,-0.014659,3277.495000,-0.038606,-0.012719
3277.977000,-0.023744,-0.014667,3277.977000,-0.037468,-0.012726
3278.459000,-0.024771,-0.014674,3278.459000,-0.037316,-0.012732
3278.941000,-0.025357,-0.014681,3278.941000,-0.036142,-0.012738
3279.423000,-0.028334,-0.014688,3279.423000,-0.034278,-0.012745
3279.905000,-0.030420,-0.014695,3279.905000,-0.031974,-0.012751
3280.387000,-0.030211,-0.014703,3280.387000,-0.031658,-0.012758
3280.869000,-0.027935,-0.014710,3280.869000,-0.030530,-0.012764
3281.351000,-0.026142,-0.014717,3281.351000,-0.028258,-0.012770
3281.833000,-0.023615,-0.014724,3281.833000,-0.028135,-0.012777
3282.315000,-0.020867,-0.014731,3282.315000,-0.028506,-0.012783
3282.797000,-0.017306,-0.014738,3282.797000,-0.030465,-0.012790
3283.279000,-0.013946,-0.014746,3283.279000,-0.030430,-0.012796
3283.761000,-0.012397,-0.014753,3283.761000,-0.033600,-0.012802
3284.243000,-0.010956,-0.014760,3284.243000,-0.037171,-0.012809
3284.725000,-0.008243,-0.014767,3284.725000,-0.039623,-0.012815
3285.207000,-0.005656,-0.014774,3285.207000,-0.041591,-0.012822
3285.689000,-0.004367,-0.014781,3285.689000,-0.043771,-0.012828
3286.171000,-0.003110,-0.014789,3286.171000,-0.047283,-0.012834
3286.653000,-0.000506,-0.014796,3286.653000,-0.050700,-0.012841
3287.135000,0.004040,-0.014803,3287.135000,-0.052844,-0.012847
3287.617000,0.006909,-0.014810,3287.617000,-0.053219,-0.012854
3288.099000,0.007603,-0.014817,3288.099000,-0.052127,-0.012860
3288.581000,0.007254,-0.014824,3288.581000,-0.052205,-0.012866
3289.063000,0.006222,-0.014831,3289.063000,-0.054615,-0.012873
3289.545000,0.006380,-0.014839,3289.545000,-0.053810,-0.012879
3290.027000,0.005019,-0.014846,3290.027000,-0.050731,-0.012886
3290.509000,0.001714,-0.014853,3290.509000,-0.051079,-0.012892
3290.991000,-0.000942,-0.014860,3290.991000,-0.050303,-0.012898
3291.473000,-0.002414,-0.014867,3291.473000,-0.047886,-0.012905
3291.955000,-0.003114,-0.014874,3291.955000,-0.047511,-0.012911
3292.437000,-0.004876,-0.014881,3292.437000,-0.047705,-0.012917
3292.919000,-0.006071,-0.014888,3292.919000,-0.047403,-0.012924
3293.401000,-0.006792,-0.014896,3293.401000,-0.047981,-0.012930
3293.883000,-0.008124,-0.014903,3293.883000,-0.045317,-0.012936
3294.365000,-0.011020,-0.014910,3294.365000,-0.043299,-0.012943
3294.847000,-0.015132,-0.014917,3294.847000,-0.041671,-0.012949
3295.329000,-0.018622,-0.014924,3295.329000,-0.040205,-0.012956
3295.811000,-0.020436,-0.014931,3295.811000,-0.039279,-0.012962
3296.293000,-0.021363,-0.014938,3296.293000,-0.035134,-0.012968
3296.775000,-0.024235,-0.014945,3296.775000,-0.032936,-0.012975
3297.257000,-0.027460,-0.014952,3297.257000,-0.032937,-0.012981
3297.739000,-0.028414,-0.014960,3297.739000,-0.034058,-0.012987
3298.221000,-0.028107,-0.014967,3298.221000,-0.034165,-0.012994
3298.703000,-0.025077,-0.014974,3298.703000,-0.036413,-0.013000
3299.185000,-0.022583,-0.014981,3299.185000,-0.037348,-0.013006
3299.667000,-0.019327,-0.014988,3299.667000,-0.036473,-0.013013
3300.149000,-0.016990,-0.014995,3300.149000,-0.035675,-0.013019
3300.631000,-0.011768,-0.015002,3300.631000,-0.032709,-0.013025
3301.113000,-0.008269,-0.015009,3301.113000,-0.031500,-0.013032
3301.595000,-0.004977,-0.015016,3301.595000,-0.028731,-0.013038
3302.077000,-0.001640,-0.015023,3302.077000,-0.025845,-0.013044
3302.559000,0.001025,-0.015030,3302.559000,-0.022837,-0.013051
3303.041000,0.000960,-0.015037,3303.041000,-0.020893,-0.013057
3303.523000,0.000156,-0.015044,3303.523000,-0.019694,-0.013063
3304.005000,-0.002187,-0.015052,3304.005000,-0.018600,-0.013070
3304.487000,-0.003601,-0.015059,3304.487000,-0.020590,-0.013076
3304.969000,-0.007372,-0.015066,3304.969000,-0.018755,-0.013082
3305.451000,-0.009116,-0.015073,3305.451000,-0.019969,-0.013088
3305.933000,-0.011012,-0.015080,3305.933000,-0.019906,-0.013095
3306.415000,-0.013803,-0.015087,3306.415000,-0.021035,-0.013101
3306.897000,-0.019452,-0.015094,3306.897000,-0.023089,-0.013107
3307.379000,-0.021678,-0.015101,3307.379000,-0.024641,-0.013114
3307.861000,-0.025115,-0.015108,3307.861000,-0.027579,-0.013120
3308.343000,-0.025928,-0.015115,3308.343000,-0.029911,-0.013126
3308.825000,-0.026389,-0.015122,3308.825000,-0.033108,-0.013133
3309.307000,-0.027395,-0.015129,3309.307000,-0.034417,-0.013139
3309.789000,-0.027879,-0.015136,3309.789000,-0.038781,-0.013145
3310.271000,-0.026834,-0.015143,3310.271000,-0.040663,-0.013151
3310.753000,-0.027590,-0.015150,3310.753000,-0.040532,-0.013158
3311.235000,-0.026724,-0.015157,3311.235000,-0.040327,-0.013164
3311.717000,-0.023758,-0.015164,3311.717000,-0.037079,-0.013170
3312.199000,-0.018012,-0.015171,3312.199000,-0.036541,-0.013177
3312.681000,-0.013657,-0.015178,3312.681000,-0.033864,-0.013183
3313.163000,-0.012834,-0.015185,3313.163000,-0.032130,-0.013189
3313.645000,-0.012188,-0.015192,3313.645000,-0.030140,-0.013195
3314.127000,-0.008759,-0.015199,3314.127000,-0.028319,-0.013202
3314.609000,-0.003888,-0.015206,3314.609000,-0.027343,-0.013208
3315.091000,0.000445,-0.015213,3315.091000,-0.026537,-0.013214
3315.573000,0.001755,-0.015220,3315.573000,-0.024993,-0.013220
3316.055000,0.001751,-0.015227,3316.055000,-0.024490,-0.013227
3316.537000,0.002385,-0.015234,3316.537000,-0.025692,-0.013233
3317.019000,0.002638,-0.015241,3317.019000,-0.025497,-0.013239
3317.501000,-0.000314,-0.015248,3317.501000,-0.023518,-0.013246
3317.983000,-0.001316,-0.015255,3317.983000,-0.022367,-0.013252
3318.465000,-0.001447,-0.015262,3318.465000,-0.022224,-0.013258
3318.947000,-0.004251,-0.015269,3318.947000,-0.021618,-0.013264
3319.429000,-0.008771,-0.015276,3319.429000,-0.019373,-0.013271
3319.911000,-0.012264,-0.015283,3319.911000,-0.019926,-0.013277
3320.393000,-0.016841,-0.015290,3320.393000,-0.019469,-0.013283
3320.875000,-0.018883,-0.015297,3320.875000,-0.019031,-0.013289
3321.357000,-0.019486,-0.015304,3321.357000,-0.014861,-0.013296
3321.839000,-0.020922,-0.015311,3321.839000,-0.011698,-0.013302
3322.321000,-0.021127,-0.015318,3322.321000,-0.010302,-0.013308
3322.803000,-0.019520,-0.015325,3322.803000,-0.008731,-0.013314
3323.285000,-0.019961,-0.015332,3323.285000,-0.006238,-0.013320
3323.767000,-0.017546,-0.015339,3323.767000,-0.006401,-0.013327
3324.249000,-0.017498,-0.015346,3324.249000,-0.005087,-0.013333
3324.731000,-0.014366,-0.015353,3324.731000,-0.003390,-0.013339
3325.213000,-0.012399,-0.015360,3325.213000,-0.003253,-0.013345
3325.695000,-0.013062,-0.015367,3325.695000,-0.003522,-0.013352
3326.177000,-0.013832,-0.015374,3326.177000,-0.005214,-0.013358
3326.659000,-0.013055,-0.015381,3326.659000,-0.009109,-0.013364
3327.141000,-0.014976,-0.015388,3327.141000,-0.010611,-0.013370
3327.623000,-0.014922,-0.015395,3327.623000,-0.012881,-0.013377
3328.105000,-0.013975,-0.015401,3328.105000,-0.013389,-0.013383
3328.587000,-0.013611,-0.015408,3328.587000,-0.016537,-0.013389
3329.069000,-0.011566,-0.015415,3329.069000,-0.019855,-0.013395
3329.551000,-0.009929,-0.015422,3329.551000,-0.021579,-0.013401
3330.033000,-0.007897,-0.015429,3330.033000,-0.024317,-0.013408
3330.515000,-0.003600,-0.015436,3330.515000,-0.027711,-0.013414
3330.997000,-0.000641,-0.015443,3330.997000,-0.029181,-0.013420
3331.479000,0.002924,-0.015450,3331.479000,-0.028874,-0.013426
3331.961000,0.004812,-0.015457,3331.961000,-0.030333,-0.013432
3332.443000,0.005775,-0.015464,3332.443000,-0.031589,-0.013439
3332.925000,0.004202,-0.015471,3332.925000,-0.033539,-0.013445
3333.407000,0.004222,-0.015478,3333.407000,-0.033097,-0.013451
3333.889000,0.004777,-0.015485,3333.889000,-0.031040,-0.013457
3334.371000,0.006141,-0.015491,3334.371000,-0.030271,-0.013463
3334.853000,0.008653,-0.015498,3334.853000,-0.026153,-0.013470
3335.335000,0.011386,-0.015505,3335.335000,-0.021824,-0.013476
3335.817000,0.012250,-0.015512,3335.817000,-0.018861,-0.013482
3336.299000,0.013253,-0.015519,3336.299000,-0.018781,-0.013488
3336.781000,0.012456,-0.015526,3336.781000,-0.016652,-0.013494
3337.263000,0.009834,-0.015533,3337.263000,-0.014267,-0.013500
3337.745000,0.007867,-0.015540,3337.745000,-0.013045,-0.013507
3338.227000,0.004034,-0.015547,3338.227000,-0.014452,-0.013513
3338.709000,0.002439,-0.015553,3338.709000,-0.016419,-0.013519
3339.191000,0.000138,-0.015560,3339.191000,-0.018740,-0.013525
3339.673000,-0.005842,-0.015567,3339.673000,-0.019257,-0.013531
3340.155000,-0.008773,-0.015574,3340.155000,-0.016889,-0.013537
3340.637000,-0.009466,-0.015581,3340.637000,-0.015454,-0.013544
3341.119000,-0.010540,-0.015588,3341.119000,-0.014227,-0.013550
3341.601000,-0.010855,-0.015595,3341.601000,-0.009220,-0.013556
3342.083000,-0.008631,-0.015602,3342.083000,-0.005692,-0.013562
3342.565000,-0.011424,-0.015608,3342.565000,-0.003160,-0.013568
3343.047000,-0.012408,-0.015615,3343.047000,-0.000619,-0.013574
3343.529000,-0.012878,-0.015622,3343.529000,0.003922,-0.013581
3344.011000,-0.013693,-0.015629,3344.011000,0.007004,-0.013587
3344.493000,-0.015482,-0.015636,3344.493000,0.008072,-0.013593
3344.975000,-0.016324,-0.015643,3344.975000,0.006948,-0.013599
3345.457000,-0.016752,-0.015650,3345.457000,0.006725,-0.013605
3345.939000,-0.018320,-0.015656,3345.939000,0.006119,-0.013611
3346.421000,-0.020003,-0.015663,3346.421000,0.007373,-0.013617
3346.903000,-0.022949,-0.015670,3346.903000,0.007097,-0.013623
3347.385000,-0.024923,-0.015677,3347.385000,0.004561,-0.013630
3347.867000,-0.026219,-0.015684,3347.867000,0.003539,-0.013636
3348.349000,-0.026903,-0.015691,3348.349000,0.003157,-0.013642
3348.831000,-0.027323,-0.015697,3348.831000,0.003153,-0.013648
3349.313000,-0.026394,-0.015704,3349.313000,0.001518,-0.013654
3349.795000,-0.023281,-0.015711,3349.795000,0.000492,-0.013660
3350.277000,-0.020489,-0.015718,3350.277000,-0.001158,-0.013666
3350.759000,-0.022171,-0.015725,3350.759000,-0.002034,-0.013672
3351.241000,-0.022965,-0.015732,3351.241000,-0.003330,-0.013679
3351.723000,-0.022027,-0.015738,3351.723000,-0.004691,-0.013685
3352.205000,-0.023353,-0.015745,3352.205000,-0.006072,-0.013691
3352.687000,-0.024245,-0.015752,3352.687000,-0.007494,-0.013697
3353.169000,-0.022510,-0.015759,3353.169000,-0.008652,-0.013703
3353.651000,-0.021058,-0.015766,3353.651000,-0.011597,-0.013709
3354.133000,-0.018849,-0.015772,3354.133000,-0.014362,-0.013715
3354.615000,-0.015055,-0.015779,3354.615000,-0.016133,-0.013721
3355.097000,-0.012641,-0.015786,3355.097000,-0.017920,-0.013727
3355.579000,-0.009175,-0.015793,3355.579000,-0.019560,-0.013734
3356.061000,-0.005329,-0.015800,3356.061000,-0.024506,-0.013740
3356.543000,-0.004665,-0.015806,3356.543000,-0.027138,-0.013746
3357.025000,-0.003214,-0.015813,3357.025000,-0.029337,-0.013752
3357.507000,-0.002493,-0.015820,3357.507000,-0.032528,-0.013758
3357.989000,0.000781,-0.015827,3357.989000,-0.033515,-0.013764
3358.471000,0.001814,-0.015834,3358.471000,-0.032235,-0.013770
3358.953000,0.001956,-0.015840,3358.953000,-0.032198,-0.013776
3359.435000,0.002589,-0.015847,3359.435000,-0.030752,-0.013782
3359.917000,0.003869,-0.015854,3359.917000,-0.027879,-0.013788
3360.399000,0.006202,-0.015861,3360.399000,-0.026335,-0.013794
3360.881000,0.005139,-0.015867,3360.881000,-0.023222,-0.013800
3361.363000,0.004535,-0.015874,3361.363000,-0.023277,-0.013807
3361.845000,0.005853,-0.015881,3361.845000,-0.024206,-0.013813
3362.327000,0.005692,-0.015888,3362.327000,-0.023552,-0.013819
3362.809000,0.004205,-0.015894,3362.809000,-0.023433,-0.013825
3363.291000,0.004820,-0.015901,3363.291000,-0.021435,-0.013831
3363.773000,0.007045,-0.015908,3363.773000,-0.018919,-0.013837
3364.255000,0.009269,-0.015915,3364.255000,-0.019362,-0.013843
3364.737000,0.009802,-0.015921,3364.737000,-0.017345,-0.013849
3365.219000,0.008504,-0.015928,3365.219000,-0.014617,-0.013855
3365.701000,0.007585,-0.015935,3365.701000,-0.012497,-0.013861
3366.183000,0.002938,-0.015942,3366.183000,-0.010970,-0.013867
3366.665000,-0.001704,-0.015948,3366.665000,-0.008162,-0.013873
3367.147000,-0.004504,-0.015955,3367.147000,-0.006667,-0.013879
3367.629000,-0.009586,-0.015962,3367.629000,-0.006307,-0.013885
3368.111000,-0.014076,-0.015969,3368.111000,-0.009313,-0.013891
3368.593000,-0.016067,-0.015975,3368.593000,-0.008801,-0.013897
3369.075000,-0.015865,-0.015982,3369.075000,-0.005730,-0.013903
3369.557000,-0.014720,-0.015989,3369.557000,-0.004093,-0.013909
3370.039000,-0.013284,-0.015996,3370.039000,-0.002456,-0.013915
3370.521000,-0.013527,-0.016002,3370.521000,-0.000249,-0.013922
3371.003000,-0.011539,-0.016009,3371.003000,-0.000914,-0.013928
3371.485000,-0.009990,-0.016016,3371.485000,-0.000939,-0.013934
3371.967000,-0.007180,-0.016022,3371.967000,-0.000147,-0.013940
3372.449000,-0.004676,-0.016029,3372.449000,-0.001135,-0.013946
3372.931000,-0.003471,-0.016036,3372.931000,-0.002122,-0.013952
3373.413000,0.000253,-0.016043,3373.413000,-0.000150,-0.013958
3373.895000,0.002615,-0.016049,3373.895000,0.000746,-0.013964
3374.377000,0.003855,-0.016056,3374.377000,-0.000458,-0.013970
3374.859000,0.003919,-0.016063,3374.859000,-0.000362,-0.013976
3375.341000,0.006199,-0.016069,3375.341000,0.000401,-0.013982
3375.823000,0.009295,-0.016076,3375.823000,-0.000261,-0.013988
3376.305000,0.008535,-0.016083,3376.305000,-0.002285,-0.013994
3376.787000,0.005866,-0.016089,3376.787000,-0.003409,-0.014000
3377.269000,0.004611,-0.016096,3377.269000,-0.001599,-0.014006
3377.751000,0.005332,-0.016103,3377.751000,-0.001260,-0.014012
3378.233000,0.004435,-0.016109,3378.233000,-0.003294,-0.014018
3378.715000,0.004806,-0.016116,3378.715000,-0.003836,-0.014024
3379.197000,0.004413,-0.016123,3379.197000,-0.005786,-0.014030
3379.679000,0.002593,-0.016129,3379.679000,-0.003981,-0.014036
3380.161000,0.000906,-0.016136,3380.161000,-0.002056,-0.014042
3380.643000,-0.004167,-0.016143,3380.643000,-0.000962,-0.014048
3381.125000,-0.006308,-0.016149,3381.125000,-0.000104,-0.014054
3381.607000,-0.007101,-0.016156,3381.607000,0.000432,-0.014060
3382.089000,-0.008404,-0.016163,3382.089000,-0.002250,-0.014066
3382.571000,-0.010221,-0.016169,3382.571000,-0.003496,-0.014072
3383.053000,-0.012623,-0.016176,3383.053000,-0.005496,-0.014078
3383.535000,-0.012622,-0.016183,3383.535000,-0.007085,-0.014084
3384.017000,-0.010721,-0.016189,3384.017000,-0.008283,-0.014090
3384.499000,-0.010098,-0.016196,3384.499000,-0.010979,-0.014096
3384.981000,-0.010540,-0.016203,3384.981000,-0.014733,-0.014102
3385.463000,-0.010788,-0.016209,3385.463000,-0.017830,-0.014107
3385.945000,-0.012611,-0.016216,3385.945000,-0.022860,-0.014113
3386.427000,-0.014523,-0.016223,3386.427000,-0.023576,-0.014119
3386.909000,-0.016121,-0.016229,3386.909000,-0.023642,-0.014125
3387.391000,-0.018782,-0.016236,3387.391000,-0.025663,-0.014131
3387.873000,-0.017505,-0.016242,3387.873000,-0.025979,-0.014137
3388.355000,-0.016743,-0.016249,3388.355000,-0.028180,-0.014143
3388.837000,-0.017041,-0.016256,3388.837000,-0.029114,-0.014149
3389.319000,-0.015877,-0.016262,3389.319000,-0.028273,-0.014155
3389.801000,-0.012573,-0.016269,3389.801000,-0.026845,-0.014161
3390.283000,-0.008101,-0.016276,3390.283000,-0.025013,-0.014167
3390.765000,-0.005457,-0.016282,3390.765000,-0.023343,-0.014173
3391.247000,-0.003912,-0.016289,3391.247000,-0.020468,-0.014179
3391.729000,-0.002702,-0.016295,3391.729000,-0.018882,-0.014185
3392.211000,-0.002685,-0.016302,3392.211000,-0.018129,-0.014191
3392.693000,-0.001129,-0.016309,3392.693000,-0.015495,-0.014197
3393.175000,0.001143,-0.016315,3393.175000,-0.011097,-0.014203
3393.657000,0.001780,-0.016322,3393.657000,-0.008823,-0.014209
3394.139000,0.002986,-0.016328,3394.139000,-0.010119,-0.014215
3394.621000,0.003324,-0.016335,3394.621000,-0.011390,-0.014220
3395.103000,0.002096,-0.016342,3395.103000,-0.012454,-0.014226
3395.585000,0.001497,-0.016348,3395.585000,-0.012890,-0.014232
3396.067000,-0.000669,-0.016355,3396.067000,-0.015378,-0.014238
3396.549000,-0.001200,-0.016361,3396.549000,-0.015769,-0.014244
3397.031000,-0.004375,-0.016368,3397.031000,-0.015582,-0.014250
3397.513000,-0.007814,-0.016374,3397.513000,-0.016557,-0.014256
3397.995000,-0.009855,-0.016381,3397.995000,-0.017301,-0.014262
3398.477000,-0.010191,-0.016388,3398.477000,-0.017750,-0.014268
3398.959000,-0.011409,-0.016394,3398.959000,-0.016428,-0.014274
3399.441000,-0.009639,-0.016401,3399.441000,-0.014758,-0.014280
3399.923000,-0.010500,-0.016407,3399.923000,-0.014525,-0.014286
3400.405000,-0.011848,-0.016414,3400.405000,-0.015798,-0.014291
3400.887000,-0.011480,-0.016420,3400.887000,-0.018482,-0.014297
3401.369000,-0.015158,-0.016427,3401.369000,-0.019310,-0.014303
3401.851000,-0.018942,-0.016434,3401.851000,-0.019055,-0.014309
3402.333000,-0.020872,-0.016440,3402.333000,-0.019196,-0.014315
3402.815000,-0.024021,-0.016447,3402.815000,-0.021151,-0.014321
3403.297000,-0.028006,-0.016453,3403.297000,-0.024417,-0.014327
3403.779000,-0.031289,-0.016460,3403.779000,-0.025327,-0.014333
3404.261000,-0.034284,-0.016466,3404.261000,-0.029326,-0.014339
3404.743000,-0.035246,-0.016473,3404.743000,-0.032218,-0.014345
3405.225000,-0.034133,-0.016479,3405.225000,-0.034042,-0.014350
3405.707000,-0.038047,-0.016486,3405.707000,-0.036866,-0.014356
3406.189000,-0.038929,-0.016492,3406.189000,-0.041337,-0.014362
3406.671000,-0.040692,-0.016499,3406.671000,-0.044099,-0.014368
3407.153000,-0.040322,-0.016505,3407.153000,-0.046288,-0.014374
3407.635000,-0.039232,-0.016512,3407.635000,-0.048648,-0.014380
3408.117000,-0.038422,-0.016518,3408.117000,-0.047352,-0.014386
3408.599000,-0.036272,-0.016525,3408.599000,-0.045365,-0.014392
3409.081000,-0.033047,-0.016532,3409.081000,-0.043709,-0.014397
3409.563000,-0.030109,-0.016538,3409.563000,-0.043604,-0.014403
3410.045000,-0.028841,-0.016545,3410.045000,-0.043562,-0.014409
3410.527000,-0.028249,-0.016551,3410.527000,-0.039959,-0.014415
3411.009000,-0.027847,-0.016558,3411.009000,-0.037725,-0.014421
3411.491000,-0.027730,-0.016564,3411.491000,-0.033081,-0.014427
3411.973000,-0.026564,-0.016571,3411.973000,-0.029004,-0.014433
3412.455000,-0.029584,-0.016577,3412.455000,-0.026940,-0.014438
3412.937000,-0.030998,-0.016584,3412.937000,-0.025691,-0.014444
3413.419000,-0.031747,-0.016590,3413.419000,-0.021841,-0.014450
3413.901000,-0.034239,-0.016597,3413.901000,-0.018768,-0.014456
3414.383000,-0.036456,-0.016603,3414.383000,-0.018701,-0.014462
3414.865000,-0.037197,-0.016609,3414.865000,-0.014592,-0.014468
3415.347000,-0.036621,-0.016616,3415.347000,-0.012458,-0.014473
3415.829000,-0.037113,-0.016622,3415.829000,-0.012765,-0.014479
3416.311000,-0.035614,-0.016629,3416.311000,-0.011604,-0.014485
3416.793000,-0.032228,-0.016635,3416.793000,-0.010719,-0.014491
3417.275000,-0.032087,-0.016642,3417.275000,-0.010605,-0.014497
3417.757000,-0.030475,-0.016648,3417.757000,-0.009714,-0.014503
3418.239000,-0.028460,-0.016655,3418.239000,-0.011166,-0.014508
3418.721000,-0.025453,-0.016661,3418.721000,-0.012354,-0.014514
3419.203000,-0.024698,-0.016668,3419.203000,-0.015460,-0.014520
3419.685000,-0.026424,-0.016674,3419.685000,-0.017077,-0.014526
3420.167000,-0.026768,-0.016681,3420.167000,-0.016739,-0.014532
3420.649000,-0.029888,-0.016687,3420.649000,-0.017170,-0.014538
3421.131000,-0.034584,-0.016694,3421.131000,-0.020631,-0.014543
3421.613000,-0.035777,-0.016700,3421.613000,-0.022080,-0.014549
3422.095000,-0.035161,-0.016706,3422.095000,-0.023801,-0.014555
3422.577000,-0.036184,-0.016713,3422.577000,-0.024636,-0.014561
3423.059000,-0.034058,-0.016719,3423.059000,-0.024246,-0.014567
3423.541000,-0.030332,-0.016726,3423.541000,-0.023264,-0.014572
3424.023000,-0.030993,-0.016732,3424.023000,-0.021790,-0.014578
3424.505000,-0.029415,-0.016739,3424.505000,-0.020568,-0.014584
3424.987000,-0.027612,-0.016745,3424.987000,-0.020668,-0.014590
3425.469000,-0.024947,-0.016752,3425.469000,-0.018565,-0.014596
3425.951000,-0.024351,-0.016758,3425.951000,-0.017535,-0.014601
3426.433000,-0.024310,-0.016764,3426.433000,-0.013123,-0.014607
3426.915000,-0.022738,-0.016771,3426.915000,-0.011139,-0.014613
3427.397000,-0.023061,-0.016777,3427.397000,-0.010165,-0.014619
3427.879000,-0.026014,-0.016784,3427.879000,-0.010995,-0.014624
3428.361000,-0.023205,-0.016790,3428.361000,-0.012531,-0.014630
3428.843000,-0.024000,-0.016796,3428.843000,-0.012549,-0.014636
3429.325000,-0.024726,-0.016803,3429.325000,-0.014578,-0.014642
3429.807000,-0.024003,-0.016809,3429.807000,-0.016963,-0.014648
3430.289000,-0.025713,-0.016816,3430.289000,-0.018603,-0.014653
3430.771000,-0.029376,-0.016822,3430.771000,-0.021470,-0.014659
3431.253000,-0.031336,-0.016828,3431.253000,-0.027177,-0.014665
3431.735000,-0.034376,-0.016835,3431.735000,-0.032990,-0.014671
3432.217000,-0.037521,-0.016841,3432.217000,-0.036528,-0.014676
3432.699000,-0.041724,-0.016848,3432.699000,-0.037765,-0.014682
3433.181000,-0.044219,-0.016854,3433.181000,-0.040404,-0.014688
3433.663000,-0.046617,-0.016860,3433.663000,-0.042903,-0.014694
3434.145000,-0.047109,-0.016867,3434.145000,-0.044617,-0.014699
3434.627000,-0.045804,-0.016873,3434.627000,-0.043604,-0.014705
3435.109000,-0.042030,-0.016880,3435.109000,-0.041372,-0.014711
3435.591000,-0.040540,-0.016886,3435.591000,-0.038744,-0.014717
3436.073000,-0.036091,-0.016892,3436.073000,-0.037517,-0.014722
3436.555000,-0.031878,-0.016899,3436.555000,-0.035523,-0.014728
3437.037000,-0.030952,-0.016905,3437.037000,-0.032182,-0.014734
3437.519000,-0.027899,-0.016911,3437.519000,-0.029245,-0.014740
3438.001000,-0.024731,-0.016918,3438.001000,-0.027662,-0.014745
3438.483000,-0.023385,-0.016924,3438.483000,-0.024347,-0.014751
3438.965000,-0.025240,-0.016930,3438.965000,-0.018934,-0.014757
3439.447000,-0.026127,-0.016937,3439.447000,-0.014913,-0.014763
3439.929000,-0.028201,-0.016943,3439.929000,-0.013882,-0.014768
3440.411000,-0.028515,-0.016950,3440.411000,-0.011094,-0.014774
3440.893000,-0.028483,-0.016956,3440.893000,-0.009983,-0.014780
3441.375000,-0.028541,-0.016962,3441.375000,-0.006672,-0.014786
3441.857000,-0.029023,-0.016969,3441.857000,-0.003898,-0.014791
3442.339000,-0.029266,-0.016975,3442.339000,-0.001903,-0.014797
3442.821000,-0.029555,-0.016981,3442.821000,-0.001486,-0.014803
3443.303000,-0.030257,-0.016988,3443.303000,-0.000725,-0.014808
3443.785000,-0.030443,-0.016994,3443.785000,-0.000043,-0.014814
3444.267000,-0.029260,-0.017000,3444.267000,-0.000464,-0.014820
3444.749000,-0.027995,-0.017007,3444.749000,-0.000263,-0.014826
3445.231000,-0.028609,-0.017013,3445.231000,-0.000387,-0.014831
3445.713000,-0.030403,-0.017019,3445.713000,-0.002406,-0.014837
3446.195000,-0.028810,-0.017026,3446.195000,-0.005629,-0.014843
3446.677000,-0.027603,-0.017032,3446.677000,-0.011059,-0.014848
3447.159000,-0.023797,-0.017038,3447.159000,-0.016803,-0.014854
3447.641000,-0.022487,-0.017044,3447.641000,-0.021598,-0.014860
3448.123000,-0.023142,-0.017051,3448.123000,-0.023651,-0.014865
3448.605000,-0.022315,-0.017057,3448.605000,-0.026044,-0.014871
3449.087000,-0.024606,-0.017063,3449.087000,-0.028117,-0.014877
3449.569000,-0.026949,-0.017070,3449.569000,-0.031624,-0.014883
3450.051000,-0.028495,-0.017076,3450.051000,-0.033846,-0.014888
3450.533000,-0.033456,-0.017082,3450.533000,-0.035625,-0.014894
3451.015000,-0.036891,-0.017089,3451.015000,-0.035869,-0.014900
3451.497000,-0.038271,-0.017095,3451.497000,-0.035786,-0.014905
3451.979000,-0.041516,-0.017101,3451.979000,-0.037009,-0.014911
3452.461000,-0.044368,-0.017107,3452.461000,-0.039034,-0.014917
3452.943000,-0.041488,-0.017114,3452.943000,-0.041017,-0.014922
3453.425000,-0.041418,-0.017120,3453.425000,-0.045377,-0.014928
3453.907000,-0.038974,-0.017126,3453.907000,-0.047800,-0.014934
3454.389000,-0.036318,-0.017133,3454.389000,-0.048386,-0.014939
3454.871000,-0.032889,-0.017139,3454.871000,-0.049017,-0.014945
3455.353000,-0.028473,-0.017145,3455.353000,-0.049826,-0.014951
3455.835000,-0.026617,-0.017151,3455.835000,-0.053413,-0.014956
3456.317000,-0.022261,-0.017158,3456.317000,-0.054297,-0.014962
3456.799000,-0.020805,-0.017164,3456.799000,-0.055062,-0.014968
3457.281000,-0.022082,-0.017170,3457.281000,-0.054300,-0.014973
3457.763000,-0.019262,-0.017176,3457.763000,-0.048680,-0.014979
3458.245000,-0.017078,-0.017183,3458.245000,-0.046178,-0.014985
3458.727000,-0.017718,-0.017189,3458.727000,-0.042857,-0.014990
3459.209000,-0.020164,-0.017195,3459.209000,-0.039976,-0.014996
3459.691000,-0.018136,-0.017201,3459.691000,-0.040499,-0.015002
3460.173000,-0.021627,-0.017208,3460.173000,-0.039355,-0.015007
3460.655000,-0.024386,-0.017214,3460.655000,-0.036288,-0.015013
3461.137000,-0.027486,-0.017220,3461.137000,-0.033613,-0.015018
3461.619000,-0.030702,-0.017226,3461.619000,-0.031173,-0.015024
3462.101000,-0.034879,-0.017233,3462.101000,-0.030249,-0.015030
3462.583000,-0.038006,-0.017239,3462.583000,-0.031094,-0.015035
3463.065000,-0.039118,-0.017245,3463.065000,-0.028839,-0.015041
3463.547000,-0.041368,-0.017251,3463.547000,-0.027617,-0.015047
3464.029000,-0.041158,-0.017257,3464.029000,-0.025504,-0.015052
3464.511000,-0.040121,-0.017264,3464.511000,-0.022230,-0.015058
3464.993000,-0.038610,-0.017270,3464.993000,-0.023022,-0.015063
3465.475000,-0.038524,-0.017276,3465.475000,-0.023477,-0.015069
3465.957000,-0.038115,-0.017282,3465.957000,-0.025998,-0.015075
3466.439000,-0.035658,-0.017289,3466.439000,-0.029671,-0.015080
3466.921000,-0.036128,-0.017295,3466.921000,-0.031012,-0.015086
3467.403000,-0.035253,-0.017301,3467.403000,-0.032225,-0.015092
3467.885000,-0.036019,-0.017307,3467.885000,-0.034636,-0.015097
3468.367000,-0.035378,-0.017313,3468.367000,-0.037072,-0.015103
3468.849000,-0.034449,-0.017320,3468.849000,-0.039843,-0.015108
3469.331000,-0.032267,-0.017326,3469.331000,-0.039389,-0.015114
3469.813000,-0.029856,-0.017332,3469.813000,-0.038622,-0.015120
3470.295000,-0.029449,-0.017338,3470.295000,-0.037937,-0.015125
3470.777000,-0.030059,-0.017344,3470.777000,-0.038958,-0.015131
3471.259000,-0.028345,-0.017351,3471.259000,-0.039003,-0.015136
3471.741000,-0.027392,-0.017357,3471.741000,-0.037502,-0.015142
3472.223000,-0.028248,-0.017363,3472.223000,-0.036960,-0.015147
3472.705000,-0.030078,-0.017369,3472.705000,-0.036196,-0.015153
3473.187000,-0.031641,-0.017375,3473.187000,-0.033840,-0.015159
3473.669000,-0.031619,-0.017381,3473.669000,-0.032142,-0.015164
3474.151000,-0.031048,-0.017388,3474.151000,-0.029729,-0.015170
3474.633000,-0.034342,-0.017394,3474.633000,-0.029983,-0.015175
3475.115000,-0.034344,-0.017400,3475.115000,-0.030026,-0.015181
3475.597000,-0.035658,-0.017406,3475.597000,-0.031258,-0.015187
3476.079000,-0.037999,-0.017412,3476.079000,-0.032154,-0.015192
3476.561000,-0.040341,-0.017418,3476.561000,-0.031629,-0.015198
3477.043000,-0.045932,-0.017425,3477.043000,-0.032240,-0.015203
3477.525000,-0.047441,-0.017431,3477.525000,-0.033256,-0.015209
3478.007000,-0.043377,-0.017437,3478.007000,-0.032954,-0.015214
3478.489000,-0.041797,-0.017443,3478.489000,-0.032245,-0.015220
3478.971000,-0.039131,-0.017449,3478.971000,-0.032831,-0.015226
3479.453000,-0.035796,-0.017455,3479.453000,-0.032492,-0.015231
3479.935000,-0.032577,-0.017461,3479.935000,-0.031806,-0.015237
3480.417000,-0.029469,-0.017468,3480.417000,-0.031637,-0.015242
3480.899000,-0.026141,-0.017474,3480.899000,-0.032290,-0.015248
3481.381000,-0.024217,-0.017480,3481.381000,-0.034903,-0.015253
3481.863000,-0.021818,-0.017486,3481.863000,-0.036178,-0.015259
3482.345000,-0.021754,-0.017492,3482.345000,-0.039103,-0.015264
3482.827000,-0.024310,-0.017498,3482.827000,-0.039089,-0.015270
3483.309000,-0.027181,-0.017504,3483.309000,-0.038262,-0.015275
3483.791000,-0.031669,-0.017510,3483.791000,-0.035818,-0.015281
3484.273000,-0.033391,-0.017517,3484.273000,-0.034843,-0.015287
3484.755000,-0.035111,-0.017523,3484.755000,-0.033813,-0.015292
3485.237000,-0.038636,-0.017529,3485.237000,-0.033056,-0.015298
3485.719000,-0.042343,-0.017535,3485.719000,-0.035298,-0.015303
3486.201000,-0.043414,-0.017541,3486.201000,-0.037611,-0.015309
3486.683000,-0.046044,-0.017547,3486.683000,-0.041577,-0.015314
3487.165000,-0.046190,-0.017553,3487.165000,-0.044846,-0.015320
3487.647000,-0.045457,-0.017559,3487.647000,-0.049065,-0.015325
3488.129000,-0.044237,-0.017565,3488.129000,-0.052650,-0.015331
3488.611000,-0.041575,-0.017571,3488.611000,-0.054919,-0.015336
3489.093000,-0.037150,-0.017578,3489.093000,-0.057476,-0.015342
3489.575000,-0.034679,-0.017584,3489.575000,-0.057606,-0.015347
3490.057000,-0.030786,-0.017590,3490.057000,-0.057974,-0.015353
3490.539000,-0.028874,-0.017596,3490.539000,-0.055754,-0.015358
3491.021000,-0.028719,-0.017602,3491.021000,-0.054370,-0.015364
3491.503000,-0.027310,-0.017608,3491.503000,-0.051094,-0.015369
3491.985000,-0.028661,-0.017614,3491.985000,-0.047903,-0.015375
3492.467000,-0.030579,-0.017620,3492.467000,-0.048380,-0.015380
3492.949000,-0.029931,-0.017626,3492.949000,-0.046780,-0.015386
3493.431000,-0.029993,-0.017632,3493.431000,-0.043704,-0.015391
3493.913000,-0.029765,-0.017638,3493.913000,-0.041777,-0.015397
3494.395000,-0.031485,-0.017644,3494.395000,-0.041084,-0.015402
3494.877000,-0.030200,-0.017650,3494.877000,-0.039814,-0.015408
3495.359000,-0.029494,-0.017656,3495.359000,-0.041456,-0.015413
3495.841000,-0.029734,-0.017662,3495.841000,-0.042664,-0.015419
3496.323000,-0.029558,-0.017669,3496.323000,-0.043999,-0.015424
3496.805000,-0.029935,-0.017675,3496.805000,-0.044869,-0.015430
3497.287000,-0.032931,-0.017681,3497.287000,-0.042390,-0.015435
3497.769000,-0.035282,-0.017687,3497.769000,-0.043063,-0.015441
3498.251000,-0.037551,-0.017693,3498.251000,-0.040989,-0.015446
3498.733000,-0.042340,-0.017699,3498.733000,-0.040415,-0.015452
3499.215000,-0.044876,-0.017705,3499.215000,-0.038596,-0.015457
3499.697000,-0.045421,-0.017711,3499.697000,-0.032722,-0.015462
3500.179000,-0.045840,-0.017717,3500.179000,-0.025616,-0.015468
3500.661000,-0.046173,-0.017723,3500.661000,-0.020345,-0.015473
3501.143000,-0.046713,-0.017729,3501.143000,-0.014180,-0.015479
3501.625000,-0.044762,-0.017735,3501.625000,-0.011173,-0.015484
3502.107000,-0.044051,-0.017741,3502.107000,-0.009311,-0.015490
3502.589000,-0.041749,-0.017747,3502.589000,-0.008231,-0.015495
3503.071000,-0.037614,-0.017753,3503.071000,-0.007843,-0.015501
3503.553000,-0.037026,-0.017759,3503.553000,-0.007048,-0.015506
3504.035000,-0.035007,-0.017765,3504.035000,-0.008626,-0.015512
3504.517000,-0.034186,-0.017771,3504.517000,-0.014618,-0.015517
3504.999000,-0.033250,-0.017777,3504.999000,-0.017127,-0.015522
3505.481000,-0.032421,-0.017783,3505.481000,-0.022537,-0.015528
3505.963000,-0.033234,-0.017789,3505.963000,-0.025314,-0.015533
3506.445000,-0.032622,-0.017795,3506.445000,-0.026919,-0.015539
3506.927000,-0.033833,-0.017801,3506.927000,-0.028816,-0.015544
3507.409000,-0.032756,-0.017807,3507.409000,-0.030324,-0.015550
3507.891000,-0.030178,-0.017813,3507.891000,-0.031716,-0.015555
3508.373000,-0.028590,-0.017819,3508.373000,-0.035339,-0.015560
3508.855000,-0.027105,-0.017825,3508.855000,-0.037284,-0.015566
3509.337000,-0.024795,-0.017831,3509.337000,-0.039778,-0.015571
3509.819000,-0.025760,-0.017837,3509.819000,-0.041409,-0.015577
3510.301000,-0.027931,-0.017843,3510.301000,-0.045409,-0.015582
3510.783000,-0.026869,-0.017849,3510.783000,-0.048217,-0.015588
3511.265000,-0.028927,-0.017855,3511.265000,-0.051436,-0.015593
3511.747000,-0.030204,-0.017861,3511.747000,-0.053582,-0.015598
3512.229000,-0.029982,-0.017867,3512.229000,-0.055233,-0.015604
3512.711000,-0.033095,-0.017873,3512.711000,-0.057698,-0.015609
3513.193000,-0.032387,-0.017879,3513.193000,-0.056016,-0.015615
3513.675000,-0.031228,-0.017885,3513.675000,-0.056513,-0.015620
3514.157000,-0.026749,-0.017891,3514.157000,-0.055424,-0.015625
3514.639000,-0.023920,-0.017896,3514.639000,-0.051331,-0.015631
3515.121000,-0.023618,-0.017902,3515.121000,-0.047431,-0.015636
3515.603000,-0.020882,-0.017908,3515.603000,-0.041580,-0.015642
3516.085000,-0.019187,-0.017914,3516.085000,-0.036594,-0.015647
3516.567000,-0.022321,-0.017920,3516.567000,-0.030579,-0.015652
3517.049000,-0.021539,-0.017926,3517.049000,-0.026939,-0.015658
3517.531000,-0.023755,-0.017932,3517.531000,-0.020871,-0.015663
3518.013000,-0.025268,-0.017938,3518.013000,-0.017480,-0.015669
3518.495000,-0.026726,-0.017944,3518.495000,-0.012956,-0.015674
3518.977000,-0.027357,-0.017950,3518.977000,-0.009990,-0.015679
3519.459000,-0.029721,-0.017956,3519.459000,-0.009359,-0.015685
3519.941000,-0.032028,-0.017962,3519.941000,-0.005670,-0.015690
3520.423000,-0.031529,-0.017968,3520.423000,-0.005491,-0.015695
3520.905000,-0.032248,-0.017974,3520.905000,-0.004039,-0.015701
3521.387000,-0.035698,-0.017979,3521.387000,-0.001991,-0.015706
3521.869000,-0.036902,-0.017985,3521.869000,-0.002228,-0.015712
3522.351000,-0.037684,-0.017991,3522.351000,-0.000536,-0.015717
3522.833000,-0.040752,-0.017997,3522.833000,-0.001510,-0.015722
3523.315000,-0.045579,-0.018003,3523.315000,-0.001466,-0.015728
3523.797000,-0.045996,-0.018009,3523.797000,-0.003252,-0.015733
3524.279000,-0.047087,-0.018015,3524.279000,-0.003678,-0.015738
3524.761000,-0.042836,-0.018021,3524.761000,-0.005753,-0.015744
3525.243000,-0.040243,-0.018027,3525.243000,-0.007274,-0.015749
3525.725000,-0.035796,-0.018033,3525.725000,-0.010758,-0.015754
3526.207000,-0.031212,-0.018038,3526.207000,-0.015187,-0.015760
3526.689000,-0.027219,-0.018044,3526.689000,-0.019180,-0.015765
3527.171000,-0.020308,-0.018050,3527.171000,-0.024052,-0.015770
3527.653000,-0.013554,-0.018056,3527.653000,-0.028650,-0.015776
3528.135000,-0.008831,-0.018062,3528.135000,-0.033039,-0.015781
3528.617000,-0.002311,-0.018068,3528.617000,-0.037219,-0.015786
3529.099000,0.000465,-0.018074,3529.099000,-0.039208,-0.015792
3529.581000,0.002931,-0.018080,3529.581000,-0.044018,-0.015797
3530.063000,0.003789,-0.018085,3530.063000,-0.046010,-0.015802
3530.545000,0.006020,-0.018091,3530.545000,-0.047497,-0.015808
3531.027000,0.008019,-0.018097,3531.027000,-0.048838,-0.015813
3531.509000,0.007213,-0.018103,3531.509000,-0.049714,-0.015818
3531.991000,0.006276,-0.018109,3531.991000,-0.048772,-0.015824
3532.473000,0.005108,-0.018115,3532.473000,-0.048291,-0.015829
3532.955000,0.000112,-0.018121,3532.955000,-0.047389,-0.015834
3533.437000,-0.001907,-0.018126,3533.437000,-0.046871,-0.015840
3533.919000,-0.003554,-0.018132,3533.919000,-0.042549,-0.015845
3534.401000,-0.003814,-0.018138,3534.401000,-0.038256,-0.015850
3534.883000,-0.003240,-0.018144,3534.883000,-0.034248,-0.015856
3535.365000,-0.001897,-0.018150,3535.365000,-0.031685,-0.015861
3535.847000,-0.001855,-0.018156,3535.847000,-0.029353,-0.015866
3536.329000,-0.001906,-0.018161,3536.329000,-0.026922,-0.015872
3536.811000,-0.003394,-0.018167,3536.811000,-0.025229,-0.015877
3537.293000,-0.002607,-0.018173,3537.293000,-0.025161,-0.015882
3537.775000,-0.003469,-0.018179,3537.775000,-0.026163,-0.015887
3538.257000,-0.005265,-0.018185,3538.257000,-0.026960,-0.015893
3538.739000,-0.004777,-0.018191,3538.739000,-0.028430,-0.015898
3539.221000,-0.006387,-0.018196,3539.221000,-0.031256,-0.015903
3539.703000,-0.008235,-0.018202,3539.703000,-0.035830,-0.015909
3540.185000,-0.006814,-0.018208,3540.185000,-0.039445,-0.015914
3540.667000,-0.006034,-0.018214,3540.667000,-0.040266,-0.015919
3541.149000,-0.005213,-0.018220,3541.149000,-0.043854,-0.015924
3541.631000,-0.003604,-0.018225,3541.631000,-0.046645,-0.015930
3542.113000,-0.003788,-0.018231,3542.113000,-0.049521,-0.015935
3542.595000,-0.003944,-0.018237,3542.595000,-0.048532,-0.015940
3543.077000,-0.005423,-0.018243,3543.077000,-0.048996,-0.015946
3543.559000,-0.007060,-0.018249,3543.559000,-0.048671,-0.015951
3544.041000,-0.008345,-0.018254,3544.041000,-0.048597,-0.015956
3544.523000,-0.008478,-0.018260,3544.523000,-0.050798,-0.015961
3545.005000,-0.008888,-0.018266,3545.005000,-0.050331,-0.015967
3545.487000,-0.011414,-0.018272,3545.487000,-0.049101,-0.015972
3545.969000,-0.015251,-0.018278,3545.969000,-0.047548,-0.015977
3546.451000,-0.015947,-0.018283,3546.451000,-0.048243,-0.015982
3546.933000,-0.016784,-0.018289,3546.933000,-0.045269,-0.015988
3547.415000,-0.018307,-0.018295,3547.415000,-0.042591,-0.015993
3547.897000,-0.022588,-0.018301,3547.897000,-0.038422,-0.015998
3548.379000,-0.029774,-0.018306,3548.379000,-0.033525,-0.016003
3548.861000,-0.033767,-0.018312,3548.861000,-0.029229,-0.016009
3549.343000,-0.034411,-0.018318,3549.343000,-0.023759,-0.016014
3549.825000,-0.036542,-0.018324,3549.825000,-0.023104,-0.016019
3550.307000,-0.037614,-0.018329,3550.307000,-0.020866,-0.016024
3550.789000,-0.036340,-0.018335,3550.789000,-0.023097,-0.016030
3551.271000,-0.032302,-0.018341,3551.271000,-0.025199,-0.016035
3551.753000,-0.030484,-0.018347,3551.753000,-0.026456,-0.016040
3552.235000,-0.028284,-0.018352,3552.235000,-0.028476,-0.016045
3552.717000,-0.026297,-0.018358,3552.717000,-0.031128,-0.016051
3553.199000,-0.020105,-0.018364,3553.199000,-0.034107,-0.016056
3553.681000,-0.016687,-0.018370,3553.681000,-0.035595,-0.016061
3554.163000,-0.015699,-0.018375,3554.163000,-0.037509,-0.016066
3554.645000,-0.016198,-0.018381,3554.645000,-0.037690,-0.016071
3555.127000,-0.018531,-0.018387,3555.127000,-0.040261,-0.016077
3555.609000,-0.019366,-0.018393,3555.609000,-0.040822,-0.016082
3556.091000,-0.018471,-0.018398,3556.091000,-0.042843,-0.016087
3556.573000,-0.020572,-0.018404,3556.573000,-0.043128,-0.016092
3557.055000,-0.020887,-0.018410,3557.055000,-0.042540,-0.016097
3557.537000,-0.019787,-0.018415,3557.537000,-0.043282,-0.016103
3558.019000,-0.018350,-0.018421,3558.019000,-0.039235,-0.016108
3558.501000,-0.015188,-0.018427,3558.501000,-0.038683,-0.016113
3558.983000,-0.013184,-0.018433,3558.983000,-0.034257,-0.016118
3559.465000,-0.010948,-0.018438,3559.465000,-0.030693,-0.016123
3559.947000,-0.008384,-0.018444,3559.947000,-0.028647,-0.016129
3560.429000,-0.006322,-0.018450,3560.429000,-0.026237,-0.016134
3560.911000,-0.005028,-0.018455,3560.911000,-0.022549,-0.016139
3561.393000,-0.003490,-0.018461,3561.393000,-0.021806,-0.016144
3561.875000,-0.002848,-0.018467,3561.875000,-0.019720,-0.016149
3562.357000,-0.004913,-0.018472,3562.357000,-0.015219,-0.016155
3562.839000,-0.006255,-0.018478,3562.839000,-0.013616,-0.016160
3563.321000,-0.008178,-0.018484,3563.321000,-0.005421,-0.016165
3563.803000,-0.009865,-0.018490,3563.803000,0.002221,-0.016170
3564.285000,-0.010263,-0.018495,3564.285000,0.008063,-0.016175
3564.767000,-0.009063,-0.018501,3564.767000,0.018161,-0.016181
3565.249000,-0.007409,-0.018507,3565.249000,0.021263,-0.016186
3565.731000,-0.006069,-0.018512,3565.731000,0.028059,-0.016191
3566.213000,-0.004546,-0.018518,3566.213000,0.028303,-0.016196
3566.695000,-0.003957,-0.018524,3566.695000,0.027175,-0.016201
3567.177000,-0.000794,-0.018529,3567.177000,0.026480,-0.016206
3567.659000,0.003128,-0.018535,3567.659000,0.022202,-0.016211
3568.141000,0.004910,-0.018541,3568.141000,0.013924,-0.016217
3568.623000,0.007809,-0.018546,3568.623000,0.009571,-0.016222
3569.105000,0.007440,-0.018552,3569.105000,0.001678,-0.016227
3569.587000,0.004390,-0.018557,3569.587000,-0.005997,-0.016232
3570.069000,0.002221,-0.018563,3570.069000,-0.007385,-0.016237
3570.551000,-0.002251,-0.018569,3570.551000,-0.010741,-0.016242
3571.033000,-0.005226,-0.018574,3571.033000,-0.014756,-0.016248
3571.515000,-0.008828,-0.018580,3571.515000,-0.014104,-0.016253
3571.997000,-0.011428,-0.018586,3571.997000,-0.015637,-0.016258
3572.479000,-0.013538,-0.018591,3572.479000,-0.012804,-0.016263
3572.961000,-0.018523,-0.018597,3572.961000,-0.014506,-0.016268
3573.443000,-0.020205,-0.018603,3573.443000,-0.016121,-0.016273
3573.925000,-0.022311,-0.018608,3573.925000,-0.017049,-0.016278
3574.407000,-0.023706,-0.018614,3574.407000,-0.018423,-0.016284
3574.889000,-0.024803,-0.018619,3574.889000,-0.021592,-0.016289
3575.371000,-0.023670,-0.018625,3575.371000,-0.022079,-0.016294
3575.853000,-0.023772,-0.018631,3575.853000,-0.025855,-0.016299
3576.335000,-0.024912,-0.018636,3576.335000,-0.029768,-0.016304
3576.817000,-0.023557,-0.018642,3576.817000,-0.033305,-0.016309
3577.299000,-0.022873,-0.018648,3577.299000,-0.037743,-0.016314
3577.781000,-0.019417,-0.018653,3577.781000,-0.041070,-0.016319
3578.263000,-0.016685,-0.018659,3578.263000,-0.040894,-0.016324
3578.745000,-0.012779,-0.018664,3578.745000,-0.040239,-0.016330
3579.227000,-0.009789,-0.018670,3579.227000,-0.037677,-0.016335
3579.709000,-0.009571,-0.018676,3579.709000,-0.036859,-0.016340
3580.191000,-0.008518,-0.018681,3580.191000,-0.036361,-0.016345
3580.673000,-0.010540,-0.018687,3580.673000,-0.032982,-0.016350
3581.155000,-0.013269,-0.018692,3581.155000,-0.029740,-0.016355
3581.637000,-0.014334,-0.018698,3581.637000,-0.026871,-0.016360
3582.119000,-0.019317,-0.018703,3582.119000,-0.022295,-0.016365
3582.601000,-0.023168,-0.018709,3582.601000,-0.020491,-0.016370
3583.083000,-0.025746,-0.018715,3583.083000,-0.019558,-0.016375
3583.565000,-0.026798,-0.018720,3583.565000,-0.020270,-0.016381
3584.047000,-0.027694,-0.018726,3584.047000,-0.019127,-0.016386
3584.529000,-0.029054,-0.018731,3584.529000,-0.019575,-0.016391
3585.011000,-0.028157,-0.018737,3585.011000,-0.018721,-0.016396
3585.493000,-0.027168,-0.018742,3585.493000,-0.018022,-0.016401
3585.975000,-0.022568,-0.018748,3585.975000,-0.018311,-0.016406
3586.457000,-0.018363,-0.018754,3586.457000,-0.020775,-0.016411
3586.939000,-0.012366,-0.018759,3586.939000,-0.024496,-0.016416
3587.421000,-0.007539,-0.018765,3587.421000,-0.025413,-0.016421
3587.903000,-0.005628,-0.018770,3587.903000,-0.027848,-0.016426
3588.385000,-0.003226,-0.018776,3588.385000,-0.026994,-0.016431
3588.867000,-0.001382,-0.018781,3588.867000,-0.026066,-0.016436
3589.349000,0.000784,-0.018787,3589.349000,-0.021308,-0.016441
3589.831000,0.003621,-0.018792,3589.831000,-0.014551,-0.016446
3590.313000,0.004002,-0.018798,3590.313000,-0.010912,-0.016452
3590.795000,0.001396,-0.018803,3590.795000,-0.002850,-0.016457
3591.277000,-0.005201,-0.018809,3591.277000,0.004336,-0.016462
3591.759000,-0.006977,-0.018814,3591.759000,0.011757,-0.016467
3592.241000,-0.010639,-0.018820,3592.241000,0.016933,-0.016472
3592.723000,-0.013051,-0.018826,3592.723000,0.019809,-0.016477
3593.205000,-0.014203,-0.018831,3593.205000,0.020503,-0.016482
3593.687000,-0.017839,-0.018837,3593.687000,0.018758,-0.016487
3594.169000,-0.020918,-0.018842,3594.169000,0.018051,-0.016492
3594.651000,-0.025331,-0.018848,3594.651000,0.014441,-0.016497
3595.133000,-0.025497,-0.018853,3595.133000,0.012778,-0.016502
3595.615000,-0.025912,-0.018859,3595.615000,0.008825,-0.016507
3596.097000,-0.025789,-0.018864,3596.097000,0.008167,-0.016512
3596.579000,-0.025581,-0.018870,3596.579000,0.006055,-0.016517
3597.061000,-0.025143,-0.018875,3597.061000,0.000711,-0.016522
3597.543000,-0.024423,-0.018881,3597.543000,-0.001602,-0.016527
3598.025000,-0.023944,-0.018886,3598.025000,-0.001434,-0.016532
3598.507000,-0.017413,-0.018892,3598.507000,-0.002505,-0.016537
3598.989000,-0.011612,-0.018897,3598.989000,-0.002754,-0.016542
3599.471000,-0.011225,-0.018903,3599.471000,-0.002713,-0.016547
3599.953000,-0.006298,-0.018908,3599.953000,-0.003375,-0.016552
3600.435000,-0.004996,-0.018914,3600.435000,-0.003714,-0.016557
3600.917000,-0.002997,-0.018919,3600.917000,-0.003194,-0.016562
3601.399000,-0.002615,-0.018924,3601.399000,-0.000860,-0.016567
3601.881000,-0.001246,-0.018930,3601.881000,0.000269,-0.016572
3602.363000,-0.001563,-0.018935,3602.363000,0.001075,-0.016577
3602.845000,-0.002675,-0.018941,3602.845000,0.004507,-0.016582
3603.327000,-0.005294,-0.018946,3603.327000,0.004689,-0.016587
3603.809000,-0.004490,-0.018952,3603.809000,0.004835,-0.016592
3604.291000,-0.004026,-0.018957,3604.291000,0.004114,-0.016597
3604.773000,-0.001877,-0.018963,3604.773000,0.007960,-0.016602
3605.255000,0.002773,-0.018968,3605.255000,0.007103,-0.016607
3605.737000,0.007634,-0.018974,3605.737000,0.008139,-0.016612
3606.219000,0.008208,-0.018979,3606.219000,0.009266,-0.016617
3606.701000,0.015167,-0.018984,3606.701000,0.011744,-0.016622
3607.183000,0.019174,-0.018990,3607.183000,0.013954,-0.016627
3607.665000,0.019525,-0.018995,3607.665000,0.018130,-0.016632
3608.147000,0.023682,-0.019001,3608.147000,0.026420,-0.016637
3608.629000,0.025607,-0.019006,3608.629000,0.031721,-0.016642
3609.111000,0.028344,-0.019012,3609.111000,0.041258,-0.016647
3609.593000,0.026781,-0.019017,3609.593000,0.050328,-0.016652
3610.075000,0.025591,-0.019023,3610.075000,0.059456,-0.016657
3610.557000,0.027325,-0.019028,3610.557000,0.071347,-0.016662
3611.039000,0.026674,-0.019033,3611.039000,0.080348,-0.016667
3611.521000,0.025758,-0.019039,3611.521000,0.089728,-0.016672
3612.003000,0.023182,-0.019044,3612.003000,0.092784,-0.016677
3612.485000,0.021871,-0.019050,3612.485000,0.095298,-0.016682
3612.967000,0.019106,-0.019055,3612.967000,0.098770,-0.016687
3613.449000,0.016590,-0.019060,3613.449000,0.098908,-0.016692
3613.931000,0.011002,-0.019066,3613.931000,0.096143,-0.016697
3614.413000,0.003009,-0.019071,3614.413000,0.092654,-0.016702
3614.895000,0.000433,-0.019077,3614.895000,0.086444,-0.016706
3615.377000,-0.005872,-0.019082,3615.377000,0.076947,-0.016711
3615.859000,-0.010865,-0.019087,3615.859000,0.068454,-0.016716
3616.341000,-0.017791,-0.019093,3616.341000,0.057078,-0.016721
3616.823000,-0.022978,-0.019098,3616.823000,0.048884,-0.016726
3617.305000,-0.024283,-0.019104,3617.305000,0.041530,-0.016731
3617.787000,-0.027043,-0.019109,3617.787000,0.032341,-0.016736
3618.269000,-0.028562,-0.019114,3618.269000,0.021945,-0.016741
3618.751000,-0.030900,-0.019120,3618.751000,0.010234,-0.016746
3619.233000,-0.030613,-0.019125,3619.233000,0.002895,-0.016751
3619.715000,-0.030218,-0.019130,3619.715000,-0.002783,-0.016756
3620.197000,-0.030794,-0.019136,3620.197000,-0.007396,-0.016761
3620.679000,-0.030876,-0.019141,3620.679000,-0.011168,-0.016766
3621.161000,-0.031236,-0.019147,3621.161000,-0.014790,-0.016771
3621.643000,-0.029514,-0.019152,3621.643000,-0.017269,-0.016775
3622.125000,-0.029754,-0.019157,3622.125000,-0.019165,-0.016780
3622.607000,-0.029904,-0.019163,3622.607000,-0.018559,-0.016785
3623.089000,-0.028480,-0.019168,3623.089000,-0.017589,-0.016790
3623.571000,-0.026235,-0.019173,3623.571000,-0.015770,-0.016795
3624.053000,-0.021839,-0.019179,3624.053000,-0.012908,-0.016800
3624.535000,-0.017062,-0.019184,3624.535000,-0.012647,-0.016805
3625.017000,-0.010535,-0.019189,3625.017000,-0.013534,-0.016810
3625.499000,-0.004373,-0.019195,3625.499000,-0.016652,-0.016815
3625.981000,0.003241,-0.019200,3625.981000,-0.018815,-0.016820
3626.463000,0.011722,-0.019205,3626.463000,-0.025351,-0.016824
3626.945000,0.019589,-0.019211,3626.945000,-0.031923,-0.016829
3627.427000,0.027744,-0.019216,3627.427000,-0.040802,-0.016834
3627.909000,0.035844,-0.019221,3627.909000,-0.048263,-0.016839
3628.391000,0.040143,-0.019227,3628.391000,-0.056597,-0.016844
3628.873000,0.040782,-0.019232,3628.873000,-0.062698,-0.016849
3629.355000,0.040257,-0.019237,3629.355000,-0.065906,-0.016854
3629.837000,0.039936,-0.019243,3629.837000,-0.065086,-0.016859
3630.319000,0.037013,-0.019248,3630.319000,-0.063426,-0.016863
3630.801000,0.032239,-0.019253,3630.801000,-0.057180,-0.016868
3631.283000,0.025945,-0.019259,3631.283000,-0.049925,-0.016873
3631.765000,0.020204,-0.019264,3631.765000,-0.043999,-0.016878
3632.247000,0.013957,-0.019269,3632.247000,-0.037533,-0.016883
3632.729000,0.008536,-0.019274,3632.729000,-0.030101,-0.016888
3633.211000,0.005803,-0.019280,3633.211000,-0.023833,-0.016893
3633.693000,0.002603,-0.019285,3633.693000,-0.017631,-0.016898
3634.175000,0.000889,-0.019290,3634.175000,-0.011949,-0.016902
3634.657000,0.000016,-0.019296,3634.657000,-0.007769,-0.016907
3635.139000,-0.005080,-0.019301,3635.139000,-0.005926,-0.016912
3635.621000,-0.010121,-0.019306,3635.621000,-0.002255,-0.016917
3636.103000,-0.011349,-0.019311,3636.103000,0.000934,-0.016922
3636.585000,-0.013171,-0.019317,3636.585000,0.005913,-0.016927
3637.067000,-0.014821,-0.019322,3637.067000,0.008819,-0.016931
3637.549000,-0.015557,-0.019327,3637.549000,0.013267,-0.016936
3638.031000,-0.016989,-0.019333,3638.031000,0.017988,-0.016941
3638.513000,-0.018062,-0.019338,3638.513000,0.021948,-0.016946
3638.995000,-0.021183,-0.019343,3638.995000,0.028714,-0.016951
3639.477000,-0.022177,-0.019348,3639.477000,0.036579,-0.016956
3639.959000,-0.023445,-0.019354,3639.959000,0.044111,-0.016960
3640.441000,-0.024050,-0.019359,3640.441000,0.052231,-0.016965
3640.923000,-0.024388,-0.019364,3640.923000,0.059597,-0.016970
3641.405000,-0.026077,-0.019369,3641.405000,0.066755,-0.016975
3641.887000,-0.028452,-0.019375,3641.887000,0.075136,-0.016980
3642.369000,-0.028475,-0.019380,3642.369000,0.083267,-0.016985
3642.851000,-0.027576,-0.019385,3642.851000,0.092283,-0.016989
3643.333000,-0.028369,-0.019390,3643.333000,0.102721,-0.016994
3643.815000,-0.028657,-0.019396,3643.815000,0.113309,-0.016999
3644.297000,-0.028754,-0.019401,3644.297000,0.123765,-0.017004
3644.779000,-0.031014,-0.019406,3644.779000,0.134261,-0.017009
3645.261000,-0.035079,-0.019411,3645.261000,0.147178,-0.017013
3645.743000,-0.037694,-0.019416,3645.743000,0.157178,-0.017018
3646.225000,-0.038481,-0.019422,3646.225000,0.166528,-0.017023
3646.707000,-0.040824,-0.019427,3646.707000,0.170030,-0.017028
3647.189000,-0.038725,-0.019432,3647.189000,0.168023,-0.017033
3647.671000,-0.036892,-0.019437,3647.671000,0.159845,-0.017037
3648.153000,-0.033724,-0.019443,3648.153000,0.145545,-0.017042
3648.635000,-0.028466,-0.019448,3648.635000,0.125809,-0.017047
3649.117000,-0.021777,-0.019453,3649.117000,0.102129,-0.017052
3649.599000,-0.019365,-0.019458,3649.599000,0.079432,-0.017057
3650.081000,-0.018227,-0.019463,3650.081000,0.060720,-0.017061
3650.563000,-0.018762,-0.019469,3650.563000,0.042497,-0.017066
3651.045000,-0.021154,-0.019474,3651.045000,0.029655,-0.017071
3651.527000,-0.025485,-0.019479,3651.527000,0.020810,-0.017076
3652.009000,-0.031136,-0.019484,3652.009000,0.020186,-0.017080
3652.491000,-0.034578,-0.019489,3652.491000,0.023226,-0.017085
3652.973000,-0.040443,-0.019495,3652.973000,0.030797,-0.017090
3653.455000,-0.045547,-0.019500,3653.455000,0.036115,-0.017095
3653.937000,-0.047141,-0.019505,3653.937000,0.039229,-0.017100
3654.419000,-0.046725,-0.019510,3654.419000,0.043162,-0.017104
3654.901000,-0.044165,-0.019515,3654.901000,0.042135,-0.017109
3655.383000,-0.040728,-0.019520,3655.383000,0.039398,-0.017114
3655.865000,-0.035267,-0.019526,3655.865000,0.035852,-0.017119
3656.347000,-0.030262,-0.019531,3656.347000,0.032603,-0.017123
3656.829000,-0.024489,-0.019536,3656.829000,0.031066,-0.017128
3657.311000,-0.019090,-0.019541,3657.311000,0.026873,-0.017133
3657.793000,-0.015099,-0.019546,3657.793000,0.023704,-0.017138
3658.275000,-0.012353,-0.019551,3658.275000,0.019370,-0.017142
3658.757000,-0.010827,-0.019557,3658.757000,0.016695,-0.017147
3659.239000,-0.008611,-0.019562,3659.239000,0.015631,-0.017152
3659.721000,-0.009264,-0.019567,3659.721000,0.013469,-0.017157
3660.203000,-0.008890,-0.019572,3660.203000,0.010864,-0.017161
3660.685000,-0.008912,-0.019577,3660.685000,0.009771,-0.017166
3661.167000,-0.010238,-0.019582,3661.167000,0.010960,-0.017171
3661.649000,-0.012810,-0.019587,3661.649000,0.009404,-0.017175
3662.131000,-0.013946,-0.019592,3662.131000,0.008560,-0.017180
3662.613000,-0.014779,-0.019598,3662.613000,0.007911,-0.017185
3663.095000,-0.016895,-0.019603,3663.095000,0.007464,-0.017190
3663.577000,-0.019473,-0.019608,3663.577000,0.007273,-0.017194
3664.059000,-0.020721,-0.019613,3664.059000,0.006059,-0.017199
3664.541000,-0.022658,-0.019618,3664.541000,0.005323,-0.017204
3665.023000,-0.025709,-0.019623,3665.023000,0.005460,-0.017208
3665.505000,-0.029212,-0.019628,3665.505000,0.006467,-0.017213
3665.987000,-0.032609,-0.019633,3665.987000,0.006918,-0.017218
3666.469000,-0.035707,-0.019639,3666.469000,0.007876,-0.017223
3666.951000,-0.035533,-0.019644,3666.951000,0.010317,-0.017227
3667.433000,-0.036074,-0.019649,3667.433000,0.014737,-0.017232
3667.915000,-0.036517,-0.019654,3667.915000,0.018628,-0.017237
3668.397000,-0.035387,-0.019659,3668.397000,0.021751,-0.017241
3668.879000,-0.030228,-0.019664,3668.879000,0.026584,-0.017246
3669.361000,-0.026728,-0.019669,3669.361000,0.032574,-0.017251
3669.843000,-0.026771,-0.019674,3669.843000,0.039723,-0.017255
3670.325000,-0.025653,-0.019679,3670.325000,0.047144,-0.017260
3670.807000,-0.024747,-0.019684,3670.807000,0.054832,-0.017265
3671.289000,-0.025124,-0.019689,3671.289000,0.063541,-0.017269
3671.771000,-0.028148,-0.019695,3671.771000,0.071376,-0.017274
3672.253000,-0.031230,-0.019700,3672.253000,0.079715,-0.017279
3672.735000,-0.034694,-0.019705,3672.735000,0.085724,-0.017284
3673.217000,-0.033759,-0.019710,3673.217000,0.091535,-0.017288
3673.699000,-0.031981,-0.019715,3673.699000,0.093673,-0.017293
3674.181000,-0.030992,-0.019720,3674.181000,0.093170,-0.017298
3674.663000,-0.026750,-0.019725,3674.663000,0.087982,-0.017302
3675.145000,-0.024245,-0.019730,3675.145000,0.080309,-0.017307
3675.627000,-0.017641,-0.019735,3675.627000,0.071647,-0.017312
3676.109000,-0.012516,-0.019740,3676.109000,0.062621,-0.017316
3676.591000,-0.013808,-0.019745,3676.591000,0.053036,-0.017321
3677.073000,-0.012543,-0.019750,3677.073000,0.043393,-0.017326
3677.555000,-0.009227,-0.019755,3677.555000,0.034180,-0.017330
3678.037000,-0.007496,-0.019760,3678.037000,0.024115,-0.017335
3678.519000,-0.008409,-0.019765,3678.519000,0.018909,-0.017339
3679.001000,-0.008003,-0.019770,3679.001000,0.015862,-0.017344
3679.483000,-0.007649,-0.019775,3679.483000,0.014273,-0.017349
3679.965000,-0.005340,-0.019780,3679.965000,0.010278,-0.017353
3680.447000,-0.005612,-0.019786,3680.447000,0.007394,-0.017358
3680.929000,-0.005269,-0.019791,3680.929000,0.002945,-0.017363
3681.411000,-0.003130,-0.019796,3681.411000,-0.000702,-0.017367
3681.893000,-0.003725,-0.019801,3681.893000,-0.005664,-0.017372
3682.375000,-0.002071,-0.019806,3682.375000,-0.011003,-0.017377
3682.857000,-0.002455,-0.019811,3682.857000,-0.013106,-0.017381
3683.339000,-0.004711,-0.019816,3683.339000,-0.017604,-0.017386
3683.821000,-0.005584,-0.019821,3683.821000,-0.020865,-0.017390
3684.303000,-0.006718,-0.019826,3684.303000,-0.023026,-0.017395
3684.785000,-0.011499,-0.019831,3684.785000,-0.025131,-0.017400
3685.267000,-0.016871,-0.019836,3685.267000,-0.021513,-0.017404
3685.749000,-0.021814,-0.019841,3685.749000,-0.018203,-0.017409
3686.231000,-0.025940,-0.019846,3686.231000,-0.013761,-0.017414
3686.713000,-0.031013,-0.019851,3686.713000,-0.009729,-0.017418
3687.195000,-0.035253,-0.019856,3687.195000,-0.003959,-0.017423
3687.677000,-0.036188,-0.019861,3687.677000,0.001762,-0.017427
3688.159000,-0.035596,-0.019866,3688.159000,0.007039,-0.017432
3688.641000,-0.035200,-0.019871,3688.641000,0.009502,-0.017437
3689.123000,-0.034401,-0.019876,3689.123000,0.011680,-0.017441
3689.605000,-0.035209,-0.019881,3689.605000,0.012291,-0.017446
3690.087000,-0.032881,-0.019886,3690.087000,0.008990,-0.017450
3690.569000,-0.032639,-0.019890,3690.569000,0.006566,-0.017455
3691.051000,-0.030321,-0.019895,3691.051000,0.002457,-0.017460
3691.533000,-0.028263,-0.019900,3691.533000,-0.000994,-0.017464
3692.015000,-0.027958,-0.019905,3692.015000,-0.004421,-0.017469
3692.497000,-0.029195,-0.019910,3692.497000,-0.008134,-0.017473
3692.979000,-0.031871,-0.019915,3692.979000,-0.010097,-0.017478
3693.461000,-0.034404,-0.019920,3693.461000,-0.012129,-0.017482
3693.943000,-0.036488,-0.019925,3693.943000,-0.013068,-0.017487
3694.425000,-0.037433,-0.019930,3694.425000,-0.013518,-0.017492
3694.907000,-0.039091,-0.019935,3694.907000,-0.015740,-0.017496
3695.389000,-0.042459,-0.019940,3695.389000,-0.016540,-0.017501
3695.871000,-0.043635,-0.019945,3695.871000,-0.019099,-0.017505
3696.353000,-0.045583,-0.019950,3696.353000,-0.021875,-0.017510
3696.835000,-0.045556,-0.019955,3696.835000,-0.022660,-0.017514
3697.317000,-0.043932,-0.019960,3697.317000,-0.023894,-0.017519
3697.799000,-0.040003,-0.019965,3697.799000,-0.025601,-0.017524
3698.281000,-0.035269,-0.019970,3698.281000,-0.026129,-0.017528
3698.763000,-0.030992,-0.019975,3698.763000,-0.027396,-0.017533
3699.245000,-0.025032,-0.019980,3699.245000,-0.028667,-0.017537
3699.727000,-0.019306,-0.019984,3699.727000,-0.031489,-0.017542
3700.209000,-0.013512,-0.019989,3700.209000,-0.035070,-0.017546
3700.691000,-0.008967,-0.019994,3700.691000,-0.037638,-0.017551
3701.173000,-0.002611,-0.019999,3701.173000,-0.043290,-0.017555
3701.655000,0.002278,-0.020004,3701.655000,-0.046516,-0.017560
3702.137000,0.005692,-0.020009,3702.137000,-0.051134,-0.017564
3702.619000,0.011845,-0.020014,3702.619000,-0.055626,-0.017569
3703.101000,0.012772,-0.020019,3703.101000,-0.056016,-0.017574
3703.583000,0.008463,-0.020024,3703.583000,-0.056220,-0.017578
3704.065000,0.003362,-0.020029,3704.065000,-0.055823,-0.017583
3704.547000,-0.004017,-0.020033,3704.547000,-0.051389,-0.017587
3705.029000,-0.009633,-0.020038,3705.029000,-0.046593,-0.017592
3705.511000,-0.017050,-0.020043,3705.511000,-0.039680,-0.017596
3705.993000,-0.025830,-0.020048,3705.993000,-0.032456,-0.017601
3706.475000,-0.034826,-0.020053,3706.475000,-0.026132,-0.017605
3706.957000,-0.044541,-0.020058,3706.957000,-0.016029,-0.017610
3707.439000,-0.051096,-0.020063,3707.439000,-0.003243,-0.017614
3707.921000,-0.053711,-0.020068,3707.921000,0.005755,-0.017619
3708.403000,-0.056295,-0.020072,3708.403000,0.016269,-0.017623
3708.885000,-0.055821,-0.020077,3708.885000,0.021350,-0.017628
3709.367000,-0.051895,-0.020082,3709.367000,0.025437,-0.017632
3709.849000,-0.048007,-0.020087,3709.849000,0.025315,-0.017637
3710.331000,-0.045906,-0.020092,3710.331000,0.019245,-0.017641
3710.813000,-0.041288,-0.020097,3710.813000,0.013337,-0.017646
3711.295000,-0.035607,-0.020102,3711.295000,0.006210,-0.017650
3711.777000,-0.028634,-0.020107,3711.777000,-0.003423,-0.017655
3712.259000,-0.020872,-0.020111,3712.259000,-0.012089,-0.017659
3712.741000,-0.015659,-0.020116,3712.741000,-0.018176,-0.017664
3713.223000,-0.007435,-0.020121,3713.223000,-0.022420,-0.017668
3713.705000,-0.002397,-0.020126,3713.705000,-0.022825,-0.017673
3714.187000,0.002586,-0.020131,3714.187000,-0.021248,-0.017677
3714.669000,0.008349,-0.020136,3714.669000,-0.022404,-0.017682
3715.151000,0.011335,-0.020140,3715.151000,-0.019410,-0.017686
3715.633000,0.014609,-0.020145,3715.633000,-0.019471,-0.017691
3716.115000,0.016107,-0.020150,3716.115000,-0.018933,-0.017695
3716.597000,0.016122,-0.020155,3716.597000,-0.022051,-0.017700
3717.079000,0.012959,-0.020160,3717.079000,-0.024460,-0.017704
3717.561000,0.012358,-0.020164,3717.561000,-0.026451,-0.017708
3718.043000,0.012914,-0.020169,3718.043000,-0.027093,-0.017713
3718.525000,0.011963,-0.020174,3718.525000,-0.029997,-0.017717
3719.007000,0.011362,-0.020179,3719.007000,-0.032143,-0.017722
3719.489000,0.008806,-0.020184,3719.489000,-0.031641,-0.017726
3719.971000,0.007473,-0.020189,3719.971000,-0.028684,-0.017731
3720.453000,0.006386,-0.020193,3720.453000,-0.027065,-0.017735
3720.935000,0.007722,-0.020198,3720.935000,-0.024562,-0.017740
3721.417000,0.010661,-0.020203,3721.417000,-0.021325,-0.017744
3721.899000,0.011887,-0.020208,3721.899000,-0.019972,-0.017749
3722.381000,0.013037,-0.020213,3722.381000,-0.019752,-0.017753
3722.863000,0.012421,-0.020217,3722.863000,-0.019934,-0.017757
3723.345000,0.012278,-0.020222,3723.345000,-0.023249,-0.017762
3723.827000,0.013113,-0.020227,3723.827000,-0.028276,-0.017766
3724.309000,0.015991,-0.020232,3724.309000,-0.036486,-0.017771
3724.791000,0.017329,-0.020236,3724.791000,-0.043480,-0.017775
3725.273000,0.014320,-0.020241,3725.273000,-0.053167,-0.017780
3725.755000,0.012482,-0.020246,3725.755000,-0.061214,-0.017784
3726.237000,0.009078,-0.020251,3726.237000,-0.065767,-0.017788
3726.719000,0.003418,-0.020256,3726.719000,-0.066766,-0.017793
3727.201000,-0.001480,-0.020260,3727.201000,-0.068191,-0.017797
3727.683000,-0.006500,-0.020265,3727.683000,-0.064828,-0.017802
3728.165000,-0.011913,-0.020270,3728.165000,-0.059997,-0.017806
3728.647000,-0.017213,-0.020275,3728.647000,-0.053829,-0.017811
3729.129000,-0.022716,-0.020279,3729.129000,-0.042987,-0.017815
3729.611000,-0.027591,-0.020284,3729.611000,-0.032425,-0.017819
3730.093000,-0.031111,-0.020289,3730.093000,-0.019976,-0.017824
3730.575000,-0.031027,-0.020294,3730.575000,-0.003950,-0.017828
3731.057000,-0.031788,-0.020298,3731.057000,0.013321,-0.017833
3731.539000,-0.033157,-0.020303,3731.539000,0.031877,-0.017837
3732.021000,-0.031390,-0.020308,3732.021000,0.052889,-0.017841
3732.503000,-0.027631,-0.020312,3732.503000,0.070421,-0.017846
3732.985000,-0.024264,-0.020317,3732.985000,0.087772,-0.017850
3733.467000,-0.019685,-0.020322,3733.467000,0.102134,-0.017855
3733.949000,-0.014761,-0.020327,3733.949000,0.112329,-0.017859
3734.431000,-0.008157,-0.020331,3734.431000,0.119149,-0.017863
3734.913000,-0.002118,-0.020336,3734.913000,0.121315,-0.017868
3735.395000,0.006531,-0.020341,3735.395000,0.119752,-0.017872
3735.877000,0.011304,-0.020346,3735.877000,0.116706,-0.017876
3736.359000,0.013193,-0.020350,3736.359000,0.112954,-0.017881
3736.841000,0.013974,-0.020355,3736.841000,0.108501,-0.017885
3737.323000,0.012925,-0.020360,3737.323000,0.103365,-0.017890
3737.805000,0.007702,-0.020364,3737.805000,0.099472,-0.017894
3738.287000,0.000352,-0.020369,3738.287000,0.093437,-0.017898
3738.769000,-0.007217,-0.020374,3738.769000,0.086500,-0.017903
3739.251000,-0.016672,-0.020378,3739.251000,0.074167,-0.017907
3739.733000,-0.025274,-0.020383,3739.733000,0.061462,-0.017911
3740.215000,-0.032809,-0.020388,3740.215000,0.047610,-0.017916
3740.697000,-0.041279,-0.020392,3740.697000,0.033037,-0.017920
3741.179000,-0.048009,-0.020397,3741.179000,0.018230,-0.017924
3741.661000,-0.052293,-0.020402,3741.661000,0.003810,-0.017929
3742.143000,-0.052111,-0.020407,3742.143000,-0.009155,-0.017933
3742.625000,-0.053827,-0.020411,3742.625000,-0.016651,-0.017937
3743.107000,-0.052080,-0.020416,3743.107000,-0.020598,-0.017942
3743.589000,-0.046204,-0.020421,3743.589000,-0.020604,-0.017946
3744.071000,-0.040793,-0.020425,3744.071000,-0.014718,-0.017951
3744.553000,-0.034803,-0.020430,3744.553000,-0.003141,-0.017955
3745.035000,-0.031091,-0.020435,3745.035000,0.006853,-0.017959
3745.517000,-0.024958,-0.020439,3745.517000,0.017141,-0.017964
3745.999000,-0.018007,-0.020444,3745.999000,0.027154,-0.017968
3746.481000,-0.014566,-0.020448,3746.481000,0.037482,-0.017972
3746.963000,-0.011094,-0.020453,3746.963000,0.045973,-0.017976
3747.445000,-0.008566,-0.020458,3747.445000,0.050994,-0.017981
3747.927000,-0.009342,-0.020462,3747.927000,0.050896,-0.017985
3748.409000,-0.010146,-0.020467,3748.409000,0.046535,-0.017989
3748.891000,-0.013228,-0.020472,3748.891000,0.039725,-0.017994
3749.373000,-0.016298,-0.020476,3749.373000,0.031992,-0.017998
3749.855000,-0.017657,-0.020481,3749.855000,0.023070,-0.018002
3750.337000,-0.018108,-0.020486,3750.337000,0.015076,-0.018007
3750.819000,-0.020715,-0.020490,3750.819000,0.009009,-0.018011
3751.301000,-0.023898,-0.020495,3751.301000,0.006182,-0.018015
3751.783000,-0.027038,-0.020499,3751.783000,0.007244,-0.018020
3752.265000,-0.028307,-0.020504,3752.265000,0.012352,-0.018024
3752.747000,-0.031679,-0.020509,3752.747000,0.020815,-0.018028
3753.229000,-0.038852,-0.020513,3753.229000,0.031547,-0.018033
3753.711000,-0.042746,-0.020518,3753.711000,0.042037,-0.018037
3754.193000,-0.045257,-0.020523,3754.193000,0.051535,-0.018041
3754.675000,-0.049631,-0.020527,3754.675000,0.059901,-0.018045
3755.157000,-0.051322,-0.020532,3755.157000,0.068215,-0.018050
3755.639000,-0.054282,-0.020536,3755.639000,0.072862,-0.018054
3756.121000,-0.053092,-0.020541,3756.121000,0.073311,-0.018058
3756.603000,-0.048563,-0.020545,3756.603000,0.068867,-0.018063
3757.085000,-0.041215,-0.020550,3757.085000,0.061629,-0.018067
3757.567000,-0.033018,-0.020555,3757.567000,0.054464,-0.018071
3758.049000,-0.024538,-0.020559,3758.049000,0.046900,-0.018075
3758.531000,-0.016746,-0.020564,3758.531000,0.040077,-0.018080
3759.013000,-0.010072,-0.020568,3759.013000,0.032541,-0.018084
3759.495000,-0.004922,-0.020573,3759.495000,0.025593,-0.018088
3759.977000,-0.001712,-0.020578,3759.977000,0.019552,-0.018092
3760.459000,0.003294,-0.020582,3760.459000,0.015655,-0.018097
3760.941000,0.006454,-0.020587,3760.941000,0.013061,-0.018101
3761.423000,0.008445,-0.020591,3761.423000,0.011665,-0.018105
3761.905000,0.010028,-0.020596,3761.905000,0.012534,-0.018109
3762.387000,0.008798,-0.020600,3762.387000,0.013437,-0.018114
3762.869000,0.011158,-0.020605,3762.869000,0.016722,-0.018118
3763.351000,0.014263,-0.020609,3763.351000,0.020531,-0.018122
3763.833000,0.016738,-0.020614,3763.833000,0.023598,-0.018126
3764.315000,0.016453,-0.020619,3764.315000,0.027160,-0.018131
3764.797000,0.015468,-0.020623,3764.797000,0.031107,-0.018135
3765.279000,0.015822,-0.020628,3765.279000,0.035274,-0.018139
3765.761000,0.015912,-0.020632,3765.761000,0.038186,-0.018143
3766.243000,0.014497,-0.020637,3766.243000,0.039471,-0.018148
3766.725000,0.013334,-0.020641,3766.725000,0.038098,-0.018152
3767.207000,0.012237,-0.020646,3767.207000,0.035727,-0.018156
3767.689000,0.010430,-0.020650,3767.689000,0.028889,-0.018160
3768.171000,0.009883,-0.020655,3768.171000,0.019165,-0.018165
3768.653000,0.012700,-0.020659,3768.653000,0.009425,-0.018169
3769.135000,0.015137,-0.020664,3769.135000,-0.000442,-0.018173
3769.617000,0.018233,-0.020668,3769.617000,-0.009584,-0.018177
3770.099000,0.020919,-0.020673,3770.099000,-0.022580,-0.018181
3770.581000,0.021567,-0.020677,3770.581000,-0.036061,-0.018186
3771.063000,0.020140,-0.020682,3771.063000,-0.045851,-0.018190
3771.545000,0.019288,-0.020686,3771.545000,-0.052906,-0.018194
3772.027000,0.018444,-0.020691,3772.027000,-0.058020,-0.018198
3772.509000,0.014245,-0.020695,3772.509000,-0.063462,-0.018202
3772.991000,0.008633,-0.020700,3772.991000,-0.065696,-0.018207
3773.473000,0.002392,-0.020704,3773.473000,-0.066649,-0.018211
3773.955000,-0.002337,-0.020709,3773.955000,-0.065751,-0.018215
3774.437000,-0.006968,-0.020713,3774.437000,-0.063213,-0.018219
3774.919000,-0.011165,-0.020718,3774.919000,-0.060464,-0.018223
3775.401000,-0.012964,-0.020722,3775.401000,-0.054879,-0.018228
3775.883000,-0.017171,-0.020727,3775.883000,-0.047270,-0.018232
3776.365000,-0.021118,-0.020731,3776.365000,-0.040220,-0.018236
3776.847000,-0.023811,-0.020736,3776.847000,-0.034289,-0.018240
3777.329000,-0.027001,-0.020740,3777.329000,-0.027698,-0.018244
3777.811000,-0.029740,-0.020745,3777.811000,-0.020688,-0.018249
3778.293000,-0.030605,-0.020749,3778.293000,-0.015059,-0.018253
3778.775000,-0.031614,-0.020754,3778.775000,-0.011899,-0.018257
3779.257000,-0.033453,-0.020758,3779.257000,-0.011977,-0.018261
3779.739000,-0.035432,-0.020763,3779.739000,-0.010001,-0.018265
3780.221000,-0.034785,-0.020767,3780.221000,-0.010565,-0.018269
3780.703000,-0.030655,-0.020772,3780.703000,-0.010680,-0.018274
3781.185000,-0.031086,-0.020776,3781.185000,-0.012170,-0.018278
3781.667000,-0.030873,-0.020780,3781.667000,-0.014883,-0.018282
3782.149000,-0.028145,-0.020785,3782.149000,-0.016513,-0.018286
3782.631000,-0.025422,-0.020789,3782.631000,-0.017420,-0.018290
3783.113000,-0.023704,-0.020794,3783.113000,-0.018881,-0.018294
3783.595000,-0.020039,-0.020798,3783.595000,-0.018436,-0.018298
3784.077000,-0.016792,-0.020803,3784.077000,-0.019805,-0.018303
3784.559000,-0.012611,-0.020807,3784.559000,-0.020910,-0.018307
3785.041000,-0.008038,-0.020812,3785.041000,-0.021969,-0.018311
3785.523000,-0.004881,-0.020816,3785.523000,-0.024165,-0.018315
3786.005000,-0.002252,-0.020820,3786.005000,-0.026691,-0.018319
3786.487000,0.000738,-0.020825,3786.487000,-0.027895,-0.018323
3786.969000,0.004781,-0.020829,3786.969000,-0.029370,-0.018327
3787.451000,0.006411,-0.020834,3787.451000,-0.030836,-0.018332
3787.933000,0.004148,-0.020838,3787.933000,-0.034571,-0.018336
3788.415000,0.003745,-0.020842,3788.415000,-0.036878,-0.018340
3788.897000,0.003114,-0.020847,3788.897000,-0.040130,-0.018344
3789.379000,-0.000641,-0.020851,3789.379000,-0.042141,-0.018348
3789.861000,-0.005366,-0.020856,3789.861000,-0.042991,-0.018352
3790.343000,-0.008330,-0.020860,3790.343000,-0.042067,-0.018356
3790.825000,-0.012662,-0.020864,3790.825000,-0.041294,-0.018360
3791.307000,-0.016849,-0.020869,3791.307000,-0.038469,-0.018365
3791.789000,-0.021382,-0.020873,3791.789000,-0.035797,-0.018369
3792.271000,-0.024719,-0.020878,3792.271000,-0.032141,-0.018373
3792.753000,-0.028210,-0.020882,3792.753000,-0.027316,-0.018377
3793.235000,-0.030905,-0.020886,3793.235000,-0.021600,-0.018381
3793.717000,-0.032485,-0.020891,3793.717000,-0.015577,-0.018385
3794.199000,-0.033826,-0.020895,3794.199000,-0.010261,-0.018389
3794.681000,-0.034137,-0.020899,3794.681000,-0.005783,-0.018393
3795.163000,-0.033314,-0.020904,3795.163000,-0.000920,-0.018397
3795.645000,-0.032770,-0.020908,3795.645000,0.001893,-0.018401
3796.127000,-0.032106,-0.020913,3796.127000,0.004905,-0.018406
3796.609000,-0.030041,-0.020917,3796.609000,0.006710,-0.018410
3797.091000,-0.027866,-0.020921,3797.091000,0.005768,-0.018414
3797.573000,-0.025445,-0.020926,3797.573000,0.003492,-0.018418
3798.055000,-0.024378,-0.020930,3798.055000,0.000694,-0.018422
3798.537000,-0.022811,-0.020934,3798.537000,-0.004347,-0.018426
3799.019000,-0.022426,-0.020939,3799.019000,-0.008661,-0.018430
3799.501000,-0.022169,-0.020943,3799.501000,-0.015689,-0.018434
3799.983000,-0.021949,-0.020947,3799.983000,-0.021806,-0.018438
3800.465000,-0.022297,-0.020952,3800.465000,-0.026268,-0.018442
3800.947000,-0.023209,-0.020956,3800.947000,-0.030133,-0.018446
3801.429000,-0.024832,-0.020960,3801.429000,-0.031757,-0.018450
3801.911000,-0.026617,-0.020965,3801.911000,-0.030264,-0.018454
3802.393000,-0.028868,-0.020969,3802.393000,-0.027205,-0.018459
3802.875000,-0.031345,-0.020973,3802.875000,-0.023415,-0.018463
3803.357000,-0.033316,-0.020978,3803.357000,-0.019633,-0.018467
3803.839000,-0.036866,-0.020982,3803.839000,-0.016912,-0.018471
3804.321000,-0.038581,-0.020986,3804.321000,-0.016189,-0.018475
3804.803000,-0.039213,-0.020991,3804.803000,-0.014721,-0.018479
3805.285000,-0.037931,-0.020995,3805.285000,-0.014838,-0.018483
3805.767000,-0.036118,-0.020999,3805.767000,-0.015877,-0.018487
3806.249000,-0.032648,-0.021004,3806.249000,-0.019395,-0.018491
3806.731000,-0.027957,-0.021008,3806.731000,-0.022173,-0.018495
3807.213000,-0.023199,-0.021012,3807.213000,-0.024425,-0.018499
3807.695000,-0.016137,-0.021016,3807.695000,-0.026935,-0.018503
3808.177000,-0.010864,-0.021021,3808.177000,-0.028393,-0.018507
3808.659000,-0.005636,-0.021025,3808.659000,-0.028603,-0.018511
3809.141000,-0.001838,-0.021029,3809.141000,-0.028590,-0.018515
3809.623000,0.001196,-0.021034,3809.623000,-0.029251,-0.018519
3810.105000,0.002545,-0.021038,3810.105000,-0.030438,-0.018523
3810.587000,0.001954,-0.021042,3810.587000,-0.031743,-0.018527
3811.069000,0.002213,-0.021046,3811.069000,-0.033028,-0.018531
3811.551000,0.002363,-0.021051,3811.551000,-0.030983,-0.018535
3812.033000,0.002353,-0.021055,3812.033000,-0.030859,-0.018539
3812.515000,0.002128,-0.021059,3812.515000,-0.028438,-0.018543
3812.997000,0.003161,-0.021063,3812.997000,-0.025839,-0.018547
3813.479000,0.005813,-0.021068,3813.479000,-0.020387,-0.018551
3813.961000,0.010024,-0.021072,3813.961000,-0.011376,-0.018555
3814.443000,0.017049,-0.021076,3814.443000,-0.000316,-0.018559
3814.925000,0.020490,-0.021081,3814.925000,0.011560,-0.018563
3815.407000,0.025275,-0.021085,3815.407000,0.023668,-0.018567
3815.889000,0.031026,-0.021089,3815.889000,0.035125,-0.018571
3816.371000,0.033963,-0.021093,3816.371000,0.045657,-0.018575
3816.853000,0.033988,-0.021097,3816.853000,0.055184,-0.018579
3817.335000,0.035535,-0.021102,3817.335000,0.061711,-0.018583
3817.817000,0.036564,-0.021106,3817.817000,0.064253,-0.018587
3818.299000,0.034148,-0.021110,3818.299000,0.062624,-0.018591
3818.781000,0.031611,-0.021114,3818.781000,0.056667,-0.018595
3819.263000,0.027754,-0.021119,3819.263000,0.049438,-0.018599
3819.745000,0.025699,-0.021123,3819.745000,0.038811,-0.018603
3820.227000,0.024740,-0.021127,3820.227000,0.028964,-0.018607
3820.709000,0.026850,-0.021131,3820.709000,0.024093,-0.018611
3821.191000,0.029169,-0.021136,3821.191000,0.019453,-0.018615
3821.673000,0.030926,-0.021140,3821.673000,0.015876,-0.018619
3822.155000,0.032315,-0.021144,3822.155000,0.014915,-0.018623
3822.637000,0.033333,-0.021148,3822.637000,0.018588,-0.018627
3823.119000,0.031944,-0.021152,3823.119000,0.021891,-0.018631
3823.601000,0.029928,-0.021157,3823.601000,0.027796,-0.018635
3824.083000,0.029784,-0.021161,3824.083000,0.031684,-0.018639
3824.565000,0.026869,-0.021165,3824.565000,0.035429,-0.018643
3825.047000,0.021098,-0.021169,3825.047000,0.037953,-0.018647
3825.529000,0.014224,-0.021173,3825.529000,0.038007,-0.018651
3826.011000,0.005795,-0.021178,3826.011000,0.037218,-0.018655
3826.493000,-0.001143,-0.021182,3826.493000,0.034908,-0.018659
3826.975000,-0.007376,-0.021186,3826.975000,0.034979,-0.018662
3827.457000,-0.011297,-0.021190,3827.457000,0.038451,-0.018666
3827.939000,-0.016092,-0.021194,3827.939000,0.041532,-0.018670
3828.421000,-0.020694,-0.021198,3828.421000,0.046523,-0.018674
3828.903000,-0.026054,-0.021203,3828.903000,0.053453,-0.018678
3829.385000,-0.028371,-0.021207,3829.385000,0.062048,-0.018682
3829.867000,-0.030554,-0.021211,3829.867000,0.067908,-0.018686
3830.349000,-0.031246,-0.021215,3830.349000,0.076983,-0.018690
3830.831000,-0.027600,-0.021219,3830.831000,0.085483,-0.018694
3831.313000,-0.023423,-0.021223,3831.313000,0.093378,-0.018698
3831.795000,-0.020353,-0.021228,3831.795000,0.098501,-0.018702
3832.277000,-0.015978,-0.021232,3832.277000,0.102146,-0.018706
3832.759000,-0.009342,-0.021236,3832.759000,0.105343,-0.018710
3833.241000,-0.004148,-0.021240,3833.241000,0.107536,-0.018713
3833.723000,-0.000254,-0.021244,3833.723000,0.110947,-0.018717
3834.205000,0.004113,-0.021248,3834.205000,0.114422,-0.018721
3834.687000,0.005145,-0.021252,3834.687000,0.118604,-0.018725
3835.169000,0.004038,-0.021257,3835.169000,0.121854,-0.018729
3835.651000,0.001745,-0.021261,3835.651000,0.124034,-0.018733
3836.133000,-0.003272,-0.021265,3836.133000,0.127126,-0.018737
3836.615000,-0.009867,-0.021269,3836.615000,0.129190,-0.018741
3837.097000,-0.013056,-0.021273,3837.097000,0.129671,-0.018745
3837.579000,-0.014168,-0.021277,3837.579000,0.128714,-0.018749
3838.061000,-0.019013,-0.021281,3838.061000,0.124491,-0.018752
3838.543000,-0.021589,-0.021285,3838.543000,0.118224,-0.018756
3839.025000,-0.020350,-0.021290,3839.025000,0.110415,-0.018760
3839.507000,-0.020420,-0.021294,3839.507000,0.101102,-0.018764
3839.989000,-0.018845,-0.021298,3839.989000,0.094888,-0.018768
3840.471000,-0.015504,-0.021302,3840.471000,0.085998,-0.018772
3840.953000,-0.009619,-0.021306,3840.953000,0.076742,-0.018776
3841.435000,-0.005769,-0.021310,3841.435000,0.070093,-0.018780
3841.917000,-0.001730,-0.021314,3841.917000,0.064360,-0.018783
3842.399000,0.002696,-0.021318,3842.399000,0.057932,-0.018787
3842.881000,0.005610,-0.021322,3842.881000,0.056422,-0.018791
3843.363000,0.008910,-0.021326,3843.363000,0.055302,-0.018795
3843.845000,0.012792,-0.021330,3843.845000,0.054051,-0.018799
3844.327000,0.014496,-0.021335,3844.327000,0.054045,-0.018803
3844.809000,0.013196,-0.021339,3844.809000,0.053233,-0.018807
3845.291000,0.012145,-0.021343,3845.291000,0.053218,-0.018810
3845.773000,0.008334,-0.021347,3845.773000,0.053234,-0.018814
3846.255000,0.003085,-0.021351,3846.255000,0.055466,-0.018818
3846.737000,-0.000824,-0.021355,3846.737000,0.055822,-0.018822
3847.219000,-0.005973,-0.021359,3847.219000,0.050354,-0.018826
3847.701000,-0.011787,-0.021363,3847.701000,0.046614,-0.018830
3848.183000,-0.019642,-0.021367,3848.183000,0.041160,-0.018834
3848.665000,-0.027498,-0.021371,3848.665000,0.031427,-0.018837
3849.147000,-0.032940,-0.021375,3849.147000,0.017755,-0.018841
3849.629000,-0.040115,-0.021379,3849.629000,0.005006,-0.018845
3850.111000,-0.046164,-0.021383,3850.111000,-0.009743,-0.018849
3850.593000,-0.049003,-0.021387,3850.593000,-0.024750,-0.018853
3851.075000,-0.049009,-0.021391,3851.075000,-0.039205,-0.018857
3851.557000,-0.045321,-0.021395,3851.557000,-0.057068,-0.018860
3852.039000,-0.036009,-0.021399,3852.039000,-0.069816,-0.018864
3852.521000,-0.024487,-0.021403,3852.521000,-0.077973,-0.018868
3853.003000,-0.011535,-0.021407,3853.003000,-0.079287,-0.018872
3853.485000,0.001559,-0.021412,3853.485000,-0.075547,-0.018876
3853.967000,0.014091,-0.021416,3853.967000,-0.064624,-0.018879
3854.449000,0.025259,-0.021420,3854.449000,-0.049280,-0.018883
3854.931000,0.033508,-0.021424,3854.931000,-0.032129,-0.018887
3855.413000,0.038517,-0.021428,3855.413000,-0.011356,-0.018891
3855.895000,0.040870,-0.021432,3855.895000,0.009723,-0.018895
3856.377000,0.036520,-0.021436,3856.377000,0.031175,-0.018898
3856.859000,0.030756,-0.021440,3856.859000,0.049186,-0.018902
3857.341000,0.022658,-0.021444,3857.341000,0.064446,-0.018906
3857.823000,0.015689,-0.021448,3857.823000,0.075719,-0.018910
3858.305000,0.008541,-0.021452,3858.305000,0.082264,-0.018914
3858.787000,0.002723,-0.021456,3858.787000,0.089078,-0.018917
3859.269000,-0.004061,-0.021460,3859.269000,0.093223,-0.018921
3859.751000,-0.009014,-0.021464,3859.751000,0.095799,-0.018925
3860.233000,-0.010606,-0.021468,3860.233000,0.097215,-0.018929
3860.715000,-0.010727,-0.021472,3860.715000,0.097249,-0.018932
3861.197000,-0.009010,-0.021476,3861.197000,0.096099,-0.018936
3861.679000,-0.008867,-0.021479,3861.679000,0.096274,-0.018940
3862.161000,-0.009176,-0.021483,3862.161000,0.095730,-0.018944
3862.643000,-0.010056,-0.021487,3862.643000,0.093065,-0.018948
3863.125000,-0.012006,-0.021491,3863.125000,0.090212,-0.018951
3863.607000,-0.013637,-0.021495,3863.607000,0.088023,-0.018955
3864.089000,-0.017007,-0.021499,3864.089000,0.086105,-0.018959
3864.571000,-0.020177,-0.021503,3864.571000,0.086718,-0.018963
3865.053000,-0.025624,-0.021507,3865.053000,0.089078,-0.018966
3865.535000,-0.030866,-0.021511,3865.535000,0.089710,-0.018970
3866.017000,-0.035937,-0.021515,3866.017000,0.090034,-0.018974
3866.499000,-0.038449,-0.021519,3866.499000,0.091539,-0.018978
3866.981000,-0.039763,-0.021523,3866.981000,0.094044,-0.018981
3867.463000,-0.041955,-0.021527,3867.463000,0.097832,-0.018985
3867.945000,-0.043117,-0.021531,3867.945000,0.103850,-0.018989
3868.427000,-0.045238,-0.021535,3868.427000,0.106398,-0.018993
3868.909000,-0.046043,-0.021539,3868.909000,0.107859,-0.018996
3869.391000,-0.045484,-0.021543,3869.391000,0.108939,-0.019000
3869.873000,-0.045256,-0.021547,3869.873000,0.109327,-0.019004
3870.355000,-0.043492,-0.021551,3870.355000,0.110710,-0.019008
3870.837000,-0.040777,-0.021554,3870.837000,0.108308,-0.019011
3871.319000,-0.035687,-0.021558,3871.319000,0.107174,-0.019015
3871.801000,-0.029498,-0.021562,3871.801000,0.104007,-0.019019
3872.283000,-0.019928,-0.021566,3872.283000,0.097281,-0.019022
3872.765000,-0.012391,-0.021570,3872.765000,0.091304,-0.019026
3873.247000,-0.006078,-0.021574,3873.247000,0.085852,-0.019030
3873.729000,0.000624,-0.021578,3873.729000,0.080662,-0.019034
3874.211000,0.004564,-0.021582,3874.211000,0.076104,-0.019037
3874.693000,0.008000,-0.021586,3874.693000,0.073126,-0.019041
3875.175000,0.009631,-0.021590,3875.175000,0.068390,-0.019045
3875.657000,0.010274,-0.021594,3875.657000,0.065745,-0.019048
3876.139000,0.009298,-0.021597,3876.139000,0.063817,-0.019052
3876.621000,0.005075,-0.021601,3876.621000,0.062226,-0.019056
3877.103000,0.001843,-0.021605,3877.103000,0.062304,-0.019059
3877.585000,-0.002441,-0.021609,3877.585000,0.060659,-0.019063
3878.067000,-0.004414,-0.021613,3878.067000,0.058821,-0.019067
3878.549000,-0.006980,-0.021617,3878.549000,0.055797,-0.019071
3879.031000,-0.007697,-0.021621,3879.031000,0.051807,-0.019074
3879.513000,-0.010817,-0.021625,3879.513000,0.048540,-0.019078
3879.995000,-0.013392,-0.021628,3879.995000,0.043202,-0.019082
3880.477000,-0.015031,-0.021632,3880.477000,0.039845,-0.019085
3880.959000,-0.018009,-0.021636,3880.959000,0.035994,-0.019089
3881.441000,-0.020280,-0.021640,3881.441000,0.031336,-0.019093
3881.923000,-0.021295,-0.021644,3881.923000,0.025828,-0.019096
3882.405000,-0.021177,-0.021648,3882.405000,0.019919,-0.019100
3882.887000,-0.021681,-0.021652,3882.887000,0.015000,-0.019104
3883.369000,-0.022167,-0.021655,3883.369000,0.010544,-0.019107
3883.851000,-0.021398,-0.021659,3883.851000,0.004913,-0.019111
3884.333000,-0.021128,-0.021663,3884.333000,-0.002060,-0.019115
3884.815000,-0.018888,-0.021667,3884.815000,-0.008103,-0.019118
3885.297000,-0.017765,-0.021671,3885.297000,-0.010850,-0.019122
3885.779000,-0.016612,-0.021675,3885.779000,-0.012352,-0.019126
3886.261000,-0.014659,-0.021678,3886.261000,-0.011194,-0.019129
3886.743000,-0.013186,-0.021682,3886.743000,-0.008623,-0.019133
3887.225000,-0.014466,-0.021686,3887.225000,-0.004095,-0.019137
3887.707000,-0.015552,-0.021690,3887.707000,-0.000136,-0.019140
3888.189000,-0.017963,-0.021694,3888.189000,0.004519,-0.019144
3888.671000,-0.018367,-0.021698,3888.671000,0.009028,-0.019147
3889.153000,-0.020545,-0.021701,3889.153000,0.012251,-0.019151
3889.635000,-0.021485,-0.021705,3889.635000,0.017810,-0.019155
3890.117000,-0.021461,-0.021709,3890.117000,0.018823,-0.019158
3890.599000,-0.019614,-0.021713,3890.599000,0.017205,-0.019162
3891.081000,-0.016674,-0.021717,3891.081000,0.013640,-0.019166
3891.563000,-0.012685,-0.021720,3891.563000,0.012729,-0.019169
3892.045000,-0.007996,-0.021724,3892.045000,0.010849,-0.019173
3892.527000,-0.005202,-0.021728,3892.527000,0.009568,-0.019176
3893.009000,-0.002428,-0.021732,3893.009000,0.008440,-0.019180
3893.491000,-0.000978,-0.021736,3893.491000,0.005820,-0.019184
3893.973000,-0.002674,-0.021739,3893.973000,0.004352,-0.019187
3894.455000,-0.004494,-0.021743,3894.455000,0.003109,-0.019191
3894.937000,-0.008613,-0.021747,3894.937000,0.003145,-0.019195
3895.419000,-0.013138,-0.021751,3895.419000,0.003355,-0.019198
3895.901000,-0.019732,-0.021754,3895.901000,0.004614,-0.019202
3896.383000,-0.023266,-0.021758,3896.383000,0.006966,-0.019205
3896.865000,-0.027758,-0.021762,3896.865000,0.006915,-0.019209
3897.347000,-0.031185,-0.021766,3897.347000,0.009358,-0.019213
3897.829000,-0.034524,-0.021770,3897.829000,0.013154,-0.019216
3898.311000,-0.033713,-0.021773,3898.311000,0.021824,-0.019220
3898.793000,-0.031886,-0.021777,3898.793000,0.027369,-0.019223
3899.275000,-0.030229,-0.021781,3899.275000,0.034159,-0.019227
3899.757000,-0.025590,-0.021785,3899.757000,0.039329,-0.019230
3900.239000,-0.019914,-0.021788,3900.239000,0.043108,-0.019234
3900.721000,-0.013632,-0.021792,3900.721000,0.047959,-0.019238
3901.203000,-0.006615,-0.021796,3901.203000,0.049774,-0.019241
3901.685000,-0.000555,-0.021800,3901.685000,0.047914,-0.019245
3902.167000,0.005168,-0.021803,3902.167000,0.045337,-0.019248
3902.649000,0.009282,-0.021807,3902.649000,0.040387,-0.019252
3903.131000,0.012162,-0.021811,3903.131000,0.030968,-0.019255
3903.613000,0.012312,-0.021814,3903.613000,0.021388,-0.019259
3904.095000,0.012363,-0.021818,3904.095000,0.012473,-0.019263
3904.577000,0.010081,-0.021822,3904.577000,0.006899,-0.019266
3905.059000,0.008161,-0.021826,3905.059000,0.003111,-0.019270
3905.541000,0.002802,-0.021829,3905.541000,-0.002038,-0.019273
3906.023000,-0.001535,-0.021833,3906.023000,-0.003628,-0.019277
3906.505000,-0.006665,-0.021837,3906.505000,-0.004883,-0.019280
3906.987000,-0.010785,-0.021840,3906.987000,-0.003556,-0.019284
3907.469000,-0.014412,-0.021844,3907.469000,-0.002457,-0.019287
3907.951000,-0.018384,-0.021848,3907.951000,-0.002423,-0.019291
3908.433000,-0.020369,-0.021852,3908.433000,-0.003419,-0.019295
3908.915000,-0.022658,-0.021855,3908.915000,-0.001653,-0.019298
3909.397000,-0.024821,-0.021859,3909.397000,-0.003258,-0.019302
3909.879000,-0.025106,-0.021863,3909.879000,-0.007606,-0.019305
3910.361000,-0.024811,-0.021866,3910.361000,-0.011622,-0.019309
3910.843000,-0.024195,-0.021870,3910.843000,-0.013695,-0.019312
3911.325000,-0.025082,-0.021874,3911.325000,-0.011156,-0.019316
3911.807000,-0.024958,-0.021877,3911.807000,-0.009388,-0.019319
3912.289000,-0.025569,-0.021881,3912.289000,-0.008838,-0.019323
3912.771000,-0.026026,-0.021885,3912.771000,-0.004812,-0.019326
3913.253000,-0.028339,-0.021888,3913.253000,-0.002793,-0.019330
3913.735000,-0.031184,-0.021892,3913.735000,-0.000427,-0.019333
3914.217000,-0.035428,-0.021896,3914.217000,0.000535,-0.019337
3914.699000,-0.037009,-0.021899,3914.699000,0.002474,-0.019340
3915.181000,-0.036568,-0.021903,3915.181000,0.004375,-0.019344
3915.663000,-0.037566,-0.021907,3915.663000,0.005849,-0.019347
3916.145000,-0.037376,-0.021910,3916.145000,0.003240,-0.019351
3916.627000,-0.037461,-0.021914,3916.627000,-0.000517,-0.019354
3917.109000,-0.037447,-0.021918,3917.109000,-0.004435,-0.019358
3917.591000,-0.036891,-0.021921,3917.591000,-0.006780,-0.019361
3918.073000,-0.035343,-0.021925,3918.073000,-0.006233,-0.019365
3918.555000,-0.032985,-0.021929,3918.555000,-0.008107,-0.019368
3919.037000,-0.032998,-0.021932,3919.037000,-0.010034,-0.019372
3919.519000,-0.032053,-0.021936,3919.519000,-0.010444,-0.019375
3920.001000,-0.031944,-0.021939,3920.001000,-0.012170,-0.019379
3920.483000,-0.033668,-0.021943,3920.483000,-0.015064,-0.019382
3920.965000,-0.032394,-0.021947,3920.965000,-0.015890,-0.019386
3921.447000,-0.028321,-0.021950,3921.447000,-0.013734,-0.019389
3921.929000,-0.023869,-0.021954,3921.929000,-0.011894,-0.019393
3922.411000,-0.020139,-0.021957,3922.411000,-0.012037,-0.019396
3922.893000,-0.016881,-0.021961,3922.893000,-0.014025,-0.019400
3923.375000,-0.014390,-0.021965,3923.375000,-0.014297,-0.019403
3923.857000,-0.011358,-0.021968,3923.857000,-0.013181,-0.019407
3924.339000,-0.009725,-0.021972,3924.339000,-0.009823,-0.019410
3924.821000,-0.009552,-0.021976,3924.821000,-0.006297,-0.019414
3925.303000,-0.009732,-0.021979,3925.303000,-0.003288,-0.019417
3925.785000,-0.010907,-0.021983,3925.785000,0.000597,-0.019420
3926.267000,-0.011426,-0.021986,3926.267000,0.002917,-0.019424
3926.749000,-0.014767,-0.021990,3926.749000,0.004768,-0.019427
3927.231000,-0.017982,-0.021993,3927.231000,0.005875,-0.019431
3927.713000,-0.020687,-0.021997,3927.713000,0.007529,-0.019434
3928.195000,-0.023355,-0.022001,3928.195000,0.008380,-0.019438
3928.677000,-0.023565,-0.022004,3928.677000,0.004693,-0.019441
3929.159000,-0.024722,-0.022008,3929.159000,-0.001186,-0.019445
3929.641000,-0.026403,-0.022011,3929.641000,-0.007957,-0.019448
3930.123000,-0.028088,-0.022015,3930.123000,-0.013736,-0.019451
3930.605000,-0.029189,-0.022018,3930.605000,-0.020319,-0.019455
3931.087000,-0.029336,-0.022022,3931.087000,-0.026127,-0.019458
3931.569000,-0.029266,-0.022026,3931.569000,-0.033980,-0.019462
3932.051000,-0.026977,-0.022029,3932.051000,-0.040545,-0.019465
3932.533000,-0.024115,-0.022033,3932.533000,-0.045382,-0.019469
3933.015000,-0.021521,-0.022036,3933.015000,-0.049417,-0.019472
3933.497000,-0.019120,-0.022040,3933.497000,-0.052044,-0.019475
3933.979000,-0.015854,-0.022043,3933.979000,-0.052989,-0.019479
3934.461000,-0.013576,-0.022047,3934.461000,-0.053805,-0.019482
3934.943000,-0.009497,-0.022050,3934.943000,-0.053415,-0.019486
3935.425000,-0.004372,-0.022054,3935.425000,-0.053697,-0.019489
3935.907000,-0.001565,-0.022057,3935.907000,-0.051816,-0.019492
3936.389000,0.000437,-0.022061,3936.389000,-0.050806,-0.019496
3936.871000,0.001168,-0.022065,3936.871000,-0.047389,-0.019499
3937.353000,0.000789,-0.022068,3937.353000,-0.043040,-0.019503
3937.835000,-0.000969,-0.022072,3937.835000,-0.037488,-0.019506
3938.317000,-0.004250,-0.022075,3938.317000,-0.032915,-0.019509
3938.799000,-0.008178,-0.022079,3938.799000,-0.027380,-0.019513
3939.281000,-0.013325,-0.022082,3939.281000,-0.021099,-0.019516
3939.763000,-0.018882,-0.022086,3939.763000,-0.015118,-0.019520
3940.245000,-0.022904,-0.022089,3940.245000,-0.009832,-0.019523
3940.727000,-0.026441,-0.022093,3940.727000,-0.006009,-0.019526
3941.209000,-0.030468,-0.022096,3941.209000,-0.003216,-0.019530
3941.691000,-0.034614,-0.022100,3941.691000,-0.000984,-0.019533
3942.173000,-0.037515,-0.022103,3942.173000,-0.001260,-0.019536
3942.655000,-0.039907,-0.022107,3942.655000,-0.001898,-0.019540
3943.137000,-0.042607,-0.022110,3943.137000,-0.004808,-0.019543
3943.619000,-0.046120,-0.022114,3943.619000,-0.005840,-0.019547
3944.101000,-0.048553,-0.022117,3944.101000,-0.007820,-0.019550
3944.583000,-0.051190,-0.022121,3944.583000,-0.010525,-0.019553
3945.065000,-0.053291,-0.022124,3945.065000,-0.013794,-0.019557
3945.547000,-0.055798,-0.022128,3945.547000,-0.016838,-0.019560
3946.029000,-0.057036,-0.022131,3946.029000,-0.019494,-0.019563
3946.511000,-0.056731,-0.022134,3946.511000,-0.020966,-0.019567
3946.993000,-0.053692,-0.022138,3946.993000,-0.022242,-0.019570
3947.475000,-0.051263,-0.022141,3947.475000,-0.024081,-0.019573
3947.957000,-0.049058,-0.022145,3947.957000,-0.025462,-0.019577
3948.439000,-0.046271,-0.022148,3948.439000,-0.024362,-0.019580
3948.921000,-0.042222,-0.022152,3948.921000,-0.023502,-0.019583
3949.403000,-0.037991,-0.022155,3949.403000,-0.022784,-0.019587
3949.885000,-0.035151,-0.022159,3949.885000,-0.021710,-0.019590
3950.367000,-0.031358,-0.022162,3950.367000,-0.019335,-0.019593
3950.849000,-0.025941,-0.022166,3950.849000,-0.018028,-0.019597
3951.331000,-0.022904,-0.022169,3951.331000,-0.018774,-0.019600
3951.813000,-0.020150,-0.022172,3951.813000,-0.018487,-0.019603
3952.295000,-0.019214,-0.022176,3952.295000,-0.017444,-0.019607
3952.777000,-0.015758,-0.022179,3952.777000,-0.017415,-0.019610
3953.259000,-0.014031,-0.022183,3953.259000,-0.018025,-0.019613
3953.741000,-0.011605,-0.022186,3953.741000,-0.018653,-0.019617
3954.223000,-0.009550,-0.022190,3954.223000,-0.019327,-0.019620
3954.705000,-0.007943,-0.022193,3954.705000,-0.019111,-0.019623
3955.187000,-0.007941,-0.022196,3955.187000,-0.017554,-0.019627
3955.669000,-0.007785,-0.022200,3955.669000,-0.014426,-0.019630
3956.151000,-0.007407,-0.022203,3956.151000,-0.013362,-0.019633
3956.633000,-0.008021,-0.022207,3956.633000,-0.012145,-0.019637
3957.115000,-0.007855,-0.022210,3957.115000,-0.008515,-0.019640
3957.597000,-0.008274,-0.022213,3957.597000,-0.008532,-0.019643
3958.079000,-0.008284,-0.022217,3958.079000,-0.009084,-0.019646
3958.561000,-0.009816,-0.022220,3958.561000,-0.008573,-0.019650
3959.043000,-0.011970,-0.022224,3959.043000,-0.008781,-0.019653
3959.525000,-0.012408,-0.022227,3959.525000,-0.010794,-0.019656
3960.007000,-0.015148,-0.022230,3960.007000,-0.013734,-0.019660
3960.489000,-0.015558,-0.022234,3960.489000,-0.016720,-0.019663
3960.971000,-0.016665,-0.022237,3960.971000,-0.020247,-0.019666
3961.453000,-0.018000,-0.022240,3961.453000,-0.023820,-0.019669
3961.935000,-0.020830,-0.022244,3961.935000,-0.026992,-0.019673
3962.417000,-0.023067,-0.022247,3962.417000,-0.029010,-0.019676
3962.899000,-0.026314,-0.022251,3962.899000,-0.032667,-0.019679
3963.381000,-0.029788,-0.022254,3963.381000,-0.034464,-0.019683
3963.863000,-0.032963,-0.022257,3963.863000,-0.034755,-0.019686
3964.345000,-0.034510,-0.022261,3964.345000,-0.037072,-0.019689
3964.827000,-0.033650,-0.022264,3964.827000,-0.039450,-0.019692
3965.309000,-0.033445,-0.022267,3965.309000,-0.042228,-0.019696
3965.791000,-0.033722,-0.022271,3965.791000,-0.044753,-0.019699
3966.273000,-0.034117,-0.022274,3966.273000,-0.047913,-0.019702
3966.755000,-0.033762,-0.022277,3966.755000,-0.051520,-0.019705
3967.237000,-0.030374,-0.022281,3967.237000,-0.055119,-0.019709
3967.719000,-0.028866,-0.022284,3967.719000,-0.058193,-0.019712
3968.201000,-0.026745,-0.022287,3968.201000,-0.060407,-0.019715
3968.683000,-0.026522,-0.022291,3968.683000,-0.061907,-0.019718
3969.165000,-0.027318,-0.022294,3969.165000,-0.062916,-0.019722
3969.647000,-0.029255,-0.022297,3969.647000,-0.060877,-0.019725
3970.129000,-0.031888,-0.022301,3970.129000,-0.058651,-0.019728
3970.611000,-0.033893,-0.022304,3970.611000,-0.054908,-0.019731
3971.093000,-0.034361,-0.022307,3971.093000,-0.049477,-0.019734
3971.575000,-0.032089,-0.022311,3971.575000,-0.044851,-0.019738
3972.057000,-0.029680,-0.022314,3972.057000,-0.039868,-0.019741
3972.539000,-0.028389,-0.022317,3972.539000,-0.034689,-0.019744
3973.021000,-0.027342,-0.022321,3973.021000,-0.031054,-0.019747
3973.503000,-0.024586,-0.022324,3973.503000,-0.027015,-0.019751
3973.985000,-0.020617,-0.022327,3973.985000,-0.022480,-0.019754
3974.467000,-0.019164,-0.022331,3974.467000,-0.019241,-0.019757
3974.949000,-0.016536,-0.022334,3974.949000,-0.018053,-0.019760
3975.431000,-0.016354,-0.022337,3975.431000,-0.016190,-0.019763
3975.913000,-0.019552,-0.022340,3975.913000,-0.016138,-0.019767
3976.395000,-0.024203,-0.022344,3976.395000,-0.017510,-0.019770
3976.877000,-0.027793,-0.022347,3976.877000,-0.018714,-0.019773
3977.359000,-0.032029,-0.022350,3977.359000,-0.019827,-0.019776
3977.841000,-0.033607,-0.022354,3977.841000,-0.020817,-0.019779
3978.323000,-0.032822,-0.022357,3978.323000,-0.023795,-0.019783
3978.805000,-0.034534,-0.022360,3978.805000,-0.027442,-0.019786
3979.287000,-0.036193,-0.022363,3979.287000,-0.029935,-0.019789
3979.769000,-0.038920,-0.022367,3979.769000,-0.033315,-0.019792
3980.251000,-0.039917,-0.022370,3980.251000,-0.034645,-0.019795
3980.733000,-0.039619,-0.022373,3980.733000,-0.036613,-0.019799
3981.215000,-0.037063,-0.022376,3981.215000,-0.040268,-0.019802
3981.697000,-0.035226,-0.022380,3981.697000,-0.043582,-0.019805
3982.179000,-0.035312,-0.022383,3982.179000,-0.045317,-0.019808
3982.661000,-0.035350,-0.022386,3982.661000,-0.047221,-0.019811
3983.143000,-0.034509,-0.022389,3983.143000,-0.047401,-0.019814
3983.625000,-0.032112,-0.022393,3983.625000,-0.043461,-0.019818
3984.107000,-0.029652,-0.022396,3984.107000,-0.042018,-0.019821
3984.589000,-0.024893,-0.022399,3984.589000,-0.038836,-0.019824
3985.071000,-0.020567,-0.022402,3985.071000,-0.035431,-0.019827
3985.553000,-0.018417,-0.022406,3985.553000,-0.031143,-0.019830
3986.035000,-0.013627,-0.022409,3986.035000,-0.024817,-0.019833
3986.517000,-0.010855,-0.022412,3986.517000,-0.019836,-0.019836
3986.999000,-0.006499,-0.022415,3986.999000,-0.014884,-0.019840
3987.481000,-0.001435,-0.022418,3987.481000,-0.014323,-0.019843
3987.963000,0.004276,-0.022422,3987.963000,-0.013313,-0.019846
3988.445000,0.006271,-0.022425,3988.445000,-0.014598,-0.019849
3988.927000,0.008380,-0.022428,3988.927000,-0.016484,-0.019852
3989.409000,0.010187,-0.022431,3989.409000,-0.016068,-0.019855
3989.891000,0.012664,-0.022434,3989.891000,-0.013730,-0.019858
3990.373000,0.013617,-0.022438,3990.373000,-0.011816,-0.019862
3990.855000,0.014380,-0.022441,3990.855000,-0.009463,-0.019865
3991.337000,0.016803,-0.022444,3991.337000,-0.006505,-0.019868
3991.819000,0.019637,-0.022447,3991.819000,-0.003085,-0.019871
3992.301000,0.022435,-0.022450,3992.301000,0.000524,-0.019874
3992.783000,0.026582,-0.022454,3992.783000,0.002690,-0.019877
3993.265000,0.030436,-0.022457,3993.265000,0.004375,-0.019880
3993.747000,0.035729,-0.022460,3993.747000,0.004562,-0.019883
3994.229000,0.041004,-0.022463,3994.229000,0.002819,-0.019887
3994.711000,0.046214,-0.022466,3994.711000,0.002406,-0.019890
3995.193000,0.050422,-0.022470,3995.193000,-0.002047,-0.019893
3995.675000,0.056184,-0.022473,3995.675000,-0.006546,-0.019896
3996.157000,0.060555,-0.022476,3996.157000,-0.010439,-0.019899
3996.639000,0.065037,-0.022479,3996.639000,-0.013564,-0.019902
3997.121000,0.067406,-0.022482,3997.121000,-0.016475,-0.019905
3997.603000,0.069798,-0.022485,3997.603000,-0.018849,-0.019908
3998.085000,0.071767,-0.022488,3998.085000,-0.020667,-0.019911
3998.567000,0.073359,-0.022492,3998.567000,-0.021815,-0.019914
3999.049000,0.074623,-0.022495,3999.049000,-0.022179,-0.019918
3999.531000,0.075608,-0.022498,3999.531000,-0.021645,-0.019921
4000.013000,0.076361,-0.022501,4000.013000,-0.020100,-0.019924
4000.495000,0.076931,-0.022504,4000.495000,-0.017428,-0.019927
