wn1,R_obs1,R_fit1,wn2,R_obs2,R_fit2
1556.755000,-0.077316,0.068953,1556.755000,0.032509,0.062689
1557.237000,-0.075526,0.069521,1557.237000,0.013145,0.063335
1557.719000,-0.071101,0.070079,1557.719000,-0.004279,0.063973
1558.201000,-0.064781,0.070628,1558.201000,-0.019755,0.064602
1558.683000,-0.057307,0.071166,1558.683000,-0.033275,0.065221
1559.165000,-0.049420,0.071695,1559.165000,-0.044830,0.065832
1559.647000,-0.041860,0.072214,1559.647000,-0.054413,0.066433
1560.129000,-0.035369,0.072722,1560.129000,-0.062016,0.067025
1560.611000,-0.032289,0.073220,1560.611000,-0.067458,0.067607
1561.093000,-0.032966,0.073708,1561.093000,-0.069262,0.068181
1561.575000,-0.036413,0.074186,1561.575000,-0.070037,0.068744
1562.057000,-0.044272,0.074654,1562.057000,-0.069549,0.069298
1562.539000,-0.051430,0.075110,1562.539000,-0.069746,0.069842
1563.021000,-0.054874,0.075557,1563.021000,-0.067974,0.070376
1563.503000,-0.058958,0.075993,1563.503000,-0.068124,0.070901
1563.985000,-0.061276,0.076418,1563.985000,-0.068982,0.071415
1564.467000,-0.060464,0.076833,1564.467000,-0.068802,0.071920
1564.949000,-0.058350,0.077236,1564.949000,-0.068509,0.072415
1565.431000,-0.056770,0.077629,1565.431000,-0.067984,0.072899
1565.913000,-0.053723,0.078012,1565.913000,-0.067747,0.073373
1566.395000,-0.047408,0.078383,1566.395000,-0.066064,0.073837
1566.877000,-0.041962,0.078744,1566.877000,-0.062508,0.074291
1567.359000,-0.035835,0.079093,1567.359000,-0.058243,0.074735
1567.841000,-0.027139,0.079431,1567.841000,-0.052491,0.075168
1568.323000,-0.015482,0.079759,1568.323000,-0.045159,0.075590
1568.805000,-0.001883,0.080075,1568.805000,-0.037348,0.076002
1569.287000,0.013014,0.080380,1569.287000,-0.029599,0.076403
1569.769000,0.029726,0.080674,1569.769000,-0.018265,0.076794
1570.251000,0.044011,0.080957,1570.251000,-0.008693,0.077174
1570.733000,0.057119,0.081228,1570.733000,0.002621,0.077543
1571.215000,0.069981,0.081488,1571.215000,0.014121,0.077902
1571.697000,0.079217,0.081737,1571.697000,0.024367,0.078250
1572.179000,0.086051,0.081975,1572.179000,0.031693,0.078586
1572.661000,0.094458,0.082201,1572.661000,0.039389,0.078912
1573.143000,0.101517,0.082415,1573.143000,0.045044,0.079227
1573.625000,0.108917,0.082618,1573.625000,0.049489,0.079531
1574.107000,0.120777,0.082810,1574.107000,0.058159,0.079824
1574.589000,0.134828,0.082990,1574.589000,0.065828,0.080106
1575.071000,0.152395,0.083159,1575.071000,0.078334,0.080377
1575.553000,0.170138,0.083316,1575.553000,0.091595,0.080636
1576.035000,0.188830,0.083462,1576.035000,0.106260,0.080884
1576.517000,0.206302,0.083596,1576.517000,0.123904,0.081122
1576.999000,0.222974,0.083718,1576.999000,0.138704,0.081347
1577.481000,0.238873,0.083829,1577.481000,0.154878,0.081562
1577.963000,0.253138,0.083928,1577.963000,0.169638,0.081765
1578.445000,0.263661,0.084016,1578.445000,0.181088,0.081957
1578.927000,0.272224,0.084092,1578.927000,0.189112,0.082138
1579.409000,0.279630,0.084156,1579.409000,0.193448,0.082307
1579.891000,0.283631,0.084209,1579.891000,0.195642,0.082465
1580.373000,0.289166,0.084250,1580.373000,0.198812,0.082612
1580.855000,0.294355,0.084279,1580.855000,0.203199,0.082747
1581.337000,0.300444,0.084297,1581.337000,0.204470,0.082870
1581.819000,0.307396,0.084303,1581.819000,0.209461,0.082982
1582.301000,0.310173,0.084297,1582.301000,0.212678,0.083083
1582.783000,0.316046,0.084280,1582.783000,0.218861,0.083172
1583.265000,0.320302,0.084251,1583.265000,0.224754,0.083250
1583.747000,0.326610,0.084211,1583.747000,0.230864,0.083316
1584.229000,0.333671,0.084159,1584.229000,0.241155,0.083371
1584.711000,0.340858,0.084095,1584.711000,0.251653,0.083414
1585.193000,0.347936,0.084019,1585.193000,0.261454,0.083446
1585.675000,0.352406,0.083932,1585.675000,0.270548,0.083466
1586.157000,0.357101,0.083834,1586.157000,0.280050,0.083475
1586.639000,0.360142,0.083724,1586.639000,0.290628,0.083472
1587.121000,0.362622,0.083602,1587.121000,0.298857,0.083458
1587.603000,0.362618,0.083469,1587.603000,0.306364,0.083432
1588.085000,0.363662,0.083324,1588.085000,0.314525,0.083394
1588.567000,0.364164,0.083168,1588.567000,0.323281,0.083346
1589.049000,0.360262,0.083000,1589.049000,0.329719,0.083285
1589.531000,0.358125,0.082821,1589.531000,0.336678,0.083213
1590.013000,0.353457,0.082630,1590.013000,0.340112,0.083130
1590.495000,0.352204,0.082428,1590.495000,0.343387,0.083036
1590.977000,0.351681,0.082215,1590.977000,0.347093,0.082929
1591.459000,0.350742,0.081991,1591.459000,0.348532,0.082812
1591.941000,0.348856,0.081755,1591.941000,0.348886,0.082683
1592.423000,0.347320,0.081508,1592.423000,0.346223,0.082543
1592.905000,0.347959,0.081249,1592.905000,0.344954,0.082391
1593.387000,0.348794,0.080980,1593.387000,0.340327,0.082228
1593.869000,0.348789,0.080699,1593.869000,0.332328,0.082054
1594.351000,0.347713,0.080408,1594.351000,0.327131,0.081869
1594.833000,0.345629,0.080105,1594.833000,0.323014,0.081672
1595.315000,0.344877,0.079791,1595.315000,0.318503,0.081464
1595.797000,0.341036,0.079467,1595.797000,0.313264,0.081245
1596.279000,0.336582,0.079131,1596.279000,0.309523,0.081015
1596.761000,0.331527,0.078785,1596.761000,0.305920,0.080773
1597.243000,0.325356,0.078428,1597.243000,0.301659,0.080521
1597.725000,0.318305,0.078060,1597.725000,0.299350,0.080257
1598.207000,0.310303,0.077681,1598.207000,0.295202,0.079983
1598.689000,0.303410,0.077292,1598.689000,0.293093,0.079697
1599.171000,0.299082,0.076892,1599.171000,0.289268,0.079401
1599.653000,0.297323,0.076481,1599.653000,0.288059,0.079094
1600.135000,0.295457,0.076060,1600.135000,0.285883,0.078775
1600.617000,0.293832,0.075629,1600.617000,0.283541,0.078447
1601.099000,0.291371,0.075187,1601.099000,0.283623,0.078107
1601.581000,0.288661,0.074735,1601.581000,0.281897,0.077757
1602.063000,0.287158,0.074273,1602.063000,0.281365,0.077396
1602.545000,0.283844,0.073801,1602.545000,0.279860,0.077024
1603.027000,0.279790,0.073318,1603.027000,0.278818,0.076642
1603.509000,0.274601,0.072826,1603.509000,0.277441,0.076250
1603.991000,0.268714,0.072323,1603.991000,0.272169,0.075847
1604.473000,0.265937,0.071811,1604.473000,0.270425,0.075433
1604.955000,0.261276,0.071289,1604.955000,0.267247,0.075010
1605.437000,0.255681,0.070757,1605.437000,0.264656,0.074576
1605.919000,0.247611,0.070216,1605.919000,0.261928,0.074132
1606.401000,0.242543,0.069665,1606.401000,0.261199,0.073678
1606.883000,0.237167,0.069104,1606.883000,0.257418,0.073214
1607.365000,0.231265,0.068534,1607.365000,0.250940,0.072740
1607.847000,0.224688,0.067955,1607.847000,0.244121,0.072255
1608.329000,0.217127,0.067367,1608.329000,0.235929,0.071762
1608.811000,0.209640,0.066769,1608.811000,0.229406,0.071258
1609.293000,0.201172,0.066162,1609.293000,0.220212,0.070744
1609.775000,0.195115,0.065546,1609.775000,0.211069,0.070221
1610.257000,0.188044,0.064922,1610.257000,0.201648,0.069689
1610.739000,0.184966,0.064288,1610.739000,0.191690,0.069147
1611.221000,0.178989,0.063646,1611.221000,0.186828,0.068595
1611.703000,0.171026,0.062995,1611.703000,0.180685,0.068035
1612.185000,0.163021,0.062336,1612.185000,0.174878,0.067464
1612.667000,0.154758,0.061668,1612.667000,0.170246,0.066885
1613.149000,0.148366,0.060992,1613.149000,0.165470,0.066297
1613.631000,0.142040,0.060307,1613.631000,0.161773,0.065700
1614.113000,0.134425,0.059615,1614.113000,0.155431,0.065093
1614.595000,0.126642,0.058914,1614.595000,0.149768,0.064478
1615.077000,0.118527,0.058205,1615.077000,0.144493,0.063855
1615.559000,0.111720,0.057489,1615.559000,0.136154,0.063222
1616.041000,0.105001,0.056764,1616.041000,0.126316,0.062581
1616.523000,0.100300,0.056032,1616.523000,0.117035,0.061932
1617.005000,0.094567,0.055293,1617.005000,0.108763,0.061274
1617.487000,0.092116,0.054546,1617.487000,0.098580,0.060608
1617.969000,0.087701,0.053791,1617.969000,0.087714,0.059933
1618.451000,0.085248,0.053030,1618.451000,0.077153,0.059251
1618.933000,0.083492,0.052261,1618.933000,0.068263,0.058560
1619.415000,0.081217,0.051485,1619.415000,0.061182,0.057862
1619.897000,0.078099,0.050702,1619.897000,0.056785,0.057156
1620.379000,0.075813,0.049913,1620.379000,0.055050,0.056442
1620.861000,0.073649,0.049117,1620.861000,0.049643,0.055720
1621.343000,0.071511,0.048314,1621.343000,0.044999,0.054991
1621.825000,0.070371,0.047504,1621.825000,0.040752,0.054255
1622.307000,0.069561,0.046689,1622.307000,0.035423,0.053511
1622.789000,0.068522,0.045867,1622.789000,0.032806,0.052760
1623.271000,0.067192,0.045039,1623.271000,0.028907,0.052002
1623.753000,0.067230,0.044205,1623.753000,0.026165,0.051237
1624.235000,0.067740,0.043365,1624.235000,0.020714,0.050465
1624.717000,0.067399,0.042519,1624.717000,0.015626,0.049687
1625.199000,0.066076,0.041668,1625.199000,0.013574,0.048901
1625.681000,0.065268,0.040811,1625.681000,0.011363,0.048109
1626.163000,0.064415,0.039948,1626.163000,0.009722,0.047311
1626.645000,0.063415,0.039080,1626.645000,0.008370,0.046506
1627.127000,0.062106,0.038208,1627.127000,0.007056,0.045696
1627.609000,0.061990,0.037330,1627.609000,0.005753,0.044878
1628.091000,0.062786,0.036447,1628.091000,0.004154,0.044055
1628.573000,0.062284,0.035559,1628.573000,0.004184,0.043227
1629.055000,0.062189,0.034667,1629.055000,0.005083,0.042392
1629.537000,0.062215,0.033770,1629.537000,0.007159,0.041552
1630.019000,0.062975,0.032868,1630.019000,0.009235,0.040706
1630.501000,0.065852,0.031962,1630.501000,0.014542,0.039855
1630.983000,0.067476,0.031053,1630.983000,0.020219,0.038998
1631.465000,0.069433,0.030139,1631.465000,0.028066,0.038136
1631.947000,0.071793,0.029221,1631.947000,0.036991,0.037270
1632.429000,0.074288,0.028299,1632.429000,0.045025,0.036398
1632.911000,0.075255,0.027374,1632.911000,0.052325,0.035521
1633.393000,0.076851,0.026445,1633.393000,0.060046,0.034640
1633.875000,0.075144,0.025512,1633.875000,0.068676,0.033754
1634.357000,0.076278,0.024577,1634.357000,0.074757,0.032864
1634.839000,0.073002,0.023638,1634.839000,0.078339,0.031970
1635.321000,0.071085,0.022696,1635.321000,0.079715,0.031071
1635.803000,0.068054,0.021751,1635.803000,0.079582,0.030168
1636.285000,0.066262,0.020804,1636.285000,0.080414,0.029261
1636.767000,0.063311,0.019854,1636.767000,0.078467,0.028351
1637.249000,0.062566,0.018901,1637.249000,0.076147,0.027436
1637.731000,0.061741,0.017946,1637.731000,0.075324,0.026519
1638.213000,0.061375,0.016989,1638.213000,0.077318,0.025597
1638.695000,0.060618,0.016030,1638.695000,0.077163,0.024673
1639.177000,0.063203,0.015068,1639.177000,0.078905,0.023745
1639.659000,0.062956,0.014105,1639.659000,0.081574,0.022814
1640.141000,0.061705,0.013140,1640.141000,0.084924,0.021880
1640.623000,0.059198,0.012174,1640.623000,0.090800,0.020944
1641.105000,0.058652,0.011206,1641.105000,0.093847,0.020005
1641.587000,0.054650,0.010237,1641.587000,0.096123,0.019063
1642.069000,0.056222,0.009267,1642.069000,0.097266,0.018119
1642.551000,0.055428,0.008295,1642.551000,0.099333,0.017172
1643.033000,0.056060,0.007323,1643.033000,0.101234,0.016224
1643.515000,0.053201,0.006350,1643.515000,0.100315,0.015273
1643.997000,0.051993,0.005377,1643.997000,0.099884,0.014321
1644.479000,0.050190,0.004403,1644.479000,0.098635,0.013366
1644.961000,0.047640,0.003428,1644.961000,0.094881,0.012411
1645.443000,0.044524,0.002453,1645.443000,0.087614,0.011453
1645.925000,0.044091,0.001479,1645.925000,0.082009,0.010495
1646.407000,0.038569,0.000504,1646.407000,0.074595,0.009535
1646.889000,0.033391,-0.000470,1646.889000,0.066072,0.008574
1647.371000,0.029151,-0.001445,1647.371000,0.059533,0.007612
1647.853000,0.025244,-0.002418,1647.853000,0.052304,0.006649
1648.335000,0.023038,-0.003391,1648.335000,0.046070,0.005686
1648.817000,0.023880,-0.004364,1648.817000,0.043785,0.004722
1649.299000,0.025941,-0.005335,1649.299000,0.044673,0.003757
1649.781000,0.028224,-0.006306,1649.781000,0.046881,0.002793
1650.263000,0.028941,-0.007275,1650.263000,0.050298,0.001828
1650.745000,0.029850,-0.008243,1650.745000,0.050755,0.000863
1651.227000,0.030893,-0.009210,1651.227000,0.046486,-0.000102
1651.709000,0.031975,-0.010175,1651.709000,0.038219,-0.001067
1652.191000,0.033787,-0.011139,1652.191000,0.026277,-0.002031
1652.673000,0.035057,-0.012100,1652.673000,0.016042,-0.002994
1653.155000,0.034620,-0.013060,1653.155000,0.006145,-0.003957
1653.637000,0.034951,-0.014018,1653.637000,-0.004597,-0.004920
1654.119000,0.034926,-0.014973,1654.119000,-0.011227,-0.005881
1654.601000,0.034427,-0.015927,1654.601000,-0.014489,-0.006841
1655.083000,0.034447,-0.016877,1655.083000,-0.014431,-0.007800
1655.565000,0.035037,-0.017825,1655.565000,-0.006807,-0.008758
1656.047000,0.036559,-0.018771,1656.047000,0.004105,-0.009714
1656.529000,0.037383,-0.019713,1656.529000,0.016010,-0.010669
1657.011000,0.037025,-0.020653,1657.011000,0.028771,-0.011622
1657.493000,0.037769,-0.021589,1657.493000,0.038745,-0.012574
1657.975000,0.038138,-0.022523,1657.975000,0.046390,-0.013523
1658.457000,0.038582,-0.023453,1658.457000,0.051992,-0.014470
1658.939000,0.039133,-0.024379,1658.939000,0.054311,-0.015415
1659.421000,0.038430,-0.025302,1659.421000,0.056745,-0.016358
1659.903000,0.037895,-0.026221,1659.903000,0.058172,-0.017298
1660.385000,0.036625,-0.027136,1660.385000,0.055816,-0.018236
1660.867000,0.034420,-0.028047,1660.867000,0.055303,-0.019170
1661.349000,0.033645,-0.028954,1661.349000,0.053115,-0.020102
1661.831000,0.031527,-0.029856,1661.831000,0.049616,-0.021031
1662.313000,0.028729,-0.030755,1662.313000,0.049646,-0.021957
1662.795000,0.025408,-0.031648,1662.795000,0.047949,-0.022880
1663.277000,0.021724,-0.032538,1663.277000,0.046020,-0.023799
1663.759000,0.017416,-0.033422,1663.759000,0.047207,-0.024715
1664.241000,0.016632,-0.034302,1664.241000,0.050407,-0.025627
1664.723000,0.014180,-0.035176,1664.723000,0.055490,-0.026535
1665.205000,0.012166,-0.036046,1665.205000,0.061890,-0.027440
1665.687000,0.009381,-0.036910,1665.687000,0.068730,-0.028340
1666.169000,0.006901,-0.037769,1666.169000,0.076805,-0.029236
1666.651000,0.004837,-0.038622,1666.651000,0.085206,-0.030128
1667.133000,0.003358,-0.039470,1667.133000,0.091188,-0.031016
1667.615000,0.003739,-0.040312,1667.615000,0.095291,-0.031899
1668.097000,0.004030,-0.041148,1668.097000,0.097775,-0.032778
1668.579000,0.001981,-0.041979,1668.579000,0.097618,-0.033652
1669.061000,-0.000237,-0.042803,1669.061000,0.096850,-0.034521
1669.543000,-0.003027,-0.043621,1669.543000,0.095561,-0.035385
1670.025000,-0.004433,-0.044433,1670.025000,0.093369,-0.036244
1670.507000,-0.005268,-0.045238,1670.507000,0.090638,-0.037098
1670.989000,-0.004583,-0.046037,1670.989000,0.086591,-0.037946
1671.471000,-0.006108,-0.046830,1671.471000,0.081962,-0.038789
1671.953000,-0.007965,-0.047616,1671.953000,0.075248,-0.039627
1672.435000,-0.010768,-0.048394,1672.435000,0.068575,-0.040458
1672.917000,-0.011842,-0.049166,1672.917000,0.060628,-0.041284
1673.399000,-0.011854,-0.049931,1673.399000,0.051878,-0.042105
1673.881000,-0.010648,-0.050689,1673.881000,0.043628,-0.042919
1674.363000,-0.010019,-0.051440,1674.363000,0.031647,-0.043727
1674.845000,-0.010803,-0.052183,1674.845000,0.021792,-0.044528
1675.327000,-0.011469,-0.052919,1675.327000,0.012647,-0.045324
1675.809000,-0.010875,-0.053647,1675.809000,0.006649,-0.046113
1676.291000,-0.010158,-0.054368,1676.291000,0.003408,-0.046895
1676.773000,-0.008590,-0.055080,1676.773000,0.000272,-0.047671
1677.255000,-0.006795,-0.055785,1677.255000,0.000195,-0.048440
1677.737000,-0.006410,-0.056483,1677.737000,0.000581,-0.049202
1678.219000,-0.006782,-0.057172,1678.219000,0.002019,-0.049957
1678.701000,-0.007379,-0.057853,1678.701000,0.005934,-0.050706
1679.183000,-0.008577,-0.058525,1679.183000,0.011240,-0.051447
1679.665000,-0.009578,-0.059190,1679.665000,0.015817,-0.052180
1680.147000,-0.010803,-0.059846,1680.147000,0.020464,-0.052907
1680.629000,-0.011037,-0.060493,1680.629000,0.023343,-0.053625
1681.111000,-0.012766,-0.061132,1681.111000,0.024766,-0.054337
1681.593000,-0.014427,-0.061763,1681.593000,0.026326,-0.055040
1682.075000,-0.016012,-0.062384,1682.075000,0.023520,-0.055736
1682.557000,-0.015603,-0.062997,1682.557000,0.019849,-0.056424
1683.039000,-0.015578,-0.063601,1683.039000,0.012911,-0.057104
1683.521000,-0.015317,-0.064196,1683.521000,0.004808,-0.057776
1684.003000,-0.014559,-0.064782,1684.003000,-0.003375,-0.058440
1684.485000,-0.014494,-0.065358,1684.485000,-0.013085,-0.059095
1684.967000,-0.014156,-0.065926,1684.967000,-0.022165,-0.059743
1685.449000,-0.013153,-0.066484,1685.449000,-0.027693,-0.060382
1685.931000,-0.013916,-0.067033,1685.931000,-0.031526,-0.061012
1686.413000,-0.015049,-0.067572,1686.413000,-0.033959,-0.061634
1686.895000,-0.015734,-0.068102,1686.895000,-0.035017,-0.062247
1687.377000,-0.016337,-0.068622,1687.377000,-0.034560,-0.062852
1687.859000,-0.019492,-0.069132,1687.859000,-0.031172,-0.063447
1688.341000,-0.022249,-0.069633,1688.341000,-0.029534,-0.064034
1688.823000,-0.025654,-0.070124,1688.823000,-0.029007,-0.064612
1689.305000,-0.027929,-0.070605,1689.305000,-0.026406,-0.065181
1689.787000,-0.030598,-0.071077,1689.787000,-0.024266,-0.065740
1690.269000,-0.034127,-0.071538,1690.269000,-0.023297,-0.066291
1690.751000,-0.036451,-0.071989,1690.751000,-0.022268,-0.066832
1691.233000,-0.034482,-0.072430,1691.233000,-0.022481,-0.067364
1691.715000,-0.034405,-0.072861,1691.715000,-0.023773,-0.067886
1692.197000,-0.033031,-0.073281,1692.197000,-0.020977,-0.068399
1692.679000,-0.033253,-0.073692,1692.679000,-0.018549,-0.068902
1693.161000,-0.031965,-0.074092,1693.161000,-0.016426,-0.069396
1693.643000,-0.030906,-0.074481,1693.643000,-0.014471,-0.069880
1694.125000,-0.030058,-0.074860,1694.125000,-0.012248,-0.070354
1694.607000,-0.032038,-0.075229,1694.607000,-0.009515,-0.070819
1695.089000,-0.032760,-0.075587,1695.089000,-0.005944,-0.071273
1695.571000,-0.034115,-0.075935,1695.571000,-0.000724,-0.071718
1696.053000,-0.034114,-0.076272,1696.053000,0.004560,-0.072153
1696.535000,-0.034856,-0.076598,1696.535000,0.011119,-0.072577
1697.017000,-0.035153,-0.076913,1697.017000,0.015517,-0.072992
1697.499000,-0.033623,-0.077218,1697.499000,0.016214,-0.073396
1697.981000,-0.030367,-0.077512,1697.981000,0.014565,-0.073790
1698.463000,-0.031028,-0.077795,1698.463000,0.009908,-0.074174
1698.945000,-0.031187,-0.078067,1698.945000,0.004492,-0.074547
1699.427000,-0.032666,-0.078329,1699.427000,-0.003965,-0.074911
1699.909000,-0.032896,-0.078579,1699.909000,-0.011663,-0.075263
1700.391000,-0.034238,-0.078818,1700.391000,-0.018768,-0.075606
1700.873000,-0.037795,-0.079047,1700.873000,-0.024918,-0.075937
1701.355000,-0.043848,-0.079264,1701.355000,-0.029456,-0.076258
1701.837000,-0.048306,-0.079470,1701.837000,-0.031807,-0.076569
1702.319000,-0.051776,-0.079666,1702.319000,-0.032950,-0.076869
1702.801000,-0.055682,-0.079850,1702.801000,-0.031474,-0.077158
1703.283000,-0.057746,-0.080023,1703.283000,-0.029051,-0.077437
1703.765000,-0.058516,-0.080185,1703.765000,-0.029406,-0.077705
1704.247000,-0.057718,-0.080335,1704.247000,-0.031123,-0.077962
1704.729000,-0.056403,-0.080475,1704.729000,-0.033049,-0.078208
1705.211000,-0.054105,-0.080603,1705.211000,-0.035218,-0.078443
1705.693000,-0.051711,-0.080720,1705.693000,-0.036077,-0.078668
1706.175000,-0.049443,-0.080826,1706.175000,-0.036566,-0.078882
1706.657000,-0.043881,-0.080920,1706.657000,-0.035725,-0.079084
1707.139000,-0.041120,-0.081003,1707.139000,-0.033985,-0.079276
1707.621000,-0.039514,-0.081075,1707.621000,-0.030578,-0.079457
1708.103000,-0.037918,-0.081136,1708.103000,-0.027229,-0.079627
1708.585000,-0.036692,-0.081185,1708.585000,-0.023257,-0.079785
1709.067000,-0.037179,-0.081224,1709.067000,-0.018272,-0.079933
1709.549000,-0.039516,-0.081250,1709.549000,-0.013279,-0.080070
1710.031000,-0.039807,-0.081266,1710.031000,-0.010251,-0.080195
1710.513000,-0.042503,-0.081270,1710.513000,-0.007327,-0.080310
1710.995000,-0.045403,-0.081263,1710.995000,-0.003715,-0.080413
1711.477000,-0.048890,-0.081245,1711.477000,-0.000039,-0.080506
1711.959000,-0.051836,-0.081216,1711.959000,0.006016,-0.080587
1712.441000,-0.055245,-0.081175,1712.441000,0.011710,-0.080657
1712.923000,-0.059891,-0.081123,1712.923000,0.017359,-0.080716
1713.405000,-0.059166,-0.081059,1713.405000,0.021189,-0.080764
1713.887000,-0.060014,-0.080985,1713.887000,0.026780,-0.080800
1714.369000,-0.057874,-0.080899,1714.369000,0.031759,-0.080826
1714.851000,-0.054750,-0.080802,1714.851000,0.033576,-0.080840
1715.333000,-0.049572,-0.080694,1715.333000,0.032445,-0.080844
1715.815000,-0.046780,-0.080575,1715.815000,0.026619,-0.080836
1716.297000,-0.041386,-0.080444,1716.297000,0.014905,-0.080817
1716.779000,-0.035107,-0.080303,1716.779000,0.001315,-0.080787
1717.261000,-0.030723,-0.080150,1717.261000,-0.012807,-0.080745
1717.743000,-0.027000,-0.079986,1717.743000,-0.026935,-0.080693
1718.225000,-0.026447,-0.079811,1718.225000,-0.040805,-0.080629
1718.707000,-0.026350,-0.079626,1718.707000,-0.052971,-0.080555
1719.189000,-0.027001,-0.079429,1719.189000,-0.061547,-0.080469
1719.671000,-0.031173,-0.079221,1719.671000,-0.066698,-0.080373
1720.153000,-0.033460,-0.079002,1720.153000,-0.070061,-0.080265
1720.635000,-0.037553,-0.078772,1720.635000,-0.067520,-0.080146
1721.117000,-0.039598,-0.078532,1721.117000,-0.062643,-0.080016
1721.599000,-0.041321,-0.078281,1721.599000,-0.057549,-0.079875
1722.081000,-0.043019,-0.078018,1722.081000,-0.053321,-0.079724
1722.563000,-0.044576,-0.077746,1722.563000,-0.050882,-0.079561
1723.045000,-0.044982,-0.077462,1723.045000,-0.049814,-0.079387
1723.527000,-0.046106,-0.077168,1723.527000,-0.048998,-0.079203
1724.009000,-0.047557,-0.076863,1724.009000,-0.048186,-0.079008
1724.491000,-0.048874,-0.076547,1724.491000,-0.049076,-0.078801
1724.973000,-0.050577,-0.076221,1724.973000,-0.050961,-0.078585
1725.455000,-0.049902,-0.075885,1725.455000,-0.052675,-0.078357
1725.937000,-0.049653,-0.075538,1725.937000,-0.052621,-0.078118
1726.419000,-0.050435,-0.075181,1726.419000,-0.052583,-0.077869
1726.901000,-0.050709,-0.074813,1726.901000,-0.052336,-0.077610
1727.383000,-0.050232,-0.074435,1727.383000,-0.049918,-0.077339
1727.865000,-0.049406,-0.074047,1727.865000,-0.046742,-0.077058
1728.347000,-0.050532,-0.073649,1728.347000,-0.044217,-0.076767
1728.829000,-0.051944,-0.073240,1728.829000,-0.041772,-0.076465
1729.311000,-0.052697,-0.072822,1729.311000,-0.038634,-0.076152
1729.793000,-0.055163,-0.072393,1729.793000,-0.037445,-0.075829
1730.275000,-0.058308,-0.071955,1730.275000,-0.039528,-0.075496
1730.757000,-0.060032,-0.071507,1730.757000,-0.040780,-0.075153
1731.239000,-0.059741,-0.071049,1731.239000,-0.044561,-0.074799
1731.721000,-0.059461,-0.070581,1731.721000,-0.048378,-0.074435
1732.203000,-0.057214,-0.070104,1732.203000,-0.053358,-0.074061
1732.685000,-0.054449,-0.069617,1732.685000,-0.059668,-0.073677
1733.167000,-0.050198,-0.069121,1733.167000,-0.064982,-0.073283
1733.649000,-0.044880,-0.068615,1733.649000,-0.070779,-0.072879
1734.131000,-0.038989,-0.068099,1734.131000,-0.073947,-0.072465
1734.613000,-0.035095,-0.067575,1734.613000,-0.073589,-0.072041
1735.095000,-0.031529,-0.067041,1735.095000,-0.071397,-0.071607
1735.577000,-0.028239,-0.066498,1735.577000,-0.068340,-0.071164
1736.059000,-0.025445,-0.065946,1736.059000,-0.062525,-0.070710
1736.541000,-0.022869,-0.065385,1736.541000,-0.057294,-0.070248
1737.023000,-0.022118,-0.064815,1737.023000,-0.052127,-0.069776
1737.505000,-0.022842,-0.064237,1737.505000,-0.044170,-0.069294
1737.987000,-0.022988,-0.063649,1737.987000,-0.040040,-0.068803
1738.469000,-0.024235,-0.063053,1738.469000,-0.035743,-0.068302
1738.951000,-0.025116,-0.062449,1738.951000,-0.034751,-0.067793
1739.433000,-0.025973,-0.061836,1739.433000,-0.034950,-0.067274
1739.915000,-0.026864,-0.061214,1739.915000,-0.037329,-0.066746
1740.397000,-0.027472,-0.060585,1740.397000,-0.039692,-0.066209
1740.879000,-0.028919,-0.059947,1740.879000,-0.040655,-0.065663
1741.361000,-0.032700,-0.059300,1741.361000,-0.040653,-0.065108
1741.843000,-0.034957,-0.058646,1741.843000,-0.042714,-0.064545
1742.325000,-0.036673,-0.057984,1742.325000,-0.044618,-0.063972
1742.807000,-0.038382,-0.057314,1742.807000,-0.045846,-0.063391
1743.289000,-0.041782,-0.056637,1743.289000,-0.044532,-0.062802
1743.771000,-0.045168,-0.055952,1743.771000,-0.043258,-0.062204
1744.253000,-0.050797,-0.055259,1744.253000,-0.041601,-0.061598
1744.735000,-0.053447,-0.054558,1744.735000,-0.038586,-0.060983
1745.217000,-0.057019,-0.053851,1745.217000,-0.035142,-0.060361
1745.699000,-0.058870,-0.053136,1745.699000,-0.031621,-0.059730
1746.181000,-0.058357,-0.052414,1746.181000,-0.027755,-0.059091
1746.663000,-0.056330,-0.051685,1746.663000,-0.024207,-0.058444
1747.145000,-0.052819,-0.050949,1747.145000,-0.022057,-0.057789
1747.627000,-0.048187,-0.050206,1747.627000,-0.022689,-0.057127
1748.109000,-0.041634,-0.049457,1748.109000,-0.026966,-0.056457
1748.591000,-0.033738,-0.048701,1748.591000,-0.032399,-0.055779
1749.073000,-0.025188,-0.047938,1749.073000,-0.039308,-0.055094
1749.555000,-0.018591,-0.047169,1749.555000,-0.047576,-0.054402
1750.037000,-0.013720,-0.046394,1750.037000,-0.053143,-0.053702
1750.519000,-0.010057,-0.045612,1750.519000,-0.060677,-0.052995
1751.001000,-0.007851,-0.044825,1751.001000,-0.066790,-0.052281
1751.483000,-0.006137,-0.044031,1751.483000,-0.069359,-0.051561
1751.965000,-0.007135,-0.043232,1751.965000,-0.071000,-0.050833
1752.447000,-0.009245,-0.042427,1752.447000,-0.069822,-0.050098
1752.929000,-0.010171,-0.041616,1752.929000,-0.067345,-0.049357
1753.411000,-0.010063,-0.040800,1753.411000,-0.063221,-0.048610
1753.893000,-0.009942,-0.039978,1753.893000,-0.061818,-0.047856
1754.375000,-0.009902,-0.039151,1754.375000,-0.059358,-0.047095
1754.857000,-0.007774,-0.038319,1754.857000,-0.056609,-0.046329
1755.339000,-0.006782,-0.037482,1755.339000,-0.054644,-0.045556
1755.821000,-0.004810,-0.036640,1755.821000,-0.051904,-0.044777
1756.303000,-0.003676,-0.035793,1756.303000,-0.048670,-0.043992
1756.785000,-0.003008,-0.034942,1756.785000,-0.044540,-0.043202
1757.267000,-0.001977,-0.034086,1757.267000,-0.044117,-0.042406
1757.749000,0.000423,-0.033226,1757.749000,-0.042717,-0.041604
1758.231000,0.001001,-0.032361,1758.231000,-0.042943,-0.040797
1758.713000,0.001499,-0.031492,1758.713000,-0.042247,-0.039985
1759.195000,0.002780,-0.030619,1759.195000,-0.042396,-0.039167
1759.677000,0.005217,-0.029742,1759.677000,-0.042387,-0.038344
1760.159000,0.008754,-0.028861,1760.159000,-0.043655,-0.037517
1760.641000,0.011589,-0.027977,1760.641000,-0.045074,-0.036684
1761.123000,0.014740,-0.027089,1761.123000,-0.046053,-0.035847
1761.605000,0.018510,-0.026197,1761.605000,-0.046571,-0.035005
1762.087000,0.019946,-0.025303,1762.087000,-0.046430,-0.034158
1762.569000,0.020631,-0.024405,1762.569000,-0.043253,-0.033307
1763.051000,0.020147,-0.023504,1763.051000,-0.040666,-0.032452
1763.533000,0.020087,-0.022600,1763.533000,-0.038126,-0.031593
1764.015000,0.019487,-0.021693,1764.015000,-0.036334,-0.030730
1764.497000,0.020121,-0.020783,1764.497000,-0.033859,-0.029862
1764.979000,0.020673,-0.019871,1764.979000,-0.031660,-0.028991
1765.461000,0.021195,-0.018957,1765.461000,-0.027940,-0.028117
1765.943000,0.022468,-0.018040,1765.943000,-0.024983,-0.027238
1766.425000,0.021241,-0.017121,1766.425000,-0.021549,-0.026357
1766.907000,0.021545,-0.016200,1766.907000,-0.020602,-0.025472
1767.389000,0.021969,-0.015278,1767.389000,-0.018829,-0.024584
1767.871000,0.021066,-0.014353,1767.871000,-0.018419,-0.023692
1768.353000,0.020801,-0.013427,1768.353000,-0.017291,-0.022798
1768.835000,0.019145,-0.012499,1768.835000,-0.016174,-0.021901
1769.317000,0.020442,-0.011570,1769.317000,-0.015669,-0.021002
1769.799000,0.022771,-0.010639,1769.799000,-0.016380,-0.020100
1770.281000,0.027487,-0.009708,1770.281000,-0.017893,-0.019195
1770.763000,0.033891,-0.008775,1770.763000,-0.019102,-0.018288
1771.245000,0.044566,-0.007842,1771.245000,-0.023180,-0.017379
1771.727000,0.053838,-0.006908,1771.727000,-0.025137,-0.016468
1772.209000,0.061553,-0.005973,1772.209000,-0.026577,-0.015555
1772.691000,0.071315,-0.005038,1772.691000,-0.027741,-0.014641
1773.173000,0.077588,-0.004102,1773.173000,-0.029082,-0.013724
1773.655000,0.083965,-0.003167,1773.655000,-0.029606,-0.012807
1774.137000,0.087799,-0.002231,1774.137000,-0.028812,-0.011887
1774.619000,0.085753,-0.001295,1774.619000,-0.027877,-0.010967
1775.101000,0.085346,-0.000359,1775.101000,-0.025333,-0.010045
1775.583000,0.081218,0.000576,1775.583000,-0.024347,-0.009122
1776.065000,0.077269,0.001511,1776.065000,-0.022606,-0.008199
1776.547000,0.071529,0.002445,1776.547000,-0.020505,-0.007275
1777.029000,0.067365,0.003378,1777.029000,-0.018192,-0.006350
1777.511000,0.066128,0.004311,1777.511000,-0.015757,-0.005424
1777.993000,0.066054,0.005243,1777.993000,-0.015966,-0.004498
1778.475000,0.065270,0.006173,1778.475000,-0.013920,-0.003572
1778.957000,0.063969,0.007103,1778.957000,-0.013762,-0.002646
1779.439000,0.065744,0.008031,1779.439000,-0.014501,-0.001720
1779.921000,0.065642,0.008957,1779.921000,-0.013759,-0.000794
1780.403000,0.067333,0.009882,1780.403000,-0.010788,0.000131
1780.885000,0.066580,0.010805,1780.885000,-0.009203,0.001057
1781.367000,0.064994,0.011726,1781.367000,-0.007380,0.001981
1781.849000,0.067039,0.012645,1781.849000,-0.006634,0.002905
1782.331000,0.067808,0.013562,1782.331000,-0.008136,0.003829
1782.813000,0.067771,0.014477,1782.813000,-0.007539,0.004751
1783.295000,0.068791,0.015390,1783.295000,-0.006028,0.005672
1783.777000,0.071063,0.016300,1783.777000,-0.004519,0.006592
1784.259000,0.073757,0.017207,1784.259000,-0.004961,0.007511
1784.741000,0.074774,0.018111,1784.741000,-0.005549,0.008428
1785.223000,0.074359,0.019013,1785.223000,-0.002654,0.009344
1785.705000,0.071677,0.019911,1785.705000,-0.000467,0.010258
1786.187000,0.069643,0.020807,1786.187000,0.003815,0.011170
1786.669000,0.066716,0.021699,1786.669000,0.010685,0.012080
1787.151000,0.063378,0.022588,1787.151000,0.018237,0.012988
1787.633000,0.059414,0.023473,1787.633000,0.023640,0.013894
1788.115000,0.058786,0.024354,1788.115000,0.029373,0.014798
1788.597000,0.060963,0.025232,1788.597000,0.035288,0.015699
1789.079000,0.063694,0.026106,1789.079000,0.041945,0.016598
1789.561000,0.066954,0.026976,1789.561000,0.049777,0.017494
1790.043000,0.073257,0.027841,1790.043000,0.054507,0.018387
1790.525000,0.080117,0.028703,1790.525000,0.056415,0.019277
1791.007000,0.086309,0.029560,1791.007000,0.058930,0.020164
1791.489000,0.093308,0.030412,1791.489000,0.062376,0.021048
1791.971000,0.100647,0.031260,1791.971000,0.066843,0.021928
1792.453000,0.107887,0.032104,1792.453000,0.069051,0.022805
1792.935000,0.113624,0.032942,1792.935000,0.070647,0.023679
1793.417000,0.117776,0.033775,1793.417000,0.072397,0.024548
1793.899000,0.119396,0.034604,1793.899000,0.073275,0.025414
1794.381000,0.119715,0.035427,1794.381000,0.071715,0.026277
1794.863000,0.119689,0.036245,1794.863000,0.070318,0.027135
1795.345000,0.118826,0.037057,1795.345000,0.069755,0.027988
1795.827000,0.116495,0.037864,1795.827000,0.069578,0.028838
1796.309000,0.113347,0.038665,1796.309000,0.067887,0.029683
1796.791000,0.110567,0.039460,1796.791000,0.064424,0.030524
1797.273000,0.104685,0.040250,1797.273000,0.061490,0.031360
1797.755000,0.101133,0.041034,1797.755000,0.061438,0.032191
1798.237000,0.100097,0.041811,1798.237000,0.061496,0.033017
1798.719000,0.099264,0.042582,1798.719000,0.062054,0.033839
1799.201000,0.100552,0.043348,1799.201000,0.062110,0.034655
1799.683000,0.100907,0.044106,1799.683000,0.064583,0.035466
1800.165000,0.104172,0.044858,1800.165000,0.067569,0.036272
1800.647000,0.106687,0.045604,1800.647000,0.070830,0.037072
1801.129000,0.108154,0.046342,1801.129000,0.073848,0.037867
1801.611000,0.108927,0.047074,1801.611000,0.076815,0.038656
1802.093000,0.111849,0.047799,1802.093000,0.078131,0.039440
1802.575000,0.112122,0.048517,1802.575000,0.079868,0.040218
1803.057000,0.113775,0.049228,1803.057000,0.080530,0.040989
1803.539000,0.113505,0.049932,1803.539000,0.080707,0.041755
1804.021000,0.110246,0.050628,1804.021000,0.080589,0.042514
1804.503000,0.110937,0.051317,1804.503000,0.080097,0.043267
1804.985000,0.109428,0.051999,1804.985000,0.080377,0.044014
1805.467000,0.106616,0.052673,1805.467000,0.079855,0.044754
1805.949000,0.106975,0.053339,1805.949000,0.079396,0.045487
1806.431000,0.105842,0.053997,1806.431000,0.078965,0.046214
1806.913000,0.108082,0.054648,1806.913000,0.079205,0.046934
1807.395000,0.109029,0.055290,1807.395000,0.080771,0.047648
1807.877000,0.109922,0.055925,1807.877000,0.081708,0.048354
1808.359000,0.110200,0.056551,1808.359000,0.081165,0.049053
1808.841000,0.112533,0.057169,1808.841000,0.080322,0.049745
1809.323000,0.115497,0.057779,1809.323000,0.080989,0.050430
1809.805000,0.121609,0.058381,1809.805000,0.080997,0.051107
1810.287000,0.125734,0.058974,1810.287000,0.079800,0.051777
1810.769000,0.129227,0.059558,1810.769000,0.080219,0.052439
1811.251000,0.132864,0.060134,1811.251000,0.082199,0.053094
1811.733000,0.134616,0.060701,1811.733000,0.085124,0.053740
1812.215000,0.135778,0.061259,1812.215000,0.086243,0.054379
1812.697000,0.137818,0.061809,1812.697000,0.087818,0.055011
1813.179000,0.138626,0.062349,1813.179000,0.088192,0.055634
1813.661000,0.140878,0.062881,1813.661000,0.091414,0.056249
1814.143000,0.141970,0.063403,1814.143000,0.094826,0.056856
1814.625000,0.140809,0.063917,1814.625000,0.095970,0.057454
1815.107000,0.138230,0.064421,1815.107000,0.095467,0.058045
1815.589000,0.137190,0.064915,1815.589000,0.097018,0.058627
1816.071000,0.137326,0.065401,1816.071000,0.099870,0.059200
1816.553000,0.137562,0.065877,1816.553000,0.099845,0.059765
1817.035000,0.137368,0.066343,1817.035000,0.100806,0.060321
1817.517000,0.136929,0.066800,1817.517000,0.103556,0.060869
1817.999000,0.136061,0.067248,1817.999000,0.107223,0.061408
1818.481000,0.135763,0.067685,1818.481000,0.108565,0.061937
1818.963000,0.134416,0.068113,1818.963000,0.108889,0.062458
1819.445000,0.134296,0.068531,1819.445000,0.108548,0.062970
1819.927000,0.137007,0.068940,1819.927000,0.107668,0.063473
1820.409000,0.139236,0.069338,1820.409000,0.107847,0.063967
1820.891000,0.139448,0.069727,1820.891000,0.106615,0.064451
1821.373000,0.140412,0.070105,1821.373000,0.103262,0.064927
1821.855000,0.141345,0.070473,1821.855000,0.101210,0.065393
1822.337000,0.141088,0.070832,1822.337000,0.101654,0.065849
1822.819000,0.139097,0.071180,1822.819000,0.102060,0.066296
1823.301000,0.139693,0.071518,1823.301000,0.100110,0.066734
1823.783000,0.140469,0.071846,1823.783000,0.099756,0.067162
1824.265000,0.140947,0.072163,1824.265000,0.100408,0.067580
1824.747000,0.140410,0.072470,1824.747000,0.101966,0.067989
1825.229000,0.139045,0.072767,1825.229000,0.102001,0.068387
1825.711000,0.139753,0.073054,1825.711000,0.103088,0.068777
1826.193000,0.142249,0.073330,1826.193000,0.103843,0.069156
1826.675000,0.145206,0.073595,1826.675000,0.105692,0.069525
1827.157000,0.145688,0.073850,1827.157000,0.106370,0.069885
1827.639000,0.145713,0.074094,1827.639000,0.107384,0.070234
1828.121000,0.148451,0.074328,1828.121000,0.108328,0.070573
1828.603000,0.150239,0.074552,1828.603000,0.110231,0.070903
1829.085000,0.149803,0.074764,1829.085000,0.112020,0.071222
1829.567000,0.150423,0.074966,1829.567000,0.113949,0.071531
1830.049000,0.152044,0.075158,1830.049000,0.115742,0.071830
1830.531000,0.151625,0.075338,1830.531000,0.117455,0.072118
1831.013000,0.150667,0.075508,1831.013000,0.119809,0.072396
1831.495000,0.150334,0.075667,1831.495000,0.121290,0.072664
1831.977000,0.149587,0.075816,1831.977000,0.122061,0.072922
1832.459000,0.148114,0.075953,1832.459000,0.124218,0.073169
1832.941000,0.144728,0.076080,1832.941000,0.125497,0.073406
1833.423000,0.140468,0.076196,1833.423000,0.125921,0.073632
1833.905000,0.137726,0.076301,1833.905000,0.126169,0.073848
1834.387000,0.136367,0.076395,1834.387000,0.126268,0.074053
1834.869000,0.137636,0.076479,1834.869000,0.124942,0.074248
1835.351000,0.137627,0.076552,1835.351000,0.122619,0.074432
1835.833000,0.136844,0.076613,1835.833000,0.120408,0.074606
1836.315000,0.135068,0.076664,1836.315000,0.121479,0.074769
1836.797000,0.131998,0.076704,1836.797000,0.120902,0.074922
1837.279000,0.127842,0.076733,1837.279000,0.119568,0.075064
1837.761000,0.124163,0.076752,1837.761000,0.116135,0.075195
1838.243000,0.121687,0.076759,1838.243000,0.114014,0.075315
1838.725000,0.116779,0.076756,1838.725000,0.113278,0.075425
1839.207000,0.109067,0.076741,1839.207000,0.112974,0.075524
1839.689000,0.103985,0.076716,1839.689000,0.111977,0.075613
1840.171000,0.100136,0.076680,1840.171000,0.111105,0.075690
1840.653000,0.099335,0.076633,1840.653000,0.111055,0.075758
1841.135000,0.099217,0.076576,1841.135000,0.110093,0.075814
1841.617000,0.101845,0.076507,1841.617000,0.109646,0.075859
1842.099000,0.103227,0.076428,1842.099000,0.109287,0.075894
1842.581000,0.106089,0.076338,1842.581000,0.108375,0.075918
1843.063000,0.108368,0.076237,1843.063000,0.109581,0.075932
1843.545000,0.112158,0.076125,1843.545000,0.109448,0.075934
1844.027000,0.116811,0.076003,1844.027000,0.111204,0.075926
1844.509000,0.121040,0.075870,1844.509000,0.112020,0.075908
1844.991000,0.127021,0.075726,1844.991000,0.114477,0.075878
1845.473000,0.129865,0.075571,1845.473000,0.116577,0.075838
1845.955000,0.130417,0.075406,1845.955000,0.117568,0.075787
1846.437000,0.133284,0.075230,1846.437000,0.116748,0.075725
1846.919000,0.134747,0.075044,1846.919000,0.117470,0.075653
1847.401000,0.135086,0.074847,1847.401000,0.119134,0.075570
1847.883000,0.131527,0.074640,1847.883000,0.120642,0.075477
1848.365000,0.128398,0.074422,1848.365000,0.118537,0.075372
1848.847000,0.124817,0.074193,1848.847000,0.117273,0.075258
1849.329000,0.122817,0.073955,1849.329000,0.115723,0.075132
1849.811000,0.119152,0.073705,1849.811000,0.113454,0.074996
1850.293000,0.115849,0.073446,1850.293000,0.111947,0.074850
1850.775000,0.114778,0.073176,1850.775000,0.110099,0.074693
1851.257000,0.111066,0.072896,1851.257000,0.104525,0.074525
1851.739000,0.110956,0.072605,1851.739000,0.098879,0.074347
1852.221000,0.106734,0.072305,1852.221000,0.094862,0.074159
1852.703000,0.103697,0.071994,1852.703000,0.091417,0.073960
1853.185000,0.103811,0.071673,1853.185000,0.088650,0.073750
1853.667000,0.101485,0.071343,1853.667000,0.089275,0.073531
1854.149000,0.099608,0.071002,1854.149000,0.090174,0.073301
1854.631000,0.096142,0.070651,1854.631000,0.090114,0.073061
1855.113000,0.093665,0.070290,1855.113000,0.089657,0.072810
1855.595000,0.093163,0.069920,1855.595000,0.091436,0.072550
1856.077000,0.090423,0.069540,1856.077000,0.093166,0.072279
1856.559000,0.087669,0.069150,1856.559000,0.093715,0.071998
1857.041000,0.085269,0.068750,1857.041000,0.094179,0.071707
1857.523000,0.084674,0.068341,1857.523000,0.092914,0.071406
1858.005000,0.081134,0.067922,1858.005000,0.091840,0.071095
1858.487000,0.080465,0.067494,1858.487000,0.091207,0.070774
1858.969000,0.075454,0.067056,1858.969000,0.092248,0.070443
1859.451000,0.073954,0.066609,1859.451000,0.091584,0.070102
1859.933000,0.071612,0.066153,1859.933000,0.091962,0.069752
1860.415000,0.069210,0.065687,1860.415000,0.092932,0.069391
1860.897000,0.070403,0.065212,1860.897000,0.094135,0.069021
1861.379000,0.069870,0.064729,1861.379000,0.096183,0.068642
1861.861000,0.069153,0.064236,1861.861000,0.098409,0.068253
1862.343000,0.068353,0.063734,1862.343000,0.100730,0.067854
1862.825000,0.067080,0.063224,1862.825000,0.103596,0.067446
1863.307000,0.068064,0.062704,1863.307000,0.106975,0.067028
1863.789000,0.069281,0.062176,1863.789000,0.111091,0.066601
1864.271000,0.072028,0.061640,1864.271000,0.114729,0.066165
1864.753000,0.072898,0.061094,1864.753000,0.120989,0.065720
1865.235000,0.074175,0.060541,1865.235000,0.123876,0.065266
1865.717000,0.073686,0.059979,1865.717000,0.127397,0.064802
1866.199000,0.073554,0.059408,1866.199000,0.131093,0.064329
1866.681000,0.071835,0.058830,1866.681000,0.132033,0.063848
1867.163000,0.071227,0.058243,1867.163000,0.130479,0.063358
1867.645000,0.071303,0.057648,1867.645000,0.126195,0.062859
1868.127000,0.067895,0.057045,1868.127000,0.122020,0.062351
1868.609000,0.065296,0.056435,1868.609000,0.117299,0.061834
1869.091000,0.062311,0.055816,1869.091000,0.113883,0.061309
1869.573000,0.059304,0.055190,1869.573000,0.110601,0.060776
1870.055000,0.057230,0.054557,1870.055000,0.106291,0.060234
1870.537000,0.056558,0.053915,1870.537000,0.102858,0.059683
1871.019000,0.055317,0.053267,1871.019000,0.098517,0.059125
1871.501000,0.051804,0.052611,1871.501000,0.097595,0.058558
1871.983000,0.049076,0.051947,1871.983000,0.095595,0.057983
1872.465000,0.045360,0.051277,1872.465000,0.096213,0.057400
1872.947000,0.042093,0.050600,1872.947000,0.096910,0.056809
1873.429000,0.038852,0.049915,1873.429000,0.094583,0.056211
1873.911000,0.036914,0.049224,1873.911000,0.092708,0.055605
1874.393000,0.036511,0.048526,1874.393000,0.091150,0.054991
1874.875000,0.034178,0.047822,1874.875000,0.092712,0.054369
1875.357000,0.035552,0.047111,1875.357000,0.094072,0.053740
1875.839000,0.036516,0.046393,1875.839000,0.094899,0.053103
1876.321000,0.037054,0.045669,1876.321000,0.094980,0.052460
1876.803000,0.038619,0.044939,1876.803000,0.092181,0.051809
1877.285000,0.039589,0.044203,1877.285000,0.090916,0.051151
1877.767000,0.038509,0.043461,1877.767000,0.088907,0.050486
1878.249000,0.035552,0.042713,1878.249000,0.088298,0.049814
1878.731000,0.034258,0.041959,1878.731000,0.085680,0.049135
1879.213000,0.030629,0.041199,1879.213000,0.085173,0.048449
1879.695000,0.027539,0.040434,1879.695000,0.083376,0.047757
1880.177000,0.023865,0.039664,1880.177000,0.080729,0.047058
1880.659000,0.021773,0.038888,1880.659000,0.080327,0.046353
1881.141000,0.020954,0.038106,1881.141000,0.079772,0.045642
1881.623000,0.020357,0.037320,1881.623000,0.079858,0.044924
1882.105000,0.020789,0.036529,1882.105000,0.077278,0.044200
1882.587000,0.021982,0.035732,1882.587000,0.073961,0.043471
1883.069000,0.023583,0.034931,1883.069000,0.071734,0.042735
1883.551000,0.023828,0.034125,1883.551000,0.069541,0.041993
1884.033000,0.023431,0.033315,1884.033000,0.068208,0.041246
1884.515000,0.023541,0.032500,1884.515000,0.066171,0.040493
1884.997000,0.023621,0.031681,1884.997000,0.064610,0.039735
1885.479000,0.022965,0.030858,1885.479000,0.063489,0.038971
1885.961000,0.020418,0.030031,1885.961000,0.066051,0.038203
1886.443000,0.019065,0.029199,1886.443000,0.066031,0.037428
1886.925000,0.016969,0.028364,1886.925000,0.064862,0.036649
1887.407000,0.014448,0.027525,1887.407000,0.066098,0.035865
1887.889000,0.013924,0.026683,1887.889000,0.065288,0.035076
1888.371000,0.012342,0.025837,1888.371000,0.063831,0.034283
1888.853000,0.010654,0.024987,1888.853000,0.061123,0.033485
1889.335000,0.009344,0.024135,1889.335000,0.058796,0.032682
1889.817000,0.006467,0.023279,1889.817000,0.057642,0.031875
1890.299000,0.003655,0.022420,1890.299000,0.056723,0.031064
1890.781000,0.002341,0.021558,1890.781000,0.054928,0.030249
1891.263000,0.000955,0.020694,1891.263000,0.054425,0.029429
1891.745000,-0.000775,0.019827,1891.745000,0.054064,0.028606
1892.227000,-0.003845,0.018957,1892.227000,0.054087,0.027779
1892.709000,-0.006125,0.018085,1892.709000,0.056882,0.026948
1893.191000,-0.008495,0.017211,1893.191000,0.056658,0.026114
1893.673000,-0.012586,0.016335,1893.673000,0.054093,0.025276
1894.155000,-0.014611,0.015456,1894.155000,0.051520,0.024436
1894.637000,-0.015525,0.014576,1894.637000,0.048148,0.023591
1895.119000,-0.016185,0.013694,1895.119000,0.043768,0.022744
1895.601000,-0.015345,0.012810,1895.601000,0.039433,0.021894
1896.083000,-0.015123,0.011925,1896.083000,0.036007,0.021041
1896.565000,-0.015087,0.011039,1896.565000,0.034584,0.020185
1897.047000,-0.013735,0.010151,1897.047000,0.033312,0.019327
1897.529000,-0.011128,0.009262,1897.529000,0.030380,0.018466
1898.011000,-0.010916,0.008372,1898.011000,0.028105,0.017603
1898.493000,-0.010365,0.007481,1898.493000,0.025845,0.016738
1898.975000,-0.010730,0.006590,1898.975000,0.024224,0.015871
1899.457000,-0.012862,0.005698,1899.457000,0.024165,0.015002
1899.939000,-0.017019,0.004805,1899.939000,0.022764,0.014130
1900.421000,-0.021213,0.003912,1900.421000,0.022315,0.013258
1900.903000,-0.023967,0.003019,1900.903000,0.023660,0.012383
1901.385000,-0.026295,0.002125,1901.385000,0.023997,0.011507
1901.867000,-0.026995,0.001232,1901.867000,0.023621,0.010630
1902.349000,-0.027316,0.000339,1902.349000,0.023137,0.009752
1902.831000,-0.027404,-0.000554,1902.831000,0.025284,0.008872
1903.313000,-0.026904,-0.001447,1903.313000,0.027676,0.007991
1903.795000,-0.025872,-0.002339,1903.795000,0.027913,0.007110
1904.277000,-0.024680,-0.003230,1904.277000,0.025870,0.006228
1904.759000,-0.023591,-0.004121,1904.759000,0.023517,0.005345
1905.241000,-0.023492,-0.005010,1905.241000,0.022647,0.004462
1905.723000,-0.024661,-0.005899,1905.723000,0.021652,0.003579
1906.205000,-0.027728,-0.006787,1906.205000,0.018691,0.002695
1906.687000,-0.030725,-0.007673,1906.687000,0.016095,0.001811
1907.169000,-0.033166,-0.008558,1907.169000,0.014686,0.000927
1907.651000,-0.034435,-0.009441,1907.651000,0.011943,0.000044
1908.133000,-0.033234,-0.010323,1908.133000,0.009104,-0.000840
1908.615000,-0.030278,-0.011203,1908.615000,0.005854,-0.001723
1909.097000,-0.026664,-0.012081,1909.097000,0.002711,-0.002605
1909.579000,-0.022757,-0.012957,1909.579000,0.002189,-0.003487
1910.061000,-0.019824,-0.013830,1910.061000,0.000771,-0.004368
1910.543000,-0.017805,-0.014702,1910.543000,-0.001279,-0.005248
1911.025000,-0.016137,-0.015571,1911.025000,-0.002242,-0.006127
1911.507000,-0.014631,-0.016438,1911.507000,-0.002857,-0.007005
1911.989000,-0.016059,-0.017302,1911.989000,-0.001161,-0.007882
1912.471000,-0.018038,-0.018163,1912.471000,-0.000837,-0.008757
1912.953000,-0.019867,-0.019021,1912.953000,-0.002043,-0.009631
1913.435000,-0.020678,-0.019876,1913.435000,-0.002652,-0.010503
1913.917000,-0.022223,-0.020729,1913.917000,-0.002875,-0.011373
1914.399000,-0.020912,-0.021577,1914.399000,-0.002988,-0.012241
1914.881000,-0.019675,-0.022423,1914.881000,-0.002056,-0.013108
1915.363000,-0.018523,-0.023265,1915.363000,-0.001897,-0.013972
1915.845000,-0.018823,-0.024104,1915.845000,-0.002398,-0.014834
1916.327000,-0.018738,-0.024938,1916.327000,-0.001666,-0.015694
1916.809000,-0.020804,-0.025769,1916.809000,-0.002307,-0.016551
1917.291000,-0.023128,-0.026596,1917.291000,-0.003454,-0.017405
1917.773000,-0.025884,-0.027419,1917.773000,-0.003862,-0.018257
1918.255000,-0.028900,-0.028238,1918.255000,-0.004840,-0.019106
1918.737000,-0.031424,-0.029052,1918.737000,-0.003767,-0.019952
1919.219000,-0.033165,-0.029862,1919.219000,-0.004339,-0.020795
1919.701000,-0.034388,-0.030667,1919.701000,-0.002551,-0.021635
1920.183000,-0.033237,-0.031468,1920.183000,-0.002087,-0.022471
1920.665000,-0.032951,-0.032264,1920.665000,-0.002190,-0.023304
1921.147000,-0.031858,-0.033055,1921.147000,-0.002481,-0.024133
1921.629000,-0.033804,-0.033842,1921.629000,-0.004105,-0.024959
1922.111000,-0.035804,-0.034623,1922.111000,-0.005956,-0.025781
1922.593000,-0.036829,-0.035399,1922.593000,-0.009171,-0.026598
1923.075000,-0.038443,-0.036169,1923.075000,-0.013202,-0.027412
1923.557000,-0.042005,-0.036934,1923.557000,-0.018841,-0.028222
1924.039000,-0.045325,-0.037694,1924.039000,-0.024059,-0.029028
1924.521000,-0.048197,-0.038448,1924.521000,-0.028789,-0.029829
1925.003000,-0.049415,-0.039196,1925.003000,-0.033285,-0.030625
1925.485000,-0.049684,-0.039939,1925.485000,-0.035382,-0.031417
1925.967000,-0.050585,-0.040675,1925.967000,-0.037612,-0.032205
1926.449000,-0.050403,-0.041405,1926.449000,-0.037547,-0.032987
1926.931000,-0.049657,-0.042130,1926.931000,-0.039304,-0.033765
1927.413000,-0.050845,-0.042848,1927.413000,-0.038960,-0.034537
1927.895000,-0.052210,-0.043559,1927.895000,-0.038504,-0.035305
1928.377000,-0.053913,-0.044265,1928.377000,-0.039027,-0.036067
1928.859000,-0.054050,-0.044963,1928.859000,-0.039896,-0.036824
1929.341000,-0.053387,-0.045655,1929.341000,-0.040801,-0.037575
1929.823000,-0.054128,-0.046341,1929.823000,-0.042212,-0.038321
1930.305000,-0.053999,-0.047019,1930.305000,-0.042553,-0.039061
1930.787000,-0.053053,-0.047691,1930.787000,-0.041706,-0.039796
1931.269000,-0.051345,-0.048355,1931.269000,-0.041643,-0.040524
1931.751000,-0.048629,-0.049012,1931.751000,-0.042149,-0.041247
1932.233000,-0.044931,-0.049663,1932.233000,-0.042135,-0.041964
1932.715000,-0.042587,-0.050306,1932.715000,-0.043141,-0.042674
1933.197000,-0.040134,-0.050941,1933.197000,-0.043829,-0.043378
1933.679000,-0.039200,-0.051569,1933.679000,-0.044486,-0.044076
1934.161000,-0.037212,-0.052190,1934.161000,-0.044705,-0.044767
1934.643000,-0.035672,-0.052802,1934.643000,-0.045063,-0.045452
1935.125000,-0.035752,-0.053407,1935.125000,-0.047459,-0.046130
1935.607000,-0.034423,-0.054005,1935.607000,-0.048622,-0.046801
1936.089000,-0.035028,-0.054594,1936.089000,-0.049648,-0.047466
1936.571000,-0.036426,-0.055176,1936.571000,-0.049598,-0.048123
1937.053000,-0.037502,-0.055749,1937.053000,-0.049925,-0.048774
1937.535000,-0.039286,-0.056314,1937.535000,-0.050084,-0.049417
1938.017000,-0.038851,-0.056871,1938.017000,-0.049741,-0.050053
1938.499000,-0.040151,-0.057420,1938.499000,-0.049092,-0.050682
1938.981000,-0.040366,-0.057960,1938.981000,-0.048946,-0.051304
1939.463000,-0.042154,-0.058492,1939.463000,-0.047796,-0.051918
1939.945000,-0.044444,-0.059015,1939.945000,-0.046212,-0.052524
1940.427000,-0.045713,-0.059530,1940.427000,-0.045772,-0.053123
1940.909000,-0.044939,-0.060036,1940.909000,-0.045412,-0.053715
1941.391000,-0.045471,-0.060534,1941.391000,-0.043843,-0.054298
1941.873000,-0.046164,-0.061022,1941.873000,-0.043194,-0.054873
1942.355000,-0.045032,-0.061502,1942.355000,-0.042580,-0.055441
1942.837000,-0.046274,-0.061973,1942.837000,-0.044037,-0.056001
1943.319000,-0.046861,-0.062435,1943.319000,-0.044884,-0.056552
1943.801000,-0.046202,-0.062888,1943.801000,-0.047787,-0.057095
1944.283000,-0.046386,-0.063331,1944.283000,-0.049291,-0.057631
1944.765000,-0.044398,-0.063766,1944.765000,-0.050911,-0.058157
1945.247000,-0.043847,-0.064191,1945.247000,-0.053039,-0.058676
1945.729000,-0.044397,-0.064607,1945.729000,-0.056047,-0.059185
1946.211000,-0.044984,-0.065014,1946.211000,-0.057290,-0.059687
1946.693000,-0.045850,-0.065411,1946.693000,-0.057558,-0.060180
1947.175000,-0.046089,-0.065799,1947.175000,-0.057818,-0.060664
1947.657000,-0.047477,-0.066177,1947.657000,-0.057021,-0.061139
1948.139000,-0.049259,-0.066546,1948.139000,-0.056340,-0.061605
1948.621000,-0.049918,-0.066905,1948.621000,-0.055417,-0.062063
1949.103000,-0.050823,-0.067255,1949.103000,-0.055031,-0.062512
1949.585000,-0.053770,-0.067595,1949.585000,-0.053870,-0.062952
1950.067000,-0.054521,-0.067925,1950.067000,-0.052361,-0.063382
1950.549000,-0.055190,-0.068245,1950.549000,-0.051892,-0.063804
1951.031000,-0.056670,-0.068555,1951.031000,-0.051012,-0.064216
1951.513000,-0.056058,-0.068856,1951.513000,-0.051343,-0.064619
1951.995000,-0.053683,-0.069147,1951.995000,-0.051089,-0.065013
1952.477000,-0.054094,-0.069428,1952.477000,-0.052201,-0.065398
1952.959000,-0.052319,-0.069698,1952.959000,-0.049858,-0.065773
1953.441000,-0.051582,-0.069959,1953.441000,-0.047661,-0.066139
1953.923000,-0.050457,-0.070210,1953.923000,-0.046677,-0.066496
1954.405000,-0.051723,-0.070450,1954.405000,-0.045554,-0.066842
1954.887000,-0.050717,-0.070681,1954.887000,-0.047408,-0.067180
1955.369000,-0.048369,-0.070901,1955.369000,-0.049914,-0.067507
1955.851000,-0.045966,-0.071111,1955.851000,-0.052189,-0.067825
1956.333000,-0.044052,-0.071311,1956.333000,-0.054300,-0.068134
1956.815000,-0.041012,-0.071501,1956.815000,-0.055719,-0.068432
1957.297000,-0.039850,-0.071681,1957.297000,-0.057140,-0.068721
1957.779000,-0.038792,-0.071850,1957.779000,-0.057484,-0.069000
1958.261000,-0.038110,-0.072009,1958.261000,-0.056933,-0.069269
1958.743000,-0.036254,-0.072158,1958.743000,-0.057295,-0.069529
1959.225000,-0.037331,-0.072296,1959.225000,-0.056693,-0.069778
1959.707000,-0.037954,-0.072424,1959.707000,-0.052673,-0.070017
1960.189000,-0.039256,-0.072542,1960.189000,-0.051601,-0.070247
1960.671000,-0.040741,-0.072649,1960.671000,-0.050899,-0.070466
1961.153000,-0.043692,-0.072746,1961.153000,-0.051198,-0.070676
1961.635000,-0.044494,-0.072833,1961.635000,-0.052451,-0.070875
1962.117000,-0.044731,-0.072909,1962.117000,-0.053670,-0.071064
1962.599000,-0.044468,-0.072975,1962.599000,-0.054023,-0.071244
1963.081000,-0.044076,-0.073030,1963.081000,-0.054267,-0.071413
1963.563000,-0.042607,-0.073075,1963.563000,-0.053318,-0.071571
1964.045000,-0.041846,-0.073109,1964.045000,-0.053525,-0.071720
1964.527000,-0.042728,-0.073133,1964.527000,-0.053913,-0.071859
1965.009000,-0.042662,-0.073147,1965.009000,-0.053908,-0.071987
1965.491000,-0.041888,-0.073150,1965.491000,-0.054308,-0.072105
1965.973000,-0.043645,-0.073143,1965.973000,-0.054260,-0.072213
1966.455000,-0.045552,-0.073126,1966.455000,-0.055778,-0.072311
1966.937000,-0.047755,-0.073098,1966.937000,-0.056628,-0.072398
1967.419000,-0.048701,-0.073059,1967.419000,-0.057705,-0.072475
1967.901000,-0.048391,-0.073011,1967.901000,-0.058496,-0.072542
1968.383000,-0.047248,-0.072952,1968.383000,-0.058293,-0.072599
1968.865000,-0.045848,-0.072882,1968.865000,-0.057714,-0.072645
1969.347000,-0.044205,-0.072802,1969.347000,-0.056400,-0.072681
1969.829000,-0.041782,-0.072712,1969.829000,-0.056705,-0.072707
1970.311000,-0.038037,-0.072612,1970.311000,-0.055570,-0.072723
1970.793000,-0.035652,-0.072501,1970.793000,-0.054336,-0.072728
1971.275000,-0.034052,-0.072380,1971.275000,-0.053062,-0.072723
1971.757000,-0.031257,-0.072249,1971.757000,-0.050689,-0.072708
1972.239000,-0.030858,-0.072107,1972.239000,-0.048804,-0.072682
1972.721000,-0.032208,-0.071956,1972.721000,-0.048686,-0.072646
1973.203000,-0.032935,-0.071794,1973.203000,-0.050886,-0.072600
1973.685000,-0.033294,-0.071622,1973.685000,-0.048334,-0.072544
1974.167000,-0.032012,-0.071440,1974.167000,-0.048755,-0.072478
1974.649000,-0.030665,-0.071248,1974.649000,-0.048489,-0.072401
1975.131000,-0.028695,-0.071045,1975.131000,-0.049810,-0.072314
1975.613000,-0.028782,-0.070833,1975.613000,-0.049228,-0.072217
1976.095000,-0.029259,-0.070611,1976.095000,-0.048620,-0.072110
1976.577000,-0.028300,-0.070378,1976.577000,-0.049313,-0.071992
1977.059000,-0.027574,-0.070136,1977.059000,-0.048234,-0.071865
1977.541000,-0.028341,-0.069884,1977.541000,-0.045613,-0.071727
1978.023000,-0.030239,-0.069622,1978.023000,-0.045994,-0.071579
1978.505000,-0.032652,-0.069351,1978.505000,-0.045670,-0.071422
1978.987000,-0.035848,-0.069069,1978.987000,-0.045419,-0.071254
1979.469000,-0.039689,-0.068778,1979.469000,-0.047451,-0.071076
1979.951000,-0.042462,-0.068477,1979.951000,-0.050943,-0.070888
1980.433000,-0.046660,-0.068166,1980.433000,-0.051528,-0.070691
1980.915000,-0.049426,-0.067846,1980.915000,-0.052838,-0.070483
1981.397000,-0.052348,-0.067517,1981.397000,-0.054598,-0.070266
1981.879000,-0.054152,-0.067178,1981.879000,-0.056772,-0.070039
1982.361000,-0.056072,-0.066829,1982.361000,-0.056176,-0.069801
1982.843000,-0.056318,-0.066471,1982.843000,-0.055273,-0.069555
1983.325000,-0.055627,-0.066104,1983.325000,-0.054187,-0.069298
1983.807000,-0.053483,-0.065728,1983.807000,-0.053875,-0.069032
1984.289000,-0.051274,-0.065342,1984.289000,-0.051895,-0.068756
1984.771000,-0.047381,-0.064947,1984.771000,-0.052552,-0.068470
1985.253000,-0.042772,-0.064543,1985.253000,-0.050513,-0.068175
1985.735000,-0.037717,-0.064130,1985.735000,-0.049222,-0.067871
1986.217000,-0.034309,-0.063709,1986.217000,-0.048428,-0.067557
1986.699000,-0.031117,-0.063278,1986.699000,-0.046949,-0.067233
1987.181000,-0.028943,-0.062838,1987.181000,-0.045160,-0.066901
1987.663000,-0.025496,-0.062390,1987.663000,-0.043922,-0.066559
1988.145000,-0.021795,-0.061933,1988.145000,-0.044283,-0.066207
1988.627000,-0.017475,-0.061467,1988.627000,-0.044391,-0.065847
1989.109000,-0.013600,-0.060993,1989.109000,-0.043965,-0.065477
1989.591000,-0.011460,-0.060510,1989.591000,-0.043504,-0.065098
1990.073000,-0.009770,-0.060019,1990.073000,-0.043217,-0.064710
1990.555000,-0.005979,-0.059520,1990.555000,-0.043887,-0.064313
1991.037000,-0.002801,-0.059012,1991.037000,-0.043122,-0.063908
1991.519000,0.000538,-0.058496,1991.519000,-0.042649,-0.063493
1992.001000,0.002392,-0.057972,1992.001000,-0.041199,-0.063070
1992.483000,0.002689,-0.057440,1992.483000,-0.040862,-0.062638
1992.965000,0.001076,-0.056900,1992.965000,-0.042007,-0.062197
1993.447000,-0.000514,-0.056352,1993.447000,-0.043302,-0.061747
1993.929000,-0.002882,-0.055797,1993.929000,-0.045159,-0.061289
1994.411000,-0.006561,-0.055233,1994.411000,-0.047172,-0.060823
1994.893000,-0.009482,-0.054662,1994.893000,-0.049145,-0.060348
1995.375000,-0.012368,-0.054084,1995.375000,-0.052731,-0.059865
1995.857000,-0.015806,-0.053498,1995.857000,-0.055347,-0.059374
1996.339000,-0.020748,-0.052904,1996.339000,-0.056626,-0.058874
1996.821000,-0.023569,-0.052304,1996.821000,-0.056364,-0.058367
1997.303000,-0.025383,-0.051696,1997.303000,-0.054892,-0.057851
1997.785000,-0.027630,-0.051081,1997.785000,-0.052688,-0.057327
1998.267000,-0.029172,-0.050459,1998.267000,-0.050870,-0.056796
1998.749000,-0.029477,-0.049830,1998.749000,-0.049851,-0.056257
1999.231000,-0.029286,-0.049195,1999.231000,-0.050128,-0.055710
1999.713000,-0.026375,-0.048552,1999.713000,-0.050275,-0.055155
2000.195000,-0.021795,-0.047903,2000.195000,-0.048308,-0.054593
2000.677000,-0.018780,-0.047248,2000.677000,-0.046382,-0.054023
2001.159000,-0.014877,-0.046586,2001.159000,-0.045102,-0.053446
2001.641000,-0.010334,-0.045917,2001.641000,-0.046934,-0.052862
2002.123000,-0.005129,-0.045243,2002.123000,-0.048655,-0.052270
2002.605000,-0.000641,-0.044562,2002.605000,-0.048313,-0.051672
2003.087000,0.002979,-0.043875,2003.087000,-0.047883,-0.051066
2003.569000,0.005442,-0.043183,2003.569000,-0.045622,-0.050453
2004.051000,0.006279,-0.042484,2004.051000,-0.044552,-0.049834
2004.533000,0.004915,-0.041780,2004.533000,-0.044025,-0.049208
2005.015000,0.003626,-0.041070,2005.015000,-0.044165,-0.048575
2005.497000,0.002481,-0.040354,2005.497000,-0.044155,-0.047935
2005.979000,0.002377,-0.039633,2005.979000,-0.044278,-0.047289
2006.461000,0.003683,-0.038907,2006.461000,-0.044805,-0.046637
2006.943000,0.004280,-0.038176,2006.943000,-0.044654,-0.045978
2007.425000,0.003309,-0.037439,2007.425000,-0.045426,-0.045313
2007.907000,0.004113,-0.036698,2007.907000,-0.045549,-0.044642
2008.389000,0.004515,-0.035951,2008.389000,-0.046877,-0.043965
2008.871000,0.006053,-0.035200,2008.871000,-0.045763,-0.043282
2009.353000,0.008095,-0.034444,2009.353000,-0.044021,-0.042594
2009.835000,0.009957,-0.033684,2009.835000,-0.043943,-0.041899
2010.317000,0.009134,-0.032919,2010.317000,-0.044206,-0.041199
2010.799000,0.008881,-0.032150,2010.799000,-0.045185,-0.040494
2011.281000,0.007691,-0.031376,2011.281000,-0.045067,-0.039783
2011.763000,0.007890,-0.030599,2011.763000,-0.045521,-0.039067
2012.245000,0.008318,-0.029817,2012.245000,-0.046016,-0.038346
2012.727000,0.008003,-0.029031,2012.727000,-0.046469,-0.037619
2013.209000,0.008156,-0.028242,2013.209000,-0.046990,-0.036888
2013.691000,0.006836,-0.027449,2013.691000,-0.047025,-0.036152
2014.173000,0.005784,-0.026653,2014.173000,-0.046196,-0.035411
2014.655000,0.007384,-0.025853,2014.655000,-0.043770,-0.034665
2015.137000,0.009456,-0.025050,2015.137000,-0.043665,-0.033915
2015.619000,0.011064,-0.024244,2015.619000,-0.041373,-0.033160
2016.101000,0.013626,-0.023434,2016.101000,-0.038456,-0.032401
2016.583000,0.015402,-0.022622,2016.583000,-0.036601,-0.031638
2017.065000,0.016435,-0.021806,2017.065000,-0.036227,-0.030871
2017.547000,0.019103,-0.020988,2017.547000,-0.035674,-0.030099
2018.029000,0.021128,-0.020168,2018.029000,-0.035740,-0.029324
2018.511000,0.022678,-0.019345,2018.511000,-0.035823,-0.028545
2018.993000,0.024144,-0.018519,2018.993000,-0.035778,-0.027763
2019.475000,0.025801,-0.017692,2019.475000,-0.034989,-0.026976
2019.957000,0.027896,-0.016862,2019.957000,-0.034098,-0.026187
2020.439000,0.029836,-0.016030,2020.439000,-0.035085,-0.025394
2020.921000,0.031433,-0.015197,2020.921000,-0.034779,-0.024598
2021.403000,0.034839,-0.014361,2021.403000,-0.035066,-0.023799
2021.885000,0.037392,-0.013524,2021.885000,-0.035293,-0.022997
2022.367000,0.038153,-0.012686,2022.367000,-0.032313,-0.022192
2022.849000,0.039311,-0.011846,2022.849000,-0.028966,-0.021384
2023.331000,0.039999,-0.011004,2023.331000,-0.026364,-0.020573
2023.813000,0.040968,-0.010162,2023.813000,-0.025745,-0.019761
2024.295000,0.041194,-0.009319,2024.295000,-0.023924,-0.018945
2024.777000,0.040143,-0.008474,2024.777000,-0.021867,-0.018128
2025.259000,0.039647,-0.007629,2025.259000,-0.020506,-0.017308
2025.741000,0.039975,-0.006783,2025.741000,-0.019281,-0.016487
2026.223000,0.041395,-0.005937,2026.223000,-0.018145,-0.015663
2026.705000,0.041877,-0.005090,2026.705000,-0.019251,-0.014838
2027.187000,0.042150,-0.004243,2027.187000,-0.021232,-0.014011
2027.669000,0.042897,-0.003396,2027.669000,-0.022049,-0.013182
2028.151000,0.044470,-0.002548,2028.151000,-0.023290,-0.012352
2028.633000,0.046290,-0.001701,2028.633000,-0.023810,-0.011521
2029.115000,0.047261,-0.000854,2029.115000,-0.024819,-0.010688
2029.597000,0.047678,-0.000007,2029.597000,-0.025652,-0.009854
2030.079000,0.047576,0.000839,2030.079000,-0.027777,-0.009020
2030.561000,0.048445,0.001685,2030.561000,-0.029048,-0.008184
2031.043000,0.049453,0.002530,2031.043000,-0.028315,-0.007348
2031.525000,0.049885,0.003374,2031.525000,-0.027542,-0.006512
2032.007000,0.052015,0.004218,2032.007000,-0.028180,-0.005674
2032.489000,0.052726,0.005060,2032.489000,-0.025835,-0.004837
2032.971000,0.052436,0.005901,2032.971000,-0.022624,-0.003999
2033.453000,0.051943,0.006741,2033.453000,-0.021031,-0.003161
2033.935000,0.051928,0.007580,2033.935000,-0.017620,-0.002323
2034.417000,0.053637,0.008417,2034.417000,-0.013704,-0.001485
2034.899000,0.053302,0.009252,2034.899000,-0.012476,-0.000648
2035.381000,0.054404,0.010086,2035.381000,-0.010020,0.000189
2035.863000,0.054843,0.010917,2035.863000,-0.007874,0.001026
2036.345000,0.055275,0.011747,2036.345000,-0.007440,0.001862
2036.827000,0.056524,0.012575,2036.827000,-0.007442,0.002697
2037.309000,0.059348,0.013400,2037.309000,-0.006055,0.003532
2037.791000,0.062149,0.014223,2037.791000,-0.004653,0.004365
2038.273000,0.063808,0.015043,2038.273000,-0.003570,0.005198
2038.755000,0.066218,0.015861,2038.755000,-0.001690,0.006029
2039.237000,0.066765,0.016677,2039.237000,0.001313,0.006859
2039.719000,0.067174,0.017489,2039.719000,0.005928,0.007688
2040.201000,0.068586,0.018299,2040.201000,0.008510,0.008515
2040.683000,0.070056,0.019105,2040.683000,0.011648,0.009340
2041.165000,0.069488,0.019908,2041.165000,0.014651,0.010163
2041.647000,0.068855,0.020708,2041.647000,0.017484,0.010985
2042.129000,0.070107,0.021505,2042.129000,0.021804,0.011804
2042.611000,0.071932,0.022298,2042.611000,0.025500,0.012622
2043.093000,0.074101,0.023087,2043.093000,0.026584,0.013437
2043.575000,0.075012,0.023873,2043.575000,0.028034,0.014250
2044.057000,0.075962,0.024655,2044.057000,0.028950,0.015060
2044.539000,0.077284,0.025433,2044.539000,0.029078,0.015868
2045.021000,0.077795,0.026206,2045.021000,0.029155,0.016673
2045.503000,0.078252,0.026976,2045.503000,0.028417,0.017475
2045.985000,0.078099,0.027741,2045.985000,0.027855,0.018274
2046.467000,0.077872,0.028502,2046.467000,0.030101,0.019070
2046.949000,0.077163,0.029259,2046.949000,0.031974,0.019863
2047.431000,0.076719,0.030011,2047.431000,0.032993,0.020652
2047.913000,0.074942,0.030758,2047.913000,0.035008,0.021439
2048.395000,0.074544,0.031500,2048.395000,0.038023,0.022221
2048.877000,0.073834,0.032237,2048.877000,0.040380,0.023000
2049.359000,0.073896,0.032970,2049.359000,0.043146,0.023776
2049.841000,0.072556,0.033697,2049.841000,0.044001,0.024547
2050.323000,0.071080,0.034419,2050.323000,0.045516,0.025315
2050.805000,0.070917,0.035135,2050.805000,0.047855,0.026078
2051.287000,0.069837,0.035846,2051.287000,0.050520,0.026838
2051.769000,0.068777,0.036552,2051.769000,0.053022,0.027593
2052.251000,0.068504,0.037252,2052.251000,0.054621,0.028343
2052.733000,0.067811,0.037946,2052.733000,0.058113,0.029089
2053.215000,0.068767,0.038635,2053.215000,0.062762,0.029831
2053.697000,0.070741,0.039317,2053.697000,0.065678,0.030568
2054.179000,0.073334,0.039993,2054.179000,0.067182,0.031300
2054.661000,0.074928,0.040664,2054.661000,0.069519,0.032027
2055.143000,0.076639,0.041328,2055.143000,0.071020,0.032749
2055.625000,0.079063,0.041985,2055.625000,0.071153,0.033466
2056.107000,0.082224,0.042637,2056.107000,0.070169,0.034178
2056.589000,0.084106,0.043281,2056.589000,0.068671,0.034884
2057.071000,0.086255,0.043920,2057.071000,0.068799,0.035586
2057.553000,0.085730,0.044551,2057.553000,0.068866,0.036281
2058.035000,0.084702,0.045176,2058.035000,0.068506,0.036971
2058.517000,0.083379,0.045794,2058.517000,0.065967,0.037655
2058.999000,0.082352,0.046405,2058.999000,0.065300,0.038334
2059.481000,0.080263,0.047009,2059.481000,0.066072,0.039006
2059.963000,0.079009,0.047605,2059.963000,0.066115,0.039673
2060.445000,0.077201,0.048195,2060.445000,0.066215,0.040333
2060.927000,0.075439,0.048777,2060.927000,0.068359,0.040988
2061.409000,0.073361,0.049352,2061.409000,0.069342,0.041636
2061.891000,0.072261,0.049920,2061.891000,0.068995,0.042277
2062.373000,0.072733,0.050480,2062.373000,0.070177,0.042913
2062.855000,0.073928,0.051032,2062.855000,0.071076,0.043541
2063.337000,0.075720,0.051577,2063.337000,0.072604,0.044163
2063.819000,0.077953,0.052114,2063.819000,0.074198,0.044779
2064.301000,0.079187,0.052643,2064.301000,0.076214,0.045387
2064.783000,0.082259,0.053164,2064.783000,0.077856,0.045989
2065.265000,0.083990,0.053677,2065.265000,0.078484,0.046584
2065.747000,0.086165,0.054183,2065.747000,0.080773,0.047171
2066.229000,0.087571,0.054680,2066.229000,0.081864,0.047752
2066.711000,0.089160,0.055169,2066.711000,0.081571,0.048325
2067.193000,0.090767,0.055649,2067.193000,0.081888,0.048891
2067.675000,0.092117,0.056122,2067.675000,0.082149,0.049450
2068.157000,0.092353,0.056586,2068.157000,0.079979,0.050001
2068.639000,0.091145,0.057041,2068.639000,0.077781,0.050545
2069.121000,0.091224,0.057488,2069.121000,0.076993,0.051081
2069.603000,0.090553,0.057927,2069.603000,0.074988,0.051609
2070.085000,0.091225,0.058357,2070.085000,0.072934,0.052130
2070.567000,0.091467,0.058778,2070.567000,0.070462,0.052643
2071.049000,0.090705,0.059190,2071.049000,0.069828,0.053148
2071.531000,0.088862,0.059594,2071.531000,0.068281,0.053645
2072.013000,0.086525,0.059989,2072.013000,0.066831,0.054134
2072.495000,0.085006,0.060375,2072.495000,0.065335,0.054615
2072.977000,0.084395,0.060752,2072.977000,0.065006,0.055087
2073.459000,0.083999,0.061120,2073.459000,0.064364,0.055552
2073.941000,0.084125,0.061479,2073.941000,0.064916,0.056008
2074.423000,0.084920,0.061828,2074.423000,0.066220,0.056456
2074.905000,0.085679,0.062169,2074.905000,0.067065,0.056895
2075.387000,0.085468,0.062500,2075.387000,0.067775,0.057327
2075.869000,0.086924,0.062823,2075.869000,0.069418,0.057749
2076.351000,0.087211,0.063135,2076.351000,0.070164,0.058163
2076.833000,0.089351,0.063439,2076.833000,0.070939,0.058568
2077.315000,0.091582,0.063733,2077.315000,0.072038,0.058965
2077.797000,0.091724,0.064018,2077.797000,0.073001,0.059353
2078.279000,0.089717,0.064293,2078.279000,0.073101,0.059732
2078.761000,0.088881,0.064559,2078.761000,0.074579,0.060102
2079.243000,0.088701,0.064816,2079.243000,0.074720,0.060463
2079.725000,0.086959,0.065063,2079.725000,0.076038,0.060815
2080.207000,0.083965,0.065300,2080.207000,0.077819,0.061159
2080.689000,0.081342,0.065528,2080.689000,0.080613,0.061493
2081.171000,0.081932,0.065746,2081.171000,0.083021,0.061818
2081.653000,0.081325,0.065954,2081.653000,0.084345,0.062134
2082.135000,0.080175,0.066153,2082.135000,0.084847,0.062441
2082.617000,0.080474,0.066342,2082.617000,0.085813,0.062739
2083.099000,0.079540,0.066521,2083.099000,0.084665,0.063027
2083.581000,0.079460,0.066690,2083.581000,0.083920,0.063307
2084.063000,0.079757,0.066850,2084.063000,0.082659,0.063576
2084.545000,0.076925,0.067000,2084.545000,0.078921,0.063837
2085.027000,0.075263,0.067140,2085.027000,0.076061,0.064088
2085.509000,0.074185,0.067270,2085.509000,0.075434,0.064330
2085.991000,0.073439,0.067391,2085.991000,0.073430,0.064562
2086.473000,0.070946,0.067501,2086.473000,0.072012,0.064785
2086.955000,0.069418,0.067602,2086.955000,0.074496,0.064998
2087.437000,0.070138,0.067693,2087.437000,0.077719,0.065202
2087.919000,0.072455,0.067773,2087.919000,0.079050,0.065396
2088.401000,0.073361,0.067844,2088.401000,0.079640,0.065580
2088.883000,0.073251,0.067906,2088.883000,0.080589,0.065755
2089.365000,0.073648,0.067957,2089.365000,0.082817,0.065921
2089.847000,0.073514,0.067998,2089.847000,0.081391,0.066076
2090.329000,0.073873,0.068029,2090.329000,0.080814,0.066222
2090.811000,0.074693,0.068051,2090.811000,0.080225,0.066358
2091.293000,0.071979,0.068062,2091.293000,0.077031,0.066485
2091.775000,0.069687,0.068064,2091.775000,0.074218,0.066602
2092.257000,0.067747,0.068056,2092.257000,0.073617,0.066709
2092.739000,0.065332,0.068038,2092.739000,0.071447,0.066807
2093.221000,0.064717,0.068010,2093.221000,0.068080,0.066894
2093.703000,0.065379,0.067972,2093.703000,0.067543,0.066972
2094.185000,0.066134,0.067924,2094.185000,0.065468,0.067040
2094.667000,0.067417,0.067866,2094.667000,0.061785,0.067099
2095.149000,0.067626,0.067799,2095.149000,0.060434,0.067147
2095.631000,0.066256,0.067721,2095.631000,0.061059,0.067186
2096.113000,0.067131,0.067634,2096.113000,0.062502,0.067215
2096.595000,0.069134,0.067537,2096.595000,0.062180,0.067234
2097.077000,0.069676,0.067430,2097.077000,0.064921,0.067244
2097.559000,0.068822,0.067314,2097.559000,0.066695,0.067244
2098.041000,0.066490,0.067188,2098.041000,0.064800,0.067234
2098.523000,0.063353,0.067052,2098.523000,0.063525,0.067214
2099.005000,0.061997,0.066906,2099.005000,0.065421,0.067184
2099.487000,0.059729,0.066751,2099.487000,0.065475,0.067145
2099.969000,0.059063,0.066586,2099.969000,0.062827,0.067096
2100.451000,0.057121,0.066411,2100.451000,0.061295,0.067037
2100.933000,0.054635,0.066227,2100.933000,0.059818,0.066969
2101.415000,0.053628,0.066033,2101.415000,0.059565,0.066890
2101.897000,0.051825,0.065830,2101.897000,0.061224,0.066802
2102.379000,0.049904,0.065617,2102.379000,0.061691,0.066705
2102.861000,0.049667,0.065395,2102.861000,0.063088,0.066598
2103.343000,0.048826,0.065163,2103.343000,0.065471,0.066481
2103.825000,0.047179,0.064922,2103.825000,0.067032,0.066354
2104.307000,0.047182,0.064672,2104.307000,0.065325,0.066218
2104.789000,0.047459,0.064412,2104.789000,0.062375,0.066073
2105.271000,0.046291,0.064143,2105.271000,0.061231,0.065918
2105.753000,0.046902,0.063865,2105.753000,0.061711,0.065753
2106.235000,0.046233,0.063578,2106.235000,0.059724,0.065579
2106.717000,0.045070,0.063281,2106.717000,0.055712,0.065396
2107.199000,0.044286,0.062976,2107.199000,0.052274,0.065203
2107.681000,0.042922,0.062661,2107.681000,0.048811,0.065000
2108.163000,0.041773,0.062337,2108.163000,0.046433,0.064789
2108.645000,0.040839,0.062005,2108.645000,0.044076,0.064567
2109.127000,0.039656,0.061664,2109.127000,0.040823,0.064337
2109.609000,0.040074,0.061314,2109.609000,0.039705,0.064098
2110.091000,0.039791,0.060955,2110.091000,0.038775,0.063849
2110.573000,0.040670,0.060587,2110.573000,0.037875,0.063591
2111.055000,0.041227,0.060211,2111.055000,0.038371,0.063324
2111.537000,0.040812,0.059826,2111.537000,0.039793,0.063048
2112.019000,0.040543,0.059432,2112.019000,0.044547,0.062762
2112.501000,0.040830,0.059030,2112.501000,0.048034,0.062468
2112.983000,0.038905,0.058620,2112.983000,0.052148,0.062165
2113.465000,0.036409,0.058201,2113.465000,0.055140,0.061853
2113.947000,0.033418,0.057774,2113.947000,0.056547,0.061532
2114.429000,0.029600,0.057339,2114.429000,0.059018,0.061203
2114.911000,0.027300,0.056896,2114.911000,0.060533,0.060864
2115.393000,0.024595,0.056445,2115.393000,0.059976,0.060517
2115.875000,0.022382,0.055985,2115.875000,0.057413,0.060161
2116.357000,0.022163,0.055518,2116.357000,0.054362,0.059797
2116.839000,0.020984,0.055043,2116.839000,0.050318,0.059424
2117.321000,0.019659,0.054560,2117.321000,0.047516,0.059043
2117.803000,0.018985,0.054069,2117.803000,0.047094,0.058653
2118.285000,0.018212,0.053570,2118.285000,0.044598,0.058255
2118.767000,0.016896,0.053064,2118.767000,0.043719,0.057848
2119.249000,0.015645,0.052551,2119.249000,0.042410,0.057434
2119.731000,0.013201,0.052030,2119.731000,0.043861,0.057011
2120.213000,0.011667,0.051502,2120.213000,0.042283,0.056580
2120.695000,0.010850,0.050966,2120.695000,0.039470,0.056141
2121.177000,0.009776,0.050424,2121.177000,0.037786,0.055694
2121.659000,0.009956,0.049874,2121.659000,0.035675,0.055239
2122.141000,0.009062,0.049317,2122.141000,0.032713,0.054777
2122.623000,0.009461,0.048753,2122.623000,0.029749,0.054306
2123.105000,0.010295,0.048183,2123.105000,0.028404,0.053828
2123.587000,0.010010,0.047605,2123.587000,0.026934,0.053342
2124.069000,0.009974,0.047021,2124.069000,0.027284,0.052849
2124.551000,0.011794,0.046431,2124.551000,0.029795,0.052348
2125.033000,0.012259,0.045834,2125.033000,0.030006,0.051840
2125.515000,0.013062,0.045230,2125.515000,0.031221,0.051325
2125.997000,0.014775,0.044620,2125.997000,0.035912,0.050802
2126.479000,0.016269,0.044004,2126.479000,0.038526,0.050273
2126.961000,0.018211,0.043382,2126.961000,0.038711,0.049736
2127.443000,0.019231,0.042754,2127.443000,0.037950,0.049192
2127.925000,0.019293,0.042120,2127.925000,0.037367,0.048641
2128.407000,0.017789,0.041480,2128.407000,0.037302,0.048083
2128.889000,0.015039,0.040834,2128.889000,0.036659,0.047519
2129.371000,0.012148,0.040183,2129.371000,0.036319,0.046948
2129.853000,0.007837,0.039526,2129.853000,0.035908,0.046370
2130.335000,0.003108,0.038863,2130.335000,0.035279,0.045786
2130.817000,0.000157,0.038196,2130.817000,0.036407,0.045196
2131.299000,-0.001466,0.037523,2131.299000,0.038285,0.044599
2131.781000,-0.004208,0.036845,2131.781000,0.038718,0.043996
2132.263000,-0.006368,0.036161,2132.263000,0.038497,0.043387
2132.745000,-0.008019,0.035473,2132.745000,0.039078,0.042772
2133.227000,-0.009480,0.034780,2133.227000,0.037434,0.042151
2133.709000,-0.010403,0.034082,2133.709000,0.036862,0.041524
2134.191000,-0.010464,0.033380,2134.191000,0.036412,0.040891
2134.673000,-0.011116,0.032673,2134.673000,0.036480,0.040252
2135.155000,-0.012888,0.031962,2135.155000,0.036360,0.039608
2135.637000,-0.013940,0.031246,2135.637000,0.036741,0.038959
2136.119000,-0.015261,0.030526,2136.119000,0.037082,0.038304
2136.601000,-0.017607,0.029802,2136.601000,0.036387,0.037644
2137.083000,-0.019290,0.029074,2137.083000,0.036393,0.036979
2137.565000,-0.019314,0.028342,2137.565000,0.037561,0.036308
2138.047000,-0.020732,0.027606,2138.047000,0.038139,0.035633
2138.529000,-0.023659,0.026867,2138.529000,0.037429,0.034953
2139.011000,-0.026017,0.026124,2139.011000,0.035459,0.034268
2139.493000,-0.027744,0.025377,2139.493000,0.034585,0.033578
2139.975000,-0.028057,0.024627,2139.975000,0.033471,0.032883
2140.457000,-0.029085,0.023874,2140.457000,0.033016,0.032185
2140.939000,-0.029738,0.023118,2140.939000,0.033356,0.031482
2141.421000,-0.030005,0.022359,2141.421000,0.033216,0.030774
2141.903000,-0.029956,0.021597,2141.903000,0.032942,0.030062
2142.385000,-0.029155,0.020832,2142.385000,0.031341,0.029347
2142.867000,-0.028626,0.020064,2142.867000,0.028773,0.028627
2143.349000,-0.028695,0.019294,2143.349000,0.025436,0.027904
2143.831000,-0.029016,0.018521,2143.831000,0.022022,0.027177
2144.313000,-0.028979,0.017746,2144.313000,0.018851,0.026446
2144.795000,-0.030419,0.016969,2144.795000,0.015490,0.025711
2145.277000,-0.031486,0.016190,2145.277000,0.013480,0.024974
2145.759000,-0.032837,0.015409,2145.759000,0.012112,0.024232
2146.241000,-0.033547,0.014625,2146.241000,0.011731,0.023488
2146.723000,-0.034084,0.013840,2146.723000,0.009211,0.022741
2147.205000,-0.035729,0.013054,2147.205000,0.007957,0.021990
2147.687000,-0.035680,0.012266,2147.687000,0.010085,0.021237
2148.169000,-0.034366,0.011476,2148.169000,0.012573,0.020481
2148.651000,-0.033889,0.010685,2148.651000,0.013694,0.019723
2149.133000,-0.032887,0.009893,2149.133000,0.012402,0.018961
2149.615000,-0.030988,0.009100,2149.615000,0.011158,0.018198
2150.097000,-0.030085,0.008306,2150.097000,0.010138,0.017432
2150.579000,-0.029316,0.007511,2150.579000,0.008913,0.016664
2151.061000,-0.027517,0.006716,2151.061000,0.008217,0.015894
2151.543000,-0.025155,0.005919,2151.543000,0.007774,0.015121
2152.025000,-0.022873,0.005123,2152.025000,0.008206,0.014347
2152.507000,-0.021331,0.004326,2152.507000,0.006984,0.013572
2152.989000,-0.020353,0.003528,2152.989000,0.004243,0.012794
2153.471000,-0.020799,0.002731,2153.471000,0.000562,0.012015
2153.953000,-0.021029,0.001933,2153.953000,-0.000169,0.011235
2154.435000,-0.020844,0.001136,2154.435000,0.000674,0.010453
2154.917000,-0.022370,0.000339,2154.917000,0.000359,0.009671
2155.399000,-0.025566,-0.000458,2155.399000,-0.001854,0.008887
2155.881000,-0.028749,-0.001255,2155.881000,-0.004295,0.008102
2156.363000,-0.031262,-0.002051,2156.363000,-0.003587,0.007316
2156.845000,-0.034273,-0.002846,2156.845000,-0.002502,0.006530
2157.327000,-0.036032,-0.003640,2157.327000,-0.001546,0.005743
2157.809000,-0.035432,-0.004434,2157.809000,-0.001232,0.004955
2158.291000,-0.034788,-0.005226,2158.291000,-0.002100,0.004168
2158.773000,-0.035054,-0.006017,2158.773000,-0.002442,0.003380
2159.255000,-0.033952,-0.006807,2159.255000,-0.004358,0.002591
2159.737000,-0.033967,-0.007596,2159.737000,-0.005787,0.001803
2160.219000,-0.034879,-0.008383,2160.219000,-0.006752,0.001015
2160.701000,-0.035514,-0.009169,2160.701000,-0.007711,0.000227
2161.183000,-0.036551,-0.009953,2161.183000,-0.010167,-0.000561
2161.665000,-0.037758,-0.010735,2161.665000,-0.012841,-0.001348
2162.147000,-0.038907,-0.011515,2162.147000,-0.014592,-0.002135
2162.629000,-0.039833,-0.012293,2162.629000,-0.015026,-0.002921
2163.111000,-0.039795,-0.013069,2163.111000,-0.013417,-0.003706
2163.593000,-0.038533,-0.013843,2163.593000,-0.014286,-0.004490
2164.075000,-0.037583,-0.014614,2164.075000,-0.016091,-0.005274
2164.557000,-0.036482,-0.015383,2164.557000,-0.018051,-0.006056
2165.039000,-0.036849,-0.016149,2165.039000,-0.020167,-0.006837
2165.521000,-0.037576,-0.016912,2165.521000,-0.022599,-0.007617
2166.003000,-0.038538,-0.017673,2166.003000,-0.026693,-0.008395
2166.485000,-0.040242,-0.018430,2166.485000,-0.030285,-0.009172
2166.967000,-0.043020,-0.019185,2166.967000,-0.034747,-0.009947
2167.449000,-0.046188,-0.019936,2167.449000,-0.037812,-0.010720
2167.931000,-0.049824,-0.020684,2167.931000,-0.040116,-0.011491
2168.413000,-0.051655,-0.021429,2168.413000,-0.042218,-0.012261
2168.895000,-0.052850,-0.022170,2168.895000,-0.043422,-0.013028
2169.377000,-0.054429,-0.022908,2169.377000,-0.042154,-0.013793
2169.859000,-0.054065,-0.023642,2169.859000,-0.038311,-0.014555
2170.341000,-0.052419,-0.024372,2170.341000,-0.034823,-0.015316
2170.823000,-0.052330,-0.025098,2170.823000,-0.032698,-0.016073
2171.305000,-0.049903,-0.025821,2171.305000,-0.030887,-0.016828
2171.787000,-0.045854,-0.026539,2171.787000,-0.029433,-0.017580
2172.269000,-0.042950,-0.027252,2172.269000,-0.028575,-0.018330
2172.751000,-0.040297,-0.027962,2172.751000,-0.028028,-0.019076
2173.233000,-0.035835,-0.028667,2173.233000,-0.029168,-0.019819
2173.715000,-0.033317,-0.029368,2173.715000,-0.031080,-0.020559
2174.197000,-0.031835,-0.030064,2174.197000,-0.031326,-0.021295
2174.679000,-0.030278,-0.030755,2174.679000,-0.033572,-0.022029
2175.161000,-0.028989,-0.031441,2175.161000,-0.036332,-0.022758
2175.643000,-0.029290,-0.032123,2175.643000,-0.038570,-0.023484
2176.125000,-0.031493,-0.032799,2176.125000,-0.039081,-0.024207
2176.607000,-0.032195,-0.033471,2176.607000,-0.038986,-0.024925
2177.089000,-0.034119,-0.034137,2177.089000,-0.040315,-0.025640
2177.571000,-0.037107,-0.034797,2177.571000,-0.042435,-0.026350
2178.053000,-0.038569,-0.035453,2178.053000,-0.042048,-0.027056
2178.535000,-0.041467,-0.036103,2178.535000,-0.039891,-0.027758
2179.017000,-0.044041,-0.036747,2179.017000,-0.038231,-0.028456
2179.499000,-0.045324,-0.037386,2179.499000,-0.037510,-0.029149
2179.981000,-0.046734,-0.038018,2179.981000,-0.038035,-0.029838
2180.463000,-0.048788,-0.038645,2180.463000,-0.038188,-0.030522
2180.945000,-0.050263,-0.039266,2180.945000,-0.037465,-0.031201
2181.427000,-0.050198,-0.039881,2181.427000,-0.036779,-0.031876
2181.909000,-0.048268,-0.040490,2181.909000,-0.035438,-0.032545
2182.391000,-0.046506,-0.041093,2182.391000,-0.034391,-0.033210
2182.873000,-0.045407,-0.041689,2182.873000,-0.033997,-0.033869
2183.355000,-0.042244,-0.042279,2183.355000,-0.033543,-0.034523
2183.837000,-0.040881,-0.042862,2183.837000,-0.033161,-0.035172
2184.319000,-0.040726,-0.043439,2184.319000,-0.032680,-0.035816
2184.801000,-0.040897,-0.044010,2184.801000,-0.031605,-0.036454
2185.283000,-0.041050,-0.044573,2185.283000,-0.031276,-0.037086
2185.765000,-0.041016,-0.045130,2185.765000,-0.031300,-0.037713
2186.247000,-0.040923,-0.045680,2186.247000,-0.031440,-0.038334
2186.729000,-0.043183,-0.046223,2186.729000,-0.032485,-0.038949
2187.211000,-0.044194,-0.046759,2187.211000,-0.034605,-0.039558
2187.693000,-0.045725,-0.047288,2187.693000,-0.036357,-0.040161
2188.175000,-0.045563,-0.047809,2188.175000,-0.037737,-0.040758
2188.657000,-0.043661,-0.048324,2188.657000,-0.038628,-0.041349
2189.139000,-0.043649,-0.048831,2189.139000,-0.040754,-0.041933
2189.621000,-0.045164,-0.049330,2189.621000,-0.043198,-0.042511
2190.103000,-0.044477,-0.049823,2190.103000,-0.044682,-0.043083
2190.585000,-0.044839,-0.050307,2190.585000,-0.047145,-0.043648
2191.067000,-0.046040,-0.050784,2191.067000,-0.049365,-0.044207
2191.549000,-0.046022,-0.051254,2191.549000,-0.052082,-0.044759
2192.031000,-0.045079,-0.051716,2192.031000,-0.053762,-0.045304
2192.513000,-0.044980,-0.052169,2192.513000,-0.054632,-0.045842
2192.995000,-0.044944,-0.052615,2192.995000,-0.055853,-0.046373
2193.477000,-0.045491,-0.053054,2193.477000,-0.056942,-0.046898
2193.959000,-0.044278,-0.053484,2193.959000,-0.059018,-0.047415
2194.441000,-0.043363,-0.053906,2194.441000,-0.058604,-0.047925
2194.923000,-0.041784,-0.054320,2194.923000,-0.056570,-0.048428
2195.405000,-0.039282,-0.054726,2195.405000,-0.051676,-0.048924
2195.887000,-0.038059,-0.055124,2195.887000,-0.047350,-0.049412
2196.369000,-0.037864,-0.055513,2196.369000,-0.044027,-0.049893
2196.851000,-0.036418,-0.055894,2196.851000,-0.040884,-0.050367
2197.333000,-0.034651,-0.056267,2197.333000,-0.040761,-0.050833
2197.815000,-0.034723,-0.056631,2197.815000,-0.041422,-0.051291
2198.297000,-0.035023,-0.056987,2198.297000,-0.043869,-0.051742
2198.779000,-0.034822,-0.057334,2198.779000,-0.045110,-0.052185
2199.261000,-0.034727,-0.057673,2199.261000,-0.047062,-0.052620
2199.743000,-0.035930,-0.058003,2199.743000,-0.049195,-0.053047
2200.225000,-0.036622,-0.058325,2200.225000,-0.050987,-0.053467
2200.707000,-0.037740,-0.058638,2200.707000,-0.053147,-0.053878
2201.189000,-0.040147,-0.058942,2201.189000,-0.050939,-0.054282
2201.671000,-0.042868,-0.059237,2201.671000,-0.047613,-0.054677
2202.153000,-0.044001,-0.059524,2202.153000,-0.043689,-0.055064
2202.635000,-0.046759,-0.059801,2202.635000,-0.041501,-0.055443
2203.117000,-0.049552,-0.060070,2203.117000,-0.041555,-0.055814
2203.599000,-0.051035,-0.060330,2203.599000,-0.042256,-0.056177
2204.081000,-0.052311,-0.060581,2204.081000,-0.045081,-0.056531
2204.563000,-0.054845,-0.060823,2204.563000,-0.047188,-0.056877
2205.045000,-0.055436,-0.061055,2205.045000,-0.048307,-0.057214
2205.527000,-0.054898,-0.061279,2205.527000,-0.048950,-0.057543
2206.009000,-0.052166,-0.061494,2206.009000,-0.050889,-0.057863
2206.491000,-0.050603,-0.061700,2206.491000,-0.053293,-0.058175
2206.973000,-0.050004,-0.061896,2206.973000,-0.055590,-0.058478
2207.455000,-0.050063,-0.062083,2207.455000,-0.057246,-0.058773
2207.937000,-0.048540,-0.062262,2207.937000,-0.057263,-0.059059
2208.419000,-0.047654,-0.062431,2208.419000,-0.058259,-0.059336
2208.901000,-0.046969,-0.062590,2208.901000,-0.059398,-0.059604
2209.383000,-0.046428,-0.062741,2209.383000,-0.059078,-0.059864
2209.865000,-0.044774,-0.062882,2209.865000,-0.060151,-0.060115
2210.347000,-0.043990,-0.063014,2210.347000,-0.061917,-0.060357
2210.829000,-0.043872,-0.063137,2210.829000,-0.062934,-0.060590
2211.311000,-0.043827,-0.063250,2211.311000,-0.060891,-0.060814
2211.793000,-0.043289,-0.063354,2211.793000,-0.059044,-0.061029
2212.275000,-0.043006,-0.063449,2212.275000,-0.059091,-0.061236
2212.757000,-0.042035,-0.063534,2212.757000,-0.059829,-0.061433
2213.239000,-0.042388,-0.063610,2213.239000,-0.059102,-0.061621
2213.721000,-0.044010,-0.063677,2213.721000,-0.056661,-0.061800
2214.203000,-0.045586,-0.063734,2214.203000,-0.055749,-0.061970
2214.685000,-0.045485,-0.063782,2214.685000,-0.055685,-0.062131
2215.167000,-0.046207,-0.063821,2215.167000,-0.055749,-0.062283
2215.649000,-0.046795,-0.063850,2215.649000,-0.056217,-0.062426
2216.131000,-0.045091,-0.063870,2216.131000,-0.056006,-0.062560
2216.613000,-0.043632,-0.063881,2216.613000,-0.057212,-0.062684
2217.095000,-0.043247,-0.063882,2217.095000,-0.057250,-0.062800
2217.577000,-0.040928,-0.063874,2217.577000,-0.056167,-0.062906
2218.059000,-0.039300,-0.063856,2218.059000,-0.055913,-0.063003
2218.541000,-0.039824,-0.063830,2218.541000,-0.056415,-0.063091
2219.023000,-0.039059,-0.063793,2219.023000,-0.055800,-0.063169
2219.505000,-0.039112,-0.063748,2219.505000,-0.053278,-0.063239
2219.987000,-0.040092,-0.063693,2219.987000,-0.050303,-0.063299
2220.469000,-0.041936,-0.063629,2220.469000,-0.047423,-0.063350
2220.951000,-0.043563,-0.063556,2220.951000,-0.046606,-0.063391
2221.433000,-0.044393,-0.063473,2221.433000,-0.046981,-0.063424
2221.915000,-0.045301,-0.063381,2221.915000,-0.047496,-0.063447
2222.397000,-0.046118,-0.063280,2222.397000,-0.047465,-0.063461
2222.879000,-0.045969,-0.063170,2222.879000,-0.045384,-0.063466
2223.361000,-0.045254,-0.063050,2223.361000,-0.043942,-0.063461
2223.843000,-0.044542,-0.062922,2223.843000,-0.043004,-0.063448
2224.325000,-0.044273,-0.062784,2224.325000,-0.041736,-0.063425
2224.807000,-0.044060,-0.062637,2224.807000,-0.041249,-0.063393
2225.289000,-0.044642,-0.062481,2225.289000,-0.039383,-0.063352
2225.771000,-0.043526,-0.062316,2225.771000,-0.038037,-0.063301
2226.253000,-0.043827,-0.062142,2226.253000,-0.037947,-0.063241
2226.735000,-0.044506,-0.061959,2226.735000,-0.039241,-0.063173
2227.217000,-0.044615,-0.061767,2227.217000,-0.040186,-0.063095
2227.699000,-0.044406,-0.061566,2227.699000,-0.041243,-0.063008
2228.181000,-0.043697,-0.061356,2228.181000,-0.042918,-0.062912
2228.663000,-0.042822,-0.061137,2228.663000,-0.043500,-0.062806
2229.145000,-0.041735,-0.060909,2229.145000,-0.042786,-0.062692
2229.627000,-0.041123,-0.060673,2229.627000,-0.041738,-0.062569
2230.109000,-0.041851,-0.060428,2230.109000,-0.041894,-0.062436
2230.591000,-0.043419,-0.060174,2230.591000,-0.041814,-0.062295
2231.073000,-0.046147,-0.059911,2231.073000,-0.041377,-0.062145
2231.555000,-0.046456,-0.059640,2231.555000,-0.040907,-0.061985
2232.037000,-0.047979,-0.059360,2232.037000,-0.040803,-0.061817
2232.519000,-0.048864,-0.059072,2232.519000,-0.041480,-0.061640
2233.001000,-0.049844,-0.058775,2233.001000,-0.042734,-0.061454
2233.483000,-0.050398,-0.058470,2233.483000,-0.044171,-0.061259
2233.965000,-0.050095,-0.058156,2233.965000,-0.044718,-0.061056
2234.447000,-0.048062,-0.057834,2234.447000,-0.044421,-0.060844
2234.929000,-0.045242,-0.057504,2234.929000,-0.044433,-0.060622
2235.411000,-0.042858,-0.057165,2235.411000,-0.045330,-0.060393
2235.893000,-0.040588,-0.056819,2235.893000,-0.045958,-0.060154
2236.375000,-0.038455,-0.056464,2236.375000,-0.046130,-0.059907
2236.857000,-0.037984,-0.056101,2236.857000,-0.046242,-0.059652
2237.339000,-0.036610,-0.055730,2237.339000,-0.047897,-0.059388
2237.821000,-0.035906,-0.055351,2237.821000,-0.048713,-0.059115
2238.303000,-0.034712,-0.054964,2238.303000,-0.048517,-0.058834
2238.785000,-0.035759,-0.054570,2238.785000,-0.047325,-0.058545
2239.267000,-0.035763,-0.054167,2239.267000,-0.046057,-0.058247
2239.749000,-0.036395,-0.053757,2239.749000,-0.044860,-0.057941
2240.231000,-0.036512,-0.053340,2240.231000,-0.043889,-0.057627
2240.713000,-0.036518,-0.052914,2240.713000,-0.041377,-0.057304
2241.195000,-0.035252,-0.052482,2241.195000,-0.038516,-0.056973
2241.677000,-0.033644,-0.052041,2241.677000,-0.036701,-0.056635
2242.159000,-0.033106,-0.051594,2242.159000,-0.036185,-0.056288
2242.641000,-0.031140,-0.051139,2242.641000,-0.034566,-0.055933
2243.123000,-0.029470,-0.050677,2243.123000,-0.033825,-0.055570
2243.605000,-0.028162,-0.050207,2243.605000,-0.034067,-0.055200
2244.087000,-0.025220,-0.049731,2244.087000,-0.035998,-0.054822
2244.569000,-0.022906,-0.049247,2244.569000,-0.037665,-0.054435
2245.051000,-0.020519,-0.048757,2245.051000,-0.039379,-0.054042
2245.533000,-0.019476,-0.048260,2245.533000,-0.041686,-0.053640
2246.015000,-0.017880,-0.047756,2246.015000,-0.043578,-0.053231
2246.497000,-0.017277,-0.047245,2246.497000,-0.044726,-0.052815
2246.979000,-0.015172,-0.046728,2246.979000,-0.045773,-0.052391
2247.461000,-0.012962,-0.046204,2247.461000,-0.046150,-0.051959
2247.943000,-0.011489,-0.045673,2247.943000,-0.045154,-0.051521
2248.425000,-0.010207,-0.045137,2248.425000,-0.044160,-0.051075
2248.907000,-0.008774,-0.044594,2248.907000,-0.042894,-0.050622
2249.389000,-0.006761,-0.044044,2249.389000,-0.041131,-0.050162
2249.871000,-0.005512,-0.043489,2249.871000,-0.039745,-0.049695
2250.353000,-0.003805,-0.042927,2250.353000,-0.038294,-0.049221
2250.835000,-0.002991,-0.042360,2250.835000,-0.038317,-0.048740
2251.317000,-0.003567,-0.041787,2251.317000,-0.039524,-0.048252
2251.799000,-0.003130,-0.041208,2251.799000,-0.039109,-0.047757
2252.281000,-0.003276,-0.040623,2252.281000,-0.039056,-0.047256
2252.763000,-0.004617,-0.040032,2252.763000,-0.037097,-0.046748
2253.245000,-0.005457,-0.039436,2253.245000,-0.034386,-0.046234
2253.727000,-0.003716,-0.038835,2253.727000,-0.032270,-0.045714
2254.209000,-0.002612,-0.038228,2254.209000,-0.030556,-0.045187
2254.691000,-0.001886,-0.037617,2254.691000,-0.027370,-0.044653
2255.173000,-0.000303,-0.036999,2255.173000,-0.024123,-0.044114
2255.655000,0.002085,-0.036377,2255.655000,-0.020786,-0.043569
2256.137000,0.004522,-0.035750,2256.137000,-0.018005,-0.043017
2256.619000,0.006263,-0.035118,2256.619000,-0.015590,-0.042460
2257.101000,0.006973,-0.034482,2257.101000,-0.013950,-0.041896
2257.583000,0.006906,-0.033840,2257.583000,-0.013730,-0.041327
2258.065000,0.006501,-0.033194,2258.065000,-0.015623,-0.040753
2258.547000,0.007109,-0.032544,2258.547000,-0.016014,-0.040172
2259.029000,0.007660,-0.031889,2259.029000,-0.016254,-0.039587
2259.511000,0.005646,-0.031230,2259.511000,-0.016511,-0.038996
2259.993000,0.004825,-0.030567,2259.993000,-0.017087,-0.038399
2260.475000,0.004914,-0.029899,2260.475000,-0.018951,-0.037797
2260.957000,0.004738,-0.029228,2260.957000,-0.021636,-0.037191
2261.439000,0.005582,-0.028553,2261.439000,-0.024074,-0.036579
2261.921000,0.006331,-0.027874,2261.921000,-0.026047,-0.035962
2262.403000,0.008283,-0.027191,2262.403000,-0.024854,-0.035340
2262.885000,0.010202,-0.026505,2262.885000,-0.024531,-0.034714
2263.367000,0.011984,-0.025815,2263.367000,-0.024178,-0.034083
2263.849000,0.012280,-0.025122,2263.849000,-0.022033,-0.033448
2264.331000,0.014248,-0.024426,2264.331000,-0.018203,-0.032807
2264.813000,0.016829,-0.023726,2264.813000,-0.015441,-0.032163
2265.295000,0.019962,-0.023024,2265.295000,-0.012200,-0.031514
2265.777000,0.022451,-0.022318,2265.777000,-0.008231,-0.030861
2266.259000,0.023270,-0.021610,2266.259000,-0.004277,-0.030205
2266.741000,0.024718,-0.020899,2266.741000,-0.000899,-0.029544
2267.223000,0.025204,-0.020185,2267.223000,0.001971,-0.028879
2267.705000,0.025414,-0.019469,2267.705000,0.004104,-0.028210
2268.187000,0.025494,-0.018751,2268.187000,0.005997,-0.027538
2268.669000,0.025669,-0.018030,2268.669000,0.008543,-0.026862
2269.151000,0.025695,-0.017307,2269.151000,0.011634,-0.026183
2269.633000,0.024835,-0.016582,2269.633000,0.012420,-0.025500
2270.115000,0.023709,-0.015855,2270.115000,0.012863,-0.024814
2270.597000,0.020302,-0.015126,2270.597000,0.015231,-0.024125
2271.079000,0.019367,-0.014395,2271.079000,0.017688,-0.023433
2271.561000,0.018888,-0.013663,2271.561000,0.017957,-0.022738
2272.043000,0.019711,-0.012929,2272.043000,0.017578,-0.022040
2272.525000,0.022259,-0.012194,2272.525000,0.017646,-0.021339
2273.007000,0.025008,-0.011457,2273.007000,0.017553,-0.020636
2273.489000,0.027987,-0.010719,2273.489000,0.018297,-0.019930
2273.971000,0.031198,-0.009980,2273.971000,0.019815,-0.019221
2274.453000,0.035233,-0.009240,2274.453000,0.021380,-0.018511
2274.935000,0.038258,-0.008500,2274.935000,0.022126,-0.017798
2275.417000,0.040348,-0.007758,2275.417000,0.022449,-0.017083
2275.899000,0.041920,-0.007016,2275.899000,0.022861,-0.016366
2276.381000,0.044436,-0.006273,2276.381000,0.025749,-0.015647
2276.863000,0.045996,-0.005530,2276.863000,0.029425,-0.014926
2277.345000,0.046819,-0.004786,2277.345000,0.035250,-0.014204
2277.827000,0.049089,-0.004043,2277.827000,0.039608,-0.013480
2278.309000,0.051007,-0.003299,2278.309000,0.044077,-0.012754
2278.791000,0.054095,-0.002555,2278.791000,0.049780,-0.012027
2279.273000,0.057835,-0.001811,2279.273000,0.054950,-0.011299
2279.755000,0.061402,-0.001068,2279.755000,0.060377,-0.010570
2280.237000,0.065219,-0.000325,2280.237000,0.065664,-0.009840
2280.719000,0.067922,0.000418,2280.719000,0.070143,-0.009109
2281.201000,0.069978,0.001160,2281.201000,0.073324,-0.008377
2281.683000,0.070332,0.001901,2281.683000,0.075031,-0.007644
2282.165000,0.069858,0.002642,2282.165000,0.076174,-0.006910
2282.647000,0.068819,0.003382,2282.647000,0.077650,-0.006177
2283.129000,0.068908,0.004120,2283.129000,0.079857,-0.005442
2283.611000,0.068382,0.004858,2283.611000,0.082838,-0.004708
2284.093000,0.067471,0.005594,2284.093000,0.084456,-0.003973
2284.575000,0.066763,0.006330,2284.575000,0.084904,-0.003238
2285.057000,0.065111,0.007063,2285.057000,0.087671,-0.002504
2285.539000,0.063546,0.007795,2285.539000,0.089655,-0.001769
2286.021000,0.062421,0.008526,2286.021000,0.090946,-0.001035
2286.503000,0.060504,0.009254,2286.503000,0.092837,-0.000301
2286.985000,0.057884,0.009981,2286.985000,0.093754,0.000432
2287.467000,0.054977,0.010706,2287.467000,0.092958,0.001165
2287.949000,0.053433,0.011429,2287.949000,0.091865,0.001897
2288.431000,0.051334,0.012150,2288.431000,0.090225,0.002629
2288.913000,0.049697,0.012868,2288.913000,0.086691,0.003359
2289.395000,0.047201,0.013584,2289.395000,0.081841,0.004088
2289.877000,0.046160,0.014297,2289.877000,0.076594,0.004817
2290.359000,0.046004,0.015008,2290.359000,0.072352,0.005544
2290.841000,0.046942,0.015716,2290.841000,0.067767,0.006269
2291.323000,0.048742,0.016421,2291.323000,0.062374,0.006994
2291.805000,0.050930,0.017124,2291.805000,0.057644,0.007716
2292.287000,0.052440,0.017823,2292.287000,0.050944,0.008437
2292.769000,0.054149,0.018519,2292.769000,0.045824,0.009157
2293.251000,0.055689,0.019212,2293.251000,0.042033,0.009874
2293.733000,0.057311,0.019902,2293.733000,0.037424,0.010589
2294.215000,0.059425,0.020588,2294.215000,0.032421,0.011303
2294.697000,0.062107,0.021271,2294.697000,0.028806,0.012014
2295.179000,0.064597,0.021950,2295.179000,0.024275,0.012723
2295.661000,0.067285,0.022625,2295.661000,0.019276,0.013429
2296.143000,0.068507,0.023297,2296.143000,0.014823,0.014133
2296.625000,0.070279,0.023964,2296.625000,0.011845,0.014834
2297.107000,0.072802,0.024628,2297.107000,0.009906,0.015533
2297.589000,0.074097,0.025287,2297.589000,0.009072,0.016229
2298.071000,0.073815,0.025942,2298.071000,0.005922,0.016922
2298.553000,0.073128,0.026593,2298.553000,0.004721,0.017612
2299.035000,0.071859,0.027240,2299.035000,0.003710,0.018298
2299.517000,0.070704,0.027882,2299.517000,0.004991,0.018982
2299.999000,0.068711,0.028519,2299.999000,0.008899,0.019662
2300.481000,0.066296,0.029152,2300.481000,0.012941,0.020339
2300.963000,0.065352,0.029780,2300.963000,0.014883,0.021013
2301.445000,0.065732,0.030403,2301.445000,0.015270,0.021682
2301.927000,0.066332,0.031021,2301.927000,0.016371,0.022348
2302.409000,0.066764,0.031635,2302.409000,0.016566,0.023011
2302.891000,0.067268,0.032243,2302.891000,0.015321,0.023669
2303.373000,0.068510,0.032845,2303.373000,0.012216,0.024323
2303.855000,0.069405,0.033443,2303.855000,0.008047,0.024974
2304.337000,0.068535,0.034035,2304.337000,0.001969,0.025620
2304.819000,0.068233,0.034622,2304.819000,-0.005462,0.026262
2305.301000,0.069123,0.035203,2305.301000,-0.013171,0.026899
2305.783000,0.070049,0.035778,2305.783000,-0.021895,0.027532
2306.265000,0.069558,0.036348,2306.265000,-0.028407,0.028161
2306.747000,0.069049,0.036911,2306.747000,-0.033324,0.028785
2307.229000,0.069814,0.037469,2307.229000,-0.039240,0.029404
2307.711000,0.072068,0.038021,2307.711000,-0.044804,0.030018
2308.193000,0.072721,0.038567,2308.193000,-0.047047,0.030628
2308.675000,0.072392,0.039107,2308.675000,-0.045718,0.031232
2309.157000,0.071468,0.039641,2309.157000,-0.044591,0.031831
2309.639000,0.069845,0.040168,2309.639000,-0.043044,0.032425
2310.121000,0.067284,0.040689,2310.121000,-0.039567,0.033014
2310.603000,0.065348,0.041204,2310.603000,-0.032044,0.033598
2311.085000,0.063364,0.041712,2311.085000,-0.024012,0.034176
2311.567000,0.062251,0.042213,2311.567000,-0.012709,0.034749
2312.049000,0.061826,0.042708,2312.049000,-0.001523,0.035316
2312.531000,0.060937,0.043196,2312.531000,0.008560,0.035877
2313.013000,0.060710,0.043677,2313.013000,0.020542,0.036433
2313.495000,0.061017,0.044152,2313.495000,0.032799,0.036983
2313.977000,0.062512,0.044620,2313.977000,0.043889,0.037527
2314.459000,0.063832,0.045080,2314.459000,0.054135,0.038065
2314.941000,0.065216,0.045534,2314.941000,0.064042,0.038597
2315.423000,0.066795,0.045980,2315.423000,0.070853,0.039123
2315.905000,0.067791,0.046419,2315.905000,0.075587,0.039642
2316.387000,0.068210,0.046851,2316.387000,0.079258,0.040155
2316.869000,0.070579,0.047276,2316.869000,0.082335,0.040662
2317.351000,0.073507,0.047693,2317.351000,0.084682,0.041163
2317.833000,0.074526,0.048103,2317.833000,0.086044,0.041657
2318.315000,0.076011,0.048506,2318.315000,0.087492,0.042145
2318.797000,0.077070,0.048901,2318.797000,0.088210,0.042625
2319.279000,0.078576,0.049288,2319.279000,0.086113,0.043100
2319.761000,0.080704,0.049668,2319.761000,0.085012,0.043567
2320.243000,0.081990,0.050040,2320.243000,0.084942,0.044027
2320.725000,0.082781,0.050404,2320.725000,0.083388,0.044481
2321.207000,0.083219,0.050761,2321.207000,0.079914,0.044928
2321.689000,0.084030,0.051109,2321.689000,0.074784,0.045368
2322.171000,0.083185,0.051450,2322.171000,0.067325,0.045800
2322.653000,0.081770,0.051783,2322.653000,0.059477,0.046226
2323.135000,0.080363,0.052108,2323.135000,0.050815,0.046644
2323.617000,0.080249,0.052425,2323.617000,0.041203,0.047055
2324.099000,0.078268,0.052733,2324.099000,0.031937,0.047459
2324.581000,0.074681,0.053034,2324.581000,0.022867,0.047855
2325.063000,0.071975,0.053327,2325.063000,0.012871,0.048244
2325.545000,0.068537,0.053611,2325.545000,0.003940,0.048625
2326.027000,0.067013,0.053887,2326.027000,-0.004071,0.048999
2326.509000,0.063934,0.054155,2326.509000,-0.010491,0.049365
2326.991000,0.059545,0.054415,2326.991000,-0.014717,0.049724
2327.473000,0.055819,0.054666,2327.473000,-0.017961,0.050075
2327.955000,0.051149,0.054909,2327.955000,-0.020105,0.050418
2328.437000,0.046865,0.055143,2328.437000,-0.021788,0.050754
2328.919000,0.041828,0.055370,2328.919000,-0.023432,0.051081
2329.401000,0.037814,0.055587,2329.401000,-0.024836,0.051401
2329.883000,0.035339,0.055796,2329.883000,-0.024667,0.051713
2330.365000,0.034927,0.055997,2330.365000,-0.026904,0.052017
2330.847000,0.036185,0.056189,2330.847000,-0.029896,0.052313
2331.329000,0.037393,0.056373,2331.329000,-0.033576,0.052600
2331.811000,0.040122,0.056548,2331.811000,-0.039271,0.052880
2332.293000,0.044775,0.056714,2332.293000,-0.044536,0.053152
2332.775000,0.051665,0.056872,2332.775000,-0.050226,0.053416
2333.257000,0.058251,0.057021,2333.257000,-0.057233,0.053671
2333.739000,0.064012,0.057162,2333.739000,-0.062466,0.053918
2334.221000,0.070034,0.057294,2334.221000,-0.064832,0.054157
2334.703000,0.075069,0.057417,2334.703000,-0.064683,0.054388
2335.185000,0.079561,0.057531,2335.185000,-0.060705,0.054610
2335.667000,0.081235,0.057637,2335.667000,-0.053183,0.054824
2336.149000,0.081525,0.057734,2336.149000,-0.041485,0.055030
2336.631000,0.080233,0.057822,2336.631000,-0.026848,0.055227
2337.113000,0.079488,0.057902,2337.113000,-0.013122,0.055416
2337.595000,0.076568,0.057973,2337.595000,0.002130,0.055596
2338.077000,0.070462,0.058035,2338.077000,0.016365,0.055768
2338.559000,0.064042,0.058088,2338.559000,0.027908,0.055932
2339.041000,0.056588,0.058133,2339.041000,0.037695,0.056087
2339.523000,0.048188,0.058169,2339.523000,0.043151,0.056234
2340.005000,0.039039,0.058196,2340.005000,0.045312,0.056372
2340.487000,0.029061,0.058214,2340.487000,0.043190,0.056501
2340.969000,0.021114,0.058224,2340.969000,0.038908,0.056622
2341.451000,0.015281,0.058225,2341.451000,0.033222,0.056734
2341.933000,0.008625,0.058217,2341.933000,0.027571,0.056838
2342.415000,0.002757,0.058200,2342.415000,0.021700,0.056933
2342.897000,0.000209,0.058175,2342.897000,0.016435,0.057020
2343.379000,0.000035,0.058141,2343.379000,0.011233,0.057098
2343.861000,0.003577,0.058098,2343.861000,0.007171,0.057167
2344.343000,0.006866,0.058046,2344.343000,0.004694,0.057228
2344.825000,0.010651,0.057986,2344.825000,0.003080,0.057280
2345.307000,0.016646,0.057917,2345.307000,0.002060,0.057323
2345.789000,0.022404,0.057840,2345.789000,0.001901,0.057358
2346.271000,0.026675,0.057754,2346.271000,0.000664,0.057384
2346.753000,0.030538,0.057659,2346.753000,-0.000239,0.057402
2347.235000,0.034239,0.057555,2347.235000,-0.001041,0.057411
2347.717000,0.037179,0.057443,2347.717000,-0.003048,0.057411
2348.199000,0.037533,0.057323,2348.199000,-0.005358,0.057403
2348.681000,0.035665,0.057194,2348.681000,-0.009705,0.057386
2349.163000,0.033634,0.057056,2349.163000,-0.014585,0.057361
2349.645000,0.033215,0.056910,2349.645000,-0.018093,0.057327
2350.127000,0.031373,0.056756,2350.127000,-0.023853,0.057284
2350.609000,0.029610,0.056593,2350.609000,-0.028208,0.057233
2351.091000,0.027902,0.056422,2351.091000,-0.031787,0.057173
2351.573000,0.026833,0.056242,2351.573000,-0.035545,0.057105
2352.055000,0.027833,0.056054,2352.055000,-0.039389,0.057028
2352.537000,0.027277,0.055857,2352.537000,-0.041884,0.056943
2353.019000,0.023667,0.055653,2353.019000,-0.043483,0.056849
2353.501000,0.020077,0.055440,2353.501000,-0.043797,0.056746
2353.983000,0.015955,0.055219,2353.983000,-0.043954,0.056636
2354.465000,0.010642,0.054990,2354.465000,-0.043388,0.056516
2354.947000,0.003191,0.054752,2354.947000,-0.040377,0.056389
2355.429000,-0.004828,0.054507,2355.429000,-0.036987,0.056253
2355.911000,-0.013936,0.054254,2355.911000,-0.032300,0.056108
2356.393000,-0.022959,0.053992,2356.393000,-0.027613,0.055956
2356.875000,-0.032531,0.053723,2356.875000,-0.026998,0.055795
2357.357000,-0.041072,0.053446,2357.357000,-0.028099,0.055626
2357.839000,-0.047538,0.053160,2357.839000,-0.030474,0.055448
2358.321000,-0.051737,0.052867,2358.321000,-0.035538,0.055262
2358.803000,-0.054231,0.052567,2358.803000,-0.041721,0.055068
2359.285000,-0.055612,0.052258,2359.285000,-0.047328,0.054866
2359.767000,-0.054968,0.051942,2359.767000,-0.052374,0.054656
2360.249000,-0.052010,0.051618,2360.249000,-0.055593,0.054438
2360.731000,-0.048353,0.051287,2360.731000,-0.051376,0.054212
2361.213000,-0.044474,0.050948,2361.213000,-0.042640,0.053977
2361.695000,-0.040012,0.050602,2361.695000,-0.031592,0.053735
2362.177000,-0.034405,0.050249,2362.177000,-0.018473,0.053485
2362.659000,-0.029593,0.049888,2362.659000,-0.004628,0.053227
2363.141000,-0.025715,0.049520,2363.141000,0.007294,0.052961
2363.623000,-0.021725,0.049144,2363.623000,0.017550,0.052687
2364.105000,-0.017702,0.048762,2364.105000,0.023987,0.052406
2364.587000,-0.015048,0.048372,2364.587000,0.025354,0.052117
2365.069000,-0.013436,0.047975,2365.069000,0.020641,0.051820
2365.551000,-0.011995,0.047572,2365.551000,0.012025,0.051516
2366.033000,-0.010413,0.047161,2366.033000,0.001116,0.051204
2366.515000,-0.010258,0.046744,2366.515000,-0.010632,0.050884
2366.997000,-0.012322,0.046319,2366.997000,-0.020101,0.050558
2367.479000,-0.015811,0.045889,2367.479000,-0.027023,0.050223
2367.961000,-0.019509,0.045451,2367.961000,-0.034678,0.049882
2368.443000,-0.022299,0.045007,2368.443000,-0.041221,0.049533
2368.925000,-0.023783,0.044557,2368.925000,-0.047831,0.049177
2369.407000,-0.025546,0.044100,2369.407000,-0.050306,0.048814
2369.889000,-0.026790,0.043636,2369.889000,-0.048809,0.048443
2370.371000,-0.026408,0.043167,2370.371000,-0.043863,0.048066
2370.853000,-0.024555,0.042691,2370.853000,-0.038382,0.047682
2371.335000,-0.021677,0.042209,2371.335000,-0.032443,0.047290
2371.817000,-0.016249,0.041721,2371.817000,-0.025115,0.046892
2372.299000,-0.009264,0.041227,2372.299000,-0.016964,0.046487
2372.781000,-0.001483,0.040728,2372.781000,-0.009172,0.046075
2373.263000,0.006241,0.040222,2373.263000,-0.001270,0.045657
2373.745000,0.013543,0.039711,2373.745000,0.006240,0.045232
2374.227000,0.020545,0.039194,2374.227000,0.012579,0.044801
2374.709000,0.027792,0.038671,2374.709000,0.018336,0.044363
2375.191000,0.034161,0.038143,2375.191000,0.021565,0.043918
2375.673000,0.039235,0.037610,2375.673000,0.023004,0.043467
2376.155000,0.043121,0.037071,2376.155000,0.026093,0.043011
2376.637000,0.045619,0.036527,2376.637000,0.028106,0.042547
2377.119000,0.046827,0.035978,2377.119000,0.029319,0.042078
2377.601000,0.048194,0.035424,2377.601000,0.031898,0.041603
2378.083000,0.050145,0.034864,2378.083000,0.034291,0.041122
2378.565000,0.051011,0.034300,2378.565000,0.037173,0.040635
2379.047000,0.050423,0.033731,2379.047000,0.040325,0.040142
2379.529000,0.049848,0.033158,2379.529000,0.043621,0.039643
2380.011000,0.049615,0.032580,2380.011000,0.047404,0.039139
2380.493000,0.049056,0.031997,2380.493000,0.052044,0.038629
2380.975000,0.049216,0.031410,2380.975000,0.057322,0.038113
2381.457000,0.048802,0.030818,2381.457000,0.062620,0.037593
2381.939000,0.047344,0.030222,2381.939000,0.067998,0.037067
2382.421000,0.044854,0.029622,2382.421000,0.074437,0.036535
2382.903000,0.042052,0.029018,2382.903000,0.081878,0.035999
2383.385000,0.038307,0.028410,2383.385000,0.090512,0.035457
2383.867000,0.035869,0.027798,2383.867000,0.101421,0.034910
2384.349000,0.034695,0.027183,2384.349000,0.113749,0.034359
2384.831000,0.032419,0.026563,2384.831000,0.125145,0.033803
2385.313000,0.029642,0.025940,2385.313000,0.136751,0.033241
2385.795000,0.028620,0.025314,2385.795000,0.147572,0.032676
2386.277000,0.029452,0.024684,2386.277000,0.157658,0.032105
2386.759000,0.032375,0.024050,2386.759000,0.167208,0.031531
2387.241000,0.034189,0.023414,2387.241000,0.174906,0.030952
2387.723000,0.036885,0.022774,2387.723000,0.180399,0.030368
2388.205000,0.038856,0.022132,2388.205000,0.185487,0.029780
2388.687000,0.041041,0.021486,2388.687000,0.188226,0.029189
2389.169000,0.040774,0.020838,2389.169000,0.189077,0.028593
2389.651000,0.038541,0.020187,2389.651000,0.190639,0.027993
2390.133000,0.036338,0.019533,2390.133000,0.191637,0.027389
2390.615000,0.034733,0.018877,2390.615000,0.190682,0.026782
2391.097000,0.031190,0.018218,2391.097000,0.188557,0.026171
2391.579000,0.026864,0.017557,2391.579000,0.186347,0.025557
2392.061000,0.023266,0.016894,2392.061000,0.184785,0.024939
2392.543000,0.020710,0.016229,2392.543000,0.183986,0.024317
2393.025000,0.019715,0.015561,2393.025000,0.182745,0.023693
2393.507000,0.018215,0.014892,2393.507000,0.181632,0.023065
2393.989000,0.015240,0.014221,2393.989000,0.179772,0.022434
2394.471000,0.013707,0.013548,2394.471000,0.178451,0.021800
2394.953000,0.012814,0.012874,2394.953000,0.177324,0.021163
2395.435000,0.012060,0.012198,2395.435000,0.174349,0.020523
2395.917000,0.011049,0.011521,2395.917000,0.171514,0.019881
2396.399000,0.011108,0.010842,2396.399000,0.170008,0.019236
2396.881000,0.012083,0.010162,2396.881000,0.167222,0.018589
2397.363000,0.013264,0.009481,2397.363000,0.163214,0.017939
2397.845000,0.013456,0.008800,2397.845000,0.160226,0.017287
2398.327000,0.014126,0.008117,2398.327000,0.159455,0.016633
2398.809000,0.013544,0.007433,2398.809000,0.158868,0.015976
2399.291000,0.013991,0.006749,2399.291000,0.157897,0.015318
2399.773000,0.015565,0.006064,2399.773000,0.155069,0.014658
2400.255000,0.015540,0.005379,2400.255000,0.151875,0.013996
2400.737000,0.013980,0.004693,2400.737000,0.150315,0.013332
2401.219000,0.011797,0.004008,2401.219000,0.147558,0.012666
2401.701000,0.009877,0.003322,2401.701000,0.143781,0.012000
2402.183000,0.007645,0.002635,2402.183000,0.140806,0.011331
2402.665000,0.006545,0.001949,2402.665000,0.138146,0.010662
2403.147000,0.005392,0.001264,2403.147000,0.135539,0.009991
2403.629000,0.004078,0.000578,2403.629000,0.134440,0.009319
2404.111000,0.002621,-0.000107,2404.111000,0.132525,0.008646
2404.593000,0.000059,-0.000792,2404.593000,0.130829,0.007972
2405.075000,-0.001807,-0.001476,2405.075000,0.129003,0.007298
2405.557000,-0.004222,-0.002160,2405.557000,0.125588,0.006623
2406.039000,-0.006002,-0.002843,2406.039000,0.122225,0.005947
2406.521000,-0.006947,-0.003525,2406.521000,0.117733,0.005271
2407.003000,-0.008622,-0.004206,2407.003000,0.112809,0.004594
2407.485000,-0.010978,-0.004886,2407.485000,0.109198,0.003917
2407.967000,-0.011959,-0.005564,2407.967000,0.104800,0.003240
2408.449000,-0.012674,-0.006242,2408.449000,0.100195,0.002563
2408.931000,-0.013965,-0.006918,2408.931000,0.095798,0.001886
2409.413000,-0.016239,-0.007592,2409.413000,0.091357,0.001209
2409.895000,-0.018977,-0.008265,2409.895000,0.088361,0.000532
2410.377000,-0.021307,-0.008937,2410.377000,0.087163,-0.000145
2410.859000,-0.024239,-0.009606,2410.859000,0.084257,-0.000821
2411.341000,-0.026802,-0.010274,2411.341000,0.081071,-0.001496
2411.823000,-0.028225,-0.010939,2411.823000,0.077160,-0.002171
2412.305000,-0.029646,-0.011603,2412.305000,0.072498,-0.002845
2412.787000,-0.029661,-0.012264,2412.787000,0.067522,-0.003518
2413.269000,-0.029701,-0.012923,2413.269000,0.061542,-0.004191
2413.751000,-0.030229,-0.013580,2413.751000,0.055858,-0.004862
2414.233000,-0.029648,-0.014234,2414.233000,0.052004,-0.005532
2414.715000,-0.028326,-0.014886,2414.715000,0.048006,-0.006201
2415.197000,-0.028469,-0.015535,2415.197000,0.043844,-0.006869
2415.679000,-0.029798,-0.016181,2415.679000,0.041437,-0.007535
2416.161000,-0.031743,-0.016824,2416.161000,0.040667,-0.008199
2416.643000,-0.034095,-0.017465,2416.643000,0.040424,-0.008862
2417.125000,-0.036432,-0.018102,2417.125000,0.040152,-0.009524
2417.607000,-0.037666,-0.018736,2417.607000,0.038734,-0.010183
2418.089000,-0.038999,-0.019367,2418.089000,0.037363,-0.010840
2418.571000,-0.039726,-0.019995,2418.571000,0.036100,-0.011496
2419.053000,-0.037835,-0.020619,2419.053000,0.034078,-0.012149
2419.535000,-0.035708,-0.021239,2419.535000,0.031354,-0.012800
2420.017000,-0.036373,-0.021856,2420.017000,0.028716,-0.013449
2420.499000,-0.036683,-0.022470,2420.499000,0.027162,-0.014095
2420.981000,-0.037258,-0.023079,2420.981000,0.025648,-0.014739
2421.463000,-0.038744,-0.023685,2421.463000,0.023289,-0.015380
2421.945000,-0.040517,-0.024286,2421.945000,0.022720,-0.016019
2422.427000,-0.042967,-0.024884,2422.427000,0.023556,-0.016654
2422.909000,-0.045158,-0.025477,2422.909000,0.022975,-0.017287
2423.391000,-0.048236,-0.026067,2423.391000,0.020951,-0.017917
2423.873000,-0.050237,-0.026651,2423.873000,0.018103,-0.018544
2424.355000,-0.051257,-0.027232,2424.355000,0.014973,-0.019167
2424.837000,-0.051740,-0.027808,2424.837000,0.012908,-0.019787
2425.319000,-0.050113,-0.028379,2425.319000,0.011489,-0.020404
2425.801000,-0.047595,-0.028946,2425.801000,0.008675,-0.021018
2426.283000,-0.046044,-0.029508,2426.283000,0.004936,-0.021628
2426.765000,-0.045059,-0.030065,2426.765000,0.001553,-0.022234
2427.247000,-0.043024,-0.030617,2427.247000,-0.001440,-0.022837
2427.729000,-0.041465,-0.031164,2427.729000,-0.004552,-0.023435
2428.211000,-0.039355,-0.031707,2428.211000,-0.007245,-0.024030
2428.693000,-0.036690,-0.032244,2428.693000,-0.009372,-0.024621
2429.175000,-0.035871,-0.032775,2429.175000,-0.011774,-0.025208
2429.657000,-0.035297,-0.033302,2429.657000,-0.014855,-0.025791
2430.139000,-0.035154,-0.033823,2430.139000,-0.016769,-0.026369
2430.621000,-0.035371,-0.034339,2430.621000,-0.017229,-0.026943
2431.103000,-0.036244,-0.034849,2431.103000,-0.015581,-0.027513
2431.585000,-0.036457,-0.035353,2431.585000,-0.014238,-0.028078
2432.067000,-0.036678,-0.035852,2432.067000,-0.013656,-0.028639
2432.549000,-0.037650,-0.036345,2432.549000,-0.014131,-0.029195
2433.031000,-0.039092,-0.036833,2433.031000,-0.014846,-0.029747
2433.513000,-0.039318,-0.037314,2433.513000,-0.015097,-0.030293
2433.995000,-0.037927,-0.037789,2433.995000,-0.016046,-0.030835
2434.477000,-0.036986,-0.038259,2434.477000,-0.016939,-0.031371
2434.959000,-0.035867,-0.038722,2434.959000,-0.018923,-0.031903
2435.441000,-0.036088,-0.039179,2435.441000,-0.022147,-0.032429
2435.923000,-0.038896,-0.039630,2435.923000,-0.025769,-0.032951
2436.405000,-0.040836,-0.040075,2436.405000,-0.029199,-0.033467
2436.887000,-0.041615,-0.040513,2436.887000,-0.030950,-0.033977
2437.369000,-0.041136,-0.040945,2437.369000,-0.032127,-0.034482
2437.851000,-0.040085,-0.041370,2437.851000,-0.033571,-0.034982
2438.333000,-0.038739,-0.041789,2438.333000,-0.035564,-0.035476
2438.815000,-0.036357,-0.042202,2438.815000,-0.037912,-0.035965
2439.297000,-0.034237,-0.042607,2439.297000,-0.040142,-0.036448
2439.779000,-0.033307,-0.043006,2439.779000,-0.042138,-0.036925
2440.261000,-0.032450,-0.043398,2440.261000,-0.043792,-0.037396
2440.743000,-0.031637,-0.043784,2440.743000,-0.044491,-0.037861
2441.225000,-0.032146,-0.044162,2441.225000,-0.044858,-0.038320
2441.707000,-0.033602,-0.044534,2441.707000,-0.046280,-0.038774
2442.189000,-0.036032,-0.044898,2442.189000,-0.048069,-0.039221
2442.671000,-0.040115,-0.045256,2442.671000,-0.049587,-0.039662
2443.153000,-0.042773,-0.045606,2443.153000,-0.051100,-0.040096
2443.635000,-0.042447,-0.045949,2443.635000,-0.051883,-0.040525
2444.117000,-0.042220,-0.046286,2444.117000,-0.052594,-0.040947
2444.599000,-0.041951,-0.046615,2444.599000,-0.053096,-0.041363
2445.081000,-0.040414,-0.046936,2445.081000,-0.053379,-0.041772
2445.563000,-0.038719,-0.047251,2445.563000,-0.053990,-0.042175
2446.045000,-0.038352,-0.047558,2446.045000,-0.054549,-0.042571
2446.527000,-0.039567,-0.047857,2446.527000,-0.054846,-0.042960
2447.009000,-0.042332,-0.048149,2447.009000,-0.055079,-0.043343
2447.491000,-0.042941,-0.048434,2447.491000,-0.054781,-0.043719
2447.973000,-0.043195,-0.048711,2447.973000,-0.055531,-0.044088
2448.455000,-0.044236,-0.048981,2448.455000,-0.055825,-0.044450
2448.937000,-0.045060,-0.049243,2448.937000,-0.055723,-0.044806
2449.419000,-0.047756,-0.049497,2449.419000,-0.055092,-0.045154
2449.901000,-0.049389,-0.049744,2449.901000,-0.056557,-0.045496
2450.383000,-0.047830,-0.049983,2450.383000,-0.058411,-0.045830
2450.865000,-0.047572,-0.050215,2450.865000,-0.059143,-0.046157
2451.347000,-0.046270,-0.050438,2451.347000,-0.058800,-0.046478
2451.829000,-0.044222,-0.050654,2451.829000,-0.058471,-0.046791
2452.311000,-0.044656,-0.050862,2452.311000,-0.057543,-0.047096
2452.793000,-0.045916,-0.051062,2452.793000,-0.056859,-0.047395
2453.275000,-0.047922,-0.051255,2453.275000,-0.056876,-0.047686
2453.757000,-0.049491,-0.051439,2453.757000,-0.056961,-0.047970
2454.239000,-0.048734,-0.051616,2454.239000,-0.056374,-0.048247
2454.721000,-0.048959,-0.051785,2454.721000,-0.054484,-0.048516
2455.203000,-0.048771,-0.051945,2455.203000,-0.050550,-0.048777
2455.685000,-0.048497,-0.052098,2455.685000,-0.046767,-0.049031
2456.167000,-0.049689,-0.052243,2456.167000,-0.044869,-0.049278
2456.649000,-0.048893,-0.052380,2456.649000,-0.045498,-0.049517
2457.131000,-0.045758,-0.052509,2457.131000,-0.044887,-0.049748
2457.613000,-0.044153,-0.052630,2457.613000,-0.042814,-0.049972
2458.095000,-0.042110,-0.052742,2458.095000,-0.041064,-0.050189
2458.577000,-0.040309,-0.052847,2458.577000,-0.039838,-0.050397
2459.059000,-0.039758,-0.052944,2459.059000,-0.038882,-0.050598
2459.541000,-0.038142,-0.053032,2459.541000,-0.039407,-0.050791
2460.023000,-0.036341,-0.053113,2460.023000,-0.040570,-0.050976
2460.505000,-0.033718,-0.053185,2460.505000,-0.041035,-0.051154
2460.987000,-0.031036,-0.053250,2460.987000,-0.042608,-0.051324
2461.469000,-0.028920,-0.053306,2461.469000,-0.044391,-0.051486
2461.951000,-0.027048,-0.053354,2461.951000,-0.044957,-0.051640
2462.433000,-0.027399,-0.053394,2462.433000,-0.045673,-0.051786
2462.915000,-0.030201,-0.053426,2462.915000,-0.047404,-0.051925
2463.397000,-0.031228,-0.053450,2463.397000,-0.048295,-0.052055
2463.879000,-0.031957,-0.053466,2463.879000,-0.047094,-0.052178
2464.361000,-0.034903,-0.053473,2464.361000,-0.045934,-0.052293
2464.843000,-0.036689,-0.053473,2464.843000,-0.044110,-0.052400
2465.325000,-0.038801,-0.053465,2465.325000,-0.042013,-0.052499
2465.807000,-0.040812,-0.053448,2465.807000,-0.041445,-0.052590
2466.289000,-0.042287,-0.053423,2466.289000,-0.041376,-0.052673
2466.771000,-0.046143,-0.053391,2466.771000,-0.040243,-0.052748
2467.253000,-0.050115,-0.053350,2467.253000,-0.041064,-0.052815
2467.735000,-0.052041,-0.053301,2467.735000,-0.044496,-0.052874
2468.217000,-0.053512,-0.053245,2468.217000,-0.047502,-0.052925
2468.699000,-0.055396,-0.053180,2468.699000,-0.050302,-0.052969
2469.181000,-0.057011,-0.053107,2469.181000,-0.053597,-0.053004
2469.663000,-0.058141,-0.053026,2469.663000,-0.055730,-0.053031
2470.145000,-0.057406,-0.052938,2470.145000,-0.056338,-0.053050
2470.627000,-0.055866,-0.052841,2470.627000,-0.056281,-0.053062
2471.109000,-0.055704,-0.052737,2471.109000,-0.056567,-0.053065
2471.591000,-0.053085,-0.052624,2471.591000,-0.055896,-0.053061
2472.073000,-0.049578,-0.052504,2472.073000,-0.053860,-0.053048
2472.555000,-0.046137,-0.052376,2472.555000,-0.052778,-0.053028
2473.037000,-0.043142,-0.052240,2473.037000,-0.050893,-0.052999
2473.519000,-0.040643,-0.052096,2473.519000,-0.047833,-0.052963
2474.001000,-0.036315,-0.051945,2474.001000,-0.046231,-0.052919
2474.483000,-0.031601,-0.051786,2474.483000,-0.045203,-0.052867
2474.965000,-0.027390,-0.051619,2474.965000,-0.044155,-0.052807
2475.447000,-0.024323,-0.051444,2475.447000,-0.044700,-0.052739
2475.929000,-0.020355,-0.051262,2475.929000,-0.045417,-0.052663
2476.411000,-0.016632,-0.051072,2476.411000,-0.045238,-0.052579
2476.893000,-0.013943,-0.050874,2476.893000,-0.045660,-0.052488
2477.375000,-0.011823,-0.050669,2477.375000,-0.047490,-0.052389
2477.857000,-0.010731,-0.050457,2477.857000,-0.049241,-0.052282
2478.339000,-0.009038,-0.050237,2478.339000,-0.050037,-0.052167
2478.821000,-0.007744,-0.050010,2478.821000,-0.049990,-0.052045
2479.303000,-0.007956,-0.049775,2479.303000,-0.050213,-0.051914
2479.785000,-0.009206,-0.049533,2479.785000,-0.049159,-0.051777
2480.267000,-0.011018,-0.049283,2480.267000,-0.047961,-0.051631
2480.749000,-0.013873,-0.049027,2480.749000,-0.046684,-0.051478
2481.231000,-0.017138,-0.048763,2481.231000,-0.043643,-0.051317
2481.713000,-0.020582,-0.048492,2481.713000,-0.040677,-0.051149
2482.195000,-0.025947,-0.048213,2482.195000,-0.038884,-0.050973
2482.677000,-0.030534,-0.047928,2482.677000,-0.036566,-0.050790
2483.159000,-0.033474,-0.047636,2483.159000,-0.035125,-0.050599
2483.641000,-0.035870,-0.047336,2483.641000,-0.034767,-0.050400
2484.123000,-0.036068,-0.047030,2484.123000,-0.034544,-0.050195
2484.605000,-0.034709,-0.046717,2484.605000,-0.035508,-0.049982
2485.087000,-0.033779,-0.046397,2485.087000,-0.037469,-0.049761
2485.569000,-0.031760,-0.046071,2485.569000,-0.039281,-0.049533
2486.051000,-0.031090,-0.045737,2486.051000,-0.040062,-0.049299
2486.533000,-0.030480,-0.045397,2486.533000,-0.040988,-0.049056
2487.015000,-0.028791,-0.045051,2487.015000,-0.042792,-0.048807
2487.497000,-0.026067,-0.044697,2487.497000,-0.043170,-0.048551
2487.979000,-0.023009,-0.044338,2487.979000,-0.043592,-0.048287
2488.461000,-0.021744,-0.043972,2488.461000,-0.044573,-0.048016
2488.943000,-0.021212,-0.043599,2488.943000,-0.044355,-0.047739
2489.425000,-0.021562,-0.043220,2489.425000,-0.043453,-0.047454
2489.907000,-0.021145,-0.042835,2489.907000,-0.042947,-0.047163
2490.389000,-0.020538,-0.042444,2490.389000,-0.040731,-0.046865
2490.871000,-0.019375,-0.042047,2490.871000,-0.038330,-0.046560
2491.353000,-0.018503,-0.041643,2491.353000,-0.037574,-0.046248
2491.835000,-0.018408,-0.041234,2491.835000,-0.036414,-0.045929
2492.317000,-0.018628,-0.040819,2492.317000,-0.034203,-0.045604
2492.799000,-0.020034,-0.040398,2492.799000,-0.033278,-0.045272
2493.281000,-0.021907,-0.039971,2493.281000,-0.032693,-0.044934
2493.763000,-0.023241,-0.039538,2493.763000,-0.032850,-0.044589
2494.245000,-0.023712,-0.039100,2494.245000,-0.034687,-0.044238
2494.727000,-0.024178,-0.038656,2494.727000,-0.037068,-0.043881
2495.209000,-0.025377,-0.038207,2495.209000,-0.038611,-0.043517
2495.691000,-0.027052,-0.037753,2495.691000,-0.040101,-0.043147
2496.173000,-0.029224,-0.037292,2496.173000,-0.043528,-0.042771
2496.655000,-0.030468,-0.036827,2496.655000,-0.046215,-0.042389
2497.137000,-0.031010,-0.036357,2497.137000,-0.047204,-0.042000
2497.619000,-0.032385,-0.035881,2497.619000,-0.048752,-0.041606
2498.101000,-0.034555,-0.035400,2498.101000,-0.050419,-0.041206
2498.583000,-0.035166,-0.034915,2498.583000,-0.051075,-0.040799
2499.065000,-0.034998,-0.034424,2499.065000,-0.051503,-0.040387
2499.547000,-0.034941,-0.033929,2499.547000,-0.053014,-0.039970
2500.029000,-0.035175,-0.033429,2500.029000,-0.053371,-0.039547
2500.511000,-0.034793,-0.032924,2500.511000,-0.053598,-0.039118
2500.993000,-0.032997,-0.032415,2500.993000,-0.054614,-0.038683
2501.475000,-0.030513,-0.031901,2501.475000,-0.055048,-0.038243
2501.957000,-0.028287,-0.031383,2501.957000,-0.055622,-0.037798
2502.439000,-0.026158,-0.030860,2502.439000,-0.056143,-0.037348
2502.921000,-0.023798,-0.030334,2502.921000,-0.057638,-0.036892
2503.403000,-0.023584,-0.029803,2503.403000,-0.058416,-0.036431
2503.885000,-0.024942,-0.029268,2503.885000,-0.058877,-0.035965
2504.367000,-0.026459,-0.028729,2504.367000,-0.060187,-0.035494
2504.849000,-0.027761,-0.028186,2504.849000,-0.061348,-0.035018
2505.331000,-0.026766,-0.027639,2505.331000,-0.061513,-0.034537
2505.813000,-0.026372,-0.027089,2505.813000,-0.062052,-0.034051
2506.295000,-0.026925,-0.026535,2506.295000,-0.062033,-0.033561
2506.777000,-0.027185,-0.025977,2506.777000,-0.060057,-0.033066
2507.259000,-0.026701,-0.025416,2507.259000,-0.057070,-0.032567
2507.741000,-0.025080,-0.024851,2507.741000,-0.053618,-0.032063
2508.223000,-0.022789,-0.024284,2508.223000,-0.048920,-0.031554
2508.705000,-0.020338,-0.023713,2508.705000,-0.043439,-0.031042
2509.187000,-0.018409,-0.023139,2509.187000,-0.037310,-0.030525
2509.669000,-0.016862,-0.022562,2509.669000,-0.031357,-0.030004
2510.151000,-0.017817,-0.021982,2510.151000,-0.026200,-0.029479
2510.633000,-0.018740,-0.021399,2510.633000,-0.022791,-0.028950
2511.115000,-0.017984,-0.020813,2511.115000,-0.020870,-0.028417
2511.597000,-0.017420,-0.020225,2511.597000,-0.019300,-0.027880
2512.079000,-0.016272,-0.019634,2512.079000,-0.018351,-0.027340
2512.561000,-0.015838,-0.019041,2512.561000,-0.019054,-0.026795
2513.043000,-0.015087,-0.018445,2513.043000,-0.019481,-0.026248
2513.525000,-0.013818,-0.017847,2513.525000,-0.019731,-0.025697
2514.007000,-0.013353,-0.017247,2514.007000,-0.020993,-0.025142
2514.489000,-0.015081,-0.016645,2514.489000,-0.022774,-0.024584
2514.971000,-0.016420,-0.016041,2514.971000,-0.023746,-0.024023
2515.453000,-0.015767,-0.015435,2515.453000,-0.026075,-0.023459
2515.935000,-0.014196,-0.014827,2515.935000,-0.029023,-0.022892
2516.417000,-0.012635,-0.014217,2516.417000,-0.030799,-0.022322
2516.899000,-0.011884,-0.013606,2516.899000,-0.032100,-0.021749
2517.381000,-0.010341,-0.012993,2517.381000,-0.033930,-0.021173
2517.863000,-0.007552,-0.012379,2517.863000,-0.035258,-0.020595
2518.345000,-0.005286,-0.011763,2518.345000,-0.035423,-0.020014
2518.827000,-0.003825,-0.011147,2518.827000,-0.034947,-0.019431
2519.309000,-0.001604,-0.010529,2519.309000,-0.035171,-0.018845
2519.791000,0.001140,-0.009910,2519.791000,-0.035618,-0.018257
2520.273000,0.002847,-0.009290,2520.273000,-0.035998,-0.017666
2520.755000,0.001737,-0.008669,2520.755000,-0.036350,-0.017074
2521.237000,0.000013,-0.008047,2521.237000,-0.036691,-0.016480
2521.719000,-0.000262,-0.007425,2521.719000,-0.037844,-0.015883
2522.201000,0.000705,-0.006802,2522.201000,-0.039722,-0.015285
2522.683000,0.000912,-0.006179,2522.683000,-0.041185,-0.014685
2523.165000,0.000358,-0.005555,2523.165000,-0.040714,-0.014083
2523.647000,-0.000166,-0.004931,2523.647000,-0.040240,-0.013480
2524.129000,-0.000360,-0.004307,2524.129000,-0.040167,-0.012875
2524.611000,-0.000593,-0.003683,2524.611000,-0.038877,-0.012269
2525.093000,-0.002473,-0.003059,2525.093000,-0.037347,-0.011662
2525.575000,-0.005720,-0.002435,2525.575000,-0.035796,-0.011053
2526.057000,-0.005990,-0.001811,2526.057000,-0.034160,-0.010443
2526.539000,-0.005571,-0.001187,2526.539000,-0.032344,-0.009833
2527.021000,-0.006171,-0.000564,2527.021000,-0.030670,-0.009221
2527.503000,-0.006519,0.000059,2527.503000,-0.029168,-0.008609
2527.985000,-0.004979,0.000681,2527.985000,-0.028398,-0.007996
2528.467000,-0.003571,0.001302,2528.467000,-0.028490,-0.007382
2528.949000,-0.001572,0.001923,2528.949000,-0.027844,-0.006768
2529.431000,0.000569,0.002543,2529.431000,-0.028740,-0.006153
2529.913000,0.002440,0.003162,2529.913000,-0.028879,-0.005538
2530.395000,0.004693,0.003779,2530.395000,-0.030475,-0.004923
2530.877000,0.007105,0.004396,2530.877000,-0.032341,-0.004307
2531.359000,0.009695,0.005012,2531.359000,-0.033878,-0.003692
2531.841000,0.011242,0.005626,2531.841000,-0.035619,-0.003076
2532.323000,0.012010,0.006238,2532.323000,-0.034690,-0.002461
2532.805000,0.013386,0.006849,2532.805000,-0.034340,-0.001846
2533.287000,0.014663,0.007459,2533.287000,-0.036338,-0.001231
2533.769000,0.014427,0.008067,2533.769000,-0.036575,-0.000617
2534.251000,0.013957,0.008673,2534.251000,-0.036617,-0.000003
2534.733000,0.013339,0.009277,2534.733000,-0.038047,0.000610
2535.215000,0.010890,0.009879,2535.215000,-0.038468,0.001223
2535.697000,0.009280,0.010479,2535.697000,-0.039207,0.001835
2536.179000,0.006582,0.011077,2536.179000,-0.039847,0.002445
2536.661000,0.002623,0.011672,2536.661000,-0.038537,0.003055
2537.143000,-0.000365,0.012265,2537.143000,-0.038682,0.003664
2537.625000,-0.001814,0.012856,2537.625000,-0.038770,0.004272
2538.107000,-0.001576,0.013445,2538.107000,-0.037146,0.004878
2538.589000,-0.001543,0.014030,2538.589000,-0.033380,0.005484
2539.071000,-0.000843,0.014613,2539.071000,-0.028533,0.006087
2539.553000,0.000859,0.015193,2539.553000,-0.026065,0.006689
2540.035000,0.003029,0.015771,2540.035000,-0.024022,0.007290
2540.517000,0.005311,0.016345,2540.517000,-0.019986,0.007889
2540.999000,0.008032,0.016916,2540.999000,-0.018034,0.008486
2541.481000,0.009765,0.017484,2541.481000,-0.017304,0.009081
2541.963000,0.011893,0.018049,2541.963000,-0.015882,0.009674
2542.445000,0.014696,0.018611,2542.445000,-0.015337,0.010265
2542.927000,0.016597,0.019169,2542.927000,-0.013585,0.010854
2543.409000,0.017557,0.019724,2543.409000,-0.011373,0.011441
2543.891000,0.018810,0.020275,2543.891000,-0.010354,0.012025
2544.373000,0.020863,0.020823,2544.373000,-0.010726,0.012607
2544.855000,0.022758,0.021366,2544.855000,-0.009446,0.013186
2545.337000,0.023845,0.021906,2545.337000,-0.007038,0.013763
2545.819000,0.024256,0.022443,2545.819000,-0.004226,0.014337
2546.301000,0.026328,0.022975,2546.301000,-0.003098,0.014909
2546.783000,0.027840,0.023503,2546.783000,-0.001465,0.015477
2547.265000,0.028601,0.024027,2547.265000,-0.000537,0.016043
2547.747000,0.028729,0.024547,2547.747000,0.000607,0.016605
2548.229000,0.028336,0.025062,2548.229000,0.000401,0.017165
2548.711000,0.028558,0.025573,2548.711000,0.000392,0.017721
2549.193000,0.027178,0.026080,2549.193000,0.000121,0.018274
2549.675000,0.025556,0.026583,2549.675000,0.000674,0.018824
2550.157000,0.023249,0.027080,2550.157000,0.001497,0.019370
2550.639000,0.021038,0.027573,2550.639000,0.002381,0.019913
2551.121000,0.018629,0.028062,2551.121000,0.002398,0.020452
2551.603000,0.015721,0.028545,2551.603000,0.004194,0.020987
2552.085000,0.012270,0.029024,2552.085000,0.006296,0.021519
2552.567000,0.009841,0.029498,2552.567000,0.007588,0.022046
2553.049000,0.010049,0.029966,2553.049000,0.007208,0.022570
2553.531000,0.009206,0.030430,2553.531000,0.008148,0.023090
2554.013000,0.007811,0.030889,2554.013000,0.007901,0.023606
2554.495000,0.007678,0.031342,2554.495000,0.007649,0.024118
2554.977000,0.008944,0.031790,2554.977000,0.007317,0.024625
2555.459000,0.009891,0.032233,2555.459000,0.008654,0.025128
2555.941000,0.010775,0.032670,2555.941000,0.010902,0.025627
2556.423000,0.013766,0.033102,2556.423000,0.013518,0.026121
2556.905000,0.017618,0.033528,2556.905000,0.015028,0.026611
2557.387000,0.020326,0.033949,2557.387000,0.016691,0.027097
2557.869000,0.020713,0.034364,2557.869000,0.018843,0.027577
2558.351000,0.020817,0.034774,2558.351000,0.021122,0.028053
2558.833000,0.021467,0.035177,2558.833000,0.021817,0.028524
2559.315000,0.023863,0.035575,2559.315000,0.021693,0.028990
2559.797000,0.025954,0.035967,2559.797000,0.021330,0.029452
2560.279000,0.027132,0.036353,2560.279000,0.019629,0.029908
2560.761000,0.028366,0.036733,2560.761000,0.017920,0.030359
2561.243000,0.029520,0.037107,2561.243000,0.016952,0.030805
2561.725000,0.031898,0.037475,2561.725000,0.017334,0.031246
2562.207000,0.034136,0.037837,2562.207000,0.018005,0.031682
2562.689000,0.036430,0.038192,2562.689000,0.018461,0.032112
2563.171000,0.039254,0.038542,2563.171000,0.017356,0.032537
2563.653000,0.041163,0.038885,2563.653000,0.015306,0.032956
2564.135000,0.041218,0.039221,2564.135000,0.013449,0.033370
2564.617000,0.040070,0.039551,2564.617000,0.012594,0.033779
2565.099000,0.039652,0.039875,2565.099000,0.011205,0.034181
2565.581000,0.038745,0.040193,2565.581000,0.008823,0.034578
2566.063000,0.037881,0.040503,2566.063000,0.006290,0.034970
2566.545000,0.036572,0.040808,2566.545000,0.003727,0.035355
2567.027000,0.035137,0.041105,2567.027000,0.002163,0.035735
2567.509000,0.034904,0.041396,2567.509000,0.002908,0.036109
2567.991000,0.034360,0.041681,2567.991000,0.004661,0.036477
2568.473000,0.034875,0.041958,2568.473000,0.006975,0.036839
2568.955000,0.035567,0.042229,2568.955000,0.008062,0.037194
2569.437000,0.036081,0.042493,2569.437000,0.009817,0.037544
2569.919000,0.036726,0.042750,2569.919000,0.011621,0.037888
2570.401000,0.036478,0.043000,2570.401000,0.013518,0.038225
2570.883000,0.035403,0.043244,2570.883000,0.015980,0.038556
2571.365000,0.034062,0.043480,2571.365000,0.018768,0.038881
2571.847000,0.032579,0.043710,2571.847000,0.020939,0.039199
2572.329000,0.031978,0.043932,2572.329000,0.022640,0.039511
2572.811000,0.031810,0.044148,2572.811000,0.024500,0.039817
2573.293000,0.030605,0.044356,2573.293000,0.026312,0.040116
2573.775000,0.029713,0.044557,2573.775000,0.027695,0.040409
2574.257000,0.029948,0.044752,2574.257000,0.028889,0.040695
2574.739000,0.029395,0.044939,2574.739000,0.030495,0.040974
2575.221000,0.028402,0.045119,2575.221000,0.030439,0.041247
2575.703000,0.028232,0.045291,2575.703000,0.029788,0.041514
2576.185000,0.028229,0.045457,2576.185000,0.030984,0.041773
2576.667000,0.028715,0.045615,2576.667000,0.030584,0.042026
2577.149000,0.028104,0.045766,2577.149000,0.028379,0.042272
2577.631000,0.026824,0.045910,2577.631000,0.026958,0.042511
2578.113000,0.026503,0.046047,2578.113000,0.025151,0.042744
2578.595000,0.026812,0.046176,2578.595000,0.024443,0.042969
2579.077000,0.028843,0.046298,2579.077000,0.025475,0.043188
2579.559000,0.030905,0.046413,2579.559000,0.025703,0.043400
2580.041000,0.032048,0.046520,2580.041000,0.024553,0.043605
2580.523000,0.033721,0.046620,2580.523000,0.022953,0.043802
2581.005000,0.036091,0.046713,2581.005000,0.023321,0.043993
2581.487000,0.036956,0.046798,2581.487000,0.023895,0.044177
2581.969000,0.036659,0.046876,2581.969000,0.024424,0.044354
2582.451000,0.036522,0.046947,2582.451000,0.026036,0.044524
2582.933000,0.036327,0.047010,2582.933000,0.026814,0.044686
2583.415000,0.036415,0.047066,2583.415000,0.025964,0.044842
2583.897000,0.036562,0.047114,2583.897000,0.023282,0.044990
2584.379000,0.035995,0.047156,2584.379000,0.021532,0.045132
2584.861000,0.034691,0.047189,2584.861000,0.020344,0.045266
2585.343000,0.035293,0.047216,2585.343000,0.019836,0.045393
2585.825000,0.037152,0.047235,2585.825000,0.019433,0.045513
2586.307000,0.038449,0.047246,2586.307000,0.018063,0.045625
2586.789000,0.038591,0.047251,2586.789000,0.016983,0.045731
2587.271000,0.038640,0.047248,2587.271000,0.016613,0.045829
2587.753000,0.039164,0.047237,2587.753000,0.016948,0.045920
2588.235000,0.037993,0.047219,2588.235000,0.016880,0.046004
2588.717000,0.035169,0.047194,2588.717000,0.017335,0.046080
2589.199000,0.031768,0.047162,2589.199000,0.017748,0.046149
2589.681000,0.029071,0.047122,2589.681000,0.017960,0.046211
2590.163000,0.027082,0.047075,2590.163000,0.018489,0.046266
2590.645000,0.025510,0.047021,2590.645000,0.017754,0.046314
2591.127000,0.022476,0.046959,2591.127000,0.017081,0.046354
2591.609000,0.020156,0.046890,2591.609000,0.016353,0.046387
2592.091000,0.020485,0.046814,2592.091000,0.014799,0.046413
2592.573000,0.020922,0.046731,2592.573000,0.013139,0.046431
2593.055000,0.022283,0.046640,2593.055000,0.012390,0.046443
2593.537000,0.022323,0.046543,2593.537000,0.012840,0.046447
2594.019000,0.024393,0.046438,2594.019000,0.014165,0.046443
2594.501000,0.026306,0.046326,2594.501000,0.016174,0.046433
2594.983000,0.027082,0.046207,2594.983000,0.019559,0.046415
2595.465000,0.025479,0.046081,2595.465000,0.023182,0.046390
2595.947000,0.024231,0.045947,2595.947000,0.025237,0.046358
2596.429000,0.023327,0.045807,2596.429000,0.026393,0.046319
2596.911000,0.022154,0.045660,2596.911000,0.028544,0.046273
2597.393000,0.020623,0.045505,2597.393000,0.030047,0.046219
2597.875000,0.018351,0.045344,2597.875000,0.029848,0.046158
2598.357000,0.017343,0.045176,2598.357000,0.028557,0.046090
2598.839000,0.017667,0.045001,2598.839000,0.025513,0.046015
2599.321000,0.019659,0.044819,2599.321000,0.021883,0.045933
2599.803000,0.021450,0.044630,2599.803000,0.018921,0.045844
2600.285000,0.020891,0.044435,2600.285000,0.017546,0.045748
2600.767000,0.022116,0.044232,2600.767000,0.016430,0.045644
2601.249000,0.022005,0.044023,2601.249000,0.014721,0.045534
2601.731000,0.021874,0.043808,2601.731000,0.014212,0.045417
2602.213000,0.020493,0.043586,2602.213000,0.013151,0.045293
2602.695000,0.020318,0.043357,2602.695000,0.011178,0.045161
2603.177000,0.020629,0.043121,2603.177000,0.011662,0.045023
2603.659000,0.020717,0.042879,2603.659000,0.014348,0.044878
2604.141000,0.020494,0.042631,2604.141000,0.016360,0.044726
2604.623000,0.019896,0.042376,2604.623000,0.017858,0.044567
2605.105000,0.020779,0.042115,2605.105000,0.019759,0.044402
2605.587000,0.022624,0.041847,2605.587000,0.020207,0.044230
2606.069000,0.023691,0.041574,2606.069000,0.021674,0.044050
2606.551000,0.023515,0.041294,2606.551000,0.022788,0.043865
2607.033000,0.022432,0.041007,2607.033000,0.024081,0.043672
2607.515000,0.021133,0.040715,2607.515000,0.025048,0.043473
2607.997000,0.019546,0.040416,2607.997000,0.025376,0.043267
2608.479000,0.018274,0.040112,2608.479000,0.026054,0.043055
2608.961000,0.017021,0.039802,2608.961000,0.025691,0.042836
2609.443000,0.015729,0.039485,2609.443000,0.025563,0.042611
2609.925000,0.014250,0.039163,2609.925000,0.026658,0.042379
2610.407000,0.012457,0.038835,2610.407000,0.026110,0.042141
2610.889000,0.011598,0.038501,2610.889000,0.024037,0.041897
2611.371000,0.010802,0.038161,2611.371000,0.022501,0.041646
2611.853000,0.010450,0.037816,2611.853000,0.021350,0.041389
2612.335000,0.010437,0.037465,2612.335000,0.019418,0.041126
2612.817000,0.008793,0.037109,2612.817000,0.017594,0.040856
2613.299000,0.007318,0.036747,2613.299000,0.015998,0.040581
2613.781000,0.006169,0.036380,2613.781000,0.015206,0.040299
2614.263000,0.004447,0.036008,2614.263000,0.015248,0.040011
2614.745000,0.002472,0.035630,2614.745000,0.017341,0.039718
2615.227000,0.001468,0.035247,2615.227000,0.019936,0.039418
2615.709000,0.002144,0.034859,2615.709000,0.021883,0.039113
2616.191000,0.003255,0.034466,2616.191000,0.024445,0.038801
2616.673000,0.003240,0.034067,2616.673000,0.027880,0.038484
2617.155000,0.004267,0.033664,2617.155000,0.029487,0.038161
2617.637000,0.006257,0.033256,2617.637000,0.031959,0.037833
2618.119000,0.007871,0.032843,2618.119000,0.036005,0.037499
2618.601000,0.009269,0.032425,2618.601000,0.037422,0.037159
2619.083000,0.010749,0.032003,2619.083000,0.036590,0.036814
2619.565000,0.010896,0.031576,2619.565000,0.034455,0.036463
2620.047000,0.011940,0.031144,2620.047000,0.032093,0.036108
2620.529000,0.013321,0.030708,2620.529000,0.028196,0.035746
2621.011000,0.013946,0.030268,2621.011000,0.025072,0.035380
2621.493000,0.014614,0.029823,2621.493000,0.023385,0.035008
2621.975000,0.016355,0.029374,2621.975000,0.021578,0.034631
2622.457000,0.017593,0.028921,2622.457000,0.019305,0.034249
2622.939000,0.017303,0.028464,2622.939000,0.017378,0.033862
2623.421000,0.015985,0.028003,2623.421000,0.017270,0.033470
2623.903000,0.015408,0.027538,2623.903000,0.018016,0.033074
2624.385000,0.012961,0.027069,2624.385000,0.019675,0.032672
2624.867000,0.009308,0.026596,2624.867000,0.020147,0.032266
2625.349000,0.004964,0.026119,2625.349000,0.018471,0.031855
2625.831000,0.001302,0.025639,2625.831000,0.015733,0.031439
2626.313000,-0.002222,0.025155,2626.313000,0.012430,0.031019
2626.795000,-0.005346,0.024668,2626.795000,0.010260,0.030595
2627.277000,-0.007233,0.024177,2627.277000,0.009058,0.030166
2627.759000,-0.008875,0.023683,2627.759000,0.008189,0.029732
2628.241000,-0.010749,0.023186,2628.241000,0.006757,0.029295
2628.723000,-0.011275,0.022685,2628.723000,0.006791,0.028853
2629.205000,-0.012040,0.022182,2629.205000,0.007423,0.028407
2629.687000,-0.013618,0.021675,2629.687000,0.008724,0.027957
2630.169000,-0.013973,0.021166,2630.169000,0.010867,0.027503
2630.651000,-0.014523,0.020653,2630.651000,0.011571,0.027046
2631.133000,-0.016248,0.020138,2631.133000,0.011415,0.026584
2631.615000,-0.017886,0.019621,2631.615000,0.011529,0.026119
2632.097000,-0.019602,0.019100,2632.097000,0.010709,0.025650
2632.579000,-0.020440,0.018578,2632.579000,0.008454,0.025177
2633.061000,-0.019548,0.018052,2633.061000,0.006838,0.024701
2633.543000,-0.017563,0.017525,2633.543000,0.007127,0.024222
2634.025000,-0.015810,0.016995,2634.025000,0.007231,0.023739
2634.507000,-0.014692,0.016463,2634.507000,0.007552,0.023253
2634.989000,-0.012462,0.015929,2634.989000,0.007444,0.022763
2635.471000,-0.009595,0.015393,2635.471000,0.008499,0.022271
2635.953000,-0.008216,0.014855,2635.953000,0.009693,0.021775
2636.435000,-0.007397,0.014315,2636.435000,0.010715,0.021277
2636.917000,-0.005355,0.013773,2636.917000,0.010652,0.020775
2637.399000,-0.003476,0.013230,2637.399000,0.009854,0.020271
2637.881000,-0.004400,0.012686,2637.881000,0.011002,0.019764
2638.363000,-0.007208,0.012139,2638.363000,0.012440,0.019255
2638.845000,-0.011059,0.011592,2638.845000,0.012842,0.018743
2639.327000,-0.013815,0.011043,2639.327000,0.012997,0.018228
2639.809000,-0.015043,0.010493,2639.809000,0.013979,0.017711
2640.291000,-0.017055,0.009941,2640.291000,0.014738,0.017192
2640.773000,-0.020256,0.009389,2640.773000,0.014820,0.016671
2641.255000,-0.022112,0.008836,2641.255000,0.016318,0.016147
2641.737000,-0.023140,0.008281,2641.737000,0.017303,0.015621
2642.219000,-0.023171,0.007727,2642.219000,0.016997,0.015094
2642.701000,-0.022969,0.007171,2642.701000,0.015300,0.014564
2643.183000,-0.021268,0.006615,2643.183000,0.013146,0.014033
2643.665000,-0.018394,0.006058,2643.665000,0.010852,0.013500
2644.147000,-0.017096,0.005501,2644.147000,0.008549,0.012965
2644.629000,-0.017747,0.004943,2644.629000,0.007211,0.012429
2645.111000,-0.019135,0.004385,2645.111000,0.005559,0.011891
2645.593000,-0.020019,0.003827,2645.593000,0.003571,0.011352
2646.075000,-0.021250,0.003269,2646.075000,0.000914,0.010812
2646.557000,-0.022614,0.002711,2646.557000,-0.001685,0.010270
2647.039000,-0.023924,0.002153,2647.039000,-0.005073,0.009728
2647.521000,-0.024117,0.001596,2647.521000,-0.007946,0.009184
2648.003000,-0.023180,0.001038,2648.003000,-0.009155,0.008639
2648.485000,-0.022287,0.000481,2648.485000,-0.009903,0.008094
2648.967000,-0.020875,-0.000076,2648.967000,-0.011475,0.007547
2649.449000,-0.018736,-0.000632,2649.449000,-0.012609,0.007000
2649.931000,-0.017636,-0.001187,2649.931000,-0.011764,0.006453
2650.413000,-0.017286,-0.001742,2650.413000,-0.008766,0.005904
2650.895000,-0.019383,-0.002296,2650.895000,-0.006686,0.005356
2651.377000,-0.021714,-0.002849,2651.377000,-0.003586,0.004807
2651.859000,-0.023480,-0.003401,2651.859000,-0.001080,0.004258
2652.341000,-0.025808,-0.003953,2652.341000,0.001631,0.003708
2652.823000,-0.029308,-0.004502,2652.823000,0.004100,0.003159
2653.305000,-0.031742,-0.005051,2653.305000,0.005394,0.002609
2653.787000,-0.032581,-0.005599,2653.787000,0.005215,0.002060
2654.269000,-0.031981,-0.006145,2654.269000,0.004935,0.001511
2654.751000,-0.031856,-0.006689,2654.751000,0.003595,0.000962
2655.233000,-0.031859,-0.007232,2655.233000,0.002196,0.000413
2655.715000,-0.031288,-0.007774,2655.715000,0.000935,-0.000135
2656.197000,-0.030026,-0.008314,2656.197000,-0.000392,-0.000683
2656.679000,-0.030454,-0.008851,2656.679000,-0.001246,-0.001230
2657.161000,-0.029781,-0.009387,2657.161000,-0.002275,-0.001777
2657.643000,-0.029341,-0.009921,2657.643000,-0.005470,-0.002322
2658.125000,-0.028014,-0.010453,2658.125000,-0.007616,-0.002867
2658.607000,-0.026289,-0.010983,2658.607000,-0.008755,-0.003411
2659.089000,-0.025223,-0.011511,2659.089000,-0.008528,-0.003954
2659.571000,-0.024831,-0.012036,2659.571000,-0.009070,-0.004496
2660.053000,-0.023982,-0.012559,2660.053000,-0.009722,-0.005036
2660.535000,-0.022959,-0.013079,2660.535000,-0.009690,-0.005576
2661.017000,-0.022988,-0.013597,2661.017000,-0.009350,-0.006114
2661.499000,-0.023865,-0.014113,2661.499000,-0.010051,-0.006650
2661.981000,-0.023619,-0.014625,2661.981000,-0.010388,-0.007185
2662.463000,-0.023848,-0.015135,2662.463000,-0.010369,-0.007719
2662.945000,-0.024307,-0.015642,2662.945000,-0.010351,-0.008251
2663.427000,-0.024832,-0.016146,2663.427000,-0.010346,-0.008781
2663.909000,-0.025534,-0.016647,2663.909000,-0.010379,-0.009309
2664.391000,-0.027288,-0.017145,2664.391000,-0.010447,-0.009835
2664.873000,-0.028331,-0.017640,2664.873000,-0.010202,-0.010359
2665.355000,-0.029163,-0.018131,2665.355000,-0.009703,-0.010881
2665.837000,-0.030719,-0.018620,2665.837000,-0.009793,-0.011401
2666.319000,-0.034346,-0.019105,2666.319000,-0.009908,-0.011919
2666.801000,-0.038422,-0.019586,2666.801000,-0.008637,-0.012435
2667.283000,-0.042525,-0.020064,2667.283000,-0.007207,-0.012948
2667.765000,-0.046466,-0.020538,2667.765000,-0.006956,-0.013458
2668.247000,-0.048633,-0.021009,2668.247000,-0.007691,-0.013966
2668.729000,-0.049706,-0.021476,2668.729000,-0.008745,-0.014472
2669.211000,-0.051044,-0.021939,2669.211000,-0.009827,-0.014974
2669.693000,-0.050899,-0.022398,2669.693000,-0.011049,-0.015474
2670.175000,-0.050552,-0.022853,2670.175000,-0.011960,-0.015971
2670.657000,-0.050228,-0.023305,2670.657000,-0.013150,-0.016465
2671.139000,-0.048705,-0.023752,2671.139000,-0.014844,-0.016956
2671.621000,-0.045561,-0.024195,2671.621000,-0.015338,-0.017444
2672.103000,-0.043257,-0.024634,2672.103000,-0.015991,-0.017929
2672.585000,-0.042140,-0.025068,2672.585000,-0.016479,-0.018411
2673.067000,-0.040954,-0.025498,2673.067000,-0.016246,-0.018889
2673.549000,-0.038345,-0.025924,2673.549000,-0.015187,-0.019364
2674.031000,-0.035685,-0.026346,2674.031000,-0.013472,-0.019835
2674.513000,-0.032678,-0.026762,2674.513000,-0.012795,-0.020303
2674.995000,-0.028909,-0.027175,2674.995000,-0.012225,-0.020768
2675.477000,-0.025240,-0.027582,2675.477000,-0.011772,-0.021228
2675.959000,-0.021698,-0.027985,2675.959000,-0.012282,-0.021685
2676.441000,-0.019299,-0.028383,2676.441000,-0.014103,-0.022139
2676.923000,-0.019086,-0.028776,2676.923000,-0.015952,-0.022588
2677.405000,-0.020862,-0.029165,2677.405000,-0.018578,-0.023033
2677.887000,-0.023144,-0.029548,2677.887000,-0.021301,-0.023475
2678.369000,-0.026842,-0.029926,2678.369000,-0.023005,-0.023912
2678.851000,-0.031806,-0.030300,2678.851000,-0.024824,-0.024345
2679.333000,-0.036782,-0.030668,2679.333000,-0.025744,-0.024774
2679.815000,-0.040651,-0.031031,2679.815000,-0.026952,-0.025199
2680.297000,-0.043887,-0.031389,2680.297000,-0.027881,-0.025620
2680.779000,-0.047472,-0.031742,2680.779000,-0.027772,-0.026036
2681.261000,-0.049385,-0.032089,2681.261000,-0.028371,-0.026447
2681.743000,-0.049464,-0.032431,2681.743000,-0.026404,-0.026855
2682.225000,-0.048607,-0.032767,2682.225000,-0.026043,-0.027257
2682.707000,-0.047299,-0.033098,2682.707000,-0.027780,-0.027655
2683.189000,-0.046409,-0.033424,2683.189000,-0.030656,-0.028049
2683.671000,-0.044868,-0.033744,2683.671000,-0.033361,-0.028437
2684.153000,-0.042842,-0.034058,2684.153000,-0.034850,-0.028821
2684.635000,-0.041583,-0.034367,2684.635000,-0.035924,-0.029200
2685.117000,-0.041697,-0.034670,2685.117000,-0.037258,-0.029574
2685.599000,-0.041461,-0.034968,2685.599000,-0.038036,-0.029943
2686.081000,-0.041439,-0.035259,2686.081000,-0.038651,-0.030307
2686.563000,-0.039854,-0.035545,2686.563000,-0.038808,-0.030666
2687.045000,-0.037863,-0.035825,2687.045000,-0.038357,-0.031020
2687.527000,-0.036088,-0.036099,2687.527000,-0.037815,-0.031369
2688.009000,-0.034967,-0.036367,2688.009000,-0.037602,-0.031713
2688.491000,-0.033988,-0.036629,2688.491000,-0.036617,-0.032051
2688.973000,-0.033263,-0.036885,2688.973000,-0.038550,-0.032384
2689.455000,-0.032821,-0.037136,2689.455000,-0.040815,-0.032712
2689.937000,-0.032581,-0.037380,2689.937000,-0.042779,-0.033034
2690.419000,-0.033023,-0.037618,2690.419000,-0.044544,-0.033351
2690.901000,-0.034826,-0.037850,2690.901000,-0.044910,-0.033662
2691.383000,-0.038076,-0.038075,2691.383000,-0.046470,-0.033968
2691.865000,-0.041871,-0.038295,2691.865000,-0.048742,-0.034269
2692.347000,-0.044790,-0.038508,2692.347000,-0.050110,-0.034563
2692.829000,-0.046825,-0.038715,2692.829000,-0.052972,-0.034852
2693.311000,-0.047141,-0.038916,2693.311000,-0.054584,-0.035136
2693.793000,-0.047429,-0.039110,2693.793000,-0.055102,-0.035413
2694.275000,-0.047896,-0.039299,2694.275000,-0.056379,-0.035685
2694.757000,-0.048708,-0.039480,2694.757000,-0.057478,-0.035951
2695.239000,-0.049165,-0.039656,2695.239000,-0.057800,-0.036211
2695.721000,-0.049291,-0.039825,2695.721000,-0.056623,-0.036465
2696.203000,-0.049978,-0.039988,2696.203000,-0.054497,-0.036714
2696.685000,-0.050170,-0.040144,2696.685000,-0.052312,-0.036956
2697.167000,-0.050378,-0.040294,2697.167000,-0.049968,-0.037193
2697.649000,-0.050612,-0.040437,2697.649000,-0.047066,-0.037423
2698.131000,-0.051170,-0.040574,2698.131000,-0.044431,-0.037648
2698.613000,-0.051411,-0.040704,2698.613000,-0.041125,-0.037866
2699.095000,-0.050728,-0.040828,2699.095000,-0.038254,-0.038078
2699.577000,-0.049505,-0.040946,2699.577000,-0.037682,-0.038284
2700.059000,-0.047833,-0.041057,2700.059000,-0.036489,-0.038484
2700.541000,-0.045235,-0.041161,2700.541000,-0.035287,-0.038678
2701.023000,-0.042415,-0.041259,2701.023000,-0.035303,-0.038866
2701.505000,-0.039953,-0.041350,2701.505000,-0.035835,-0.039047
2701.987000,-0.037050,-0.041434,2701.987000,-0.036708,-0.039222
2702.469000,-0.034673,-0.041512,2702.469000,-0.037565,-0.039391
2702.951000,-0.034027,-0.041584,2702.951000,-0.040587,-0.039554
2703.433000,-0.033154,-0.041649,2703.433000,-0.043320,-0.039710
2703.915000,-0.033034,-0.041707,2703.915000,-0.045559,-0.039860
2704.397000,-0.033349,-0.041759,2704.397000,-0.047827,-0.040004
2704.879000,-0.033899,-0.041804,2704.879000,-0.049023,-0.040141
2705.361000,-0.033642,-0.041843,2705.361000,-0.049644,-0.040272
2705.843000,-0.033916,-0.041874,2705.843000,-0.051665,-0.040396
2706.325000,-0.033865,-0.041900,2706.325000,-0.053456,-0.040514
2706.807000,-0.033370,-0.041919,2706.807000,-0.054249,-0.040626
2707.289000,-0.032569,-0.041931,2707.289000,-0.055207,-0.040731
2707.771000,-0.032336,-0.041936,2707.771000,-0.054522,-0.040830
2708.253000,-0.032150,-0.041935,2708.253000,-0.053867,-0.040923
2708.735000,-0.032364,-0.041928,2708.735000,-0.054440,-0.041009
2709.217000,-0.033255,-0.041914,2709.217000,-0.055091,-0.041088
2709.699000,-0.034345,-0.041893,2709.699000,-0.056022,-0.041161
2710.181000,-0.035457,-0.041866,2710.181000,-0.056337,-0.041228
2710.663000,-0.036302,-0.041832,2710.663000,-0.055368,-0.041288
2711.145000,-0.036284,-0.041792,2711.145000,-0.053165,-0.041342
2711.627000,-0.036561,-0.041745,2711.627000,-0.049839,-0.041389
2712.109000,-0.036305,-0.041692,2712.109000,-0.046624,-0.041430
2712.591000,-0.035491,-0.041633,2712.591000,-0.044482,-0.041464
2713.073000,-0.033548,-0.041566,2713.073000,-0.040936,-0.041492
2713.555000,-0.031399,-0.041494,2713.555000,-0.036843,-0.041513
2714.037000,-0.031518,-0.041415,2714.037000,-0.034687,-0.041528
2714.519000,-0.032897,-0.041329,2714.519000,-0.031899,-0.041536
2715.001000,-0.035769,-0.041238,2715.001000,-0.030791,-0.041538
2715.483000,-0.038285,-0.041140,2715.483000,-0.031624,-0.041533
2715.965000,-0.039421,-0.041035,2715.965000,-0.032320,-0.041522
2716.447000,-0.042184,-0.040924,2716.447000,-0.034202,-0.041505
2716.929000,-0.046405,-0.040807,2716.929000,-0.036502,-0.041481
2717.411000,-0.050099,-0.040684,2717.411000,-0.036873,-0.041451
2717.893000,-0.053080,-0.040554,2717.893000,-0.036618,-0.041414
2718.375000,-0.055277,-0.040419,2718.375000,-0.037463,-0.041371
2718.857000,-0.055355,-0.040277,2718.857000,-0.038725,-0.041322
2719.339000,-0.053905,-0.040129,2719.339000,-0.040692,-0.041266
2719.821000,-0.052687,-0.039974,2719.821000,-0.043287,-0.041204
2720.303000,-0.050873,-0.039814,2720.303000,-0.045586,-0.041135
2720.785000,-0.050505,-0.039648,2720.785000,-0.048537,-0.041061
2721.267000,-0.048233,-0.039475,2721.267000,-0.049863,-0.040980
2721.749000,-0.046215,-0.039297,2721.749000,-0.050154,-0.040892
2722.231000,-0.044177,-0.039113,2722.231000,-0.051389,-0.040799
2722.713000,-0.042195,-0.038922,2722.713000,-0.051627,-0.040699
2723.195000,-0.040961,-0.038726,2723.195000,-0.051085,-0.040593
2723.677000,-0.037633,-0.038524,2723.677000,-0.049415,-0.040481
2724.159000,-0.033614,-0.038316,2724.159000,-0.048186,-0.040362
2724.641000,-0.031234,-0.038103,2724.641000,-0.047699,-0.040238
2725.123000,-0.029619,-0.037883,2725.123000,-0.047221,-0.040107
2725.605000,-0.027735,-0.037658,2725.605000,-0.046359,-0.039970
2726.087000,-0.026656,-0.037428,2726.087000,-0.045313,-0.039828
2726.569000,-0.026297,-0.037192,2726.569000,-0.045074,-0.039679
2727.051000,-0.025636,-0.036950,2727.051000,-0.043194,-0.039524
2727.533000,-0.025521,-0.036702,2727.533000,-0.041585,-0.039363
2728.015000,-0.025636,-0.036450,2728.015000,-0.039301,-0.039197
2728.497000,-0.027946,-0.036191,2728.497000,-0.037409,-0.039024
2728.979000,-0.030598,-0.035928,2728.979000,-0.037618,-0.038846
2729.461000,-0.031379,-0.035659,2729.461000,-0.037728,-0.038661
2729.943000,-0.030703,-0.035385,2729.943000,-0.037576,-0.038471
2730.425000,-0.029279,-0.035105,2730.425000,-0.037932,-0.038276
2730.907000,-0.028772,-0.034820,2730.907000,-0.039655,-0.038074
2731.389000,-0.029625,-0.034531,2731.389000,-0.042061,-0.037867
2731.871000,-0.029442,-0.034236,2731.871000,-0.042793,-0.037654
2732.353000,-0.029213,-0.033936,2732.353000,-0.043247,-0.037435
2732.835000,-0.029642,-0.033631,2732.835000,-0.044076,-0.037211
2733.317000,-0.029470,-0.033321,2733.317000,-0.045342,-0.036982
2733.799000,-0.029726,-0.033007,2733.799000,-0.044967,-0.036747
2734.281000,-0.030596,-0.032687,2734.281000,-0.044418,-0.036506
2734.763000,-0.031757,-0.032363,2734.763000,-0.043107,-0.036260
2735.245000,-0.032870,-0.032034,2735.245000,-0.041292,-0.036009
2735.727000,-0.033889,-0.031701,2735.727000,-0.039368,-0.035753
2736.209000,-0.034295,-0.031362,2736.209000,-0.037730,-0.035491
2736.691000,-0.034696,-0.031020,2736.691000,-0.034430,-0.035224
2737.173000,-0.035784,-0.030673,2737.173000,-0.032387,-0.034952
2737.655000,-0.035966,-0.030321,2737.655000,-0.031401,-0.034674
2738.137000,-0.035934,-0.029965,2738.137000,-0.030292,-0.034392
2738.619000,-0.035749,-0.029605,2738.619000,-0.028936,-0.034105
2739.101000,-0.036231,-0.029241,2739.101000,-0.028236,-0.033812
2739.583000,-0.035927,-0.028872,2739.583000,-0.029948,-0.033515
2740.065000,-0.035776,-0.028500,2740.065000,-0.032728,-0.033213
2740.547000,-0.035839,-0.028123,2740.547000,-0.036197,-0.032906
2741.029000,-0.036946,-0.027742,2741.029000,-0.040566,-0.032595
2741.511000,-0.037338,-0.027358,2741.511000,-0.043871,-0.032278
2741.993000,-0.038496,-0.026970,2741.993000,-0.046919,-0.031957
2742.475000,-0.039381,-0.026577,2742.475000,-0.050531,-0.031632
2742.957000,-0.039892,-0.026182,2742.957000,-0.054230,-0.031302
2743.439000,-0.040843,-0.025782,2743.439000,-0.055980,-0.030967
2743.921000,-0.042667,-0.025379,2743.921000,-0.058453,-0.030628
2744.403000,-0.043625,-0.024973,2744.403000,-0.059441,-0.030285
2744.885000,-0.044597,-0.024563,2744.885000,-0.058659,-0.029937
2745.367000,-0.046446,-0.024149,2745.367000,-0.057112,-0.029586
2745.849000,-0.047379,-0.023733,2745.849000,-0.056365,-0.029230
2746.331000,-0.046882,-0.023313,2746.331000,-0.056057,-0.028869
2746.813000,-0.046530,-0.022890,2746.813000,-0.055449,-0.028505
2747.295000,-0.045867,-0.022464,2747.295000,-0.055232,-0.028137
2747.777000,-0.045608,-0.022035,2747.777000,-0.053148,-0.027765
2748.259000,-0.044377,-0.021603,2748.259000,-0.049615,-0.027389
2748.741000,-0.043617,-0.021168,2748.741000,-0.048048,-0.027009
2749.223000,-0.042749,-0.020731,2749.223000,-0.047368,-0.026626
2749.705000,-0.041927,-0.020290,2749.705000,-0.046446,-0.026239
2750.187000,-0.041000,-0.019847,2750.187000,-0.044921,-0.025848
2750.669000,-0.040036,-0.019402,2750.669000,-0.044936,-0.025454
2751.151000,-0.040042,-0.018954,2751.151000,-0.044892,-0.025056
2751.633000,-0.040799,-0.018503,2751.633000,-0.043444,-0.024655
2752.115000,-0.042386,-0.018050,2752.115000,-0.041594,-0.024251
2752.597000,-0.042035,-0.017595,2752.597000,-0.040257,-0.023843
2753.079000,-0.040489,-0.017138,2753.079000,-0.036995,-0.023432
2753.561000,-0.039502,-0.016679,2753.561000,-0.034215,-0.023018
2754.043000,-0.037773,-0.016217,2754.043000,-0.031234,-0.022601
2754.525000,-0.036487,-0.015754,2754.525000,-0.026853,-0.022181
2755.007000,-0.035433,-0.015289,2755.007000,-0.023941,-0.021758
2755.489000,-0.035779,-0.014821,2755.489000,-0.022838,-0.021332
2755.971000,-0.035879,-0.014353,2755.971000,-0.023540,-0.020903
2756.453000,-0.035657,-0.013882,2756.453000,-0.024652,-0.020472
2756.935000,-0.035782,-0.013410,2756.935000,-0.025033,-0.020038
2757.417000,-0.036399,-0.012936,2757.417000,-0.026944,-0.019601
2757.899000,-0.038181,-0.012461,2757.899000,-0.029532,-0.019162
2758.381000,-0.038999,-0.011985,2758.381000,-0.031586,-0.018721
2758.863000,-0.039852,-0.011507,2758.863000,-0.033130,-0.018277
2759.345000,-0.039334,-0.011028,2759.345000,-0.034436,-0.017831
2759.827000,-0.038358,-0.010548,2759.827000,-0.036813,-0.017383
2760.309000,-0.037659,-0.010067,2760.309000,-0.040148,-0.016932
2760.791000,-0.036181,-0.009585,2760.791000,-0.043585,-0.016480
2761.273000,-0.035043,-0.009102,2761.273000,-0.045739,-0.016025
2761.755000,-0.035566,-0.008619,2761.755000,-0.046434,-0.015569
2762.237000,-0.035935,-0.008134,2762.237000,-0.047091,-0.015111
2762.719000,-0.034657,-0.007649,2762.719000,-0.049858,-0.014651
2763.201000,-0.034386,-0.007164,2763.201000,-0.050001,-0.014190
2763.683000,-0.034794,-0.006677,2763.683000,-0.049302,-0.013726
2764.165000,-0.033982,-0.006191,2764.165000,-0.048930,-0.013262
2764.647000,-0.033224,-0.005704,2764.647000,-0.047185,-0.012796
2765.129000,-0.032048,-0.005217,2765.129000,-0.045122,-0.012328
2765.611000,-0.031164,-0.004730,2765.611000,-0.042204,-0.011859
2766.093000,-0.028429,-0.004242,2766.093000,-0.040875,-0.011389
2766.575000,-0.025235,-0.003755,2766.575000,-0.041543,-0.010918
2767.057000,-0.021880,-0.003267,2767.057000,-0.043056,-0.010446
2767.539000,-0.018226,-0.002780,2767.539000,-0.044770,-0.009973
2768.021000,-0.015176,-0.002293,2768.021000,-0.044546,-0.009499
2768.503000,-0.013458,-0.001806,2768.503000,-0.043105,-0.009024
2768.985000,-0.010551,-0.001320,2768.985000,-0.043066,-0.008548
2769.467000,-0.008027,-0.000834,2769.467000,-0.043645,-0.008072
2769.949000,-0.008339,-0.000349,2769.949000,-0.042950,-0.007595
2770.431000,-0.009320,0.000136,2770.431000,-0.042500,-0.007117
2770.913000,-0.009818,0.000620,2770.913000,-0.040803,-0.006639
2771.395000,-0.010591,0.001104,2771.395000,-0.038161,-0.006161
2771.877000,-0.010665,0.001586,2771.877000,-0.036942,-0.005682
2772.359000,-0.011260,0.002068,2772.359000,-0.035517,-0.005203
2772.841000,-0.010747,0.002549,2772.841000,-0.035747,-0.004724
2773.323000,-0.008164,0.003028,2773.323000,-0.037779,-0.004245
2773.805000,-0.007099,0.003507,2773.805000,-0.041070,-0.003766
2774.287000,-0.007147,0.003984,2774.287000,-0.044058,-0.003287
2774.769000,-0.006191,0.004460,2774.769000,-0.046061,-0.002808
2775.251000,-0.004272,0.004935,2775.251000,-0.046758,-0.002330
2775.733000,-0.001239,0.005408,2775.733000,-0.046426,-0.001851
2776.215000,-0.000161,0.005879,2776.215000,-0.045074,-0.001373
2776.697000,-0.000371,0.006350,2776.697000,-0.043462,-0.000896
2777.179000,-0.000938,0.006818,2777.179000,-0.041514,-0.000419
2777.661000,-0.000929,0.007285,2777.661000,-0.039224,0.000057
2778.143000,-0.000805,0.007750,2778.143000,-0.037714,0.000533
2778.625000,-0.002252,0.008213,2778.625000,-0.036979,0.001007
2779.107000,-0.003542,0.008674,2779.107000,-0.036164,0.001481
2779.589000,-0.003567,0.009133,2779.589000,-0.035902,0.001955
2780.071000,-0.002741,0.009590,2780.071000,-0.036783,0.002427
2780.553000,-0.004487,0.010045,2780.553000,-0.037599,0.002898
2781.035000,-0.005882,0.010497,2781.035000,-0.038848,0.003367
2781.517000,-0.006121,0.010947,2781.517000,-0.040027,0.003836
2781.999000,-0.006898,0.011395,2781.999000,-0.039292,0.004303
2782.481000,-0.006973,0.011841,2782.481000,-0.036991,0.004769
2782.963000,-0.007955,0.012284,2782.963000,-0.035319,0.005234
2783.445000,-0.008547,0.012724,2783.445000,-0.034075,0.005697
2783.927000,-0.009839,0.013162,2783.927000,-0.032911,0.006158
2784.409000,-0.011121,0.013597,2784.409000,-0.031960,0.006618
2784.891000,-0.012637,0.014029,2784.891000,-0.032821,0.007076
2785.373000,-0.013394,0.014459,2785.373000,-0.035284,0.007533
2785.855000,-0.013068,0.014885,2785.855000,-0.037032,0.007987
2786.337000,-0.012586,0.015309,2786.337000,-0.038027,0.008440
2786.819000,-0.011435,0.015729,2786.819000,-0.039295,0.008890
2787.301000,-0.011108,0.016147,2787.301000,-0.041009,0.009339
2787.783000,-0.010272,0.016561,2787.783000,-0.044055,0.009785
2788.265000,-0.010048,0.016972,2788.265000,-0.046018,0.010229
2788.747000,-0.011248,0.017379,2788.747000,-0.046901,0.010671
2789.229000,-0.011741,0.017784,2789.229000,-0.046756,0.011110
2789.711000,-0.010987,0.018185,2789.711000,-0.046928,0.011547
2790.193000,-0.010368,0.018582,2790.193000,-0.047214,0.011982
2790.675000,-0.010565,0.018976,2790.675000,-0.046979,0.012414
2791.157000,-0.010733,0.019366,2791.157000,-0.047274,0.012843
2791.639000,-0.009116,0.019753,2791.639000,-0.047269,0.013270
2792.121000,-0.006959,0.020136,2792.121000,-0.049448,0.013694
2792.603000,-0.005511,0.020515,2792.603000,-0.048478,0.014115
2793.085000,-0.002922,0.020891,2793.085000,-0.046902,0.014533
2793.567000,-0.000099,0.021262,2793.567000,-0.045964,0.014948
2794.049000,0.002415,0.021630,2794.049000,-0.045582,0.015361
2794.531000,0.004221,0.021993,2794.531000,-0.046114,0.015770
2795.013000,0.004767,0.022353,2795.013000,-0.046704,0.016176
2795.495000,0.003466,0.022708,2795.495000,-0.048471,0.016579
2795.977000,0.002608,0.023059,2795.977000,-0.048106,0.016979
2796.459000,0.001788,0.023407,2796.459000,-0.046955,0.017375
2796.941000,-0.000285,0.023749,2796.941000,-0.047395,0.017768
2797.423000,-0.002708,0.024088,2797.423000,-0.047042,0.018158
2797.905000,-0.004828,0.024422,2797.905000,-0.047332,0.018544
2798.387000,-0.006727,0.024752,2798.387000,-0.047346,0.018926
2798.869000,-0.008285,0.025077,2798.869000,-0.047422,0.019305
2799.351000,-0.008809,0.025398,2799.351000,-0.045789,0.019681
2799.833000,-0.007948,0.025714,2799.833000,-0.045414,0.020052
2800.315000,-0.005017,0.026026,2800.315000,-0.043895,0.020420
2800.797000,-0.001950,0.026333,2800.797000,-0.042685,0.020784
2801.279000,-0.001306,0.026635,2801.279000,-0.042177,0.021144
2801.761000,0.000678,0.026933,2801.761000,-0.042329,0.021500
2802.243000,0.002602,0.027226,2802.243000,-0.043154,0.021852
2802.725000,0.002703,0.027514,2802.725000,-0.041986,0.022201
2803.207000,0.002403,0.027798,2803.207000,-0.040318,0.022545
2803.689000,0.001256,0.028076,2803.689000,-0.040615,0.022885
2804.171000,0.001542,0.028349,2804.171000,-0.039908,0.023220
2804.653000,0.000661,0.028618,2804.653000,-0.040282,0.023552
2805.135000,-0.002663,0.028882,2805.135000,-0.041305,0.023879
2805.617000,-0.005297,0.029140,2805.617000,-0.041349,0.024202
2806.099000,-0.007203,0.029393,2806.099000,-0.041309,0.024521
2806.581000,-0.007775,0.029642,2806.581000,-0.040763,0.024835
2807.063000,-0.006791,0.029885,2807.063000,-0.038076,0.025145
2807.545000,-0.006156,0.030123,2807.545000,-0.034788,0.025450
2808.027000,-0.005066,0.030356,2808.027000,-0.030405,0.025750
2808.509000,-0.002935,0.030584,2808.509000,-0.025846,0.026046
2808.991000,-0.000745,0.030806,2808.991000,-0.021715,0.026338
2809.473000,0.001171,0.031023,2809.473000,-0.016758,0.026625
2809.955000,0.003672,0.031235,2809.955000,-0.012509,0.026906
2810.437000,0.006817,0.031441,2810.437000,-0.009887,0.027184
2810.919000,0.010893,0.031642,2810.919000,-0.009155,0.027456
2811.401000,0.012857,0.031838,2811.401000,-0.009830,0.027724
2811.883000,0.012818,0.032028,2811.883000,-0.011949,0.027987
2812.365000,0.012449,0.032213,2812.365000,-0.013483,0.028244
2812.847000,0.012213,0.032392,2812.847000,-0.014507,0.028497
2813.329000,0.012084,0.032566,2813.329000,-0.015557,0.028745
2813.811000,0.012223,0.032734,2813.811000,-0.016076,0.028988
2814.293000,0.012396,0.032897,2814.293000,-0.015709,0.029226
2814.775000,0.012330,0.033054,2814.775000,-0.013160,0.029459
2815.257000,0.011030,0.033206,2815.257000,-0.009292,0.029686
2815.739000,0.010736,0.033352,2815.739000,-0.005164,0.029909
2816.221000,0.010345,0.033492,2816.221000,-0.001071,0.030126
2816.703000,0.009627,0.033627,2816.703000,0.000421,0.030338
2817.185000,0.009705,0.033756,2817.185000,-0.000753,0.030545
2817.667000,0.009441,0.033880,2817.667000,-0.002244,0.030747
2818.149000,0.008932,0.033998,2818.149000,-0.003591,0.030944
2818.631000,0.009194,0.034110,2818.631000,-0.004760,0.031135
2819.113000,0.009870,0.034216,2819.113000,-0.006326,0.031321
2819.595000,0.011852,0.034317,2819.595000,-0.009200,0.031501
2820.077000,0.013706,0.034412,2820.077000,-0.011106,0.031676
2820.559000,0.015752,0.034502,2820.559000,-0.012527,0.031846
2821.041000,0.017616,0.034586,2821.041000,-0.011717,0.032010
2821.523000,0.019383,0.034663,2821.523000,-0.008980,0.032169
2822.005000,0.019835,0.034736,2822.005000,-0.006470,0.032322
2822.487000,0.021062,0.034802,2822.487000,-0.004819,0.032470
2822.969000,0.020355,0.034863,2822.969000,-0.003903,0.032613
2823.451000,0.020474,0.034918,2823.451000,-0.005113,0.032750
2823.933000,0.020582,0.034967,2823.933000,-0.004758,0.032881
2824.415000,0.021301,0.035011,2824.415000,-0.002721,0.033007
2824.897000,0.021308,0.035049,2824.897000,-0.000518,0.033128
2825.379000,0.021468,0.035081,2825.379000,0.002563,0.033243
2825.861000,0.021839,0.035107,2825.861000,0.002582,0.033352
2826.343000,0.021395,0.035128,2826.343000,0.002542,0.033456
2826.825000,0.020959,0.035143,2826.825000,0.004060,0.033554
2827.307000,0.021699,0.035152,2827.307000,0.007859,0.033646
2827.789000,0.021833,0.035155,2827.789000,0.011394,0.033733
2828.271000,0.021728,0.035153,2828.271000,0.011093,0.033815
2828.753000,0.020875,0.035145,2828.753000,0.010132,0.033890
2829.235000,0.021194,0.035131,2829.235000,0.007983,0.033960
2829.717000,0.021247,0.035112,2829.717000,0.004750,0.034025
2830.199000,0.023461,0.035087,2830.199000,0.003604,0.034084
2830.681000,0.025476,0.035056,2830.681000,0.003536,0.034137
2831.163000,0.026463,0.035020,2831.163000,0.002274,0.034185
2831.645000,0.026526,0.034978,2831.645000,0.003741,0.034227
2832.127000,0.025880,0.034930,2832.127000,0.004515,0.034263
2832.609000,0.023675,0.034877,2832.609000,0.002857,0.034294
2833.091000,0.020798,0.034818,2833.091000,0.004236,0.034319
2833.573000,0.017503,0.034754,2833.573000,0.007693,0.034338
2834.055000,0.013247,0.034684,2834.055000,0.011260,0.034352
2834.537000,0.005511,0.034608,2834.537000,0.013261,0.034360
2835.019000,-0.001151,0.034527,2835.019000,0.015632,0.034363
2835.501000,-0.007319,0.034441,2835.501000,0.018844,0.034360
2835.983000,-0.010574,0.034349,2835.983000,0.020607,0.034352
2836.465000,-0.009770,0.034251,2836.465000,0.021471,0.034337
2836.947000,-0.008118,0.034148,2836.947000,0.023007,0.034318
2837.429000,-0.006019,0.034040,2837.429000,0.021413,0.034293
2837.911000,-0.004674,0.033926,2837.911000,0.018608,0.034262
2838.393000,-0.001986,0.033807,2838.393000,0.018321,0.034225
2838.875000,0.001966,0.033683,2838.875000,0.016101,0.034184
2839.357000,0.005900,0.033553,2839.357000,0.012633,0.034136
2839.839000,0.009792,0.033418,2839.839000,0.010313,0.034083
2840.321000,0.011534,0.033278,2840.321000,0.007991,0.034025
2840.803000,0.012447,0.033133,2840.803000,0.004335,0.033961
2841.285000,0.010713,0.032982,2841.285000,0.003861,0.033892
2841.767000,0.009762,0.032826,2841.767000,0.004335,0.033817
2842.249000,0.008081,0.032665,2842.249000,0.004488,0.033737
2842.731000,0.006927,0.032499,2842.731000,0.005710,0.033652
2843.213000,0.006615,0.032328,2843.213000,0.006549,0.033561
2843.695000,0.005861,0.032152,2843.695000,0.008319,0.033465
2844.177000,0.006124,0.031971,2844.177000,0.009414,0.033363
2844.659000,0.005257,0.031785,2844.659000,0.010557,0.033257
2845.141000,0.005202,0.031594,2845.141000,0.012466,0.033145
2845.623000,0.008674,0.031399,2845.623000,0.012937,0.033027
2846.105000,0.012774,0.031198,2846.105000,0.012094,0.032905
2846.587000,0.016849,0.030993,2846.587000,0.009934,0.032777
2847.069000,0.020649,0.030783,2847.069000,0.007897,0.032644
2847.551000,0.023978,0.030568,2847.551000,0.005590,0.032506
2848.033000,0.025202,0.030348,2848.033000,0.004188,0.032363
2848.515000,0.025953,0.030124,2848.515000,0.000994,0.032215
2848.997000,0.024330,0.029895,2848.997000,-0.001636,0.032062
2849.479000,0.021801,0.029662,2849.479000,-0.002225,0.031903
2849.961000,0.020868,0.029424,2849.961000,-0.001708,0.031740
2850.443000,0.019910,0.029182,2850.443000,-0.000282,0.031572
2850.925000,0.018605,0.028935,2850.925000,0.001537,0.031399
2851.407000,0.014301,0.028684,2851.407000,0.003337,0.031221
2851.889000,0.011709,0.028429,2851.889000,0.005353,0.031038
2852.371000,0.011751,0.028169,2852.371000,0.007127,0.030850
2852.853000,0.011276,0.027905,2852.853000,0.008864,0.030658
2853.335000,0.011688,0.027637,2853.335000,0.009840,0.030461
2853.817000,0.010302,0.027365,2853.817000,0.010666,0.030259
2854.299000,0.008796,0.027089,2854.299000,0.010874,0.030052
2854.781000,0.007691,0.026808,2854.781000,0.009319,0.029841
2855.263000,0.006839,0.026524,2855.263000,0.007002,0.029626
2855.745000,0.004012,0.026236,2855.745000,0.005830,0.029405
2856.227000,0.001518,0.025944,2856.227000,0.005747,0.029181
2856.709000,-0.000033,0.025648,2856.709000,0.004489,0.028952
2857.191000,-0.002188,0.025349,2857.191000,0.002050,0.028718
2857.673000,-0.002355,0.025045,2857.673000,0.000850,0.028480
2858.155000,-0.002913,0.024738,2858.155000,-0.000089,0.028238
2858.637000,-0.001862,0.024428,2858.637000,-0.001270,0.027991
2859.119000,0.000088,0.024114,2859.119000,-0.002792,0.027741
2859.601000,0.001176,0.023796,2859.601000,-0.004280,0.027486
2860.083000,0.002394,0.023475,2860.083000,-0.004995,0.027227
2860.565000,0.003168,0.023151,2860.565000,-0.005772,0.026964
2861.047000,0.005651,0.022823,2861.047000,-0.006362,0.026696
2861.529000,0.006948,0.022492,2861.529000,-0.006620,0.026425
2862.011000,0.007362,0.022158,2862.011000,-0.006012,0.026150
2862.493000,0.008627,0.021820,2862.493000,-0.004697,0.025871
2862.975000,0.010021,0.021480,2862.975000,-0.004705,0.025588
2863.457000,0.011924,0.021137,2863.457000,-0.004547,0.025302
2863.939000,0.014169,0.020790,2863.939000,-0.004160,0.025012
2864.421000,0.016895,0.020441,2864.421000,-0.002514,0.024718
2864.903000,0.018345,0.020089,2864.903000,-0.000239,0.024420
2865.385000,0.018917,0.019734,2865.385000,0.000002,0.024119
2865.867000,0.018906,0.019377,2865.867000,-0.001475,0.023814
2866.349000,0.017417,0.019016,2866.349000,-0.002477,0.023506
2866.831000,0.015401,0.018654,2866.831000,-0.001636,0.023194
2867.313000,0.013536,0.018288,2867.313000,-0.000957,0.022879
2867.795000,0.011204,0.017920,2867.795000,-0.000102,0.022561
2868.277000,0.009115,0.017550,2868.277000,0.002410,0.022240
2868.759000,0.006969,0.017178,2868.759000,0.004196,0.021915
2869.241000,0.005519,0.016803,2869.241000,0.005866,0.021587
2869.723000,0.003518,0.016426,2869.723000,0.007319,0.021256
2870.205000,0.000818,0.016047,2870.205000,0.009837,0.020922
2870.687000,-0.001088,0.015666,2870.687000,0.012767,0.020586
2871.169000,-0.001939,0.015282,2871.169000,0.016622,0.020246
2871.651000,-0.001119,0.014897,2871.651000,0.019227,0.019903
2872.133000,-0.000618,0.014510,2872.133000,0.019445,0.019558
2872.615000,-0.001184,0.014121,2872.615000,0.017774,0.019210
2873.097000,-0.001948,0.013731,2873.097000,0.016178,0.018859
2873.579000,-0.002844,0.013338,2873.579000,0.014105,0.018506
2874.061000,-0.003793,0.012945,2874.061000,0.011482,0.018150
2874.543000,-0.004201,0.012549,2874.543000,0.008897,0.017792
2875.025000,-0.004541,0.012152,2875.025000,0.006463,0.017431
2875.507000,-0.007234,0.011754,2875.507000,0.003043,0.017068
2875.989000,-0.009637,0.011354,2875.989000,0.000255,0.016703
2876.471000,-0.011593,0.010953,2876.471000,-0.000371,0.016335
2876.953000,-0.013344,0.010551,2876.953000,-0.000423,0.015966
2877.435000,-0.013957,0.010148,2877.435000,0.001206,0.015594
2877.917000,-0.013509,0.009743,2877.917000,0.002861,0.015220
2878.399000,-0.012230,0.009338,2878.399000,0.005319,0.014844
2878.881000,-0.011634,0.008932,2878.881000,0.007161,0.014467
2879.363000,-0.011279,0.008524,2879.363000,0.007277,0.014087
2879.845000,-0.011103,0.008116,2879.845000,0.008156,0.013706
2880.327000,-0.010674,0.007708,2880.327000,0.007449,0.013323
2880.809000,-0.009797,0.007298,2880.809000,0.006503,0.012938
2881.291000,-0.010079,0.006888,2881.291000,0.005110,0.012552
2881.773000,-0.011606,0.006478,2881.773000,0.003612,0.012165
2882.255000,-0.013608,0.006067,2882.255000,0.003956,0.011775
2882.737000,-0.015507,0.005655,2882.737000,0.004422,0.011385
2883.219000,-0.017906,0.005244,2883.219000,0.004668,0.010993
2883.701000,-0.019903,0.004832,2883.701000,0.003567,0.010600
2884.183000,-0.021912,0.004420,2884.183000,0.003147,0.010206
2884.665000,-0.023458,0.004007,2884.665000,0.002071,0.009810
2885.147000,-0.023629,0.003595,2885.147000,0.000930,0.009414
2885.629000,-0.023439,0.003183,2885.629000,-0.002260,0.009016
2886.111000,-0.023701,0.002771,2886.111000,-0.004277,0.008618
2886.593000,-0.023789,0.002358,2886.593000,-0.005594,0.008219
2887.075000,-0.023111,0.001947,2887.075000,-0.008294,0.007819
2887.557000,-0.022593,0.001535,2887.557000,-0.011768,0.007418
2888.039000,-0.023325,0.001124,2888.039000,-0.014615,0.007017
2888.521000,-0.024553,0.000713,2888.521000,-0.014014,0.006615
2889.003000,-0.026607,0.000303,2889.003000,-0.012122,0.006213
2889.485000,-0.029547,-0.000107,2889.485000,-0.012758,0.005810
2889.967000,-0.031360,-0.000516,2889.967000,-0.013669,0.005407
2890.449000,-0.031770,-0.000925,2890.449000,-0.014575,0.005003
2890.931000,-0.031941,-0.001332,2890.931000,-0.015350,0.004599
2891.413000,-0.030771,-0.001739,2891.413000,-0.015664,0.004195
2891.895000,-0.028689,-0.002145,2891.895000,-0.016461,0.003791
2892.377000,-0.027802,-0.002550,2892.377000,-0.016077,0.003387
2892.859000,-0.027015,-0.002954,2892.859000,-0.013719,0.002983
2893.341000,-0.024870,-0.003357,2893.341000,-0.013556,0.002579
2893.823000,-0.023559,-0.003759,2893.823000,-0.014034,0.002175
2894.305000,-0.022851,-0.004160,2894.305000,-0.014065,0.001771
2894.787000,-0.023403,-0.004559,2894.787000,-0.012353,0.001367
2895.269000,-0.025932,-0.004957,2895.269000,-0.009363,0.000964
2895.751000,-0.028179,-0.005354,2895.751000,-0.007204,0.000562
2896.233000,-0.031525,-0.005749,2896.233000,-0.006219,0.000159
2896.715000,-0.034071,-0.006142,2896.715000,-0.007910,-0.000242
2897.197000,-0.034432,-0.006534,2897.197000,-0.010001,-0.000643
2897.679000,-0.034946,-0.006925,2897.679000,-0.011446,-0.001044
2898.161000,-0.035432,-0.007314,2898.161000,-0.011927,-0.001443
2898.643000,-0.035373,-0.007700,2898.643000,-0.012232,-0.001842
2899.125000,-0.035458,-0.008085,2899.125000,-0.013181,-0.002240
2899.607000,-0.034714,-0.008469,2899.607000,-0.015177,-0.002637
2900.089000,-0.032347,-0.008850,2900.089000,-0.017322,-0.003033
2900.571000,-0.030860,-0.009229,2900.571000,-0.018574,-0.003428
2901.053000,-0.028471,-0.009606,2901.053000,-0.018575,-0.003822
2901.535000,-0.026000,-0.009981,2901.535000,-0.017075,-0.004215
2902.017000,-0.024505,-0.010354,2902.017000,-0.016096,-0.004606
2902.499000,-0.022288,-0.010724,2902.499000,-0.013865,-0.004997
2902.981000,-0.022488,-0.011093,2902.981000,-0.012378,-0.005385
2903.463000,-0.022279,-0.011459,2903.463000,-0.012869,-0.005773
2903.945000,-0.020070,-0.011822,2903.945000,-0.011830,-0.006159
2904.427000,-0.018552,-0.012183,2904.427000,-0.010579,-0.006543
2904.909000,-0.018406,-0.012541,2904.909000,-0.009622,-0.006926
2905.391000,-0.018715,-0.012897,2905.391000,-0.008540,-0.007307
2905.873000,-0.020228,-0.013250,2905.873000,-0.008434,-0.007686
2906.355000,-0.021897,-0.013601,2906.355000,-0.008197,-0.008064
2906.837000,-0.023354,-0.013949,2906.837000,-0.007379,-0.008439
2907.319000,-0.025573,-0.014294,2907.319000,-0.007547,-0.008813
2907.801000,-0.026655,-0.014636,2907.801000,-0.007151,-0.009185
2908.283000,-0.028174,-0.014975,2908.283000,-0.005196,-0.009554
2908.765000,-0.032276,-0.015311,2908.765000,-0.005834,-0.009922
2909.247000,-0.036861,-0.015644,2909.247000,-0.005493,-0.010288
2909.729000,-0.041519,-0.015974,2909.729000,-0.005611,-0.010651
2910.211000,-0.044071,-0.016302,2910.211000,-0.006732,-0.011012
2910.693000,-0.044476,-0.016625,2910.693000,-0.008844,-0.011371
2911.175000,-0.044871,-0.016946,2911.175000,-0.009775,-0.011727
2911.657000,-0.046285,-0.017263,2911.657000,-0.008406,-0.012081
2912.139000,-0.045477,-0.017578,2912.139000,-0.009551,-0.012433
2912.621000,-0.045059,-0.017888,2912.621000,-0.010173,-0.012782
2913.103000,-0.044360,-0.018196,2913.103000,-0.009087,-0.013128
2913.585000,-0.043050,-0.018500,2913.585000,-0.010207,-0.013472
2914.067000,-0.040944,-0.018800,2914.067000,-0.011149,-0.013813
2914.549000,-0.038847,-0.019097,2914.549000,-0.011030,-0.014151
2915.031000,-0.038177,-0.019390,2915.031000,-0.010947,-0.014487
2915.513000,-0.039406,-0.019680,2915.513000,-0.011977,-0.014819
2915.995000,-0.040553,-0.019966,2915.995000,-0.012880,-0.015149
2916.477000,-0.041450,-0.020248,2916.477000,-0.014583,-0.015476
2916.959000,-0.041116,-0.020527,2916.959000,-0.016197,-0.015800
2917.441000,-0.041200,-0.020802,2917.441000,-0.017783,-0.016120
2917.923000,-0.041763,-0.021073,2917.923000,-0.018334,-0.016438
2918.405000,-0.042209,-0.021340,2918.405000,-0.017889,-0.016753
2918.887000,-0.041683,-0.021603,2918.887000,-0.021488,-0.017064
2919.369000,-0.042008,-0.021862,2919.369000,-0.022158,-0.017372
2919.851000,-0.041547,-0.022117,2919.851000,-0.021241,-0.017677
2920.333000,-0.040376,-0.022369,2920.333000,-0.021662,-0.017979
2920.815000,-0.038795,-0.022616,2920.815000,-0.020063,-0.018277
2921.297000,-0.037643,-0.022859,2921.297000,-0.017478,-0.018572
2921.779000,-0.035741,-0.023098,2921.779000,-0.016241,-0.018863
2922.261000,-0.034226,-0.023333,2922.261000,-0.014627,-0.019151
2922.743000,-0.032682,-0.023564,2922.743000,-0.012154,-0.019435
2923.225000,-0.031679,-0.023790,2923.225000,-0.010732,-0.019716
2923.707000,-0.030879,-0.024013,2923.707000,-0.009085,-0.019993
2924.189000,-0.030885,-0.024231,2924.189000,-0.010358,-0.020267
2924.671000,-0.030337,-0.024444,2924.671000,-0.013236,-0.020536
2925.153000,-0.031108,-0.024654,2925.153000,-0.015790,-0.020802
2925.635000,-0.031463,-0.024859,2925.635000,-0.020197,-0.021065
2926.117000,-0.031440,-0.025059,2926.117000,-0.023373,-0.021323
2926.599000,-0.032302,-0.025256,2926.599000,-0.026300,-0.021578
2927.081000,-0.034162,-0.025448,2927.081000,-0.028849,-0.021828
2927.563000,-0.037611,-0.025635,2927.563000,-0.030391,-0.022075
2928.045000,-0.040073,-0.025818,2928.045000,-0.030928,-0.022318
2928.527000,-0.040003,-0.025996,2928.527000,-0.031350,-0.022557
2929.009000,-0.040135,-0.026170,2929.009000,-0.029570,-0.022792
2929.491000,-0.040771,-0.026339,2929.491000,-0.028539,-0.023022
2929.973000,-0.041759,-0.026504,2929.973000,-0.029054,-0.023249
2930.455000,-0.042427,-0.026664,2930.455000,-0.029600,-0.023472
2930.937000,-0.041664,-0.026819,2930.937000,-0.031323,-0.023690
2931.419000,-0.040385,-0.026970,2931.419000,-0.032672,-0.023904
2931.901000,-0.039756,-0.027117,2931.901000,-0.033626,-0.024114
2932.383000,-0.038289,-0.027258,2932.383000,-0.033534,-0.024320
2932.865000,-0.038291,-0.027395,2932.865000,-0.033045,-0.024522
2933.347000,-0.036980,-0.027527,2933.347000,-0.034109,-0.024719
2933.829000,-0.037291,-0.027655,2933.829000,-0.034983,-0.024912
2934.311000,-0.040075,-0.027778,2934.311000,-0.036063,-0.025101
2934.793000,-0.039436,-0.027896,2934.793000,-0.037697,-0.025285
2935.275000,-0.036837,-0.028009,2935.275000,-0.038324,-0.025465
2935.757000,-0.036598,-0.028117,2935.757000,-0.040282,-0.025641
2936.239000,-0.038391,-0.028221,2936.239000,-0.043187,-0.025812
2936.721000,-0.039630,-0.028320,2936.721000,-0.046111,-0.025978
2937.203000,-0.039688,-0.028414,2937.203000,-0.047826,-0.026140
2937.685000,-0.036863,-0.028504,2937.685000,-0.048737,-0.026298
2938.167000,-0.035558,-0.028588,2938.167000,-0.049270,-0.026451
2938.649000,-0.034301,-0.028668,2938.649000,-0.048729,-0.026600
2939.131000,-0.031457,-0.028743,2939.131000,-0.046899,-0.026744
2939.613000,-0.028722,-0.028813,2939.613000,-0.046577,-0.026884
2940.095000,-0.024738,-0.028879,2940.095000,-0.047354,-0.027019
2940.577000,-0.023514,-0.028939,2940.577000,-0.045763,-0.027149
2941.059000,-0.022454,-0.028995,2941.059000,-0.045370,-0.027275
2941.541000,-0.021324,-0.029046,2941.541000,-0.044856,-0.027396
2942.023000,-0.020679,-0.029092,2942.023000,-0.045002,-0.027513
2942.505000,-0.020833,-0.029133,2942.505000,-0.045139,-0.027625
2942.987000,-0.022950,-0.029170,2942.987000,-0.045489,-0.027732
2943.469000,-0.023515,-0.029201,2943.469000,-0.045758,-0.027835
2943.951000,-0.024139,-0.029228,2943.951000,-0.045470,-0.027933
2944.433000,-0.024116,-0.029250,2944.433000,-0.045348,-0.028026
2944.915000,-0.027627,-0.029267,2944.915000,-0.044429,-0.028114
2945.397000,-0.029346,-0.029280,2945.397000,-0.043111,-0.028198
2945.879000,-0.030555,-0.029287,2945.879000,-0.042388,-0.028278
2946.361000,-0.031890,-0.029290,2946.361000,-0.041687,-0.028352
2946.843000,-0.033300,-0.029288,2946.843000,-0.039982,-0.028422
2947.325000,-0.035016,-0.029281,2947.325000,-0.037206,-0.028487
2947.807000,-0.035925,-0.029270,2947.807000,-0.034521,-0.028547
2948.289000,-0.036993,-0.029253,2948.289000,-0.032573,-0.028603
2948.771000,-0.035374,-0.029232,2948.771000,-0.032663,-0.028654
2949.253000,-0.031281,-0.029207,2949.253000,-0.032022,-0.028700
2949.735000,-0.028615,-0.029176,2949.735000,-0.033645,-0.028742
2950.217000,-0.026299,-0.029141,2950.217000,-0.035021,-0.028779
2950.699000,-0.025214,-0.029101,2950.699000,-0.036583,-0.028811
2951.181000,-0.025194,-0.029057,2951.181000,-0.037594,-0.028838
2951.663000,-0.026047,-0.029007,2951.663000,-0.037803,-0.028861
2952.145000,-0.026081,-0.028953,2952.145000,-0.038725,-0.028879
2952.627000,-0.027580,-0.028895,2952.627000,-0.039671,-0.028892
2953.109000,-0.027640,-0.028832,2953.109000,-0.041133,-0.028901
2953.591000,-0.028465,-0.028764,2953.591000,-0.042479,-0.028905
2954.073000,-0.029956,-0.028692,2954.073000,-0.043767,-0.028904
2954.555000,-0.030573,-0.028615,2954.555000,-0.044029,-0.028899
2955.037000,-0.029233,-0.028534,2955.037000,-0.045356,-0.028889
2955.519000,-0.027260,-0.028448,2955.519000,-0.046472,-0.028874
2956.001000,-0.024252,-0.028357,2956.001000,-0.047652,-0.028855
2956.483000,-0.022133,-0.028262,2956.483000,-0.048978,-0.028831
2956.965000,-0.022285,-0.028163,2956.965000,-0.049664,-0.028802
2957.447000,-0.021220,-0.028059,2957.447000,-0.049879,-0.028769
2957.929000,-0.021346,-0.027951,2957.929000,-0.050304,-0.028731
2958.411000,-0.022993,-0.027839,2958.411000,-0.050424,-0.028689
2958.893000,-0.025168,-0.027722,2958.893000,-0.050706,-0.028642
2959.375000,-0.027510,-0.027601,2959.375000,-0.050739,-0.028591
2959.857000,-0.030133,-0.027475,2959.857000,-0.051766,-0.028535
2960.339000,-0.034903,-0.027346,2960.339000,-0.052867,-0.028474
2960.821000,-0.039459,-0.027212,2960.821000,-0.053600,-0.028409
2961.303000,-0.043599,-0.027074,2961.303000,-0.053347,-0.028340
2961.785000,-0.046472,-0.026931,2961.785000,-0.052984,-0.028266
2962.267000,-0.049642,-0.026785,2962.267000,-0.053224,-0.028187
2962.749000,-0.052721,-0.026635,2962.749000,-0.053754,-0.028105
2963.231000,-0.054803,-0.026480,2963.231000,-0.054269,-0.028018
2963.713000,-0.056952,-0.026321,2963.713000,-0.054641,-0.027926
2964.195000,-0.056727,-0.026159,2964.195000,-0.053642,-0.027830
2964.677000,-0.056395,-0.025992,2964.677000,-0.053294,-0.027730
2965.159000,-0.055899,-0.025821,2965.159000,-0.052738,-0.027626
2965.641000,-0.053908,-0.025647,2965.641000,-0.052494,-0.027517
2966.123000,-0.052297,-0.025469,2966.123000,-0.052316,-0.027404
2966.605000,-0.051174,-0.025287,2966.605000,-0.052723,-0.027287
2967.087000,-0.049510,-0.025101,2967.087000,-0.053355,-0.027165
2967.569000,-0.047115,-0.024911,2967.569000,-0.053162,-0.027040
2968.051000,-0.045392,-0.024718,2968.051000,-0.051752,-0.026910
2968.533000,-0.042598,-0.024520,2968.533000,-0.050443,-0.026776
2969.015000,-0.041040,-0.024320,2969.015000,-0.050199,-0.026638
2969.497000,-0.039908,-0.024115,2969.497000,-0.049384,-0.026496
2969.979000,-0.038570,-0.023908,2969.979000,-0.048076,-0.026351
2970.461000,-0.037913,-0.023696,2970.461000,-0.046233,-0.026201
2970.943000,-0.036318,-0.023481,2970.943000,-0.044298,-0.026047
2971.425000,-0.034354,-0.023263,2971.425000,-0.042650,-0.025889
2971.907000,-0.032083,-0.023041,2971.907000,-0.040754,-0.025727
2972.389000,-0.031223,-0.022816,2972.389000,-0.038969,-0.025562
2972.871000,-0.031327,-0.022588,2972.871000,-0.038078,-0.025392
2973.353000,-0.030599,-0.022357,2973.353000,-0.038080,-0.025219
2973.835000,-0.030694,-0.022122,2973.835000,-0.038859,-0.025042
2974.317000,-0.029470,-0.021884,2974.317000,-0.039625,-0.024862
2974.799000,-0.029467,-0.021643,2974.799000,-0.039450,-0.024678
2975.281000,-0.029826,-0.021399,2975.281000,-0.040107,-0.024490
2975.763000,-0.029601,-0.021152,2975.763000,-0.039857,-0.024298
2976.245000,-0.029338,-0.020901,2976.245000,-0.041021,-0.024103
2976.727000,-0.027868,-0.020648,2976.727000,-0.042391,-0.023905
2977.209000,-0.026786,-0.020392,2977.209000,-0.045404,-0.023702
2977.691000,-0.024623,-0.020134,2977.691000,-0.048403,-0.023497
2978.173000,-0.022969,-0.019872,2978.173000,-0.050637,-0.023288
2978.655000,-0.020667,-0.019608,2978.655000,-0.053029,-0.023076
2979.137000,-0.020832,-0.019341,2979.137000,-0.054055,-0.022860
2979.619000,-0.019657,-0.019071,2979.619000,-0.056755,-0.022641
2980.101000,-0.017719,-0.018799,2980.101000,-0.058510,-0.022419
2980.583000,-0.016585,-0.018524,2980.583000,-0.058708,-0.022194
2981.065000,-0.014886,-0.018247,2981.065000,-0.058964,-0.021966
2981.547000,-0.014854,-0.017967,2981.547000,-0.057925,-0.021734
2982.029000,-0.014749,-0.017685,2982.029000,-0.055401,-0.021500
2982.511000,-0.013760,-0.017401,2982.511000,-0.050700,-0.021262
2982.993000,-0.012824,-0.017114,2982.993000,-0.046557,-0.021022
2983.475000,-0.010323,-0.016825,2983.475000,-0.042079,-0.020778
2983.957000,-0.009899,-0.016534,2983.957000,-0.039370,-0.020532
2984.439000,-0.011145,-0.016241,2984.439000,-0.036376,-0.020283
2984.921000,-0.012281,-0.015946,2984.921000,-0.034490,-0.020031
2985.403000,-0.013676,-0.015648,2985.403000,-0.033625,-0.019776
2985.885000,-0.014145,-0.015349,2985.885000,-0.031997,-0.019519
2986.367000,-0.012106,-0.015048,2986.367000,-0.031879,-0.019259
2986.849000,-0.009797,-0.014745,2986.849000,-0.032723,-0.018996
2987.331000,-0.009633,-0.014440,2987.331000,-0.034885,-0.018731
2987.813000,-0.010809,-0.014134,2987.813000,-0.037116,-0.018464
2988.295000,-0.012712,-0.013825,2988.295000,-0.038148,-0.018194
2988.777000,-0.016849,-0.013515,2988.777000,-0.038499,-0.017921
2989.259000,-0.022419,-0.013204,2989.259000,-0.039345,-0.017646
2989.741000,-0.026617,-0.012891,2989.741000,-0.039248,-0.017369
2990.223000,-0.031828,-0.012577,2990.223000,-0.040049,-0.017090
2990.705000,-0.038682,-0.012261,2990.705000,-0.040721,-0.016809
2991.187000,-0.045162,-0.011944,2991.187000,-0.039847,-0.016525
2991.669000,-0.049897,-0.011625,2991.669000,-0.039277,-0.016239
2992.151000,-0.052946,-0.011305,2992.151000,-0.037921,-0.015952
2992.633000,-0.053447,-0.010984,2992.633000,-0.035281,-0.015662
2993.115000,-0.052889,-0.010662,2993.115000,-0.033572,-0.015370
2993.597000,-0.051225,-0.010339,2993.597000,-0.032373,-0.015077
2994.079000,-0.049928,-0.010015,2994.079000,-0.031361,-0.014781
2994.561000,-0.046750,-0.009690,2994.561000,-0.028503,-0.014484
2995.043000,-0.046075,-0.009364,2995.043000,-0.028406,-0.014186
2995.525000,-0.044745,-0.009037,2995.525000,-0.029606,-0.013885
2996.007000,-0.043206,-0.008710,2996.007000,-0.031173,-0.013583
2996.489000,-0.040618,-0.008381,2996.489000,-0.032914,-0.013279
2996.971000,-0.038116,-0.008052,2996.971000,-0.034771,-0.012974
2997.453000,-0.035954,-0.007723,2997.453000,-0.036722,-0.012668
2997.935000,-0.033971,-0.007392,2997.935000,-0.039627,-0.012360
2998.417000,-0.033114,-0.007062,2998.417000,-0.042524,-0.012051
2998.899000,-0.031395,-0.006731,2998.899000,-0.044511,-0.011740
2999.381000,-0.029755,-0.006399,2999.381000,-0.046784,-0.011428
2999.863000,-0.027979,-0.006067,2999.863000,-0.048619,-0.011115
3000.345000,-0.025104,-0.005735,3000.345000,-0.048180,-0.010801
3000.827000,-0.021734,-0.005403,3000.827000,-0.048345,-0.010486
3001.309000,-0.018535,-0.005070,3001.309000,-0.047609,-0.010170
3001.791000,-0.017407,-0.004737,3001.791000,-0.046862,-0.009853
3002.273000,-0.015191,-0.004405,3002.273000,-0.044385,-0.009535
3002.755000,-0.013024,-0.004072,3002.755000,-0.041226,-0.009216
3003.237000,-0.012828,-0.003739,3003.237000,-0.038435,-0.008896
3003.719000,-0.012412,-0.003407,3003.719000,-0.036753,-0.008576
3004.201000,-0.013590,-0.003075,3004.201000,-0.036153,-0.008255
3004.683000,-0.014985,-0.002743,3004.683000,-0.036947,-0.007933
3005.165000,-0.017128,-0.002411,3005.165000,-0.037420,-0.007611
3005.647000,-0.019845,-0.002079,3005.647000,-0.038408,-0.007288
3006.129000,-0.022373,-0.001748,3006.129000,-0.040901,-0.006965
3006.611000,-0.025202,-0.001418,3006.611000,-0.042804,-0.006642
3007.093000,-0.026810,-0.001088,3007.093000,-0.044385,-0.006318
3007.575000,-0.028312,-0.000758,3007.575000,-0.044901,-0.005994
3008.057000,-0.030005,-0.000429,3008.057000,-0.043585,-0.005669
3008.539000,-0.031196,-0.000101,3008.539000,-0.042161,-0.005345
3009.021000,-0.032740,0.000227,3009.021000,-0.041793,-0.005020
3009.503000,-0.032539,0.000553,3009.503000,-0.040755,-0.004695
3009.985000,-0.032439,0.000879,3009.985000,-0.041167,-0.004370
3010.467000,-0.029028,0.001204,3010.467000,-0.041382,-0.004046
3010.949000,-0.024461,0.001528,3010.949000,-0.040848,-0.003721
3011.431000,-0.022623,0.001851,3011.431000,-0.042483,-0.003397
3011.913000,-0.021222,0.002173,3011.913000,-0.044614,-0.003072
3012.395000,-0.020281,0.002494,3012.395000,-0.045886,-0.002748
3012.877000,-0.019427,0.002814,3012.877000,-0.048959,-0.002425
3013.359000,-0.019750,0.003133,3013.359000,-0.050970,-0.002101
3013.841000,-0.020286,0.003450,3013.841000,-0.054107,-0.001778
3014.323000,-0.023033,0.003766,3014.323000,-0.056428,-0.001456
3014.805000,-0.026283,0.004081,3014.805000,-0.056909,-0.001134
3015.287000,-0.030571,0.004394,3015.287000,-0.056317,-0.000813
3015.769000,-0.035430,0.004706,3015.769000,-0.056114,-0.000492
3016.251000,-0.038137,0.005016,3016.251000,-0.053753,-0.000172
3016.733000,-0.038135,0.005325,3016.733000,-0.051357,0.000147
3017.215000,-0.037105,0.005632,3017.215000,-0.045728,0.000465
3017.697000,-0.036452,0.005937,3017.697000,-0.039139,0.000783
3018.179000,-0.037225,0.006241,3018.179000,-0.034440,0.001099
3018.661000,-0.035435,0.006543,3018.661000,-0.030892,0.001415
3019.143000,-0.034998,0.006843,3019.143000,-0.028064,0.001730
3019.625000,-0.033800,0.007141,3019.625000,-0.026379,0.002043
3020.107000,-0.032207,0.007438,3020.107000,-0.026417,0.002356
3020.589000,-0.030153,0.007732,3020.589000,-0.026805,0.002667
3021.071000,-0.029103,0.008024,3021.071000,-0.026695,0.002978
3021.553000,-0.028047,0.008315,3021.553000,-0.027034,0.003286
3022.035000,-0.027892,0.008603,3022.035000,-0.027223,0.003594
3022.517000,-0.028349,0.008889,3022.517000,-0.029330,0.003900
3022.999000,-0.027206,0.009174,3022.999000,-0.030967,0.004205
3023.481000,-0.025558,0.009455,3023.481000,-0.032540,0.004508
3023.963000,-0.024867,0.009735,3023.963000,-0.031712,0.004810
3024.445000,-0.023398,0.010012,3024.445000,-0.031121,0.005111
3024.927000,-0.021904,0.010287,3024.927000,-0.031678,0.005409
3025.409000,-0.021267,0.010560,3025.409000,-0.033370,0.005706
3025.891000,-0.021897,0.010830,3025.891000,-0.035595,0.006002
3026.373000,-0.019664,0.011097,3026.373000,-0.034236,0.006295
3026.855000,-0.016858,0.011363,3026.855000,-0.034190,0.006587
3027.337000,-0.014115,0.011625,3027.337000,-0.031657,0.006877
3027.819000,-0.012452,0.011885,3027.819000,-0.028558,0.007165
3028.301000,-0.011103,0.012143,3028.301000,-0.028344,0.007451
3028.783000,-0.009777,0.012397,3028.783000,-0.026955,0.007736
3029.265000,-0.009981,0.012649,3029.265000,-0.024544,0.008018
3029.747000,-0.009369,0.012899,3029.747000,-0.022387,0.008298
3030.229000,-0.009091,0.013145,3030.229000,-0.021819,0.008576
3030.711000,-0.008797,0.013389,3030.711000,-0.020874,0.008852
3031.193000,-0.008235,0.013630,3031.193000,-0.021508,0.009126
3031.675000,-0.008573,0.013867,3031.675000,-0.022045,0.009397
3032.157000,-0.010040,0.014102,3032.157000,-0.024389,0.009666
3032.639000,-0.011719,0.014335,3032.639000,-0.027472,0.009933
3033.121000,-0.013638,0.014564,3033.121000,-0.028915,0.010198
3033.603000,-0.016415,0.014790,3033.603000,-0.032333,0.010460
3034.085000,-0.018851,0.015013,3034.085000,-0.034838,0.010720
3034.567000,-0.021134,0.015233,3034.567000,-0.036743,0.010977
3035.049000,-0.023114,0.015449,3035.049000,-0.039114,0.011232
3035.531000,-0.024846,0.015663,3035.531000,-0.039935,0.011484
3036.013000,-0.027621,0.015874,3036.013000,-0.037504,0.011734
3036.495000,-0.028741,0.016081,3036.495000,-0.037240,0.011981
3036.977000,-0.029054,0.016285,3036.977000,-0.036949,0.012225
3037.459000,-0.028840,0.016486,3037.459000,-0.035749,0.012467
3037.941000,-0.028445,0.016683,3037.941000,-0.034010,0.012705
3038.423000,-0.028099,0.016877,3038.423000,-0.031650,0.012942
3038.905000,-0.027048,0.017068,3038.905000,-0.029779,0.013175
3039.387000,-0.026396,0.017256,3039.387000,-0.027108,0.013405
3039.869000,-0.027226,0.017440,3039.869000,-0.026140,0.013633
3040.351000,-0.025865,0.017621,3040.351000,-0.026187,0.013858
3040.833000,-0.022222,0.017798,3040.833000,-0.026764,0.014080
3041.315000,-0.017621,0.017972,3041.315000,-0.027833,0.014299
3041.797000,-0.012683,0.018142,3041.797000,-0.028990,0.014515
3042.279000,-0.007392,0.018309,3042.279000,-0.029979,0.014727
3042.761000,-0.002430,0.018472,3042.761000,-0.029500,0.014937
3043.243000,0.002729,0.018632,3043.243000,-0.031194,0.015144
3043.725000,0.007104,0.018788,3043.725000,-0.031341,0.015348
3044.207000,0.010717,0.018940,3044.207000,-0.032526,0.015548
3044.689000,0.013547,0.019089,3044.689000,-0.032861,0.015745
3045.171000,0.014461,0.019235,3045.171000,-0.032385,0.015940
3045.653000,0.014580,0.019376,3045.653000,-0.032706,0.016130
3046.135000,0.012865,0.019514,3046.135000,-0.033181,0.016318
3046.617000,0.009424,0.019649,3046.617000,-0.034181,0.016503
3047.099000,0.006372,0.019780,3047.099000,-0.035803,0.016684
3047.581000,0.004538,0.019907,3047.581000,-0.037913,0.016861
3048.063000,0.001105,0.020030,3048.063000,-0.041158,0.017036
3048.545000,-0.004283,0.020149,3048.545000,-0.045022,0.017207
3049.027000,-0.009129,0.020265,3049.027000,-0.048200,0.017375
3049.509000,-0.012942,0.020377,3049.509000,-0.050023,0.017539
3049.991000,-0.014373,0.020486,3049.991000,-0.051526,0.017700
3050.473000,-0.014291,0.020590,3050.473000,-0.051689,0.017857
3050.955000,-0.013787,0.020691,3050.955000,-0.051559,0.018011
3051.437000,-0.013116,0.020788,3051.437000,-0.049893,0.018162
3051.919000,-0.012227,0.020881,3051.919000,-0.047338,0.018309
3052.401000,-0.009122,0.020970,3052.401000,-0.044830,0.018452
3052.883000,-0.007743,0.021056,3052.883000,-0.041429,0.018592
3053.365000,-0.006789,0.021138,3053.365000,-0.037343,0.018729
3053.847000,-0.005796,0.021216,3053.847000,-0.034756,0.018861
3054.329000,-0.003934,0.021290,3054.329000,-0.033515,0.018991
3054.811000,-0.005022,0.021360,3054.811000,-0.034214,0.019116
3055.293000,-0.008638,0.021427,3055.293000,-0.034806,0.019238
3055.775000,-0.009848,0.021489,3055.775000,-0.036169,0.019357
3056.257000,-0.010141,0.021548,3056.257000,-0.036491,0.019472
3056.739000,-0.008774,0.021603,3056.739000,-0.035083,0.019583
3057.221000,-0.007958,0.021654,3057.221000,-0.033950,0.019690
3057.703000,-0.008295,0.021701,3057.703000,-0.033087,0.019794
3058.185000,-0.008661,0.021745,3058.185000,-0.031550,0.019894
3058.667000,-0.007047,0.021784,3058.667000,-0.029190,0.019991
3059.149000,-0.004367,0.021820,3059.149000,-0.027995,0.020083
3059.631000,-0.004860,0.021852,3059.631000,-0.028550,0.020172
3060.113000,-0.005569,0.021880,3060.113000,-0.027600,0.020258
3060.595000,-0.005027,0.021904,3060.595000,-0.026320,0.020339
3061.077000,-0.004557,0.021924,3061.077000,-0.026172,0.020417
3061.559000,-0.003362,0.021941,3061.559000,-0.026290,0.020492
3062.041000,-0.003735,0.021954,3062.041000,-0.025349,0.020562
3062.523000,-0.004927,0.021963,3062.523000,-0.025552,0.020629
3063.005000,-0.005381,0.021968,3063.005000,-0.024596,0.020692
3063.487000,-0.004030,0.021969,3063.487000,-0.022941,0.020751
3063.969000,-0.002787,0.021967,3063.969000,-0.022296,0.020807
3064.451000,-0.002685,0.021961,3064.451000,-0.021553,0.020859
3064.933000,-0.002586,0.021951,3064.933000,-0.020159,0.020907
3065.415000,-0.001125,0.021937,3065.415000,-0.018508,0.020951
3065.897000,-0.000379,0.021920,3065.897000,-0.018577,0.020992
3066.379000,-0.001700,0.021899,3066.379000,-0.018994,0.021029
3066.861000,-0.003010,0.021874,3066.861000,-0.016316,0.021062
3067.343000,-0.002640,0.021845,3067.343000,-0.013496,0.021091
3067.825000,-0.002474,0.021813,3067.825000,-0.011342,0.021117
3068.307000,-0.001382,0.021777,3068.307000,-0.010712,0.021139
3068.789000,-0.001627,0.021737,3068.789000,-0.007436,0.021157
3069.271000,-0.002052,0.021694,3069.271000,-0.005228,0.021172
3069.753000,-0.000053,0.021647,3069.753000,-0.002768,0.021183
3070.235000,0.002568,0.021597,3070.235000,-0.000168,0.021190
3070.717000,0.003970,0.021543,3070.717000,0.003623,0.021193
3071.199000,0.004483,0.021485,3071.199000,0.005643,0.021193
3071.681000,0.005099,0.021424,3071.681000,0.005936,0.021189
3072.163000,0.006203,0.021359,3072.163000,0.008216,0.021182
3072.645000,0.006793,0.021291,3072.645000,0.009345,0.021170
3073.127000,0.006284,0.021219,3073.127000,0.008235,0.021156
3073.609000,0.007331,0.021144,3073.609000,0.007543,0.021137
3074.091000,0.008014,0.021065,3074.091000,0.005991,0.021115
3074.573000,0.009280,0.020983,3074.573000,0.004967,0.021089
3075.055000,0.010597,0.020898,3075.055000,-0.000096,0.021060
3075.537000,0.011604,0.020809,3075.537000,-0.002984,0.021027
3076.019000,0.012521,0.020716,3076.019000,-0.007286,0.020991
3076.501000,0.012991,0.020621,3076.501000,-0.011249,0.020951
3076.983000,0.014104,0.020522,3076.983000,-0.014579,0.020907
3077.465000,0.015817,0.020420,3077.465000,-0.018291,0.020860
3077.947000,0.015521,0.020314,3077.947000,-0.022476,0.020810
3078.429000,0.015060,0.020206,3078.429000,-0.025193,0.020756
3078.911000,0.013786,0.020094,3078.911000,-0.025332,0.020698
3079.393000,0.013272,0.019979,3079.393000,-0.025928,0.020637
3079.875000,0.011736,0.019860,3079.875000,-0.026313,0.020573
3080.357000,0.011822,0.019739,3080.357000,-0.023729,0.020505
3080.839000,0.011624,0.019614,3080.839000,-0.020847,0.020434
3081.321000,0.012146,0.019487,3081.321000,-0.016551,0.020360
3081.803000,0.009787,0.019356,3081.803000,-0.017666,0.020282
3082.285000,0.008453,0.019223,3082.285000,-0.016545,0.020201
3082.767000,0.007518,0.019086,3082.767000,-0.014581,0.020116
3083.249000,0.007747,0.018947,3083.249000,-0.013803,0.020029
3083.731000,0.009103,0.018804,3083.731000,-0.014222,0.019938
3084.213000,0.008771,0.018659,3084.213000,-0.013374,0.019843
3084.695000,0.007411,0.018511,3084.695000,-0.012074,0.019746
3085.177000,0.004633,0.018360,3085.177000,-0.012484,0.019645
3085.659000,0.001292,0.018206,3085.659000,-0.012498,0.019542
3086.141000,0.000034,0.018049,3086.141000,-0.010925,0.019435
3086.623000,-0.003769,0.017890,3086.623000,-0.009126,0.019325
3087.105000,-0.005499,0.017728,3087.105000,-0.007251,0.019212
3087.587000,-0.006534,0.017564,3087.587000,-0.006581,0.019095
3088.069000,-0.006953,0.017396,3088.069000,-0.005748,0.018976
3088.551000,-0.008971,0.017227,3088.551000,-0.006937,0.018854
3089.033000,-0.007270,0.017054,3089.033000,-0.007791,0.018729
3089.515000,-0.006782,0.016880,3089.515000,-0.008411,0.018601
3089.997000,-0.004728,0.016702,3089.997000,-0.009713,0.018470
3090.479000,-0.003134,0.016523,3090.479000,-0.010766,0.018336
3090.961000,-0.002370,0.016341,3090.961000,-0.009966,0.018200
3091.443000,-0.000434,0.016156,3091.443000,-0.011961,0.018060
3091.925000,0.001178,0.015969,3091.925000,-0.013115,0.017918
3092.407000,0.003256,0.015780,3092.407000,-0.012392,0.017773
3092.889000,0.003986,0.015589,3092.889000,-0.010569,0.017625
3093.371000,0.003615,0.015396,3093.371000,-0.008326,0.017475
3093.853000,0.004215,0.015200,3093.853000,-0.005612,0.017322
3094.335000,0.005495,0.015002,3094.335000,-0.003457,0.017166
3094.817000,0.007062,0.014803,3094.817000,-0.000422,0.017008
3095.299000,0.007106,0.014601,3095.299000,0.003846,0.016847
3095.781000,0.007655,0.014397,3095.781000,0.006905,0.016683
3096.263000,0.003917,0.014191,3096.263000,0.008542,0.016518
3096.745000,0.001909,0.013983,3096.745000,0.011134,0.016349
3097.227000,0.001229,0.013774,3097.227000,0.013272,0.016179
3097.709000,0.000519,0.013562,3097.709000,0.014486,0.016006
3098.191000,-0.000934,0.013349,3098.191000,0.015435,0.015830
3098.673000,-0.001273,0.013134,3098.673000,0.015253,0.015653
3099.155000,-0.002953,0.012918,3099.155000,0.016409,0.015473
3099.637000,-0.004842,0.012699,3099.637000,0.015935,0.015290
3100.119000,-0.005092,0.012479,3100.119000,0.015446,0.015106
3100.601000,-0.005720,0.012258,3100.601000,0.013583,0.014920
3101.083000,-0.004160,0.012035,3101.083000,0.009960,0.014731
3101.565000,-0.003675,0.011810,3101.565000,0.007284,0.014540
3102.047000,-0.003159,0.011584,3102.047000,0.005494,0.014348
3102.529000,-0.002710,0.011357,3102.529000,0.002370,0.014153
3103.011000,-0.003797,0.011128,3103.011000,-0.001940,0.013956
3103.493000,0.000704,0.010898,3103.493000,-0.002454,0.013758
3103.975000,0.005812,0.010667,3103.975000,-0.004894,0.013557
3104.457000,0.007267,0.010434,3104.457000,-0.006293,0.013355
3104.939000,0.007932,0.010200,3104.939000,-0.005423,0.013151
3105.421000,0.008685,0.009965,3105.421000,-0.006196,0.012945
3105.903000,0.008927,0.009730,3105.903000,-0.005442,0.012737
3106.385000,0.009437,0.009492,3106.385000,-0.007047,0.012528
3106.867000,0.009142,0.009254,3106.867000,-0.009707,0.012317
3107.349000,0.008941,0.009015,3107.349000,-0.014031,0.012105
3107.831000,0.008742,0.008776,3107.831000,-0.017020,0.011891
3108.313000,0.007921,0.008535,3108.313000,-0.017131,0.011675
3108.795000,0.008748,0.008293,3108.795000,-0.018198,0.011458
3109.277000,0.011194,0.008051,3109.277000,-0.019488,0.011240
3109.759000,0.014243,0.007808,3109.759000,-0.020236,0.011020
3110.241000,0.018117,0.007564,3110.241000,-0.019951,0.010799
3110.723000,0.020516,0.007319,3110.723000,-0.021739,0.010576
3111.205000,0.021114,0.007074,3111.205000,-0.020765,0.010353
3111.687000,0.019923,0.006829,3111.687000,-0.018019,0.010128
3112.169000,0.017907,0.006582,3112.169000,-0.016726,0.009902
3112.651000,0.015785,0.006336,3112.651000,-0.016065,0.009675
3113.133000,0.013641,0.006089,3113.133000,-0.015830,0.009446
3113.615000,0.010353,0.005841,3113.615000,-0.018158,0.009217
3114.097000,0.007356,0.005594,3114.097000,-0.019068,0.008987
3114.579000,0.003203,0.005346,3114.579000,-0.016048,0.008756
3115.061000,-0.000410,0.005097,3115.061000,-0.013288,0.008523
3115.543000,-0.004121,0.004849,3115.543000,-0.011242,0.008290
3116.025000,-0.005648,0.004600,3116.025000,-0.008364,0.008057
3116.507000,-0.008431,0.004352,3116.507000,-0.006628,0.007822
3116.989000,-0.011207,0.004103,3116.989000,-0.004974,0.007587
3117.471000,-0.011844,0.003854,3117.471000,-0.004454,0.007351
3117.953000,-0.012700,0.003605,3117.953000,-0.003119,0.007114
3118.435000,-0.014954,0.003356,3118.435000,-0.000587,0.006877
3118.917000,-0.013591,0.003108,3118.917000,0.000927,0.006639
3119.399000,-0.012699,0.002859,3119.399000,0.000926,0.006400
3119.881000,-0.011356,0.002611,3119.881000,-0.000013,0.006162
3120.363000,-0.010997,0.002363,3120.363000,-0.002970,0.005922
3120.845000,-0.010358,0.002115,3120.845000,-0.005187,0.005683
3121.327000,-0.008830,0.001868,3121.327000,-0.005767,0.005443
3121.809000,-0.008209,0.001621,3121.809000,-0.005690,0.005202
3122.291000,-0.007691,0.001374,3122.291000,-0.004234,0.004962
3122.773000,-0.006688,0.001128,3122.773000,-0.004263,0.004721
3123.255000,-0.007824,0.000882,3123.255000,-0.006196,0.004480
3123.737000,-0.007525,0.000637,3123.737000,-0.006706,0.004239
3124.219000,-0.008214,0.000393,3124.219000,-0.006608,0.003998
3124.701000,-0.010060,0.000149,3124.701000,-0.004465,0.003757
3125.183000,-0.010280,-0.000094,3125.183000,-0.004013,0.003516
3125.665000,-0.010080,-0.000337,3125.665000,-0.004040,0.003274
3126.147000,-0.011482,-0.000579,3126.147000,-0.003766,0.003033
3126.629000,-0.012448,-0.000820,3126.629000,-0.003512,0.002792
3127.111000,-0.015235,-0.001060,3127.111000,-0.005730,0.002552
3127.593000,-0.017073,-0.001299,3127.593000,-0.007180,0.002311
3128.075000,-0.016722,-0.001538,3128.075000,-0.007635,0.002071
3128.557000,-0.016073,-0.001775,3128.557000,-0.007027,0.001831
3129.039000,-0.015279,-0.002012,3129.039000,-0.008170,0.001591
3129.521000,-0.015601,-0.002247,3129.521000,-0.009797,0.001352
3130.003000,-0.014928,-0.002481,3130.003000,-0.011166,0.001113
3130.485000,-0.014492,-0.002715,3130.485000,-0.010290,0.000875
3130.967000,-0.016559,-0.002947,3130.967000,-0.009911,0.000637
3131.449000,-0.017344,-0.003178,3131.449000,-0.009532,0.000400
3131.931000,-0.017038,-0.003407,3131.931000,-0.010760,0.000163
3132.413000,-0.018340,-0.003636,3132.413000,-0.011092,-0.000073
3132.895000,-0.017342,-0.003863,3132.895000,-0.009647,-0.000309
3133.377000,-0.015718,-0.004089,3133.377000,-0.009876,-0.000543
3133.859000,-0.015763,-0.004313,3133.859000,-0.010190,-0.000777
3134.341000,-0.015185,-0.004536,3134.341000,-0.009060,-0.001010
3134.823000,-0.012655,-0.004758,3134.823000,-0.008718,-0.001243
3135.305000,-0.010390,-0.004978,3135.305000,-0.007674,-0.001474
3135.787000,-0.007551,-0.005196,3135.787000,-0.007696,-0.001705
3136.269000,-0.006437,-0.005413,3136.269000,-0.006428,-0.001934
3136.751000,-0.005919,-0.005629,3136.751000,-0.005033,-0.002163
3137.233000,-0.008959,-0.005843,3137.233000,-0.003706,-0.002391
3137.715000,-0.013023,-0.006055,3137.715000,-0.003713,-0.002617
3138.197000,-0.016824,-0.006265,3138.197000,-0.002066,-0.002843
3138.679000,-0.021140,-0.006474,3138.679000,-0.001368,-0.003067
3139.161000,-0.023587,-0.006681,3139.161000,-0.001913,-0.003290
3139.643000,-0.025498,-0.006886,3139.643000,-0.002428,-0.003512
3140.125000,-0.027730,-0.007090,3140.125000,-0.004390,-0.003733
3140.607000,-0.029672,-0.007292,3140.607000,-0.005383,-0.003953
3141.089000,-0.030929,-0.007491,3141.089000,-0.007766,-0.004171
3141.571000,-0.031115,-0.007689,3141.571000,-0.012395,-0.004388
3142.053000,-0.032808,-0.007885,3142.053000,-0.016496,-0.004603
3142.535000,-0.032557,-0.008079,3142.535000,-0.020272,-0.004817
3143.017000,-0.032611,-0.008271,3143.017000,-0.024002,-0.005030
3143.499000,-0.031947,-0.008461,3143.499000,-0.028387,-0.005241
3143.981000,-0.031113,-0.008649,3143.981000,-0.031025,-0.005450
3144.463000,-0.028544,-0.008835,3144.463000,-0.031308,-0.005658
3144.945000,-0.025234,-0.009018,3144.945000,-0.030609,-0.005865
3145.427000,-0.022679,-0.009200,3145.427000,-0.030679,-0.006070
3145.909000,-0.021372,-0.009379,3145.909000,-0.028435,-0.006273
3146.391000,-0.019575,-0.009557,3146.391000,-0.026358,-0.006474
3146.873000,-0.018578,-0.009732,3146.873000,-0.024475,-0.006674
3147.355000,-0.017447,-0.009905,3147.355000,-0.020409,-0.006872
3147.837000,-0.017583,-0.010075,3147.837000,-0.018749,-0.007068
3148.319000,-0.018591,-0.010244,3148.319000,-0.018987,-0.007263
3148.801000,-0.021614,-0.010410,3148.801000,-0.018328,-0.007456
3149.283000,-0.023157,-0.010573,3149.283000,-0.017654,-0.007646
3149.765000,-0.023352,-0.010735,3149.765000,-0.019050,-0.007835
3150.247000,-0.024615,-0.010894,3150.247000,-0.020397,-0.008022
3150.729000,-0.025451,-0.011050,3150.729000,-0.020627,-0.008208
3151.211000,-0.025259,-0.011204,3151.211000,-0.020154,-0.008391
3151.693000,-0.024259,-0.011356,3151.693000,-0.019823,-0.008572
3152.175000,-0.024252,-0.011505,3152.175000,-0.015657,-0.008751
3152.657000,-0.023952,-0.011652,3152.657000,-0.011942,-0.008928
3153.139000,-0.022194,-0.011797,3153.139000,-0.010038,-0.009103
3153.621000,-0.022517,-0.011938,3153.621000,-0.007302,-0.009276
3154.103000,-0.021988,-0.012078,3154.103000,-0.003249,-0.009447
3154.585000,-0.021230,-0.012215,3154.585000,-0.002306,-0.009615
3155.067000,-0.020200,-0.012349,3155.067000,-0.001572,-0.009782
3155.549000,-0.020645,-0.012480,3155.549000,-0.002133,-0.009946
3156.031000,-0.021123,-0.012609,3156.031000,-0.003686,-0.010108
3156.513000,-0.021677,-0.012736,3156.513000,-0.006467,-0.010268
3156.995000,-0.023265,-0.012860,3156.995000,-0.009616,-0.010425
3157.477000,-0.024582,-0.012981,3157.477000,-0.012355,-0.010581
3157.959000,-0.024990,-0.013100,3157.959000,-0.013156,-0.010734
3158.441000,-0.025007,-0.013215,3158.441000,-0.014907,-0.010884
3158.923000,-0.025159,-0.013329,3158.923000,-0.016512,-0.011033
3159.405000,-0.027069,-0.013439,3159.405000,-0.018089,-0.011179
3159.887000,-0.028451,-0.013547,3159.887000,-0.020670,-0.011322
3160.369000,-0.029162,-0.013652,3160.369000,-0.022967,-0.011463
3160.851000,-0.029666,-0.013755,3160.851000,-0.022402,-0.011602
3161.333000,-0.029939,-0.013854,3161.333000,-0.022349,-0.011739
3161.815000,-0.028547,-0.013951,3161.815000,-0.021340,-0.011872
3162.297000,-0.028052,-0.014046,3162.297000,-0.020969,-0.012004
3162.779000,-0.027048,-0.014137,3162.779000,-0.017694,-0.012133
3163.261000,-0.024075,-0.014226,3163.261000,-0.013348,-0.012259
3163.743000,-0.021547,-0.014312,3163.743000,-0.009225,-0.012383
3164.225000,-0.021647,-0.014395,3164.225000,-0.005169,-0.012505
3164.707000,-0.020723,-0.014475,3164.707000,-0.001881,-0.012624
3165.189000,-0.020207,-0.014553,3165.189000,-0.001504,-0.012740
3165.671000,-0.020457,-0.014628,3165.671000,0.000030,-0.012854
3166.153000,-0.021781,-0.014700,3166.153000,0.002254,-0.012965
3166.635000,-0.020669,-0.014769,3166.635000,-0.001657,-0.013073
3167.117000,-0.021141,-0.014836,3167.117000,-0.005218,-0.013179
3167.599000,-0.021663,-0.014899,3167.599000,-0.006958,-0.013283
3168.081000,-0.022070,-0.014960,3168.081000,-0.009825,-0.013384
3168.563000,-0.020606,-0.015018,3168.563000,-0.012963,-0.013482
3169.045000,-0.022327,-0.015073,3169.045000,-0.016796,-0.013577
3169.527000,-0.023673,-0.015126,3169.527000,-0.019882,-0.013670
3170.009000,-0.026405,-0.015175,3170.009000,-0.022364,-0.013760
3170.491000,-0.030953,-0.015222,3170.491000,-0.025267,-0.013848
3170.973000,-0.035770,-0.015266,3170.973000,-0.028631,-0.013933
3171.455000,-0.038201,-0.015307,3171.455000,-0.029550,-0.014015
3171.937000,-0.040012,-0.015346,3171.937000,-0.029896,-0.014095
3172.419000,-0.041088,-0.015381,3172.419000,-0.030052,-0.014172
3172.901000,-0.044390,-0.015414,3172.901000,-0.032704,-0.014246
3173.383000,-0.046100,-0.015444,3173.383000,-0.033361,-0.014317
3173.865000,-0.047642,-0.015471,3173.865000,-0.031379,-0.014386
3174.347000,-0.048619,-0.015496,3174.347000,-0.027870,-0.014452
3174.829000,-0.048541,-0.015517,3174.829000,-0.024193,-0.014515
3175.311000,-0.047030,-0.015536,3175.311000,-0.022237,-0.014576
3175.793000,-0.047634,-0.015552,3175.793000,-0.021781,-0.014634
3176.275000,-0.048615,-0.015566,3176.275000,-0.020633,-0.014689
3176.757000,-0.049095,-0.015576,3176.757000,-0.020024,-0.014742
3177.239000,-0.047236,-0.015584,3177.239000,-0.020521,-0.014792
3177.721000,-0.045219,-0.015589,3177.721000,-0.021379,-0.014839
3178.203000,-0.043648,-0.015592,3178.203000,-0.020959,-0.014883
3178.685000,-0.040017,-0.015591,3178.685000,-0.024047,-0.014925
3179.167000,-0.038600,-0.015588,3179.167000,-0.026713,-0.014964
3179.649000,-0.039452,-0.015583,3179.649000,-0.028119,-0.015000
3180.131000,-0.037687,-0.015574,3180.131000,-0.026422,-0.015034
3180.613000,-0.034182,-0.015563,3180.613000,-0.025746,-0.015065
3181.095000,-0.033507,-0.015549,3181.095000,-0.023723,-0.015093
3181.577000,-0.032499,-0.015533,3181.577000,-0.024022,-0.015118
3182.059000,-0.030662,-0.015514,3182.059000,-0.022811,-0.015141
3182.541000,-0.027872,-0.015492,3182.541000,-0.024725,-0.015161
3183.023000,-0.027498,-0.015468,3183.023000,-0.025874,-0.015179
3183.505000,-0.026776,-0.015441,3183.505000,-0.029142,-0.015194
3183.987000,-0.026080,-0.015411,3183.987000,-0.030801,-0.015206
3184.469000,-0.025888,-0.015379,3184.469000,-0.032077,-0.015215
3184.951000,-0.026632,-0.015344,3184.951000,-0.033994,-0.015222
3185.433000,-0.026894,-0.015307,3185.433000,-0.037324,-0.015226
3185.915000,-0.029326,-0.015268,3185.915000,-0.037450,-0.015228
3186.397000,-0.032097,-0.015225,3186.397000,-0.038414,-0.015227
3186.879000,-0.033117,-0.015181,3186.879000,-0.036981,-0.015223
3187.361000,-0.033268,-0.015133,3187.361000,-0.036084,-0.015217
3187.843000,-0.036050,-0.015084,3187.843000,-0.033104,-0.015208
3188.325000,-0.037303,-0.015032,3188.325000,-0.031607,-0.015197
3188.807000,-0.035912,-0.014977,3188.807000,-0.028552,-0.015183
3189.289000,-0.035184,-0.014920,3189.289000,-0.027881,-0.015166
3189.771000,-0.035903,-0.014861,3189.771000,-0.024898,-0.015147
3190.253000,-0.035731,-0.014799,3190.253000,-0.024238,-0.015126
3190.735000,-0.033693,-0.014735,3190.735000,-0.023641,-0.015102
3191.217000,-0.030605,-0.014669,3191.217000,-0.024303,-0.015075
3191.699000,-0.028912,-0.014600,3191.699000,-0.026131,-0.015046
3192.181000,-0.027718,-0.014529,3192.181000,-0.029045,-0.015014
3192.663000,-0.025393,-0.014456,3192.663000,-0.030949,-0.014980
3193.145000,-0.023576,-0.014381,3193.145000,-0.033274,-0.014944
3193.627000,-0.020581,-0.014303,3193.627000,-0.033559,-0.014905
3194.109000,-0.018096,-0.014223,3194.109000,-0.035284,-0.014864
3194.591000,-0.014468,-0.014141,3194.591000,-0.035212,-0.014820
3195.073000,-0.011507,-0.014057,3195.073000,-0.034147,-0.014774
3195.555000,-0.011556,-0.013971,3195.555000,-0.034789,-0.014726
3196.037000,-0.013565,-0.013883,3196.037000,-0.034609,-0.014675
3196.519000,-0.015327,-0.013792,3196.519000,-0.035059,-0.014622
3197.001000,-0.018636,-0.013700,3197.001000,-0.035320,-0.014566
3197.483000,-0.021641,-0.013606,3197.483000,-0.037018,-0.014509
3197.965000,-0.022953,-0.013509,3197.965000,-0.038999,-0.014449
3198.447000,-0.025401,-0.013411,3198.447000,-0.039243,-0.014387
3198.929000,-0.028644,-0.013310,3198.929000,-0.039948,-0.014322
3199.411000,-0.030496,-0.013208,3199.411000,-0.040850,-0.014256
3199.893000,-0.032949,-0.013104,3199.893000,-0.041178,-0.014187
3200.375000,-0.033021,-0.012998,3200.375000,-0.040711,-0.014116
3200.857000,-0.033889,-0.012890,3200.857000,-0.038794,-0.014043
3201.339000,-0.033019,-0.012780,3201.339000,-0.036057,-0.013968
3201.821000,-0.033903,-0.012669,3201.821000,-0.034059,-0.013891
3202.303000,-0.035577,-0.012556,3202.303000,-0.033735,-0.013811
3202.785000,-0.037094,-0.012441,3202.785000,-0.034010,-0.013730
3203.267000,-0.037695,-0.012324,3203.267000,-0.037148,-0.013646
3203.749000,-0.038695,-0.012206,3203.749000,-0.035898,-0.013561
3204.231000,-0.039239,-0.012086,3204.231000,-0.035456,-0.013474
3204.713000,-0.038156,-0.011964,3204.713000,-0.036201,-0.013384
3205.195000,-0.039274,-0.011841,3205.195000,-0.035856,-0.013293
3205.677000,-0.040053,-0.011716,3205.677000,-0.036445,-0.013200
3206.159000,-0.040005,-0.011590,3206.159000,-0.038144,-0.013105
3206.641000,-0.039095,-0.011463,3206.641000,-0.039903,-0.013008
3207.123000,-0.037141,-0.011333,3207.123000,-0.042442,-0.012909
3207.605000,-0.037483,-0.011203,3207.605000,-0.044128,-0.012809
3208.087000,-0.036243,-0.011071,3208.087000,-0.045881,-0.012706
3208.569000,-0.035115,-0.010937,3208.569000,-0.047506,-0.012602
3209.051000,-0.033508,-0.010803,3209.051000,-0.048263,-0.012496
3209.533000,-0.033263,-0.010667,3209.533000,-0.052028,-0.012389
3210.015000,-0.033282,-0.010529,3210.015000,-0.054229,-0.012280
3210.497000,-0.032874,-0.010391,3210.497000,-0.051835,-0.012169
3210.979000,-0.033787,-0.010251,3210.979000,-0.049377,-0.012057
3211.461000,-0.032141,-0.010110,3211.461000,-0.049575,-0.011943
3211.943000,-0.032206,-0.009968,3211.943000,-0.048060,-0.011827
3212.425000,-0.029910,-0.009825,3212.425000,-0.046360,-0.011710
3212.907000,-0.028330,-0.009681,3212.907000,-0.045168,-0.011591
3213.389000,-0.028354,-0.009535,3213.389000,-0.045136,-0.011471
3213.871000,-0.029057,-0.009389,3213.871000,-0.044041,-0.011350
3214.353000,-0.030923,-0.009242,3214.353000,-0.041978,-0.011227
3214.835000,-0.034373,-0.009093,3214.835000,-0.041338,-0.011103
3215.317000,-0.037879,-0.008944,3215.317000,-0.040216,-0.010977
3215.799000,-0.039705,-0.008794,3215.799000,-0.040042,-0.010850
3216.281000,-0.043705,-0.008643,3216.281000,-0.040665,-0.010722
3216.763000,-0.048139,-0.008491,3216.763000,-0.040316,-0.010592
3217.245000,-0.048533,-0.008339,3217.245000,-0.040840,-0.010461
3217.727000,-0.049435,-0.008185,3217.727000,-0.041761,-0.010329
3218.209000,-0.047079,-0.008031,3218.209000,-0.042175,-0.010196
3218.691000,-0.043292,-0.007876,3218.691000,-0.042024,-0.010062
3219.173000,-0.037837,-0.007721,3219.173000,-0.040611,-0.009927
3219.655000,-0.034003,-0.007565,3219.655000,-0.038526,-0.009790
3220.137000,-0.032263,-0.007408,3220.137000,-0.038084,-0.009652
3220.619000,-0.028378,-0.007251,3220.619000,-0.037324,-0.009514
3221.101000,-0.026868,-0.007093,3221.101000,-0.038119,-0.009374
3221.583000,-0.025067,-0.006934,3221.583000,-0.040924,-0.009234
3222.065000,-0.023296,-0.006776,3222.065000,-0.043631,-0.009092
3222.547000,-0.021214,-0.006616,3222.547000,-0.047017,-0.008950
3223.029000,-0.021219,-0.006457,3223.029000,-0.047903,-0.008807
3223.511000,-0.021639,-0.006297,3223.511000,-0.050299,-0.008663
3223.993000,-0.020291,-0.006136,3223.993000,-0.052749,-0.008518
3224.475000,-0.021414,-0.005976,3224.475000,-0.052779,-0.008372
3224.957000,-0.021441,-0.005815,3224.957000,-0.050773,-0.008226
3225.439000,-0.022383,-0.005654,3225.439000,-0.049158,-0.008079
3225.921000,-0.024874,-0.005492,3225.921000,-0.045419,-0.007931
3226.403000,-0.028535,-0.005331,3226.403000,-0.043836,-0.007782
3226.885000,-0.031564,-0.005169,3226.885000,-0.042605,-0.007633
3227.367000,-0.031666,-0.005007,3227.367000,-0.041022,-0.007484
3227.849000,-0.033443,-0.004845,3227.849000,-0.040751,-0.007334
3228.331000,-0.032663,-0.004683,3228.331000,-0.042184,-0.007183
3228.813000,-0.030598,-0.004521,3228.813000,-0.042534,-0.007032
3229.295000,-0.031673,-0.004359,3229.295000,-0.043281,-0.006880
3229.777000,-0.029845,-0.004198,3229.777000,-0.041521,-0.006728
3230.259000,-0.028777,-0.004036,3230.259000,-0.043554,-0.006575
3230.741000,-0.026284,-0.003874,3230.741000,-0.044063,-0.006423
3231.223000,-0.024319,-0.003712,3231.223000,-0.044132,-0.006269
3231.705000,-0.023052,-0.003551,3231.705000,-0.044453,-0.006116
3232.187000,-0.022111,-0.003390,3232.187000,-0.045389,-0.005962
3232.669000,-0.023424,-0.003229,3232.669000,-0.047450,-0.005808
3233.151000,-0.024609,-0.003068,3233.151000,-0.048563,-0.005654
3233.633000,-0.023281,-0.002908,3233.633000,-0.048478,-0.005500
3234.115000,-0.022797,-0.002747,3234.115000,-0.048610,-0.005345
3234.597000,-0.023725,-0.002588,3234.597000,-0.049172,-0.005190
3235.079000,-0.024312,-0.002428,3235.079000,-0.049840,-0.005036
3235.561000,-0.026400,-0.002269,3235.561000,-0.048786,-0.004881
3236.043000,-0.029642,-0.002111,3236.043000,-0.048523,-0.004726
3236.525000,-0.028140,-0.001953,3236.525000,-0.047892,-0.004571
3237.007000,-0.027558,-0.001795,3237.007000,-0.047574,-0.004417
3237.489000,-0.026123,-0.001638,3237.489000,-0.047458,-0.004262
3237.971000,-0.025525,-0.001482,3237.971000,-0.048809,-0.004107
3238.453000,-0.024619,-0.001326,3238.453000,-0.050450,-0.003953
3238.935000,-0.026122,-0.001170,3238.935000,-0.050777,-0.003799
3239.417000,-0.029673,-0.001016,3239.417000,-0.051725,-0.003644
3239.899000,-0.029332,-0.000862,3239.899000,-0.048853,-0.003491
3240.381000,-0.028311,-0.000708,3240.381000,-0.046748,-0.003337
3240.863000,-0.028668,-0.000556,3240.863000,-0.044314,-0.003183
3241.345000,-0.029927,-0.000404,3241.345000,-0.040556,-0.003030
3241.827000,-0.031439,-0.000253,3241.827000,-0.036158,-0.002878
3242.309000,-0.031893,-0.000103,3242.309000,-0.031687,-0.002725
3242.791000,-0.031862,0.000047,3242.791000,-0.027680,-0.002573
3243.273000,-0.030665,0.000195,3243.273000,-0.024421,-0.002422
3243.755000,-0.027675,0.000343,3243.755000,-0.020524,-0.002270
3244.237000,-0.025358,0.000490,3244.237000,-0.019434,-0.002120
3244.719000,-0.024228,0.000636,3244.719000,-0.019735,-0.001970
3245.201000,-0.026040,0.000781,3245.201000,-0.019981,-0.001820
3245.683000,-0.031533,0.000925,3245.683000,-0.017993,-0.001671
3246.165000,-0.034576,0.001067,3246.165000,-0.019325,-0.001522
3246.647000,-0.037612,0.001209,3246.647000,-0.019750,-0.001375
3247.129000,-0.040919,0.001350,3247.129000,-0.022330,-0.001227
3247.611000,-0.043744,0.001490,3247.611000,-0.024673,-0.001081
3248.093000,-0.047658,0.001629,3248.093000,-0.025973,-0.000935
3248.575000,-0.051051,0.001766,3248.575000,-0.028252,-0.000790
3249.057000,-0.053119,0.001903,3249.057000,-0.031440,-0.000645
3249.539000,-0.054174,0.002038,3249.539000,-0.032509,-0.000501
3250.021000,-0.052462,0.002172,3250.021000,-0.033598,-0.000359
3250.503000,-0.050982,0.002305,3250.503000,-0.035133,-0.000216
3250.985000,-0.048399,0.002437,3250.985000,-0.035956,-0.000075
3251.467000,-0.045854,0.002567,3251.467000,-0.036973,0.000065
3251.949000,-0.046183,0.002696,3251.949000,-0.034771,0.000205
3252.431000,-0.044270,0.002824,3252.431000,-0.034158,0.000343
3252.913000,-0.042593,0.002951,3252.913000,-0.033671,0.000481
3253.395000,-0.039619,0.003076,3253.395000,-0.032538,0.000618
3253.877000,-0.035287,0.003200,3253.877000,-0.034157,0.000753
3254.359000,-0.030111,0.003322,3254.359000,-0.036377,0.000888
3254.841000,-0.026428,0.003444,3254.841000,-0.038895,0.001022
3255.323000,-0.022360,0.003563,3255.323000,-0.041111,0.001154
3255.805000,-0.020598,0.003682,3255.805000,-0.044826,0.001286
3256.287000,-0.017947,0.003799,3256.287000,-0.045663,0.001417
3256.769000,-0.019239,0.003914,3256.769000,-0.048507,0.001546
3257.251000,-0.021910,0.004028,3257.251000,-0.051472,0.001674
3257.733000,-0.023062,0.004141,3257.733000,-0.052837,0.001801
3258.215000,-0.023575,0.004252,3258.215000,-0.053747,0.001927
3258.697000,-0.026041,0.004361,3258.697000,-0.053080,0.002052
3259.179000,-0.028622,0.004469,3259.179000,-0.054132,0.002175
3259.661000,-0.029940,0.004576,3259.661000,-0.050254,0.002298
3260.143000,-0.029664,0.004681,3260.143000,-0.046109,0.002419
3260.625000,-0.029190,0.004784,3260.625000,-0.044009,0.002539
3261.107000,-0.028496,0.004886,3261.107000,-0.042344,0.002657
3261.589000,-0.026876,0.004986,3261.589000,-0.042271,0.002774
3262.071000,-0.024877,0.005085,3262.071000,-0.040428,0.002890
3262.553000,-0.024996,0.005182,3262.553000,-0.040914,0.003005
3263.035000,-0.023482,0.005277,3263.035000,-0.038548,0.003118
3263.517000,-0.022939,0.005371,3263.517000,-0.040024,0.003230
3263.999000,-0.022649,0.005463,3263.999000,-0.041756,0.003340
3264.481000,-0.021610,0.005553,3264.481000,-0.042949,0.003449
3264.963000,-0.019681,0.005642,3264.963000,-0.044956,0.003557
3265.445000,-0.019364,0.005729,3265.445000,-0.044191,0.003663
3265.927000,-0.020005,0.005814,3265.927000,-0.041548,0.003768
3266.409000,-0.018955,0.005898,3266.409000,-0.036188,0.003871
3266.891000,-0.018719,0.005980,3266.891000,-0.032929,0.003973
3267.373000,-0.018576,0.006060,3267.373000,-0.030703,0.004074
3267.855000,-0.017612,0.006139,3267.855000,-0.029933,0.004172
3268.337000,-0.017137,0.006216,3268.337000,-0.031274,0.004270
3268.819000,-0.017451,0.006291,3268.819000,-0.030430,0.004366
3269.301000,-0.018602,0.006364,3269.301000,-0.028561,0.004460
3269.783000,-0.018635,0.006436,3269.783000,-0.028282,0.004553
3270.265000,-0.018797,0.006506,3270.265000,-0.028755,0.004644
3270.747000,-0.019679,0.006574,3270.747000,-0.029685,0.004734
3271.229000,-0.019510,0.006640,3271.229000,-0.030862,0.004822
3271.711000,-0.021705,0.006705,3271.711000,-0.033850,0.004908
3272.193000,-0.022322,0.006768,3272.193000,-0.036424,0.004993
3272.675000,-0.025012,0.006829,3272.675000,-0.038672,0.005076
3273.157000,-0.027794,0.006888,3273.157000,-0.040299,0.005158
3273.639000,-0.029628,0.006946,3273.639000,-0.043769,0.005238
3274.121000,-0.029713,0.007001,3274.121000,-0.045382,0.005316
3274.603000,-0.028884,0.007055,3274.603000,-0.046644,0.005393
3275.085000,-0.029574,0.007107,3275.085000,-0.049040,0.005468
3275.567000,-0.029447,0.007158,3275.567000,-0.049050,0.005542
3276.049000,-0.028846,0.007206,3276.049000,-0.047146,0.005614
3276.531000,-0.027021,0.007253,3276.531000,-0.044939,0.005684
3277.013000,-0.025991,0.007298,3277.013000,-0.040632,0.005753
3277.495000,-0.024705,0.007341,3277.495000,-0.038606,0.005819
3277.977000,-0.023744,0.007383,3277.977000,-0.037468,0.005885
3278.459000,-0.024771,0.007423,3278.459000,-0.037316,0.005948
3278.941000,-0.025357,0.007461,3278.941000,-0.036142,0.006010
3279.423000,-0.028334,0.007497,3279.423000,-0.034278,0.006070
3279.905000,-0.030420,0.007531,3279.905000,-0.031974,0.006129
3280.387000,-0.030211,0.007564,3280.387000,-0.031658,0.006185
3280.869000,-0.027935,0.007594,3280.869000,-0.030530,0.006240
3281.351000,-0.026142,0.007624,3281.351000,-0.028258,0.006294
3281.833000,-0.023615,0.007651,3281.833000,-0.028135,0.006345
3282.315000,-0.020867,0.007676,3282.315000,-0.028506,0.006395
3282.797000,-0.017306,0.007700,3282.797000,-0.030465,0.006444
3283.279000,-0.013946,0.007722,3283.279000,-0.030430,0.006490
3283.761000,-0.012397,0.007743,3283.761000,-0.033600,0.006535
3284.243000,-0.010956,0.007761,3284.243000,-0.037171,0.006578
3284.725000,-0.008243,0.007778,3284.725000,-0.039623,0.006620
3285.207000,-0.005656,0.007793,3285.207000,-0.041591,0.006660
3285.689000,-0.004367,0.007807,3285.689000,-0.043771,0.006698
3286.171000,-0.003110,0.007818,3286.171000,-0.047283,0.006734
3286.653000,-0.000506,0.007828,3286.653000,-0.050700,0.006769
3287.135000,0.004040,0.007837,3287.135000,-0.052844,0.006802
3287.617000,0.006909,0.007843,3287.617000,-0.053219,0.006833
3288.099000,0.007603,0.007848,3288.099000,-0.052127,0.006863
3288.581000,0.007254,0.007851,3288.581000,-0.052205,0.006891
3289.063000,0.006222,0.007853,3289.063000,-0.054615,0.006917
3289.545000,0.006380,0.007853,3289.545000,-0.053810,0.006941
3290.027000,0.005019,0.007852,3290.027000,-0.050731,0.006964
3290.509000,0.001714,0.007848,3290.509000,-0.051079,0.006986
3290.991000,-0.000942,0.007843,3290.991000,-0.050303,0.007005
3291.473000,-0.002414,0.007837,3291.473000,-0.047886,0.007023
3291.955000,-0.003114,0.007829,3291.955000,-0.047511,0.007040
3292.437000,-0.004876,0.007819,3292.437000,-0.047705,0.007054
3292.919000,-0.006071,0.007808,3292.919000,-0.047403,0.007067
3293.401000,-0.006792,0.007795,3293.401000,-0.047981,0.007079
3293.883000,-0.008124,0.007781,3293.883000,-0.045317,0.007089
3294.365000,-0.011020,0.007765,3294.365000,-0.043299,0.007097
3294.847000,-0.015132,0.007748,3294.847000,-0.041671,0.007104
3295.329000,-0.018622,0.007729,3295.329000,-0.040205,0.007109
3295.811000,-0.020436,0.007709,3295.811000,-0.039279,0.007112
3296.293000,-0.021363,0.007687,3296.293000,-0.035134,0.007114
3296.775000,-0.024235,0.007664,3296.775000,-0.032936,0.007114
3297.257000,-0.027460,0.007639,3297.257000,-0.032937,0.007113
3297.739000,-0.028414,0.007613,3297.739000,-0.034058,0.007110
3298.221000,-0.028107,0.007585,3298.221000,-0.034165,0.007106
3298.703000,-0.025077,0.007556,3298.703000,-0.036413,0.007100
3299.185000,-0.022583,0.007526,3299.185000,-0.037348,0.007093
3299.667000,-0.019327,0.007494,3299.667000,-0.036473,0.007084
3300.149000,-0.016990,0.007461,3300.149000,-0.035675,0.007074
3300.631000,-0.011768,0.007427,3300.631000,-0.032709,0.007062
3301.113000,-0.008269,0.007391,3301.113000,-0.031500,0.007049
3301.595000,-0.004977,0.007354,3301.595000,-0.028731,0.007034
3302.077000,-0.001640,0.007316,3302.077000,-0.025845,0.007018
3302.559000,0.001025,0.007276,3302.559000,-0.022837,0.007000
3303.041000,0.000960,0.007235,3303.041000,-0.020893,0.006981
3303.523000,0.000156,0.007193,3303.523000,-0.019694,0.006961
3304.005000,-0.002187,0.007150,3304.005000,-0.018600,0.006939
3304.487000,-0.003601,0.007105,3304.487000,-0.020590,0.006916
3304.969000,-0.007372,0.007060,3304.969000,-0.018755,0.006892
3305.451000,-0.009116,0.007013,3305.451000,-0.019969,0.006866
3305.933000,-0.011012,0.006965,3305.933000,-0.019906,0.006839
3306.415000,-0.013803,0.006916,3306.415000,-0.021035,0.006810
3306.897000,-0.019452,0.006866,3306.897000,-0.023089,0.006781
3307.379000,-0.021678,0.006814,3307.379000,-0.024641,0.006750
3307.861000,-0.025115,0.006762,3307.861000,-0.027579,0.006718
3308.343000,-0.025928,0.006709,3308.343000,-0.029911,0.006684
3308.825000,-0.026389,0.006654,3308.825000,-0.033108,0.006649
3309.307000,-0.027395,0.006599,3309.307000,-0.034417,0.006613
3309.789000,-0.027879,0.006543,3309.789000,-0.038781,0.006576
3310.271000,-0.026834,0.006485,3310.271000,-0.040663,0.006538
3310.753000,-0.027590,0.006427,3310.753000,-0.040532,0.006499
3311.235000,-0.026724,0.006368,3311.235000,-0.040327,0.006458
3311.717000,-0.023758,0.006308,3311.717000,-0.037079,0.006416
3312.199000,-0.018012,0.006247,3312.199000,-0.036541,0.006374
3312.681000,-0.013657,0.006185,3312.681000,-0.033864,0.006330
3313.163000,-0.012834,0.006122,3313.163000,-0.032130,0.006285
3313.645000,-0.012188,0.006059,3313.645000,-0.030140,0.006239
3314.127000,-0.008759,0.005994,3314.127000,-0.028319,0.006192
3314.609000,-0.003888,0.005929,3314.609000,-0.027343,0.006144
3315.091000,0.000445,0.005863,3315.091000,-0.026537,0.006094
3315.573000,0.001755,0.005797,3315.573000,-0.024993,0.006044
3316.055000,0.001751,0.005730,3316.055000,-0.024490,0.005993
3316.537000,0.002385,0.005662,3316.537000,-0.025692,0.005942
3317.019000,0.002638,0.005593,3317.019000,-0.025497,0.005889
3317.501000,-0.000314,0.005524,3317.501000,-0.023518,0.005835
3317.983000,-0.001316,0.005454,3317.983000,-0.022367,0.005780
3318.465000,-0.001447,0.005383,3318.465000,-0.022224,0.005725
3318.947000,-0.004251,0.005312,3318.947000,-0.021618,0.005668
3319.429000,-0.008771,0.005241,3319.429000,-0.019373,0.005611
3319.911000,-0.012264,0.005168,3319.911000,-0.019926,0.005553
3320.393000,-0.016841,0.005096,3320.393000,-0.019469,0.005495
3320.875000,-0.018883,0.005022,3320.875000,-0.019031,0.005435
3321.357000,-0.019486,0.004949,3321.357000,-0.014861,0.005375
3321.839000,-0.020922,0.004875,3321.839000,-0.011698,0.005314
3322.321000,-0.021127,0.004800,3322.321000,-0.010302,0.005252
3322.803000,-0.019520,0.004725,3322.803000,-0.008731,0.005190
3323.285000,-0.019961,0.004650,3323.285000,-0.006238,0.005127
3323.767000,-0.017546,0.004574,3323.767000,-0.006401,0.005064
3324.249000,-0.017498,0.004498,3324.249000,-0.005087,0.004999
3324.731000,-0.014366,0.004422,3324.731000,-0.003390,0.004935
3325.213000,-0.012399,0.004345,3325.213000,-0.003253,0.004869
3325.695000,-0.013062,0.004268,3325.695000,-0.003522,0.004803
3326.177000,-0.013832,0.004191,3326.177000,-0.005214,0.004737
3326.659000,-0.013055,0.004114,3326.659000,-0.009109,0.004670
3327.141000,-0.014976,0.004036,3327.141000,-0.010611,0.004602
3327.623000,-0.014922,0.003958,3327.623000,-0.012881,0.004535
3328.105000,-0.013975,0.003880,3328.105000,-0.013389,0.004466
3328.587000,-0.013611,0.003802,3328.587000,-0.016537,0.004397
3329.069000,-0.011566,0.003724,3329.069000,-0.019855,0.004328
3329.551000,-0.009929,0.003645,3329.551000,-0.021579,0.004259
3330.033000,-0.007897,0.003567,3330.033000,-0.024317,0.004189
3330.515000,-0.003600,0.003489,3330.515000,-0.027711,0.004119
3330.997000,-0.000641,0.003410,3330.997000,-0.029181,0.004048
3331.479000,0.002924,0.003332,3331.479000,-0.028874,0.003977
3331.961000,0.004812,0.003253,3331.961000,-0.030333,0.003906
3332.443000,0.005775,0.003175,3332.443000,-0.031589,0.003835
3332.925000,0.004202,0.003096,3332.925000,-0.033539,0.003763
3333.407000,0.004222,0.003018,3333.407000,-0.033097,0.003691
3333.889000,0.004777,0.002939,3333.889000,-0.031040,0.003619
3334.371000,0.006141,0.002861,3334.371000,-0.030271,0.003547
3334.853000,0.008653,0.002783,3334.853000,-0.026153,0.003475
3335.335000,0.011386,0.002705,3335.335000,-0.021824,0.003402
3335.817000,0.012250,0.002628,3335.817000,-0.018861,0.003330
3336.299000,0.013253,0.002550,3336.299000,-0.018781,0.003257
3336.781000,0.012456,0.002473,3336.781000,-0.016652,0.003184
3337.263000,0.009834,0.002396,3337.263000,-0.014267,0.003111
3337.745000,0.007867,0.002319,3337.745000,-0.013045,0.003039
3338.227000,0.004034,0.002242,3338.227000,-0.014452,0.002966
3338.709000,0.002439,0.002166,3338.709000,-0.016419,0.002893
3339.191000,0.000138,0.002090,3339.191000,-0.018740,0.002820
3339.673000,-0.005842,0.002014,3339.673000,-0.019257,0.002747
3340.155000,-0.008773,0.001939,3340.155000,-0.016889,0.002675
3340.637000,-0.009466,0.001864,3340.637000,-0.015454,0.002602
3341.119000,-0.010540,0.001789,3341.119000,-0.014227,0.002530
3341.601000,-0.010855,0.001715,3341.601000,-0.009220,0.002458
3342.083000,-0.008631,0.001641,3342.083000,-0.005692,0.002385
3342.565000,-0.011424,0.001568,3342.565000,-0.003160,0.002314
3343.047000,-0.012408,0.001495,3343.047000,-0.000619,0.002242
3343.529000,-0.012878,0.001423,3343.529000,0.003922,0.002170
3344.011000,-0.013693,0.001351,3344.011000,0.007004,0.002099
3344.493000,-0.015482,0.001279,3344.493000,0.008072,0.002028
3344.975000,-0.016324,0.001208,3344.975000,0.006948,0.001957
3345.457000,-0.016752,0.001138,3345.457000,0.006725,0.001886
3345.939000,-0.018320,0.001068,3345.939000,0.006119,0.001816
3346.421000,-0.020003,0.000999,3346.421000,0.007373,0.001746
3346.903000,-0.022949,0.000930,3346.903000,0.007097,0.001677
3347.385000,-0.024923,0.000862,3347.385000,0.004561,0.001607
3347.867000,-0.026219,0.000794,3347.867000,0.003539,0.001539
3348.349000,-0.026903,0.000727,3348.349000,0.003157,0.001470
3348.831000,-0.027323,0.000661,3348.831000,0.003153,0.001402
3349.313000,-0.026394,0.000596,3349.313000,0.001518,0.001334
3349.795000,-0.023281,0.000531,3349.795000,0.000492,0.001267
3350.277000,-0.020489,0.000466,3350.277000,-0.001158,0.001201
3350.759000,-0.022171,0.000403,3350.759000,-0.002034,0.001134
3351.241000,-0.022965,0.000340,3351.241000,-0.003330,0.001069
3351.723000,-0.022027,0.000278,3351.723000,-0.004691,0.001003
3352.205000,-0.023353,0.000216,3352.205000,-0.006072,0.000939
3352.687000,-0.024245,0.000156,3352.687000,-0.007494,0.000874
3353.169000,-0.022510,0.000096,3353.169000,-0.008652,0.000811
3353.651000,-0.021058,0.000037,3353.651000,-0.011597,0.000748
3354.133000,-0.018849,-0.000021,3354.133000,-0.014362,0.000685
3354.615000,-0.015055,-0.000079,3354.615000,-0.016133,0.000623
3355.097000,-0.012641,-0.000136,3355.097000,-0.017920,0.000562
3355.579000,-0.009175,-0.000192,3355.579000,-0.019560,0.000501
3356.061000,-0.005329,-0.000247,3356.061000,-0.024506,0.000441
3356.543000,-0.004665,-0.000301,3356.543000,-0.027138,0.000382
3357.025000,-0.003214,-0.000354,3357.025000,-0.029337,0.000323
3357.507000,-0.002493,-0.000407,3357.507000,-0.032528,0.000265
3357.989000,0.000781,-0.000459,3357.989000,-0.033515,0.000208
3358.471000,0.001814,-0.000509,3358.471000,-0.032235,0.000151
3358.953000,0.001956,-0.000559,3358.953000,-0.032198,0.000095
3359.435000,0.002589,-0.000608,3359.435000,-0.030752,0.000040
3359.917000,0.003869,-0.000656,3359.917000,-0.027879,-0.000015
3360.399000,0.006202,-0.000704,3360.399000,-0.026335,-0.000068
3360.881000,0.005139,-0.000750,3360.881000,-0.023222,-0.000121
3361.363000,0.004535,-0.000795,3361.363000,-0.023277,-0.000174
3361.845000,0.005853,-0.000840,3361.845000,-0.024206,-0.000225
3362.327000,0.005692,-0.000883,3362.327000,-0.023552,-0.000276
3362.809000,0.004205,-0.000926,3362.809000,-0.023433,-0.000325
3363.291000,0.004820,-0.000968,3363.291000,-0.021435,-0.000374
3363.773000,0.007045,-0.001008,3363.773000,-0.018919,-0.000423
3364.255000,0.009269,-0.001048,3364.255000,-0.019362,-0.000470
3364.737000,0.009802,-0.001087,3364.737000,-0.017345,-0.000517
3365.219000,0.008504,-0.001124,3365.219000,-0.014617,-0.000562
3365.701000,0.007585,-0.001161,3365.701000,-0.012497,-0.000607
3366.183000,0.002938,-0.001197,3366.183000,-0.010970,-0.000651
3366.665000,-0.001704,-0.001232,3366.665000,-0.008162,-0.000694
3367.147000,-0.004504,-0.001266,3367.147000,-0.006667,-0.000736
3367.629000,-0.009586,-0.001299,3367.629000,-0.006307,-0.000778
3368.111000,-0.014076,-0.001331,3368.111000,-0.009313,-0.000818
3368.593000,-0.016067,-0.001361,3368.593000,-0.008801,-0.000858
3369.075000,-0.015865,-0.001391,3369.075000,-0.005730,-0.000896
3369.557000,-0.014720,-0.001420,3369.557000,-0.004093,-0.000934
3370.039000,-0.013284,-0.001448,3370.039000,-0.002456,-0.000971
3370.521000,-0.013527,-0.001475,3370.521000,-0.000249,-0.001007
3371.003000,-0.011539,-0.001501,3371.003000,-0.000914,-0.001042
3371.485000,-0.009990,-0.001526,3371.485000,-0.000939,-0.001076
3371.967000,-0.007180,-0.001550,3371.967000,-0.000147,-0.001109
3372.449000,-0.004676,-0.001573,3372.449000,-0.001135,-0.001141
3372.931000,-0.003471,-0.001595,3372.931000,-0.002122,-0.001172
3373.413000,0.000253,-0.001616,3373.413000,-0.000150,-0.001203
3373.895000,0.002615,-0.001635,3373.895000,0.000746,-0.001232
3374.377000,0.003855,-0.001654,3374.377000,-0.000458,-0.001260
3374.859000,0.003919,-0.001672,3374.859000,-0.000362,-0.001288
3375.341000,0.006199,-0.001689,3375.341000,0.000401,-0.001314
3375.823000,0.009295,-0.001705,3375.823000,-0.000261,-0.001340
3376.305000,0.008535,-0.001720,3376.305000,-0.002285,-0.001364
3376.787000,0.005866,-0.001734,3376.787000,-0.003409,-0.001388
3377.269000,0.004611,-0.001747,3377.269000,-0.001599,-0.001411
3377.751000,0.005332,-0.001759,3377.751000,-0.001260,-0.001432
3378.233000,0.004435,-0.001770,3378.233000,-0.003294,-0.001453
3378.715000,0.004806,-0.001780,3378.715000,-0.003836,-0.001473
3379.197000,0.004413,-0.001789,3379.197000,-0.005786,-0.001492
3379.679000,0.002593,-0.001797,3379.679000,-0.003981,-0.001509
3380.161000,0.000906,-0.001804,3380.161000,-0.002056,-0.001526
3380.643000,-0.004167,-0.001811,3380.643000,-0.000962,-0.001542
3381.125000,-0.006308,-0.001816,3381.125000,-0.000104,-0.001557
3381.607000,-0.007101,-0.001820,3381.607000,0.000432,-0.001571
3382.089000,-0.008404,-0.001824,3382.089000,-0.002250,-0.001584
3382.571000,-0.010221,-0.001826,3382.571000,-0.003496,-0.001597
3383.053000,-0.012623,-0.001828,3383.053000,-0.005496,-0.001608
3383.535000,-0.012622,-0.001828,3383.535000,-0.007085,-0.001618
3384.017000,-0.010721,-0.001828,3384.017000,-0.008283,-0.001627
3384.499000,-0.010098,-0.001827,3384.499000,-0.010979,-0.001636
3384.981000,-0.010540,-0.001825,3384.981000,-0.014733,-0.001643
3385.463000,-0.010788,-0.001822,3385.463000,-0.017830,-0.001650
3385.945000,-0.012611,-0.001818,3385.945000,-0.022860,-0.001655
3386.427000,-0.014523,-0.001813,3386.427000,-0.023576,-0.001660
3386.909000,-0.016121,-0.001808,3386.909000,-0.023642,-0.001664
3387.391000,-0.018782,-0.001801,3387.391000,-0.025663,-0.001666
3387.873000,-0.017505,-0.001794,3387.873000,-0.025979,-0.001668
3388.355000,-0.016743,-0.001786,3388.355000,-0.028180,-0.001669
3388.837000,-0.017041,-0.001777,3388.837000,-0.029114,-0.001670
3389.319000,-0.015877,-0.001767,3389.319000,-0.028273,-0.001669
3389.801000,-0.012573,-0.001757,3389.801000,-0.026845,-0.001667
3390.283000,-0.008101,-0.001746,3390.283000,-0.025013,-0.001665
3390.765000,-0.005457,-0.001733,3390.765000,-0.023343,-0.001662
3391.247000,-0.003912,-0.001721,3391.247000,-0.020468,-0.001657
3391.729000,-0.002702,-0.001707,3391.729000,-0.018882,-0.001652
3392.211000,-0.002685,-0.001693,3392.211000,-0.018129,-0.001647
3392.693000,-0.001129,-0.001678,3392.693000,-0.015495,-0.001640
3393.175000,0.001143,-0.001662,3393.175000,-0.011097,-0.001632
3393.657000,0.001780,-0.001645,3393.657000,-0.008823,-0.001624
3394.139000,0.002986,-0.001628,3394.139000,-0.010119,-0.001615
3394.621000,0.003324,-0.001610,3394.621000,-0.011390,-0.001605
3395.103000,0.002096,-0.001592,3395.103000,-0.012454,-0.001594
3395.585000,0.001497,-0.001573,3395.585000,-0.012890,-0.001583
3396.067000,-0.000669,-0.001553,3396.067000,-0.015378,-0.001571
3396.549000,-0.001200,-0.001533,3396.549000,-0.015769,-0.001558
3397.031000,-0.004375,-0.001511,3397.031000,-0.015582,-0.001544
3397.513000,-0.007814,-0.001490,3397.513000,-0.016557,-0.001530
3397.995000,-0.009855,-0.001468,3397.995000,-0.017301,-0.001515
3398.477000,-0.010191,-0.001445,3398.477000,-0.017750,-0.001499
3398.959000,-0.011409,-0.001421,3398.959000,-0.016428,-0.001482
3399.441000,-0.009639,-0.001397,3399.441000,-0.014758,-0.001465
3399.923000,-0.010500,-0.001373,3399.923000,-0.014525,-0.001447
3400.405000,-0.011848,-0.001348,3400.405000,-0.015798,-0.001429
3400.887000,-0.011480,-0.001323,3400.887000,-0.018482,-0.001410
3401.369000,-0.015158,-0.001297,3401.369000,-0.019310,-0.001390
3401.851000,-0.018942,-0.001270,3401.851000,-0.019055,-0.001369
3402.333000,-0.020872,-0.001243,3402.333000,-0.019196,-0.001348
3402.815000,-0.024021,-0.001216,3402.815000,-0.021151,-0.001327
3403.297000,-0.028006,-0.001188,3403.297000,-0.024417,-0.001304
3403.779000,-0.031289,-0.001160,3403.779000,-0.025327,-0.001282
3404.261000,-0.034284,-0.001132,3404.261000,-0.029326,-0.001258
3404.743000,-0.035246,-0.001103,3404.743000,-0.032218,-0.001235
3405.225000,-0.034133,-0.001074,3405.225000,-0.034042,-0.001210
3405.707000,-0.038047,-0.001044,3405.707000,-0.036866,-0.001185
3406.189000,-0.038929,-0.001014,3406.189000,-0.041337,-0.001160
3406.671000,-0.040692,-0.000984,3406.671000,-0.044099,-0.001134
3407.153000,-0.040322,-0.000953,3407.153000,-0.046288,-0.001108
3407.635000,-0.039232,-0.000923,3407.635000,-0.048648,-0.001081
3408.117000,-0.038422,-0.000892,3408.117000,-0.047352,-0.001054
3408.599000,-0.036272,-0.000860,3408.599000,-0.045365,-0.001026
3409.081000,-0.033047,-0.000829,3409.081000,-0.043709,-0.000998
3409.563000,-0.030109,-0.000797,3409.563000,-0.043604,-0.000970
3410.045000,-0.028841,-0.000765,3410.045000,-0.043562,-0.000941
3410.527000,-0.028249,-0.000733,3410.527000,-0.039959,-0.000912
3411.009000,-0.027847,-0.000701,3411.009000,-0.037725,-0.000883
3411.491000,-0.027730,-0.000669,3411.491000,-0.033081,-0.000853
3411.973000,-0.026564,-0.000636,3411.973000,-0.029004,-0.000823
3412.455000,-0.029584,-0.000604,3412.455000,-0.026940,-0.000792
3412.937000,-0.030998,-0.000571,3412.937000,-0.025691,-0.000762
3413.419000,-0.031747,-0.000538,3413.419000,-0.021841,-0.000731
3413.901000,-0.034239,-0.000505,3413.901000,-0.018768,-0.000700
3414.383000,-0.036456,-0.000473,3414.383000,-0.018701,-0.000668
3414.865000,-0.037197,-0.000440,3414.865000,-0.014592,-0.000637
3415.347000,-0.036621,-0.000407,3415.347000,-0.012458,-0.000605
3415.829000,-0.037113,-0.000374,3415.829000,-0.012765,-0.000573
3416.311000,-0.035614,-0.000341,3416.311000,-0.011604,-0.000541
3416.793000,-0.032228,-0.000309,3416.793000,-0.010719,-0.000509
3417.275000,-0.032087,-0.000276,3417.275000,-0.010605,-0.000476
3417.757000,-0.030475,-0.000244,3417.757000,-0.009714,-0.000444
3418.239000,-0.028460,-0.000211,3418.239000,-0.011166,-0.000411
3418.721000,-0.025453,-0.000179,3418.721000,-0.012354,-0.000379
3419.203000,-0.024698,-0.000147,3419.203000,-0.015460,-0.000346
3419.685000,-0.026424,-0.000115,3419.685000,-0.017077,-0.000313
3420.167000,-0.026768,-0.000083,3420.167000,-0.016739,-0.000280
3420.649000,-0.029888,-0.000051,3420.649000,-0.017170,-0.000248
3421.131000,-0.034584,-0.000020,3421.131000,-0.020631,-0.000215
3421.613000,-0.035777,0.000011,3421.613000,-0.022080,-0.000182
3422.095000,-0.035161,0.000042,3422.095000,-0.023801,-0.000150
3422.577000,-0.036184,0.000073,3422.577000,-0.024636,-0.000117
3423.059000,-0.034058,0.000103,3423.059000,-0.024246,-0.000085
3423.541000,-0.030332,0.000134,3423.541000,-0.023264,-0.000052
3424.023000,-0.030993,0.000163,3424.023000,-0.021790,-0.000020
3424.505000,-0.029415,0.000193,3424.505000,-0.020568,0.000012
3424.987000,-0.027612,0.000222,3424.987000,-0.020668,0.000044
3425.469000,-0.024947,0.000251,3425.469000,-0.018565,0.000076
3425.951000,-0.024351,0.000279,3425.951000,-0.017535,0.000107
3426.433000,-0.024310,0.000307,3426.433000,-0.013123,0.000139
3426.915000,-0.022738,0.000335,3426.915000,-0.011139,0.000170
3427.397000,-0.023061,0.000362,3427.397000,-0.010165,0.000201
3427.879000,-0.026014,0.000388,3427.879000,-0.010995,0.000231
3428.361000,-0.023205,0.000415,3428.361000,-0.012531,0.000262
3428.843000,-0.024000,0.000440,3428.843000,-0.012549,0.000292
3429.325000,-0.024726,0.000466,3429.325000,-0.014578,0.000322
3429.807000,-0.024003,0.000491,3429.807000,-0.016963,0.000351
3430.289000,-0.025713,0.000515,3430.289000,-0.018603,0.000380
3430.771000,-0.029376,0.000539,3430.771000,-0.021470,0.000409
3431.253000,-0.031336,0.000562,3431.253000,-0.027177,0.000437
3431.735000,-0.034376,0.000584,3431.735000,-0.032990,0.000465
3432.217000,-0.037521,0.000606,3432.217000,-0.036528,0.000493
3432.699000,-0.041724,0.000628,3432.699000,-0.037765,0.000520
3433.181000,-0.044219,0.000649,3433.181000,-0.040404,0.000547
3433.663000,-0.046617,0.000669,3433.663000,-0.042903,0.000573
3434.145000,-0.047109,0.000688,3434.145000,-0.044617,0.000599
3434.627000,-0.045804,0.000707,3434.627000,-0.043604,0.000624
3435.109000,-0.042030,0.000725,3435.109000,-0.041372,0.000649
3435.591000,-0.040540,0.000743,3435.591000,-0.038744,0.000673
3436.073000,-0.036091,0.000760,3436.073000,-0.037517,0.000697
3436.555000,-0.031878,0.000776,3436.555000,-0.035523,0.000720
3437.037000,-0.030952,0.000791,3437.037000,-0.032182,0.000743
3437.519000,-0.027899,0.000806,3437.519000,-0.029245,0.000765
3438.001000,-0.024731,0.000820,3438.001000,-0.027662,0.000786
3438.483000,-0.023385,0.000833,3438.483000,-0.024347,0.000807
3438.965000,-0.025240,0.000846,3438.965000,-0.018934,0.000827
3439.447000,-0.026127,0.000858,3439.447000,-0.014913,0.000847
3439.929000,-0.028201,0.000869,3439.929000,-0.013882,0.000866
3440.411000,-0.028515,0.000879,3440.411000,-0.011094,0.000884
3440.893000,-0.028483,0.000888,3440.893000,-0.009983,0.000902
3441.375000,-0.028541,0.000896,3441.375000,-0.006672,0.000919
3441.857000,-0.029023,0.000904,3441.857000,-0.003898,0.000935
3442.339000,-0.029266,0.000911,3442.339000,-0.001903,0.000950
3442.821000,-0.029555,0.000917,3442.821000,-0.001486,0.000965
3443.303000,-0.030257,0.000922,3443.303000,-0.000725,0.000979
3443.785000,-0.030443,0.000926,3443.785000,-0.000043,0.000992
3444.267000,-0.029260,0.000930,3444.267000,-0.000464,0.001005
3444.749000,-0.027995,0.000932,3444.749000,-0.000263,0.001016
3445.231000,-0.028609,0.000934,3445.231000,-0.000387,0.001027
3445.713000,-0.030403,0.000934,3445.713000,-0.002406,0.001037
3446.195000,-0.028810,0.000934,3446.195000,-0.005629,0.001047
3446.677000,-0.027603,0.000933,3446.677000,-0.011059,0.001055
3447.159000,-0.023797,0.000931,3447.159000,-0.016803,0.001063
3447.641000,-0.022487,0.000928,3447.641000,-0.021598,0.001069
3448.123000,-0.023142,0.000924,3448.123000,-0.023651,0.001075
3448.605000,-0.022315,0.000919,3448.605000,-0.026044,0.001080
3449.087000,-0.024606,0.000913,3449.087000,-0.028117,0.001084
3449.569000,-0.026949,0.000906,3449.569000,-0.031624,0.001088
3450.051000,-0.028495,0.000899,3450.051000,-0.033846,0.001090
3450.533000,-0.033456,0.000890,3450.533000,-0.035625,0.001092
3451.015000,-0.036891,0.000880,3451.015000,-0.035869,0.001092
3451.497000,-0.038271,0.000870,3451.497000,-0.035786,0.001092
3451.979000,-0.041516,0.000858,3451.979000,-0.037009,0.001090
3452.461000,-0.044368,0.000845,3452.461000,-0.039034,0.001088
3452.943000,-0.041488,0.000832,3452.943000,-0.041017,0.001085
3453.425000,-0.041418,0.000817,3453.425000,-0.045377,0.001081
3453.907000,-0.038974,0.000801,3453.907000,-0.047800,0.001076
3454.389000,-0.036318,0.000785,3454.389000,-0.048386,0.001070
3454.871000,-0.032889,0.000767,3454.871000,-0.049017,0.001062
3455.353000,-0.028473,0.000748,3455.353000,-0.049826,0.001054
3455.835000,-0.026617,0.000729,3455.835000,-0.053413,0.001045
3456.317000,-0.022261,0.000708,3456.317000,-0.054297,0.001035
3456.799000,-0.020805,0.000687,3456.799000,-0.055062,0.001024
3457.281000,-0.022082,0.000664,3457.281000,-0.054300,0.001012
3457.763000,-0.019262,0.000640,3457.763000,-0.048680,0.000999
3458.245000,-0.017078,0.000615,3458.245000,-0.046178,0.000985
3458.727000,-0.017718,0.000590,3458.727000,-0.042857,0.000970
3459.209000,-0.020164,0.000563,3459.209000,-0.039976,0.000954
3459.691000,-0.018136,0.000535,3459.691000,-0.040499,0.000937
3460.173000,-0.021627,0.000507,3460.173000,-0.039355,0.000919
3460.655000,-0.024386,0.000477,3460.655000,-0.036288,0.000900
3461.137000,-0.027486,0.000446,3461.137000,-0.033613,0.000879
3461.619000,-0.030702,0.000414,3461.619000,-0.031173,0.000858
3462.101000,-0.034879,0.000382,3462.101000,-0.030249,0.000836
3462.583000,-0.038006,0.000348,3462.583000,-0.031094,0.000813
3463.065000,-0.039118,0.000313,3463.065000,-0.028839,0.000788
3463.547000,-0.041368,0.000278,3463.547000,-0.027617,0.000763
3464.029000,-0.041158,0.000241,3464.029000,-0.025504,0.000736
3464.511000,-0.040121,0.000203,3464.511000,-0.022230,0.000709
3464.993000,-0.038610,0.000165,3464.993000,-0.023022,0.000680
3465.475000,-0.038524,0.000125,3465.475000,-0.023477,0.000651
3465.957000,-0.038115,0.000084,3465.957000,-0.025998,0.000620
3466.439000,-0.035658,0.000043,3466.439000,-0.029671,0.000589
3466.921000,-0.036128,0.000000,3466.921000,-0.031012,0.000556
3467.403000,-0.035253,-0.000043,3467.403000,-0.032225,0.000522
3467.885000,-0.036019,-0.000088,3467.885000,-0.034636,0.000487
3468.367000,-0.035378,-0.000133,3468.367000,-0.037072,0.000452
3468.849000,-0.034449,-0.000179,3468.849000,-0.039843,0.000415
3469.331000,-0.032267,-0.000226,3469.331000,-0.039389,0.000377
3469.813000,-0.029856,-0.000275,3469.813000,-0.038622,0.000338
3470.295000,-0.029449,-0.000324,3470.295000,-0.037937,0.000298
3470.777000,-0.030059,-0.000374,3470.777000,-0.038958,0.000257
3471.259000,-0.028345,-0.000424,3471.259000,-0.039003,0.000215
3471.741000,-0.027392,-0.000476,3471.741000,-0.037502,0.000173
3472.223000,-0.028248,-0.000529,3472.223000,-0.036960,0.000129
3472.705000,-0.030078,-0.000582,3472.705000,-0.036196,0.000084
3473.187000,-0.031641,-0.000636,3473.187000,-0.033840,0.000038
3473.669000,-0.031619,-0.000691,3473.669000,-0.032142,-0.000009
3474.151000,-0.031048,-0.000747,3474.151000,-0.029729,-0.000057
3474.633000,-0.034342,-0.000804,3474.633000,-0.029983,-0.000106
3475.115000,-0.034344,-0.000862,3475.115000,-0.030026,-0.000155
3475.597000,-0.035658,-0.000920,3475.597000,-0.031258,-0.000206
3476.079000,-0.037999,-0.000979,3476.079000,-0.032154,-0.000258
3476.561000,-0.040341,-0.001039,3476.561000,-0.031629,-0.000310
3477.043000,-0.045932,-0.001100,3477.043000,-0.032240,-0.000364
3477.525000,-0.047441,-0.001161,3477.525000,-0.033256,-0.000418
3478.007000,-0.043377,-0.001223,3478.007000,-0.032954,-0.000474
3478.489000,-0.041797,-0.001286,3478.489000,-0.032245,-0.000530
3478.971000,-0.039131,-0.001350,3478.971000,-0.032831,-0.000587
3479.453000,-0.035796,-0.001414,3479.453000,-0.032492,-0.000645
3479.935000,-0.032577,-0.001479,3479.935000,-0.031806,-0.000704
3480.417000,-0.029469,-0.001544,3480.417000,-0.031637,-0.000764
3480.899000,-0.026141,-0.001611,3480.899000,-0.032290,-0.000825
3481.381000,-0.024217,-0.001677,3481.381000,-0.034903,-0.000886
3481.863000,-0.021818,-0.001745,3481.863000,-0.036178,-0.000949
3482.345000,-0.021754,-0.001813,3482.345000,-0.039103,-0.001012
3482.827000,-0.024310,-0.001882,3482.827000,-0.039089,-0.001076
3483.309000,-0.027181,-0.001951,3483.309000,-0.038262,-0.001140
3483.791000,-0.031669,-0.002021,3483.791000,-0.035818,-0.001206
3484.273000,-0.033391,-0.002091,3484.273000,-0.034843,-0.001272
3484.755000,-0.035111,-0.002162,3484.755000,-0.033813,-0.001339
3485.237000,-0.038636,-0.002233,3485.237000,-0.033056,-0.001407
3485.719000,-0.042343,-0.002305,3485.719000,-0.035298,-0.001475
3486.201000,-0.043414,-0.002377,3486.201000,-0.037611,-0.001545
3486.683000,-0.046044,-0.002450,3486.683000,-0.041577,-0.001614
3487.165000,-0.046190,-0.002523,3487.165000,-0.044846,-0.001685
3487.647000,-0.045457,-0.002597,3487.647000,-0.049065,-0.001756
3488.129000,-0.044237,-0.002671,3488.129000,-0.052650,-0.001828
3488.611000,-0.041575,-0.002745,3488.611000,-0.054919,-0.001901
3489.093000,-0.037150,-0.002820,3489.093000,-0.057476,-0.001974
3489.575000,-0.034679,-0.002895,3489.575000,-0.057606,-0.002047
3490.057000,-0.030786,-0.002970,3490.057000,-0.057974,-0.002122
3490.539000,-0.028874,-0.003046,3490.539000,-0.055754,-0.002197
3491.021000,-0.028719,-0.003121,3491.021000,-0.054370,-0.002272
3491.503000,-0.027310,-0.003198,3491.503000,-0.051094,-0.002348
3491.985000,-0.028661,-0.003274,3491.985000,-0.047903,-0.002424
3492.467000,-0.030579,-0.003351,3492.467000,-0.048380,-0.002501
3492.949000,-0.029931,-0.003427,3492.949000,-0.046780,-0.002579
3493.431000,-0.029993,-0.003504,3493.431000,-0.043704,-0.002657
3493.913000,-0.029765,-0.003581,3493.913000,-0.041777,-0.002735
3494.395000,-0.031485,-0.003659,3494.395000,-0.041084,-0.002814
3494.877000,-0.030200,-0.003736,3494.877000,-0.039814,-0.002893
3495.359000,-0.029494,-0.003814,3495.359000,-0.041456,-0.002972
3495.841000,-0.029734,-0.003891,3495.841000,-0.042664,-0.003052
3496.323000,-0.029558,-0.003969,3496.323000,-0.043999,-0.003132
3496.805000,-0.029935,-0.004046,3496.805000,-0.044869,-0.003213
3497.287000,-0.032931,-0.004124,3497.287000,-0.042390,-0.003294
3497.769000,-0.035282,-0.004201,3497.769000,-0.043063,-0.003375
3498.251000,-0.037551,-0.004279,3498.251000,-0.040989,-0.003456
3498.733000,-0.042340,-0.004356,3498.733000,-0.040415,-0.003538
3499.215000,-0.044876,-0.004433,3499.215000,-0.038596,-0.003620
3499.697000,-0.045421,-0.004511,3499.697000,-0.032722,-0.003702
3500.179000,-0.045840,-0.004588,3500.179000,-0.025616,-0.003784
3500.661000,-0.046173,-0.004665,3500.661000,-0.020345,-0.003867
3501.143000,-0.046713,-0.004741,3501.143000,-0.014180,-0.003949
3501.625000,-0.044762,-0.004818,3501.625000,-0.011173,-0.004032
3502.107000,-0.044051,-0.004894,3502.107000,-0.009311,-0.004115
3502.589000,-0.041749,-0.004970,3502.589000,-0.008231,-0.004197
3503.071000,-0.037614,-0.005046,3503.071000,-0.007843,-0.004280
3503.553000,-0.037026,-0.005122,3503.553000,-0.007048,-0.004363
3504.035000,-0.035007,-0.005197,3504.035000,-0.008626,-0.004446
3504.517000,-0.034186,-0.005271,3504.517000,-0.014618,-0.004529
3504.999000,-0.033250,-0.005346,3504.999000,-0.017127,-0.004612
3505.481000,-0.032421,-0.005420,3505.481000,-0.022537,-0.004694
3505.963000,-0.033234,-0.005494,3505.963000,-0.025314,-0.004777
3506.445000,-0.032622,-0.005567,3506.445000,-0.026919,-0.004860
3506.927000,-0.033833,-0.005639,3506.927000,-0.028816,-0.004942
3507.409000,-0.032756,-0.005712,3507.409000,-0.030324,-0.005024
3507.891000,-0.030178,-0.005783,3507.891000,-0.031716,-0.005106
3508.373000,-0.028590,-0.005855,3508.373000,-0.035339,-0.005188
3508.855000,-0.027105,-0.005925,3508.855000,-0.037284,-0.005270
3509.337000,-0.024795,-0.005995,3509.337000,-0.039778,-0.005351
3509.819000,-0.025760,-0.006065,3509.819000,-0.041409,-0.005432
3510.301000,-0.027931,-0.006133,3510.301000,-0.045409,-0.005513
3510.783000,-0.026869,-0.006202,3510.783000,-0.048217,-0.005593
3511.265000,-0.028927,-0.006269,3511.265000,-0.051436,-0.005673
3511.747000,-0.030204,-0.006336,3511.747000,-0.053582,-0.005753
3512.229000,-0.029982,-0.006402,3512.229000,-0.055233,-0.005832
3512.711000,-0.033095,-0.006467,3512.711000,-0.057698,-0.005911
3513.193000,-0.032387,-0.006532,3513.193000,-0.056016,-0.005990
3513.675000,-0.031228,-0.006595,3513.675000,-0.056513,-0.006068
3514.157000,-0.026749,-0.006658,3514.157000,-0.055424,-0.006145
3514.639000,-0.023920,-0.006720,3514.639000,-0.051331,-0.006222
3515.121000,-0.023618,-0.006782,3515.121000,-0.047431,-0.006299
3515.603000,-0.020882,-0.006842,3515.603000,-0.041580,-0.006374
3516.085000,-0.019187,-0.006901,3516.085000,-0.036594,-0.006450
3516.567000,-0.022321,-0.006960,3516.567000,-0.030579,-0.006524
3517.049000,-0.021539,-0.007017,3517.049000,-0.026939,-0.006598
3517.531000,-0.023755,-0.007074,3517.531000,-0.020871,-0.006671
3518.013000,-0.025268,-0.007129,3518.013000,-0.017480,-0.006744
3518.495000,-0.026726,-0.007184,3518.495000,-0.012956,-0.006816
3518.977000,-0.027357,-0.007237,3518.977000,-0.009990,-0.006887
3519.459000,-0.029721,-0.007290,3519.459000,-0.009359,-0.006958
3519.941000,-0.032028,-0.007341,3519.941000,-0.005670,-0.007027
3520.423000,-0.031529,-0.007391,3520.423000,-0.005491,-0.007096
3520.905000,-0.032248,-0.007440,3520.905000,-0.004039,-0.007164
3521.387000,-0.035698,-0.007488,3521.387000,-0.001991,-0.007231
3521.869000,-0.036902,-0.007535,3521.869000,-0.002228,-0.007297
3522.351000,-0.037684,-0.007581,3522.351000,-0.000536,-0.007363
3522.833000,-0.040752,-0.007625,3522.833000,-0.001510,-0.007427
3523.315000,-0.045579,-0.007668,3523.315000,-0.001466,-0.007490
3523.797000,-0.045996,-0.007710,3523.797000,-0.003252,-0.007553
3524.279000,-0.047087,-0.007751,3524.279000,-0.003678,-0.007614
3524.761000,-0.042836,-0.007790,3524.761000,-0.005753,-0.007675
3525.243000,-0.040243,-0.007828,3525.243000,-0.007274,-0.007734
3525.725000,-0.035796,-0.007864,3525.725000,-0.010758,-0.007792
3526.207000,-0.031212,-0.007900,3526.207000,-0.015187,-0.007850
3526.689000,-0.027219,-0.007934,3526.689000,-0.019180,-0.007906
3527.171000,-0.020308,-0.007966,3527.171000,-0.024052,-0.007961
3527.653000,-0.013554,-0.007997,3527.653000,-0.028650,-0.008014
3528.135000,-0.008831,-0.008027,3528.135000,-0.033039,-0.008067
3528.617000,-0.002311,-0.008055,3528.617000,-0.037219,-0.008118
3529.099000,0.000465,-0.008082,3529.099000,-0.039208,-0.008169
3529.581000,0.002931,-0.008107,3529.581000,-0.044018,-0.008218
3530.063000,0.003789,-0.008131,3530.063000,-0.046010,-0.008265
3530.545000,0.006020,-0.008153,3530.545000,-0.047497,-0.008312
3531.027000,0.008019,-0.008174,3531.027000,-0.048838,-0.008357
3531.509000,0.007213,-0.008193,3531.509000,-0.049714,-0.008401
3531.991000,0.006276,-0.008210,3531.991000,-0.048772,-0.008443
3532.473000,0.005108,-0.008226,3532.473000,-0.048291,-0.008484
3532.955000,0.000112,-0.008241,3532.955000,-0.047389,-0.008524
3533.437000,-0.001907,-0.008253,3533.437000,-0.046871,-0.008562
3533.919000,-0.003554,-0.008265,3533.919000,-0.042549,-0.008599
3534.401000,-0.003814,-0.008274,3534.401000,-0.038256,-0.008634
3534.883000,-0.003240,-0.008282,3534.883000,-0.034248,-0.008668
3535.365000,-0.001897,-0.008288,3535.365000,-0.031685,-0.008700
3535.847000,-0.001855,-0.008293,3535.847000,-0.029353,-0.008731
3536.329000,-0.001906,-0.008295,3536.329000,-0.026922,-0.008761
3536.811000,-0.003394,-0.008296,3536.811000,-0.025229,-0.008789
3537.293000,-0.002607,-0.008296,3537.293000,-0.025161,-0.008815
3537.775000,-0.003469,-0.008293,3537.775000,-0.026163,-0.008840
3538.257000,-0.005265,-0.008289,3538.257000,-0.026960,-0.008863
3538.739000,-0.004777,-0.008283,3538.739000,-0.028430,-0.008884
3539.221000,-0.006387,-0.008276,3539.221000,-0.031256,-0.008904
3539.703000,-0.008235,-0.008266,3539.703000,-0.035830,-0.008922
3540.185000,-0.006814,-0.008255,3540.185000,-0.039445,-0.008939
3540.667000,-0.006034,-0.008242,3540.667000,-0.040266,-0.008954
3541.149000,-0.005213,-0.008227,3541.149000,-0.043854,-0.008967
3541.631000,-0.003604,-0.008210,3541.631000,-0.046645,-0.008978
3542.113000,-0.003788,-0.008192,3542.113000,-0.049521,-0.008988
3542.595000,-0.003944,-0.008171,3542.595000,-0.048532,-0.008996
3543.077000,-0.005423,-0.008149,3543.077000,-0.048996,-0.009003
3543.559000,-0.007060,-0.008125,3543.559000,-0.048671,-0.009007
3544.041000,-0.008345,-0.008099,3544.041000,-0.048597,-0.009010
3544.523000,-0.008478,-0.008071,3544.523000,-0.050798,-0.009011
3545.005000,-0.008888,-0.008042,3545.005000,-0.050331,-0.009010
3545.487000,-0.011414,-0.008010,3545.487000,-0.049101,-0.009007
3545.969000,-0.015251,-0.007977,3545.969000,-0.047548,-0.009003
3546.451000,-0.015947,-0.007941,3546.451000,-0.048243,-0.008996
3546.933000,-0.016784,-0.007904,3546.933000,-0.045269,-0.008988
3547.415000,-0.018307,-0.007865,3547.415000,-0.042591,-0.008978
3547.897000,-0.022588,-0.007824,3547.897000,-0.038422,-0.008966
3548.379000,-0.029774,-0.007781,3548.379000,-0.033525,-0.008953
3548.861000,-0.033767,-0.007736,3548.861000,-0.029229,-0.008937
3549.343000,-0.034411,-0.007689,3549.343000,-0.023759,-0.008919
3549.825000,-0.036542,-0.007641,3549.825000,-0.023104,-0.008900
3550.307000,-0.037614,-0.007590,3550.307000,-0.020866,-0.008879
3550.789000,-0.036340,-0.007538,3550.789000,-0.023097,-0.008855
3551.271000,-0.032302,-0.007483,3551.271000,-0.025199,-0.008830
3551.753000,-0.030484,-0.007427,3551.753000,-0.026456,-0.008803
3552.235000,-0.028284,-0.007369,3552.235000,-0.028476,-0.008774
3552.717000,-0.026297,-0.007308,3552.717000,-0.031128,-0.008743
3553.199000,-0.020105,-0.007246,3553.199000,-0.034107,-0.008710
3553.681000,-0.016687,-0.007182,3553.681000,-0.035595,-0.008675
3554.163000,-0.015699,-0.007116,3554.163000,-0.037509,-0.008638
3554.645000,-0.016198,-0.007048,3554.645000,-0.037690,-0.008599
3555.127000,-0.018531,-0.006979,3555.127000,-0.040261,-0.008558
3555.609000,-0.019366,-0.006907,3555.609000,-0.040822,-0.008515
3556.091000,-0.018471,-0.006833,3556.091000,-0.042843,-0.008470
3556.573000,-0.020572,-0.006758,3556.573000,-0.043128,-0.008424
3557.055000,-0.020887,-0.006681,3557.055000,-0.042540,-0.008375
3557.537000,-0.019787,-0.006601,3557.537000,-0.043282,-0.008324
3558.019000,-0.018350,-0.006520,3558.019000,-0.039235,-0.008271
3558.501000,-0.015188,-0.006437,3558.501000,-0.038683,-0.008217
3558.983000,-0.013184,-0.006352,3558.983000,-0.034257,-0.008160
3559.465000,-0.010948,-0.006266,3559.465000,-0.030693,-0.008101
3559.947000,-0.008384,-0.006177,3559.947000,-0.028647,-0.008040
3560.429000,-0.006322,-0.006087,3560.429000,-0.026237,-0.007978
3560.911000,-0.005028,-0.005995,3560.911000,-0.022549,-0.007913
3561.393000,-0.003490,-0.005901,3561.393000,-0.021806,-0.007846
3561.875000,-0.002848,-0.005805,3561.875000,-0.019720,-0.007778
3562.357000,-0.004913,-0.005707,3562.357000,-0.015219,-0.007707
3562.839000,-0.006255,-0.005607,3562.839000,-0.013616,-0.007634
3563.321000,-0.008178,-0.005506,3563.321000,-0.005421,-0.007560
3563.803000,-0.009865,-0.005403,3563.803000,0.002221,-0.007483
3564.285000,-0.010263,-0.005298,3564.285000,0.008063,-0.007405
3564.767000,-0.009063,-0.005192,3564.767000,0.018161,-0.007324
3565.249000,-0.007409,-0.005084,3565.249000,0.021263,-0.007242
3565.731000,-0.006069,-0.004974,3565.731000,0.028059,-0.007157
3566.213000,-0.004546,-0.004862,3566.213000,0.028303,-0.007071
3566.695000,-0.003957,-0.004749,3566.695000,0.027175,-0.006983
3567.177000,-0.000794,-0.004633,3567.177000,0.026480,-0.006893
3567.659000,0.003128,-0.004517,3567.659000,0.022202,-0.006801
3568.141000,0.004910,-0.004398,3568.141000,0.013924,-0.006707
3568.623000,0.007809,-0.004278,3568.623000,0.009571,-0.006611
3569.105000,0.007440,-0.004157,3569.105000,0.001678,-0.006513
3569.587000,0.004390,-0.004034,3569.587000,-0.005997,-0.006413
3570.069000,0.002221,-0.003909,3570.069000,-0.007385,-0.006312
3570.551000,-0.002251,-0.003782,3570.551000,-0.010741,-0.006208
3571.033000,-0.005226,-0.003654,3571.033000,-0.014756,-0.006103
3571.515000,-0.008828,-0.003525,3571.515000,-0.014104,-0.005996
3571.997000,-0.011428,-0.003394,3571.997000,-0.015637,-0.005887
3572.479000,-0.013538,-0.003262,3572.479000,-0.012804,-0.005777
3572.961000,-0.018523,-0.003128,3572.961000,-0.014506,-0.005664
3573.443000,-0.020205,-0.002993,3573.443000,-0.016121,-0.005550
3573.925000,-0.022311,-0.002856,3573.925000,-0.017049,-0.005434
3574.407000,-0.023706,-0.002718,3574.407000,-0.018423,-0.005316
3574.889000,-0.024803,-0.002578,3574.889000,-0.021592,-0.005197
3575.371000,-0.023670,-0.002437,3575.371000,-0.022079,-0.005075
3575.853000,-0.023772,-0.002295,3575.853000,-0.025855,-0.004953
3576.335000,-0.024912,-0.002152,3576.335000,-0.029768,-0.004828
3576.817000,-0.023557,-0.002007,3576.817000,-0.033305,-0.004702
3577.299000,-0.022873,-0.001861,3577.299000,-0.037743,-0.004574
3577.781000,-0.019417,-0.001714,3577.781000,-0.041070,-0.004444
3578.263000,-0.016685,-0.001565,3578.263000,-0.040894,-0.004313
3578.745000,-0.012779,-0.001415,3578.745000,-0.040239,-0.004180
3579.227000,-0.009789,-0.001264,3579.227000,-0.037677,-0.004046
3579.709000,-0.009571,-0.001113,3579.709000,-0.036859,-0.003910
3580.191000,-0.008518,-0.000959,3580.191000,-0.036361,-0.003773
3580.673000,-0.010540,-0.000805,3580.673000,-0.032982,-0.003634
3581.155000,-0.013269,-0.000650,3581.155000,-0.029740,-0.003494
3581.637000,-0.014334,-0.000494,3581.637000,-0.026871,-0.003352
3582.119000,-0.019317,-0.000337,3582.119000,-0.022295,-0.003208
3582.601000,-0.023168,-0.000178,3582.601000,-0.020491,-0.003064
3583.083000,-0.025746,-0.000019,3583.083000,-0.019558,-0.002918
3583.565000,-0.026798,0.000141,3583.565000,-0.020270,-0.002770
3584.047000,-0.027694,0.000302,3584.047000,-0.019127,-0.002621
3584.529000,-0.029054,0.000463,3584.529000,-0.019575,-0.002471
3585.011000,-0.028157,0.000626,3585.011000,-0.018721,-0.002319
3585.493000,-0.027168,0.000789,3585.493000,-0.018022,-0.002167
3585.975000,-0.022568,0.000954,3585.975000,-0.018311,-0.002013
3586.457000,-0.018363,0.001118,3586.457000,-0.020775,-0.001857
3586.939000,-0.012366,0.001284,3586.939000,-0.024496,-0.001701
3587.421000,-0.007539,0.001450,3587.421000,-0.025413,-0.001543
3587.903000,-0.005628,0.001617,3587.903000,-0.027848,-0.001385
3588.385000,-0.003226,0.001785,3588.385000,-0.026994,-0.001225
3588.867000,-0.001382,0.001953,3588.867000,-0.026066,-0.001064
3589.349000,0.000784,0.002121,3589.349000,-0.021308,-0.000902
3589.831000,0.003621,0.002290,3589.831000,-0.014551,-0.000739
3590.313000,0.004002,0.002460,3590.313000,-0.010912,-0.000575
3590.795000,0.001396,0.002630,3590.795000,-0.002850,-0.000410
3591.277000,-0.005201,0.002800,3591.277000,0.004336,-0.000244
3591.759000,-0.006977,0.002971,3591.759000,0.011757,-0.000077
3592.241000,-0.010639,0.003142,3592.241000,0.016933,0.000091
3592.723000,-0.013051,0.003313,3592.723000,0.019809,0.000259
3593.205000,-0.014203,0.003485,3593.205000,0.020503,0.000429
3593.687000,-0.017839,0.003657,3593.687000,0.018758,0.000599
3594.169000,-0.020918,0.003829,3594.169000,0.018051,0.000770
3594.651000,-0.025331,0.004001,3594.651000,0.014441,0.000942
3595.133000,-0.025497,0.004173,3595.133000,0.012778,0.001114
3595.615000,-0.025912,0.004346,3595.615000,0.008825,0.001287
3596.097000,-0.025789,0.004518,3596.097000,0.008167,0.001461
3596.579000,-0.025581,0.004690,3596.579000,0.006055,0.001635
3597.061000,-0.025143,0.004863,3597.061000,0.000711,0.001810
3597.543000,-0.024423,0.005035,3597.543000,-0.001602,0.001985
3598.025000,-0.023944,0.005207,3598.025000,-0.001434,0.002161
3598.507000,-0.017413,0.005379,3598.507000,-0.002505,0.002337
3598.989000,-0.011612,0.005551,3598.989000,-0.002754,0.002514
3599.471000,-0.011225,0.005723,3599.471000,-0.002713,0.002691
3599.953000,-0.006298,0.005894,3599.953000,-0.003375,0.002868
3600.435000,-0.004996,0.006066,3600.435000,-0.003714,0.003046
3600.917000,-0.002997,0.006236,3600.917000,-0.003194,0.003224
3601.399000,-0.002615,0.006407,3601.399000,-0.000860,0.003402
3601.881000,-0.001246,0.006577,3601.881000,0.000269,0.003581
3602.363000,-0.001563,0.006746,3602.363000,0.001075,0.003759
3602.845000,-0.002675,0.006916,3602.845000,0.004507,0.003938
3603.327000,-0.005294,0.007084,3603.327000,0.004689,0.004117
3603.809000,-0.004490,0.007252,3603.809000,0.004835,0.004296
3604.291000,-0.004026,0.007420,3604.291000,0.004114,0.004474
3604.773000,-0.001877,0.007587,3604.773000,0.007960,0.004653
3605.255000,0.002773,0.007753,3605.255000,0.007103,0.004832
3605.737000,0.007634,0.007918,3605.737000,0.008139,0.005011
3606.219000,0.008208,0.008083,3606.219000,0.009266,0.005189
3606.701000,0.015167,0.008247,3606.701000,0.011744,0.005368
3607.183000,0.019174,0.008410,3607.183000,0.013954,0.005546
3607.665000,0.019525,0.008572,3607.665000,0.018130,0.005724
3608.147000,0.023682,0.008733,3608.147000,0.026420,0.005901
3608.629000,0.025607,0.008894,3608.629000,0.031721,0.006079
3609.111000,0.028344,0.009053,3609.111000,0.041258,0.006256
3609.593000,0.026781,0.009211,3609.593000,0.050328,0.006432
3610.075000,0.025591,0.009369,3610.075000,0.059456,0.006608
3610.557000,0.027325,0.009525,3610.557000,0.071347,0.006784
3611.039000,0.026674,0.009680,3611.039000,0.080348,0.006959
3611.521000,0.025758,0.009834,3611.521000,0.089728,0.007134
3612.003000,0.023182,0.009986,3612.003000,0.092784,0.007308
3612.485000,0.021871,0.010138,3612.485000,0.095298,0.007481
3612.967000,0.019106,0.010288,3612.967000,0.098770,0.007653
3613.449000,0.016590,0.010437,3613.449000,0.098908,0.007825
3613.931000,0.011002,0.010584,3613.931000,0.096143,0.007996
3614.413000,0.003009,0.010730,3614.413000,0.092654,0.008167
3614.895000,0.000433,0.010875,3614.895000,0.086444,0.008336
3615.377000,-0.005872,0.011018,3615.377000,0.076947,0.008505
3615.859000,-0.010865,0.011159,3615.859000,0.068454,0.008672
3616.341000,-0.017791,0.011299,3616.341000,0.057078,0.008839
3616.823000,-0.022978,0.011438,3616.823000,0.048884,0.009005
3617.305000,-0.024283,0.011575,3617.305000,0.041530,0.009170
3617.787000,-0.027043,0.011710,3617.787000,0.032341,0.009333
3618.269000,-0.028562,0.011843,3618.269000,0.021945,0.009496
3618.751000,-0.030900,0.011975,3618.751000,0.010234,0.009657
3619.233000,-0.030613,0.012105,3619.233000,0.002895,0.009817
3619.715000,-0.030218,0.012233,3619.715000,-0.002783,0.009976
3620.197000,-0.030794,0.012359,3620.197000,-0.007396,0.010134
3620.679000,-0.030876,0.012484,3620.679000,-0.011168,0.010290
3621.161000,-0.031236,0.012606,3621.161000,-0.014790,0.010445
3621.643000,-0.029514,0.012727,3621.643000,-0.017269,0.010599
3622.125000,-0.029754,0.012846,3622.125000,-0.019165,0.010751
3622.607000,-0.029904,0.012962,3622.607000,-0.018559,0.010902
3623.089000,-0.028480,0.013077,3623.089000,-0.017589,0.011051
3623.571000,-0.026235,0.013189,3623.571000,-0.015770,0.011199
3624.053000,-0.021839,0.013300,3624.053000,-0.012908,0.011345
3624.535000,-0.017062,0.013408,3624.535000,-0.012647,0.011489
3625.017000,-0.010535,0.013514,3625.017000,-0.013534,0.011632
3625.499000,-0.004373,0.013618,3625.499000,-0.016652,0.011773
3625.981000,0.003241,0.013719,3625.981000,-0.018815,0.011913
3626.463000,0.011722,0.013818,3626.463000,-0.025351,0.012050
3626.945000,0.019589,0.013915,3626.945000,-0.031923,0.012186
3627.427000,0.027744,0.014010,3627.427000,-0.040802,0.012320
3627.909000,0.035844,0.014102,3627.909000,-0.048263,0.012452
3628.391000,0.040143,0.014192,3628.391000,-0.056597,0.012582
3628.873000,0.040782,0.014279,3628.873000,-0.062698,0.012711
3629.355000,0.040257,0.014364,3629.355000,-0.065906,0.012837
3629.837000,0.039936,0.014447,3629.837000,-0.065086,0.012961
3630.319000,0.037013,0.014527,3630.319000,-0.063426,0.013083
3630.801000,0.032239,0.014604,3630.801000,-0.057180,0.013203
3631.283000,0.025945,0.014679,3631.283000,-0.049925,0.013321
3631.765000,0.020204,0.014751,3631.765000,-0.043999,0.013437
3632.247000,0.013957,0.014821,3632.247000,-0.037533,0.013551
3632.729000,0.008536,0.014888,3632.729000,-0.030101,0.013662
3633.211000,0.005803,0.014952,3633.211000,-0.023833,0.013771
3633.693000,0.002603,0.015014,3633.693000,-0.017631,0.013878
3634.175000,0.000889,0.015072,3634.175000,-0.011949,0.013983
3634.657000,0.000016,0.015128,3634.657000,-0.007769,0.014085
3635.139000,-0.005080,0.015182,3635.139000,-0.005926,0.014185
3635.621000,-0.010121,0.015232,3635.621000,-0.002255,0.014282
3636.103000,-0.011349,0.015280,3636.103000,0.000934,0.014377
3636.585000,-0.013171,0.015325,3636.585000,0.005913,0.014470
3637.067000,-0.014821,0.015367,3637.067000,0.008819,0.014560
3637.549000,-0.015557,0.015406,3637.549000,0.013267,0.014647
3638.031000,-0.016989,0.015442,3638.031000,0.017988,0.014732
3638.513000,-0.018062,0.015475,3638.513000,0.021948,0.014814
3638.995000,-0.021183,0.015505,3638.995000,0.028714,0.014894
3639.477000,-0.022177,0.015532,3639.477000,0.036579,0.014971
3639.959000,-0.023445,0.015557,3639.959000,0.044111,0.015045
3640.441000,-0.024050,0.015578,3640.441000,0.052231,0.015116
3640.923000,-0.024388,0.015596,3640.923000,0.059597,0.015185
3641.405000,-0.026077,0.015611,3641.405000,0.066755,0.015251
3641.887000,-0.028452,0.015623,3641.887000,0.075136,0.015314
3642.369000,-0.028475,0.015632,3642.369000,0.083267,0.015375
3642.851000,-0.027576,0.015638,3642.851000,0.092283,0.015432
3643.333000,-0.028369,0.015641,3643.333000,0.102721,0.015487
3643.815000,-0.028657,0.015641,3643.815000,0.113309,0.015539
3644.297000,-0.028754,0.015637,3644.297000,0.123765,0.015588
3644.779000,-0.031014,0.015631,3644.779000,0.134261,0.015634
3645.261000,-0.035079,0.015621,3645.261000,0.147178,0.015677
3645.743000,-0.037694,0.015608,3645.743000,0.157178,0.015717
3646.225000,-0.038481,0.015592,3646.225000,0.166528,0.015754
3646.707000,-0.040824,0.015572,3646.707000,0.170030,0.015788
3647.189000,-0.038725,0.015550,3647.189000,0.168023,0.015819
3647.671000,-0.036892,0.015524,3647.671000,0.159845,0.015847
3648.153000,-0.033724,0.015495,3648.153000,0.145545,0.015872
3648.635000,-0.028466,0.015463,3648.635000,0.125809,0.015894
3649.117000,-0.021777,0.015427,3649.117000,0.102129,0.015913
3649.599000,-0.019365,0.015389,3649.599000,0.079432,0.015928
3650.081000,-0.018227,0.015347,3650.081000,0.060720,0.015940
3650.563000,-0.018762,0.015302,3650.563000,0.042497,0.015950
3651.045000,-0.021154,0.015253,3651.045000,0.029655,0.015956
3651.527000,-0.025485,0.015201,3651.527000,0.020810,0.015958
3652.009000,-0.031136,0.015146,3652.009000,0.020186,0.015958
3652.491000,-0.034578,0.015088,3652.491000,0.023226,0.015955
3652.973000,-0.040443,0.015026,3652.973000,0.030797,0.015948
3653.455000,-0.045547,0.014961,3653.455000,0.036115,0.015938
3653.937000,-0.047141,0.014893,3653.937000,0.039229,0.015924
3654.419000,-0.046725,0.014822,3654.419000,0.043162,0.015908
3654.901000,-0.044165,0.014747,3654.901000,0.042135,0.015888
3655.383000,-0.040728,0.014669,3655.383000,0.039398,0.015864
3655.865000,-0.035267,0.014588,3655.865000,0.035852,0.015838
3656.347000,-0.030262,0.014503,3656.347000,0.032603,0.015808
3656.829000,-0.024489,0.014415,3656.829000,0.031066,0.015775
3657.311000,-0.019090,0.014324,3657.311000,0.026873,0.015739
3657.793000,-0.015099,0.014230,3657.793000,0.023704,0.015699
3658.275000,-0.012353,0.014132,3658.275000,0.019370,0.015656
3658.757000,-0.010827,0.014032,3658.757000,0.016695,0.015609
3659.239000,-0.008611,0.013927,3659.239000,0.015631,0.015559
3659.721000,-0.009264,0.013820,3659.721000,0.013469,0.015506
3660.203000,-0.008890,0.013710,3660.203000,0.010864,0.015450
3660.685000,-0.008912,0.013596,3660.685000,0.009771,0.015390
3661.167000,-0.010238,0.013479,3661.167000,0.010960,0.015327
3661.649000,-0.012810,0.013359,3661.649000,0.009404,0.015260
3662.131000,-0.013946,0.013235,3662.131000,0.008560,0.015190
3662.613000,-0.014779,0.013109,3662.613000,0.007911,0.015117
3663.095000,-0.016895,0.012979,3663.095000,0.007464,0.015040
3663.577000,-0.019473,0.012846,3663.577000,0.007273,0.014960
3664.059000,-0.020721,0.012710,3664.059000,0.006059,0.014876
3664.541000,-0.022658,0.012571,3664.541000,0.005323,0.014790
3665.023000,-0.025709,0.012429,3665.023000,0.005460,0.014700
3665.505000,-0.029212,0.012284,3665.505000,0.006467,0.014606
3665.987000,-0.032609,0.012135,3665.987000,0.006918,0.014509
3666.469000,-0.035707,0.011984,3666.469000,0.007876,0.014409
3666.951000,-0.035533,0.011830,3666.951000,0.010317,0.014306
3667.433000,-0.036074,0.011672,3667.433000,0.014737,0.014199
3667.915000,-0.036517,0.011512,3667.915000,0.018628,0.014089
3668.397000,-0.035387,0.011348,3668.397000,0.021751,0.013976
3668.879000,-0.030228,0.011182,3668.879000,0.026584,0.013859
3669.361000,-0.026728,0.011013,3669.361000,0.032574,0.013739
3669.843000,-0.026771,0.010840,3669.843000,0.039723,0.013616
3670.325000,-0.025653,0.010665,3670.325000,0.047144,0.013489
3670.807000,-0.024747,0.010487,3670.807000,0.054832,0.013360
3671.289000,-0.025124,0.010307,3671.289000,0.063541,0.013227
3671.771000,-0.028148,0.010123,3671.771000,0.071376,0.013090
3672.253000,-0.031230,0.009937,3672.253000,0.079715,0.012951
3672.735000,-0.034694,0.009747,3672.735000,0.085724,0.012808
3673.217000,-0.033759,0.009556,3673.217000,0.091535,0.012663
3673.699000,-0.031981,0.009361,3673.699000,0.093673,0.012514
3674.181000,-0.030992,0.009164,3674.181000,0.093170,0.012362
3674.663000,-0.026750,0.008964,3674.663000,0.087982,0.012207
3675.145000,-0.024245,0.008761,3675.145000,0.080309,0.012048
3675.627000,-0.017641,0.008556,3675.627000,0.071647,0.011887
3676.109000,-0.012516,0.008348,3676.109000,0.062621,0.011723
3676.591000,-0.013808,0.008138,3676.591000,0.053036,0.011555
3677.073000,-0.012543,0.007926,3677.073000,0.043393,0.011385
3677.555000,-0.009227,0.007710,3677.555000,0.034180,0.011211
3678.037000,-0.007496,0.007493,3678.037000,0.024115,0.011035
3678.519000,-0.008409,0.007273,3678.519000,0.018909,0.010855
3679.001000,-0.008003,0.007051,3679.001000,0.015862,0.010673
3679.483000,-0.007649,0.006826,3679.483000,0.014273,0.010488
3679.965000,-0.005340,0.006599,3679.965000,0.010278,0.010300
3680.447000,-0.005612,0.006370,3680.447000,0.007394,0.010109
3680.929000,-0.005269,0.006139,3680.929000,0.002945,0.009915
3681.411000,-0.003130,0.005905,3681.411000,-0.000702,0.009719
3681.893000,-0.003725,0.005670,3681.893000,-0.005664,0.009519
3682.375000,-0.002071,0.005432,3682.375000,-0.011003,0.009317
3682.857000,-0.002455,0.005192,3682.857000,-0.013106,0.009112
3683.339000,-0.004711,0.004951,3683.339000,-0.017604,0.008905
3683.821000,-0.005584,0.004707,3683.821000,-0.020865,0.008695
3684.303000,-0.006718,0.004461,3684.303000,-0.023026,0.008482
3684.785000,-0.011499,0.004214,3684.785000,-0.025131,0.008267
3685.267000,-0.016871,0.003964,3685.267000,-0.021513,0.008049
3685.749000,-0.021814,0.003713,3685.749000,-0.018203,0.007829
3686.231000,-0.025940,0.003460,3686.231000,-0.013761,0.007606
3686.713000,-0.031013,0.003206,3686.713000,-0.009729,0.007381
3687.195000,-0.035253,0.002949,3687.195000,-0.003959,0.007154
3687.677000,-0.036188,0.002691,3687.677000,0.001762,0.006924
3688.159000,-0.035596,0.002432,3688.159000,0.007039,0.006691
3688.641000,-0.035200,0.002171,3688.641000,0.009502,0.006457
3689.123000,-0.034401,0.001908,3689.123000,0.011680,0.006220
3689.605000,-0.035209,0.001645,3689.605000,0.012291,0.005981
3690.087000,-0.032881,0.001379,3690.087000,0.008990,0.005740
3690.569000,-0.032639,0.001113,3690.569000,0.006566,0.005496
3691.051000,-0.030321,0.000845,3691.051000,0.002457,0.005251
3691.533000,-0.028263,0.000576,3691.533000,-0.000994,0.005004
3692.015000,-0.027958,0.000305,3692.015000,-0.004421,0.004754
3692.497000,-0.029195,0.000034,3692.497000,-0.008134,0.004503
3692.979000,-0.031871,-0.000239,3692.979000,-0.010097,0.004249
3693.461000,-0.034404,-0.000512,3693.461000,-0.012129,0.003994
3693.943000,-0.036488,-0.000787,3693.943000,-0.013068,0.003737
3694.425000,-0.037433,-0.001062,3694.425000,-0.013518,0.003478
3694.907000,-0.039091,-0.001339,3694.907000,-0.015740,0.003218
3695.389000,-0.042459,-0.001616,3695.389000,-0.016540,0.002955
3695.871000,-0.043635,-0.001894,3695.871000,-0.019099,0.002691
3696.353000,-0.045583,-0.002173,3696.353000,-0.021875,0.002426
3696.835000,-0.045556,-0.002452,3696.835000,-0.022660,0.002159
3697.317000,-0.043932,-0.002732,3697.317000,-0.023894,0.001890
3697.799000,-0.040003,-0.003012,3697.799000,-0.025601,0.001620
3698.281000,-0.035269,-0.003293,3698.281000,-0.026129,0.001349
3698.763000,-0.030992,-0.003575,3698.763000,-0.027396,0.001076
3699.245000,-0.025032,-0.003857,3699.245000,-0.028667,0.000802
3699.727000,-0.019306,-0.004139,3699.727000,-0.031489,0.000526
3700.209000,-0.013512,-0.004422,3700.209000,-0.035070,0.000250
3700.691000,-0.008967,-0.004704,3700.691000,-0.037638,-0.000028
3701.173000,-0.002611,-0.004987,3701.173000,-0.043290,-0.000307
3701.655000,0.002278,-0.005270,3701.655000,-0.046516,-0.000587
3702.137000,0.005692,-0.005553,3702.137000,-0.051134,-0.000868
3702.619000,0.011845,-0.005836,3702.619000,-0.055626,-0.001150
3703.101000,0.012772,-0.006119,3703.101000,-0.056016,-0.001433
3703.583000,0.008463,-0.006402,3703.583000,-0.056220,-0.001716
3704.065000,0.003362,-0.006685,3704.065000,-0.055823,-0.002001
3704.547000,-0.004017,-0.006967,3704.547000,-0.051389,-0.002286
3705.029000,-0.009633,-0.007250,3705.029000,-0.046593,-0.002572
3705.511000,-0.017050,-0.007531,3705.511000,-0.039680,-0.002858
3705.993000,-0.025830,-0.007813,3705.993000,-0.032456,-0.003145
3706.475000,-0.034826,-0.008094,3706.475000,-0.026132,-0.003433
3706.957000,-0.044541,-0.008374,3706.957000,-0.016029,-0.003721
3707.439000,-0.051096,-0.008654,3707.439000,-0.003243,-0.004009
3707.921000,-0.053711,-0.008934,3707.921000,0.005755,-0.004298
3708.403000,-0.056295,-0.009212,3708.403000,0.016269,-0.004587
3708.885000,-0.055821,-0.009490,3708.885000,0.021350,-0.004876
3709.367000,-0.051895,-0.009767,3709.367000,0.025437,-0.005166
3709.849000,-0.048007,-0.010043,3709.849000,0.025315,-0.005455
3710.331000,-0.045906,-0.010318,3710.331000,0.019245,-0.005745
3710.813000,-0.041288,-0.010593,3710.813000,0.013337,-0.006035
3711.295000,-0.035607,-0.010866,3711.295000,0.006210,-0.006324
3711.777000,-0.028634,-0.011138,3711.777000,-0.003423,-0.006614
3712.259000,-0.020872,-0.011409,3712.259000,-0.012089,-0.006903
3712.741000,-0.015659,-0.011678,3712.741000,-0.018176,-0.007192
3713.223000,-0.007435,-0.011947,3713.223000,-0.022420,-0.007481
3713.705000,-0.002397,-0.012214,3713.705000,-0.022825,-0.007769
3714.187000,0.002586,-0.012480,3714.187000,-0.021248,-0.008057
3714.669000,0.008349,-0.012744,3714.669000,-0.022404,-0.008345
3715.151000,0.011335,-0.013007,3715.151000,-0.019410,-0.008632
3715.633000,0.014609,-0.013268,3715.633000,-0.019471,-0.008918
3716.115000,0.016107,-0.013527,3716.115000,-0.018933,-0.009204
3716.597000,0.016122,-0.013785,3716.597000,-0.022051,-0.009489
3717.079000,0.012959,-0.014041,3717.079000,-0.024460,-0.009773
3717.561000,0.012358,-0.014295,3717.561000,-0.026451,-0.010057
3718.043000,0.012914,-0.014548,3718.043000,-0.027093,-0.010340
3718.525000,0.011963,-0.014798,3718.525000,-0.029997,-0.010621
3719.007000,0.011362,-0.015047,3719.007000,-0.032143,-0.010902
3719.489000,0.008806,-0.015293,3719.489000,-0.031641,-0.011182
3719.971000,0.007473,-0.015538,3719.971000,-0.028684,-0.011460
3720.453000,0.006386,-0.015780,3720.453000,-0.027065,-0.011737
3720.935000,0.007722,-0.016020,3720.935000,-0.024562,-0.012013
3721.417000,0.010661,-0.016258,3721.417000,-0.021325,-0.012288
3721.899000,0.011887,-0.016493,3721.899000,-0.019972,-0.012562
3722.381000,0.013037,-0.016726,3722.381000,-0.019752,-0.012834
3722.863000,0.012421,-0.016957,3722.863000,-0.019934,-0.013104
3723.345000,0.012278,-0.017185,3723.345000,-0.023249,-0.013373
3723.827000,0.013113,-0.017411,3723.827000,-0.028276,-0.013640
3724.309000,0.015991,-0.017634,3724.309000,-0.036486,-0.013906
3724.791000,0.017329,-0.017854,3724.791000,-0.043480,-0.014170
3725.273000,0.014320,-0.018072,3725.273000,-0.053167,-0.014432
3725.755000,0.012482,-0.018287,3725.755000,-0.061214,-0.014693
3726.237000,0.009078,-0.018499,3726.237000,-0.065767,-0.014951
3726.719000,0.003418,-0.018709,3726.719000,-0.066766,-0.015208
3727.201000,-0.001480,-0.018915,3727.201000,-0.068191,-0.015462
3727.683000,-0.006500,-0.019118,3727.683000,-0.064828,-0.015715
3728.165000,-0.011913,-0.019319,3728.165000,-0.059997,-0.015965
3728.647000,-0.017213,-0.019516,3728.647000,-0.053829,-0.016213
3729.129000,-0.022716,-0.019711,3729.129000,-0.042987,-0.016459
3729.611000,-0.027591,-0.019902,3729.611000,-0.032425,-0.016703
3730.093000,-0.031111,-0.020090,3730.093000,-0.019976,-0.016944
3730.575000,-0.031027,-0.020275,3730.575000,-0.003950,-0.017183
3731.057000,-0.031788,-0.020456,3731.057000,0.013321,-0.017420
3731.539000,-0.033157,-0.020634,3731.539000,0.031877,-0.017653
3732.021000,-0.031390,-0.020809,3732.021000,0.052889,-0.017885
3732.503000,-0.027631,-0.020980,3732.503000,0.070421,-0.018114
3732.985000,-0.024264,-0.021148,3732.985000,0.087772,-0.018340
3733.467000,-0.019685,-0.021312,3733.467000,0.102134,-0.018563
3733.949000,-0.014761,-0.021473,3733.949000,0.112329,-0.018783
3734.431000,-0.008157,-0.021630,3734.431000,0.119149,-0.019001
3734.913000,-0.002118,-0.021783,3734.913000,0.121315,-0.019216
3735.395000,0.006531,-0.021932,3735.395000,0.119752,-0.019428
3735.877000,0.011304,-0.022078,3735.877000,0.116706,-0.019636
3736.359000,0.013193,-0.022220,3736.359000,0.112954,-0.019842
3736.841000,0.013974,-0.022359,3736.841000,0.108501,-0.020045
3737.323000,0.012925,-0.022493,3737.323000,0.103365,-0.020244
3737.805000,0.007702,-0.022624,3737.805000,0.099472,-0.020440
3738.287000,0.000352,-0.022750,3738.287000,0.093437,-0.020634
3738.769000,-0.007217,-0.022873,3738.769000,0.086500,-0.020823
3739.251000,-0.016672,-0.022991,3739.251000,0.074167,-0.021010
3739.733000,-0.025274,-0.023106,3739.733000,0.061462,-0.021193
3740.215000,-0.032809,-0.023216,3740.215000,0.047610,-0.021372
3740.697000,-0.041279,-0.023322,3740.697000,0.033037,-0.021548
3741.179000,-0.048009,-0.023424,3741.179000,0.018230,-0.021721
3741.661000,-0.052293,-0.023522,3741.661000,0.003810,-0.021889
3742.143000,-0.052111,-0.023615,3742.143000,-0.009155,-0.022055
3742.625000,-0.053827,-0.023705,3742.625000,-0.016651,-0.022216
3743.107000,-0.052080,-0.023790,3743.107000,-0.020598,-0.022374
3743.589000,-0.046204,-0.023870,3743.589000,-0.020604,-0.022528
3744.071000,-0.040793,-0.023947,3744.071000,-0.014718,-0.022678
3744.553000,-0.034803,-0.024019,3744.553000,-0.003141,-0.022825
3745.035000,-0.031091,-0.024086,3745.035000,0.006853,-0.022967
3745.517000,-0.024958,-0.024149,3745.517000,0.017141,-0.023106
3745.999000,-0.018007,-0.024208,3745.999000,0.027154,-0.023240
3746.481000,-0.014566,-0.024262,3746.481000,0.037482,-0.023371
3746.963000,-0.011094,-0.024311,3746.963000,0.045973,-0.023498
3747.445000,-0.008566,-0.024356,3747.445000,0.050994,-0.023620
3747.927000,-0.009342,-0.024396,3747.927000,0.050896,-0.023738
3748.409000,-0.010146,-0.024432,3748.409000,0.046535,-0.023852
3748.891000,-0.013228,-0.024463,3748.891000,0.039725,-0.023962
3749.373000,-0.016298,-0.024490,3749.373000,0.031992,-0.024068
3749.855000,-0.017657,-0.024512,3749.855000,0.023070,-0.024169
3750.337000,-0.018108,-0.024529,3750.337000,0.015076,-0.024266
3750.819000,-0.020715,-0.024541,3750.819000,0.009009,-0.024359
3751.301000,-0.023898,-0.024549,3751.301000,0.006182,-0.024448
3751.783000,-0.027038,-0.024552,3751.783000,0.007244,-0.024532
3752.265000,-0.028307,-0.024550,3752.265000,0.012352,-0.024611
3752.747000,-0.031679,-0.024544,3752.747000,0.020815,-0.024686
3753.229000,-0.038852,-0.024532,3753.229000,0.031547,-0.024757
3753.711000,-0.042746,-0.024516,3753.711000,0.042037,-0.024823
3754.193000,-0.045257,-0.024495,3754.193000,0.051535,-0.024884
3754.675000,-0.049631,-0.024469,3754.675000,0.059901,-0.024941
3755.157000,-0.051322,-0.024439,3755.157000,0.068215,-0.024993
3755.639000,-0.054282,-0.024404,3755.639000,0.072862,-0.025041
3756.121000,-0.053092,-0.024363,3756.121000,0.073311,-0.025084
3756.603000,-0.048563,-0.024318,3756.603000,0.068867,-0.025122
3757.085000,-0.041215,-0.024268,3757.085000,0.061629,-0.025156
3757.567000,-0.033018,-0.024213,3757.567000,0.054464,-0.025185
3758.049000,-0.024538,-0.024154,3758.049000,0.046900,-0.025209
3758.531000,-0.016746,-0.024089,3758.531000,0.040077,-0.025229
3759.013000,-0.010072,-0.024020,3759.013000,0.032541,-0.025243
3759.495000,-0.004922,-0.023945,3759.495000,0.025593,-0.025253
3759.977000,-0.001712,-0.023866,3759.977000,0.019552,-0.025258
3760.459000,0.003294,-0.023782,3760.459000,0.015655,-0.025258
3760.941000,0.006454,-0.023693,3760.941000,0.013061,-0.025254
3761.423000,0.008445,-0.023599,3761.423000,0.011665,-0.025244
3761.905000,0.010028,-0.023501,3761.905000,0.012534,-0.025230
3762.387000,0.008798,-0.023397,3762.387000,0.013437,-0.025210
3762.869000,0.011158,-0.023289,3762.869000,0.016722,-0.025186
3763.351000,0.014263,-0.023176,3763.351000,0.020531,-0.025157
3763.833000,0.016738,-0.023057,3763.833000,0.023598,-0.025123
3764.315000,0.016453,-0.022935,3764.315000,0.027160,-0.025084
3764.797000,0.015468,-0.022807,3764.797000,0.031107,-0.025040
3765.279000,0.015822,-0.022674,3765.279000,0.035274,-0.024991
3765.761000,0.015912,-0.022537,3765.761000,0.038186,-0.024938
3766.243000,0.014497,-0.022395,3766.243000,0.039471,-0.024879
3766.725000,0.013334,-0.022248,3766.725000,0.038098,-0.024815
3767.207000,0.012237,-0.022096,3767.207000,0.035727,-0.024747
3767.689000,0.010430,-0.021940,3767.689000,0.028889,-0.024673
3768.171000,0.009883,-0.021779,3768.171000,0.019165,-0.024595
3768.653000,0.012700,-0.021613,3768.653000,0.009425,-0.024511
3769.135000,0.015137,-0.021442,3769.135000,-0.000442,-0.024423
3769.617000,0.018233,-0.021267,3769.617000,-0.009584,-0.024329
3770.099000,0.020919,-0.021087,3770.099000,-0.022580,-0.024231
3770.581000,0.021567,-0.020903,3770.581000,-0.036061,-0.024128
3771.063000,0.020140,-0.020714,3771.063000,-0.045851,-0.024019
3771.545000,0.019288,-0.020520,3771.545000,-0.052906,-0.023906
3772.027000,0.018444,-0.020322,3772.027000,-0.058020,-0.023788
3772.509000,0.014245,-0.020119,3772.509000,-0.063462,-0.023665
3772.991000,0.008633,-0.019912,3772.991000,-0.065696,-0.023537
3773.473000,0.002392,-0.019700,3773.473000,-0.066649,-0.023404
3773.955000,-0.002337,-0.019484,3773.955000,-0.065751,-0.023267
3774.437000,-0.006968,-0.019263,3774.437000,-0.063213,-0.023124
3774.919000,-0.011165,-0.019038,3774.919000,-0.060464,-0.022977
3775.401000,-0.012964,-0.018809,3775.401000,-0.054879,-0.022824
3775.883000,-0.017171,-0.018575,3775.883000,-0.047270,-0.022667
3776.365000,-0.021118,-0.018337,3776.365000,-0.040220,-0.022505
3776.847000,-0.023811,-0.018095,3776.847000,-0.034289,-0.022339
3777.329000,-0.027001,-0.017849,3777.329000,-0.027698,-0.022167
3777.811000,-0.029740,-0.017598,3777.811000,-0.020688,-0.021991
3778.293000,-0.030605,-0.017344,3778.293000,-0.015059,-0.021810
3778.775000,-0.031614,-0.017085,3778.775000,-0.011899,-0.021624
3779.257000,-0.033453,-0.016822,3779.257000,-0.011977,-0.021434
3779.739000,-0.035432,-0.016555,3779.739000,-0.010001,-0.021239
3780.221000,-0.034785,-0.016284,3780.221000,-0.010565,-0.021039
3780.703000,-0.030655,-0.016009,3780.703000,-0.010680,-0.020835
3781.185000,-0.031086,-0.015731,3781.185000,-0.012170,-0.020626
3781.667000,-0.030873,-0.015448,3781.667000,-0.014883,-0.020413
3782.149000,-0.028145,-0.015162,3782.149000,-0.016513,-0.020195
3782.631000,-0.025422,-0.014872,3782.631000,-0.017420,-0.019972
3783.113000,-0.023704,-0.014578,3783.113000,-0.018881,-0.019746
3783.595000,-0.020039,-0.014280,3783.595000,-0.018436,-0.019514
3784.077000,-0.016792,-0.013979,3784.077000,-0.019805,-0.019279
3784.559000,-0.012611,-0.013674,3784.559000,-0.020910,-0.019038
3785.041000,-0.008038,-0.013366,3785.041000,-0.021969,-0.018794
3785.523000,-0.004881,-0.013055,3785.523000,-0.024165,-0.018545
3786.005000,-0.002252,-0.012740,3786.005000,-0.026691,-0.018292
3786.487000,0.000738,-0.012421,3786.487000,-0.027895,-0.018035
3786.969000,0.004781,-0.012099,3786.969000,-0.029370,-0.017774
3787.451000,0.006411,-0.011774,3787.451000,-0.030836,-0.017508
3787.933000,0.004148,-0.011446,3787.933000,-0.034571,-0.017239
3788.415000,0.003745,-0.011115,3788.415000,-0.036878,-0.016965
3788.897000,0.003114,-0.010781,3788.897000,-0.040130,-0.016687
3789.379000,-0.000641,-0.010443,3789.379000,-0.042141,-0.016405
3789.861000,-0.005366,-0.010103,3789.861000,-0.042991,-0.016120
3790.343000,-0.008330,-0.009760,3790.343000,-0.042067,-0.015830
3790.825000,-0.012662,-0.009414,3790.825000,-0.041294,-0.015537
3791.307000,-0.016849,-0.009065,3791.307000,-0.038469,-0.015240
3791.789000,-0.021382,-0.008713,3791.789000,-0.035797,-0.014939
3792.271000,-0.024719,-0.008359,3792.271000,-0.032141,-0.014635
3792.753000,-0.028210,-0.008002,3792.753000,-0.027316,-0.014326
3793.235000,-0.030905,-0.007643,3793.235000,-0.021600,-0.014015
3793.717000,-0.032485,-0.007281,3793.717000,-0.015577,-0.013699
3794.199000,-0.033826,-0.006917,3794.199000,-0.010261,-0.013381
3794.681000,-0.034137,-0.006550,3794.681000,-0.005783,-0.013058
3795.163000,-0.033314,-0.006181,3795.163000,-0.000920,-0.012733
3795.645000,-0.032770,-0.005810,3795.645000,0.001893,-0.012404
3796.127000,-0.032106,-0.005437,3796.127000,0.004905,-0.012072
3796.609000,-0.030041,-0.005062,3796.609000,0.006710,-0.011736
3797.091000,-0.027866,-0.004685,3797.091000,0.005768,-0.011398
3797.573000,-0.025445,-0.004306,3797.573000,0.003492,-0.011056
3798.055000,-0.024378,-0.003925,3798.055000,0.000694,-0.010712
3798.537000,-0.022811,-0.003542,3798.537000,-0.004347,-0.010364
3799.019000,-0.022426,-0.003157,3799.019000,-0.008661,-0.010014
3799.501000,-0.022169,-0.002771,3799.501000,-0.015689,-0.009660
3799.983000,-0.021949,-0.002384,3799.983000,-0.021806,-0.009304
3800.465000,-0.022297,-0.001995,3800.465000,-0.026268,-0.008945
3800.947000,-0.023209,-0.001604,3800.947000,-0.030133,-0.008584
3801.429000,-0.024832,-0.001212,3801.429000,-0.031757,-0.008220
3801.911000,-0.026617,-0.000819,3801.911000,-0.030264,-0.007853
3802.393000,-0.028868,-0.000425,3802.393000,-0.027205,-0.007484
3802.875000,-0.031345,-0.000029,3802.875000,-0.023415,-0.007112
3803.357000,-0.033316,0.000367,3803.357000,-0.019633,-0.006738
3803.839000,-0.036866,0.000765,3803.839000,-0.016912,-0.006362
3804.321000,-0.038581,0.001163,3804.321000,-0.016189,-0.005984
3804.803000,-0.039213,0.001562,3804.803000,-0.014721,-0.005604
3805.285000,-0.037931,0.001962,3805.285000,-0.014838,-0.005221
3805.767000,-0.036118,0.002362,3805.767000,-0.015877,-0.004837
3806.249000,-0.032648,0.002764,3806.249000,-0.019395,-0.004451
3806.731000,-0.027957,0.003165,3806.731000,-0.022173,-0.004062
3807.213000,-0.023199,0.003567,3807.213000,-0.024425,-0.003673
3807.695000,-0.016137,0.003969,3807.695000,-0.026935,-0.003281
3808.177000,-0.010864,0.004372,3808.177000,-0.028393,-0.002888
3808.659000,-0.005636,0.004775,3808.659000,-0.028603,-0.002493
3809.141000,-0.001838,0.005178,3809.141000,-0.028590,-0.002097
3809.623000,0.001196,0.005580,3809.623000,-0.029251,-0.001699
3810.105000,0.002545,0.005983,3810.105000,-0.030438,-0.001300
3810.587000,0.001954,0.006386,3810.587000,-0.031743,-0.000900
3811.069000,0.002213,0.006788,3811.069000,-0.033028,-0.000499
3811.551000,0.002363,0.007190,3811.551000,-0.030983,-0.000096
3812.033000,0.002353,0.007592,3812.033000,-0.030859,0.000307
3812.515000,0.002128,0.007993,3812.515000,-0.028438,0.000712
3812.997000,0.003161,0.008394,3812.997000,-0.025839,0.001117
3813.479000,0.005813,0.008794,3813.479000,-0.020387,0.001523
3813.961000,0.010024,0.009193,3813.961000,-0.011376,0.001929
3814.443000,0.017049,0.009592,3814.443000,-0.000316,0.002337
3814.925000,0.020490,0.009989,3814.925000,0.011560,0.002745
3815.407000,0.025275,0.010386,3815.407000,0.023668,0.003153
3815.889000,0.031026,0.010781,3815.889000,0.035125,0.003561
3816.371000,0.033963,0.011176,3816.371000,0.045657,0.003970
3816.853000,0.033988,0.011569,3816.853000,0.055184,0.004380
3817.335000,0.035535,0.011961,3817.335000,0.061711,0.004789
3817.817000,0.036564,0.012351,3817.817000,0.064253,0.005198
3818.299000,0.034148,0.012741,3818.299000,0.062624,0.005608
3818.781000,0.031611,0.013128,3818.781000,0.056667,0.006017
3819.263000,0.027754,0.013514,3819.263000,0.049438,0.006426
3819.745000,0.025699,0.013898,3819.745000,0.038811,0.006834
3820.227000,0.024740,0.014281,3820.227000,0.028964,0.007243
3820.709000,0.026850,0.014661,3820.709000,0.024093,0.007651
3821.191000,0.029169,0.015040,3821.191000,0.019453,0.008058
3821.673000,0.030926,0.015416,3821.673000,0.015876,0.008465
3822.155000,0.032315,0.015791,3822.155000,0.014915,0.008871
3822.637000,0.033333,0.016163,3822.637000,0.018588,0.009276
3823.119000,0.031944,0.016533,3823.119000,0.021891,0.009681
3823.601000,0.029928,0.016900,3823.601000,0.027796,0.010084
3824.083000,0.029784,0.017265,3824.083000,0.031684,0.010487
3824.565000,0.026869,0.017628,3824.565000,0.035429,0.010888
3825.047000,0.021098,0.017988,3825.047000,0.037953,0.011288
3825.529000,0.014224,0.018345,3825.529000,0.038007,0.011687
3826.011000,0.005795,0.018700,3826.011000,0.037218,0.012084
3826.493000,-0.001143,0.019052,3826.493000,0.034908,0.012480
3826.975000,-0.007376,0.019400,3826.975000,0.034979,0.012875
3827.457000,-0.011297,0.019746,3827.457000,0.038451,0.013268
3827.939000,-0.016092,0.020089,3827.939000,0.041532,0.013659
3828.421000,-0.020694,0.020428,3828.421000,0.046523,0.014049
3828.903000,-0.026054,0.020765,3828.903000,0.053453,0.014436
3829.385000,-0.028371,0.021098,3829.385000,0.062048,0.014822
3829.867000,-0.030554,0.021428,3829.867000,0.067908,0.015205
3830.349000,-0.031246,0.021754,3830.349000,0.076983,0.015587
3830.831000,-0.027600,0.022076,3830.831000,0.085483,0.015966
3831.313000,-0.023423,0.022395,3831.313000,0.093378,0.016343
3831.795000,-0.020353,0.022711,3831.795000,0.098501,0.016718
3832.277000,-0.015978,0.023023,3832.277000,0.102146,0.017090
3832.759000,-0.009342,0.023330,3832.759000,0.105343,0.017460
3833.241000,-0.004148,0.023634,3833.241000,0.107536,0.017827
3833.723000,-0.000254,0.023934,3833.723000,0.110947,0.018192
3834.205000,0.004113,0.024230,3834.205000,0.114422,0.018553
3834.687000,0.005145,0.024522,3834.687000,0.118604,0.018912
3835.169000,0.004038,0.024810,3835.169000,0.121854,0.019268
3835.651000,0.001745,0.025093,3835.651000,0.124034,0.019621
3836.133000,-0.003272,0.025372,3836.133000,0.127126,0.019971
3836.615000,-0.009867,0.025647,3836.615000,0.129190,0.020318
3837.097000,-0.013056,0.025917,3837.097000,0.129671,0.020661
3837.579000,-0.014168,0.026183,3837.579000,0.128714,0.021001
3838.061000,-0.019013,0.026444,3838.061000,0.124491,0.021338
3838.543000,-0.021589,0.026700,3838.543000,0.118224,0.021671
3839.025000,-0.020350,0.026952,3839.025000,0.110415,0.022001
3839.507000,-0.020420,0.027199,3839.507000,0.101102,0.022327
3839.989000,-0.018845,0.027441,3839.989000,0.094888,0.022650
3840.471000,-0.015504,0.027679,3840.471000,0.085998,0.022968
3840.953000,-0.009619,0.027911,3840.953000,0.076742,0.023283
3841.435000,-0.005769,0.028138,3841.435000,0.070093,0.023594
3841.917000,-0.001730,0.028360,3841.917000,0.064360,0.023901
3842.399000,0.002696,0.028578,3842.399000,0.057932,0.024204
3842.881000,0.005610,0.028789,3842.881000,0.056422,0.024503
3843.363000,0.008910,0.028996,3843.363000,0.055302,0.024798
3843.845000,0.012792,0.029197,3843.845000,0.054051,0.025088
3844.327000,0.014496,0.029393,3844.327000,0.054045,0.025374
3844.809000,0.013196,0.029584,3844.809000,0.053233,0.025656
3845.291000,0.012145,0.029769,3845.291000,0.053218,0.025933
3845.773000,0.008334,0.029949,3845.773000,0.053234,0.026205
3846.255000,0.003085,0.030123,3846.255000,0.055466,0.026473
3846.737000,-0.000824,0.030291,3846.737000,0.055822,0.026737
3847.219000,-0.005973,0.030454,3847.219000,0.050354,0.026995
3847.701000,-0.011787,0.030611,3847.701000,0.046614,0.027249
3848.183000,-0.019642,0.030762,3848.183000,0.041160,0.027498
3848.665000,-0.027498,0.030908,3848.665000,0.031427,0.027742
3849.147000,-0.032940,0.031047,3849.147000,0.017755,0.027981
3849.629000,-0.040115,0.031181,3849.629000,0.005006,0.028215
3850.111000,-0.046164,0.031309,3850.111000,-0.009743,0.028443
3850.593000,-0.049003,0.031431,3850.593000,-0.024750,0.028667
3851.075000,-0.049009,0.031546,3851.075000,-0.039205,0.028885
3851.557000,-0.045321,0.031656,3851.557000,-0.057068,0.029098
3852.039000,-0.036009,0.031760,3852.039000,-0.069816,0.029306
3852.521000,-0.024487,0.031857,3852.521000,-0.077973,0.029509
3853.003000,-0.011535,0.031949,3853.003000,-0.079287,0.029706
3853.485000,0.001559,0.032034,3853.485000,-0.075547,0.029897
3853.967000,0.014091,0.032113,3853.967000,-0.064624,0.030083
3854.449000,0.025259,0.032186,3854.449000,-0.049280,0.030263
3854.931000,0.033508,0.032252,3854.931000,-0.032129,0.030438
3855.413000,0.038517,0.032312,3855.413000,-0.011356,0.030606
3855.895000,0.040870,0.032366,3855.895000,0.009723,0.030770
3856.377000,0.036520,0.032413,3856.377000,0.031175,0.030927
3856.859000,0.030756,0.032454,3856.859000,0.049186,0.031078
3857.341000,0.022658,0.032489,3857.341000,0.064446,0.031224
3857.823000,0.015689,0.032517,3857.823000,0.075719,0.031364
3858.305000,0.008541,0.032539,3858.305000,0.082264,0.031497
3858.787000,0.002723,0.032554,3858.787000,0.089078,0.031625
3859.269000,-0.004061,0.032562,3859.269000,0.093223,0.031746
3859.751000,-0.009014,0.032564,3859.751000,0.095799,0.031862
3860.233000,-0.010606,0.032560,3860.233000,0.097215,0.031971
3860.715000,-0.010727,0.032549,3860.715000,0.097249,0.032074
3861.197000,-0.009010,0.032531,3861.197000,0.096099,0.032171
3861.679000,-0.008867,0.032507,3861.679000,0.096274,0.032262
3862.161000,-0.009176,0.032476,3862.161000,0.095730,0.032346
3862.643000,-0.010056,0.032439,3862.643000,0.093065,0.032424
3863.125000,-0.012006,0.032395,3863.125000,0.090212,0.032496
3863.607000,-0.013637,0.032344,3863.607000,0.088023,0.032561
3864.089000,-0.017007,0.032287,3864.089000,0.086105,0.032620
3864.571000,-0.020177,0.032223,3864.571000,0.086718,0.032672
3865.053000,-0.025624,0.032152,3865.053000,0.089078,0.032718
3865.535000,-0.030866,0.032075,3865.535000,0.089710,0.032757
3866.017000,-0.035937,0.031991,3866.017000,0.090034,0.032790
3866.499000,-0.038449,0.031901,3866.499000,0.091539,0.032817
3866.981000,-0.039763,0.031803,3866.981000,0.094044,0.032837
3867.463000,-0.041955,0.031700,3867.463000,0.097832,0.032850
3867.945000,-0.043117,0.031589,3867.945000,0.103850,0.032856
3868.427000,-0.045238,0.031472,3868.427000,0.106398,0.032856
3868.909000,-0.046043,0.031348,3868.909000,0.107859,0.032850
3869.391000,-0.045484,0.031218,3869.391000,0.108939,0.032837
3869.873000,-0.045256,0.031081,3869.873000,0.109327,0.032817
3870.355000,-0.043492,0.030938,3870.355000,0.110710,0.032790
3870.837000,-0.040777,0.030788,3870.837000,0.108308,0.032757
3871.319000,-0.035687,0.030631,3871.319000,0.107174,0.032717
3871.801000,-0.029498,0.030468,3871.801000,0.104007,0.032670
3872.283000,-0.019928,0.030298,3872.283000,0.097281,0.032617
3872.765000,-0.012391,0.030122,3872.765000,0.091304,0.032556
3873.247000,-0.006078,0.029939,3873.247000,0.085852,0.032490
3873.729000,0.000624,0.029750,3873.729000,0.080662,0.032416
3874.211000,0.004564,0.029554,3874.211000,0.076104,0.032336
3874.693000,0.008000,0.029352,3874.693000,0.073126,0.032249
3875.175000,0.009631,0.029143,3875.175000,0.068390,0.032155
3875.657000,0.010274,0.028928,3875.657000,0.065745,0.032054
3876.139000,0.009298,0.028707,3876.139000,0.063817,0.031947
3876.621000,0.005075,0.028479,3876.621000,0.062226,0.031833
3877.103000,0.001843,0.028245,3877.103000,0.062304,0.031712
3877.585000,-0.002441,0.028005,3877.585000,0.060659,0.031585
3878.067000,-0.004414,0.027759,3878.067000,0.058821,0.031451
3878.549000,-0.006980,0.027506,3878.549000,0.055797,0.031310
3879.031000,-0.007697,0.027248,3879.031000,0.051807,0.031163
3879.513000,-0.010817,0.026983,3879.513000,0.048540,0.031009
3879.995000,-0.013392,0.026712,3879.995000,0.043202,0.030848
3880.477000,-0.015031,0.026435,3880.477000,0.039845,0.030681
3880.959000,-0.018009,0.026152,3880.959000,0.035994,0.030507
3881.441000,-0.020280,0.025863,3881.441000,0.031336,0.030326
3881.923000,-0.021295,0.025568,3881.923000,0.025828,0.030139
3882.405000,-0.021177,0.025267,3882.405000,0.019919,0.029945
3882.887000,-0.021681,0.024961,3882.887000,0.015000,0.029745
3883.369000,-0.022167,0.024649,3883.369000,0.010544,0.029539
3883.851000,-0.021398,0.024331,3883.851000,0.004913,0.029325
3884.333000,-0.021128,0.024007,3884.333000,-0.002060,0.029106
3884.815000,-0.018888,0.023678,3884.815000,-0.008103,0.028880
3885.297000,-0.017765,0.023343,3885.297000,-0.010850,0.028647
3885.779000,-0.016612,0.023002,3885.779000,-0.012352,0.028409
3886.261000,-0.014659,0.022657,3886.261000,-0.011194,0.028164
3886.743000,-0.013186,0.022305,3886.743000,-0.008623,0.027912
3887.225000,-0.014466,0.021949,3887.225000,-0.004095,0.027655
3887.707000,-0.015552,0.021587,3887.707000,-0.000136,0.027391
3888.189000,-0.017963,0.021220,3888.189000,0.004519,0.027121
3888.671000,-0.018367,0.020848,3888.671000,0.009028,0.026845
3889.153000,-0.020545,0.020470,3889.153000,0.012251,0.026562
3889.635000,-0.021485,0.020088,3889.635000,0.017810,0.026274
3890.117000,-0.021461,0.019701,3890.117000,0.018823,0.025980
3890.599000,-0.019614,0.019308,3890.599000,0.017205,0.025679
3891.081000,-0.016674,0.018911,3891.081000,0.013640,0.025373
3891.563000,-0.012685,0.018509,3891.563000,0.012729,0.025061
3892.045000,-0.007996,0.018103,3892.045000,0.010849,0.024743
3892.527000,-0.005202,0.017692,3892.527000,0.009568,0.024420
3893.009000,-0.002428,0.017276,3893.009000,0.008440,0.024090
3893.491000,-0.000978,0.016856,3893.491000,0.005820,0.023755
3893.973000,-0.002674,0.016431,3893.973000,0.004352,0.023415
3894.455000,-0.004494,0.016003,3894.455000,0.003109,0.023068
3894.937000,-0.008613,0.015569,3894.937000,0.003145,0.022717
3895.419000,-0.013138,0.015132,3895.419000,0.003355,0.022359
3895.901000,-0.019732,0.014691,3895.901000,0.004614,0.021997
3896.383000,-0.023266,0.014245,3896.383000,0.006966,0.021629
3896.865000,-0.027758,0.013796,3896.865000,0.006915,0.021256
3897.347000,-0.031185,0.013343,3897.347000,0.009358,0.020878
3897.829000,-0.034524,0.012886,3897.829000,0.013154,0.020494
3898.311000,-0.033713,0.012425,3898.311000,0.021824,0.020106
3898.793000,-0.031886,0.011961,3898.793000,0.027369,0.019712
3899.275000,-0.030229,0.011493,3899.275000,0.034159,0.019314
3899.757000,-0.025590,0.011022,3899.757000,0.039329,0.018910
3900.239000,-0.019914,0.010548,3900.239000,0.043108,0.018502
3900.721000,-0.013632,0.010070,3900.721000,0.047959,0.018089
3901.203000,-0.006615,0.009589,3901.203000,0.049774,0.017672
3901.685000,-0.000555,0.009105,3901.685000,0.047914,0.017250
3902.167000,0.005168,0.008618,3902.167000,0.045337,0.016823
3902.649000,0.009282,0.008128,3902.649000,0.040387,0.016392
3903.131000,0.012162,0.007635,3903.131000,0.030968,0.015957
3903.613000,0.012312,0.007140,3903.613000,0.021388,0.015517
3904.095000,0.012363,0.006642,3904.095000,0.012473,0.015073
3904.577000,0.010081,0.006142,3904.577000,0.006899,0.014625
3905.059000,0.008161,0.005639,3905.059000,0.003111,0.014173
3905.541000,0.002802,0.005134,3905.541000,-0.002038,0.013717
3906.023000,-0.001535,0.004626,3906.023000,-0.003628,0.013258
3906.505000,-0.006665,0.004117,3906.505000,-0.004883,0.012794
3906.987000,-0.010785,0.003605,3906.987000,-0.003556,0.012327
3907.469000,-0.014412,0.003092,3907.469000,-0.002457,0.011856
3907.951000,-0.018384,0.002576,3907.951000,-0.002423,0.011382
3908.433000,-0.020369,0.002059,3908.433000,-0.003419,0.010904
3908.915000,-0.022658,0.001541,3908.915000,-0.001653,0.010423
3909.397000,-0.024821,0.001021,3909.397000,-0.003258,0.009938
3909.879000,-0.025106,0.000499,3909.879000,-0.007606,0.009450
3910.361000,-0.024811,-0.000024,3910.361000,-0.011622,0.008960
3910.843000,-0.024195,-0.000548,3910.843000,-0.013695,0.008466
3911.325000,-0.025082,-0.001073,3911.325000,-0.011156,0.007970
3911.807000,-0.024958,-0.001599,3911.807000,-0.009388,0.007470
3912.289000,-0.025569,-0.002127,3912.289000,-0.008838,0.006968
3912.771000,-0.026026,-0.002654,3912.771000,-0.004812,0.006464
3913.253000,-0.028339,-0.003183,3913.253000,-0.002793,0.005956
3913.735000,-0.031184,-0.003712,3913.735000,-0.000427,0.005447
3914.217000,-0.035428,-0.004242,3914.217000,0.000535,0.004935
3914.699000,-0.037009,-0.004772,3914.699000,0.002474,0.004421
3915.181000,-0.036568,-0.005302,3915.181000,0.004375,0.003905
3915.663000,-0.037566,-0.005833,3915.663000,0.005849,0.003386
3916.145000,-0.037376,-0.006363,3916.145000,0.003240,0.002866
3916.627000,-0.037461,-0.006894,3916.627000,-0.000517,0.002344
3917.109000,-0.037447,-0.007424,3917.109000,-0.004435,0.001821
3917.591000,-0.036891,-0.007954,3917.591000,-0.006780,0.001295
3918.073000,-0.035343,-0.008483,3918.073000,-0.006233,0.000768
3918.555000,-0.032985,-0.009013,3918.555000,-0.008107,0.000240
3919.037000,-0.032998,-0.009541,3919.037000,-0.010034,-0.000289
3919.519000,-0.032053,-0.010069,3919.519000,-0.010444,-0.000820
3920.001000,-0.031944,-0.010596,3920.001000,-0.012170,-0.001352
3920.483000,-0.033668,-0.011122,3920.483000,-0.015064,-0.001885
3920.965000,-0.032394,-0.011647,3920.965000,-0.015890,-0.002418
3921.447000,-0.028321,-0.012171,3921.447000,-0.013734,-0.002953
3921.929000,-0.023869,-0.012693,3921.929000,-0.011894,-0.003488
3922.411000,-0.020139,-0.013215,3922.411000,-0.012037,-0.004023
3922.893000,-0.016881,-0.013734,3922.893000,-0.014025,-0.004560
3923.375000,-0.014390,-0.014252,3923.375000,-0.014297,-0.005096
3923.857000,-0.011358,-0.014769,3923.857000,-0.013181,-0.005633
3924.339000,-0.009725,-0.015284,3924.339000,-0.009823,-0.006169
3924.821000,-0.009552,-0.015796,3924.821000,-0.006297,-0.006706
3925.303000,-0.009732,-0.016307,3925.303000,-0.003288,-0.007243
3925.785000,-0.010907,-0.016816,3925.785000,0.000597,-0.007780
3926.267000,-0.011426,-0.017322,3926.267000,0.002917,-0.008316
3926.749000,-0.014767,-0.017826,3926.749000,0.004768,-0.008852
3927.231000,-0.017982,-0.018327,3927.231000,0.005875,-0.009387
3927.713000,-0.020687,-0.018826,3927.713000,0.007529,-0.009922
3928.195000,-0.023355,-0.019323,3928.195000,0.008380,-0.010455
3928.677000,-0.023565,-0.019816,3928.677000,0.004693,-0.010988
3929.159000,-0.024722,-0.020307,3929.159000,-0.001186,-0.011521
3929.641000,-0.026403,-0.020795,3929.641000,-0.007957,-0.012052
3930.123000,-0.028088,-0.021279,3930.123000,-0.013736,-0.012581
3930.605000,-0.029189,-0.021760,3930.605000,-0.020319,-0.013110
3931.087000,-0.029336,-0.022238,3931.087000,-0.026127,-0.013637
3931.569000,-0.029266,-0.022713,3931.569000,-0.033980,-0.014162
3932.051000,-0.026977,-0.023184,3932.051000,-0.040545,-0.014686
3932.533000,-0.024115,-0.023652,3932.533000,-0.045382,-0.015209
3933.015000,-0.021521,-0.024115,3933.015000,-0.049417,-0.015729
3933.497000,-0.019120,-0.024575,3933.497000,-0.052044,-0.016247
3933.979000,-0.015854,-0.025031,3933.979000,-0.052989,-0.016764
3934.461000,-0.013576,-0.025483,3934.461000,-0.053805,-0.017278
3934.943000,-0.009497,-0.025931,3934.943000,-0.053415,-0.017790
3935.425000,-0.004372,-0.026375,3935.425000,-0.053697,-0.018299
3935.907000,-0.001565,-0.026814,3935.907000,-0.051816,-0.018806
3936.389000,0.000437,-0.027249,3936.389000,-0.050806,-0.019310
3936.871000,0.001168,-0.027679,3936.871000,-0.047389,-0.019812
3937.353000,0.000789,-0.028104,3937.353000,-0.043040,-0.020310
3937.835000,-0.000969,-0.028525,3937.835000,-0.037488,-0.020806
3938.317000,-0.004250,-0.028941,3938.317000,-0.032915,-0.021299
3938.799000,-0.008178,-0.029353,3938.799000,-0.027380,-0.021789
3939.281000,-0.013325,-0.029759,3939.281000,-0.021099,-0.022275
3939.763000,-0.018882,-0.030160,3939.763000,-0.015118,-0.022758
3940.245000,-0.022904,-0.030555,3940.245000,-0.009832,-0.023237
3940.727000,-0.026441,-0.030946,3940.727000,-0.006009,-0.023713
3941.209000,-0.030468,-0.031331,3941.209000,-0.003216,-0.024185
3941.691000,-0.034614,-0.031711,3941.691000,-0.000984,-0.024654
3942.173000,-0.037515,-0.032085,3942.173000,-0.001260,-0.025118
3942.655000,-0.039907,-0.032453,3942.655000,-0.001898,-0.025579
3943.137000,-0.042607,-0.032816,3943.137000,-0.004808,-0.026035
3943.619000,-0.046120,-0.033173,3943.619000,-0.005840,-0.026488
3944.101000,-0.048553,-0.033524,3944.101000,-0.007820,-0.026935
3944.583000,-0.051190,-0.033869,3944.583000,-0.010525,-0.027379
3945.065000,-0.053291,-0.034207,3945.065000,-0.013794,-0.027818
3945.547000,-0.055798,-0.034540,3945.547000,-0.016838,-0.028252
3946.029000,-0.057036,-0.034866,3946.029000,-0.019494,-0.028682
3946.511000,-0.056731,-0.035187,3946.511000,-0.020966,-0.029107
3946.993000,-0.053692,-0.035500,3946.993000,-0.022242,-0.029527
3947.475000,-0.051263,-0.035807,3947.475000,-0.024081,-0.029942
3947.957000,-0.049058,-0.036108,3947.957000,-0.025462,-0.030352
3948.439000,-0.046271,-0.036402,3948.439000,-0.024362,-0.030757
3948.921000,-0.042222,-0.036689,3948.921000,-0.023502,-0.031156
3949.403000,-0.037991,-0.036970,3949.403000,-0.022784,-0.031550
3949.885000,-0.035151,-0.037243,3949.885000,-0.021710,-0.031939
3950.367000,-0.031358,-0.037510,3950.367000,-0.019335,-0.032322
3950.849000,-0.025941,-0.037770,3950.849000,-0.018028,-0.032699
3951.331000,-0.022904,-0.038022,3951.331000,-0.018774,-0.033071
3951.813000,-0.020150,-0.038268,3951.813000,-0.018487,-0.033437
3952.295000,-0.019214,-0.038506,3952.295000,-0.017444,-0.033797
3952.777000,-0.015758,-0.038737,3952.777000,-0.017415,-0.034151
3953.259000,-0.014031,-0.038960,3953.259000,-0.018025,-0.034498
3953.741000,-0.011605,-0.039177,3953.741000,-0.018653,-0.034840
3954.223000,-0.009550,-0.039386,3954.223000,-0.019327,-0.035176
3954.705000,-0.007943,-0.039587,3954.705000,-0.019111,-0.035505
3955.187000,-0.007941,-0.039781,3955.187000,-0.017554,-0.035827
3955.669000,-0.007785,-0.039967,3955.669000,-0.014426,-0.036144
3956.151000,-0.007407,-0.040145,3956.151000,-0.013362,-0.036453
3956.633000,-0.008021,-0.040316,3956.633000,-0.012145,-0.036756
3957.115000,-0.007855,-0.040479,3957.115000,-0.008515,-0.037053
3957.597000,-0.008274,-0.040634,3957.597000,-0.008532,-0.037342
3958.079000,-0.008284,-0.040781,3958.079000,-0.009084,-0.037625
3958.561000,-0.009816,-0.040920,3958.561000,-0.008573,-0.037900
3959.043000,-0.011970,-0.041051,3959.043000,-0.008781,-0.038169
3959.525000,-0.012408,-0.041175,3959.525000,-0.010794,-0.038431
3960.007000,-0.015148,-0.041290,3960.007000,-0.013734,-0.038685
3960.489000,-0.015558,-0.041397,3960.489000,-0.016720,-0.038932
3960.971000,-0.016665,-0.041496,3960.971000,-0.020247,-0.039172
3961.453000,-0.018000,-0.041586,3961.453000,-0.023820,-0.039405
3961.935000,-0.020830,-0.041669,3961.935000,-0.026992,-0.039630
3962.417000,-0.023067,-0.041743,3962.417000,-0.029010,-0.039847
3962.899000,-0.026314,-0.041809,3962.899000,-0.032667,-0.040057
3963.381000,-0.029788,-0.041867,3963.381000,-0.034464,-0.040260
3963.863000,-0.032963,-0.041916,3963.863000,-0.034755,-0.040455
3964.345000,-0.034510,-0.041957,3964.345000,-0.037072,-0.040642
3964.827000,-0.033650,-0.041990,3964.827000,-0.039450,-0.040821
3965.309000,-0.033445,-0.042014,3965.309000,-0.042228,-0.040993
3965.791000,-0.033722,-0.042030,3965.791000,-0.044753,-0.041156
3966.273000,-0.034117,-0.042037,3966.273000,-0.047913,-0.041312
3966.755000,-0.033762,-0.042035,3966.755000,-0.051520,-0.041460
3967.237000,-0.030374,-0.042026,3967.237000,-0.055119,-0.041600
3967.719000,-0.028866,-0.042007,3967.719000,-0.058193,-0.041732
3968.201000,-0.026745,-0.041981,3968.201000,-0.060407,-0.041855
3968.683000,-0.026522,-0.041945,3968.683000,-0.061907,-0.041971
3969.165000,-0.027318,-0.041901,3969.165000,-0.062916,-0.042078
3969.647000,-0.029255,-0.041849,3969.647000,-0.060877,-0.042177
3970.129000,-0.031888,-0.041788,3970.129000,-0.058651,-0.042268
3970.611000,-0.033893,-0.041718,3970.611000,-0.054908,-0.042350
3971.093000,-0.034361,-0.041640,3971.093000,-0.049477,-0.042424
3971.575000,-0.032089,-0.041553,3971.575000,-0.044851,-0.042490
3972.057000,-0.029680,-0.041457,3972.057000,-0.039868,-0.042547
3972.539000,-0.028389,-0.041353,3972.539000,-0.034689,-0.042596
3973.021000,-0.027342,-0.041241,3973.021000,-0.031054,-0.042637
3973.503000,-0.024586,-0.041120,3973.503000,-0.027015,-0.042669
3973.985000,-0.020617,-0.040990,3973.985000,-0.022480,-0.042692
3974.467000,-0.019164,-0.040852,3974.467000,-0.019241,-0.042707
3974.949000,-0.016536,-0.040705,3974.949000,-0.018053,-0.042713
3975.431000,-0.016354,-0.040549,3975.431000,-0.016190,-0.042711
3975.913000,-0.019552,-0.040385,3975.913000,-0.016138,-0.042700
3976.395000,-0.024203,-0.040213,3976.395000,-0.017510,-0.042681
3976.877000,-0.027793,-0.040032,3976.877000,-0.018714,-0.042653
3977.359000,-0.032029,-0.039843,3977.359000,-0.019827,-0.042616
3977.841000,-0.033607,-0.039645,3977.841000,-0.020817,-0.042571
3978.323000,-0.032822,-0.039438,3978.323000,-0.023795,-0.042517
3978.805000,-0.034534,-0.039224,3978.805000,-0.027442,-0.042455
3979.287000,-0.036193,-0.039001,3979.287000,-0.029935,-0.042383
3979.769000,-0.038920,-0.038769,3979.769000,-0.033315,-0.042303
3980.251000,-0.039917,-0.038530,3980.251000,-0.034645,-0.042215
3980.733000,-0.039619,-0.038282,3980.733000,-0.036613,-0.042118
3981.215000,-0.037063,-0.038025,3981.215000,-0.040268,-0.042012
3981.697000,-0.035226,-0.037761,3981.697000,-0.043582,-0.041897
3982.179000,-0.035312,-0.037488,3982.179000,-0.045317,-0.041774
3982.661000,-0.035350,-0.037207,3982.661000,-0.047221,-0.041642
3983.143000,-0.034509,-0.036919,3983.143000,-0.047401,-0.041501
3983.625000,-0.032112,-0.036622,3983.625000,-0.043461,-0.041352
3984.107000,-0.029652,-0.036317,3984.107000,-0.042018,-0.041194
3984.589000,-0.024893,-0.036004,3984.589000,-0.038836,-0.041028
3985.071000,-0.020567,-0.035683,3985.071000,-0.035431,-0.040853
3985.553000,-0.018417,-0.035354,3985.553000,-0.031143,-0.040670
3986.035000,-0.013627,-0.035018,3986.035000,-0.024817,-0.040477
3986.517000,-0.010855,-0.034674,3986.517000,-0.019836,-0.040277
3986.999000,-0.006499,-0.034322,3986.999000,-0.014884,-0.040068
3987.481000,-0.001435,-0.033962,3987.481000,-0.014323,-0.039850
3987.963000,0.004276,-0.033595,3987.963000,-0.013313,-0.039624
3988.445000,0.006271,-0.033220,3988.445000,-0.014598,-0.039390
3988.927000,0.008380,-0.032838,3988.927000,-0.016484,-0.039147
3989.409000,0.010187,-0.032448,3989.409000,-0.016068,-0.038896
3989.891000,0.012664,-0.032051,3989.891000,-0.013730,-0.038636
3990.373000,0.013617,-0.031647,3990.373000,-0.011816,-0.038368
3990.855000,0.014380,-0.031235,3990.855000,-0.009463,-0.038092
3991.337000,0.016803,-0.030817,3991.337000,-0.006505,-0.037808
3991.819000,0.019637,-0.030391,3991.819000,-0.003085,-0.037516
3992.301000,0.022435,-0.029959,3992.301000,0.000524,-0.037215
3992.783000,0.026582,-0.029519,3992.783000,0.002690,-0.036906
3993.265000,0.030436,-0.029073,3993.265000,0.004375,-0.036590
3993.747000,0.035729,-0.028620,3993.747000,0.004562,-0.036265
3994.229000,0.041004,-0.028160,3994.229000,0.002819,-0.035932
3994.711000,0.046214,-0.027693,3994.711000,0.002406,-0.035592
3995.193000,0.050422,-0.027220,3995.193000,-0.002047,-0.035244
3995.675000,0.056184,-0.026741,3995.675000,-0.006546,-0.034888
3996.157000,0.060555,-0.026255,3996.157000,-0.010439,-0.034524
3996.639000,0.065037,-0.025763,3996.639000,-0.013564,-0.034152
3997.121000,0.067406,-0.025265,3997.121000,-0.016475,-0.033773
3997.603000,0.069798,-0.024761,3997.603000,-0.018849,-0.033387
3998.085000,0.071767,-0.024251,3998.085000,-0.020667,-0.032993
3998.567000,0.073359,-0.023735,3998.567000,-0.021815,-0.032591
3999.049000,0.074623,-0.023213,3999.049000,-0.022179,-0.032183
3999.531000,0.075608,-0.022685,3999.531000,-0.021645,-0.031767
4000.013000,0.076361,-0.022152,4000.013000,-0.020100,-0.031344
4000.495000,0.076931,-0.021613,4000.495000,-0.017428,-0.030913
