wavenumber_cm-1,reflectance_osc_%,baseline_%,dc_%
1556.755000,-0.077316,15.609065,0.046598
1557.237000,-0.075526,15.619146,0.046598
1557.719000,-0.071101,15.629226,0.046598
1558.201000,-0.064781,15.639306,0.046598
1558.683000,-0.057307,15.649384,0.046598
1559.165000,-0.049420,15.659460,0.046598
1559.647000,-0.041860,15.669531,0.046598
1560.129000,-0.035369,15.679597,0.046598
1560.611000,-0.032289,15.689656,0.046598
1561.093000,-0.032966,15.699707,0.046598
1561.575000,-0.036413,15.709748,0.046598
1562.057000,-0.044272,15.719779,0.046598
1562.539000,-0.051430,15.729797,0.046598
1563.021000,-0.054874,15.739801,0.046598
1563.503000,-0.058958,15.749791,0.046598
1563.985000,-0.061276,15.759763,0.046598
1564.467000,-0.060464,15.769717,0.046598
1564.949000,-0.058350,15.779651,0.046598
1565.431000,-0.056770,15.789563,0.046598
1565.913000,-0.053723,15.799449,0.046598
1566.395000,-0.047408,15.809309,0.046598
1566.877000,-0.041962,15.819139,0.046598
1567.359000,-0.035835,15.828938,0.046598
1567.841000,-0.027139,15.838703,0.046598
1568.323000,-0.015482,15.848433,0.046598
1568.805000,-0.001883,15.858123,0.046598
1569.287000,0.013014,15.867773,0.046598
1569.769000,0.029726,15.877381,0.046598
1570.251000,0.044011,15.886943,0.046598
1570.733000,0.057119,15.896457,0.046598
1571.215000,0.069981,15.905922,0.046598
1571.697000,0.079217,15.915335,0.046598
1572.179000,0.086051,15.924694,0.046598
1572.661000,0.094458,15.933997,0.046598
1573.143000,0.101517,15.943240,0.046598
1573.625000,0.108917,15.952424,0.046598
1574.107000,0.120777,15.961544,0.046598
1574.589000,0.134828,15.970599,0.046598
1575.071000,0.152395,15.979587,0.046598
1575.553000,0.170138,15.988505,0.046598
1576.035000,0.188830,15.997352,0.046598
1576.517000,0.206302,16.006126,0.046598
1576.999000,0.222974,16.014824,0.046598
1577.481000,0.238873,16.023444,0.046598
1577.963000,0.253138,16.031985,0.046598
1578.445000,0.263661,16.040444,0.046598
1578.927000,0.272224,16.048819,0.046598
1579.409000,0.279630,16.057109,0.046598
1579.891000,0.283631,16.065312,0.046598
1580.373000,0.289166,16.073425,0.046598
1580.855000,0.294355,16.081447,0.046598
1581.337000,0.300444,16.089377,0.046598
1581.819000,0.307396,16.097211,0.046598
1582.301000,0.310173,16.104950,0.046598
1582.783000,0.316046,16.112590,0.046598
1583.265000,0.320302,16.120131,0.046598
1583.747000,0.326610,16.127571,0.046598
1584.229000,0.333671,16.134908,0.046598
1584.711000,0.340858,16.142140,0.046598
1585.193000,0.347936,16.149267,0.046598
1585.675000,0.352406,16.156286,0.046598
1586.157000,0.357101,16.163197,0.046598
1586.639000,0.360142,16.169997,0.046598
1587.121000,0.362622,16.176686,0.046598
1587.603000,0.362618,16.183262,0.046598
1588.085000,0.363662,16.189725,0.046598
1588.567000,0.364164,16.196072,0.046598
1589.049000,0.360262,16.202302,0.046598
1589.531000,0.358125,16.208415,0.046598
1590.013000,0.353457,16.214410,0.046598
1590.495000,0.352204,16.220285,0.046598
1590.977000,0.351681,16.226039,0.046598
1591.459000,0.350742,16.231671,0.046598
1591.941000,0.348856,16.237181,0.046598
1592.423000,0.347320,16.242567,0.046598
1592.905000,0.347959,16.247829,0.046598
1593.387000,0.348794,16.252966,0.046598
1593.869000,0.348789,16.257977,0.046598
1594.351000,0.347713,16.262861,0.046598
1594.833000,0.345629,16.267618,0.046598
1595.315000,0.344877,16.272246,0.046598
1595.797000,0.341036,16.276746,0.046598
1596.279000,0.336582,16.281117,0.046598
1596.761000,0.331527,16.285358,0.046598
1597.243000,0.325356,16.289469,0.046598
1597.725000,0.318305,16.293449,0.046598
1598.207000,0.310303,16.297298,0.046598
1598.689000,0.303410,16.301015,0.046598
1599.171000,0.299082,16.304601,0.046598
1599.653000,0.297323,16.308054,0.046598
1600.135000,0.295457,16.311374,0.046598
1600.617000,0.293832,16.314562,0.046598
1601.099000,0.291371,16.317617,0.046598
1601.581000,0.288661,16.320539,0.046598
1602.063000,0.287158,16.323327,0.046598
1602.545000,0.283844,16.325982,0.046598
1603.027000,0.279790,16.328504,0.046598
1603.509000,0.274601,16.330892,0.046598
1603.991000,0.268714,16.333146,0.046598
1604.473000,0.265937,16.335267,0.046598
1604.955000,0.261276,16.337254,0.046598
1605.437000,0.255681,16.339108,0.046598
1605.919000,0.247611,16.340828,0.046598
1606.401000,0.242543,16.342416,0.046598
1606.883000,0.237167,16.343870,0.046598
1607.365000,0.231265,16.345191,0.046598
1607.847000,0.224688,16.346380,0.046598
1608.329000,0.217127,16.347437,0.046598
1608.811000,0.209640,16.348361,0.046598
1609.293000,0.201172,16.349154,0.046598
1609.775000,0.195115,16.349815,0.046598
1610.257000,0.188044,16.350345,0.046598
1610.739000,0.184966,16.350745,0.046598
1611.221000,0.178989,16.351014,0.046598
1611.703000,0.171026,16.351154,0.046598
1612.185000,0.163021,16.351164,0.046598
1612.667000,0.154758,16.351045,0.046598
1613.149000,0.148366,16.350798,0.046598
1613.631000,0.142040,16.350422,0.046598
1614.113000,0.134425,16.349920,0.046598
1614.595000,0.126642,16.349290,0.046598
1615.077000,0.118527,16.348535,0.046598
1615.559000,0.111720,16.347653,0.046598
1616.041000,0.105001,16.346647,0.046598
1616.523000,0.100300,16.345516,0.046598
1617.005000,0.094567,16.344262,0.046598
1617.487000,0.092116,16.342884,0.046598
1617.969000,0.087701,16.341384,0.046598
1618.451000,0.085248,16.339762,0.046598
1618.933000,0.083492,16.338018,0.046598
1619.415000,0.081217,16.336155,0.046598
1619.897000,0.078099,16.334171,0.046598
1620.379000,0.075813,16.332069,0.046598
1620.861000,0.073649,16.329849,0.046598
1621.343000,0.071511,16.327511,0.046598
1621.825000,0.070371,16.325056,0.046598
1622.307000,0.069561,16.322486,0.046598
1622.789000,0.068522,16.319800,0.046598
1623.271000,0.067192,16.317000,0.046598
1623.753000,0.067230,16.314086,0.046598
1624.235000,0.067740,16.311060,0.046598
1624.717000,0.067399,16.307922,0.046598
1625.199000,0.066076,16.304673,0.046598
1625.681000,0.065268,16.301314,0.046598
1626.163000,0.064415,16.297845,0.046598
1626.645000,0.063415,16.294268,0.046598
1627.127000,0.062106,16.290584,0.046598
1627.609000,0.061990,16.286793,0.046598
1628.091000,0.062786,16.282897,0.046598
1628.573000,0.062284,16.278895,0.046598
1629.055000,0.062189,16.274790,0.046598
1629.537000,0.062215,16.270582,0.046598
1630.019000,0.062975,16.266272,0.046598
1630.501000,0.065852,16.261861,0.046598
1630.983000,0.067476,16.257350,0.046598
1631.465000,0.069433,16.252740,0.046598
1631.947000,0.071793,16.248033,0.046598
1632.429000,0.074288,16.243228,0.046598
1632.911000,0.075255,16.238327,0.046598
1633.393000,0.076851,16.233332,0.046598
1633.875000,0.075144,16.228242,0.046598
1634.357000,0.076278,16.223060,0.046598
1634.839000,0.073002,16.217786,0.046598
1635.321000,0.071085,16.212422,0.046598
1635.803000,0.068054,16.206968,0.046598
1636.285000,0.066262,16.201426,0.046598
1636.767000,0.063311,16.195796,0.046598
1637.249000,0.062566,16.190080,0.046598
1637.731000,0.061741,16.184280,0.046598
1638.213000,0.061375,16.178395,0.046598
1638.695000,0.060618,16.172428,0.046598
1639.177000,0.063203,16.166379,0.046598
1639.659000,0.062956,16.160250,0.046598
1640.141000,0.061705,16.154042,0.046598
1640.623000,0.059198,16.147756,0.046598
1641.105000,0.058652,16.141393,0.046598
1641.587000,0.054650,16.134955,0.046598
1642.069000,0.056222,16.128443,0.046598
1642.551000,0.055428,16.121857,0.046598
1643.033000,0.056060,16.115200,0.046598
1643.515000,0.053201,16.108473,0.046598
1643.997000,0.051993,16.101677,0.046598
1644.479000,0.050190,16.094812,0.046598
1644.961000,0.047640,16.087881,0.046598
1645.443000,0.044524,16.080885,0.046598
1645.925000,0.044091,16.073825,0.046598
1646.407000,0.038569,16.066703,0.046598
1646.889000,0.033391,16.059519,0.046598
1647.371000,0.029151,16.052275,0.046598
1647.853000,0.025244,16.044973,0.046598
1648.335000,0.023038,16.037614,0.046598
1648.817000,0.023880,16.030199,0.046598
1649.299000,0.025941,16.022729,0.046598
1649.781000,0.028224,16.015207,0.046598
1650.263000,0.028941,16.007633,0.046598
1650.745000,0.029850,16.000008,0.046598
1651.227000,0.030893,15.992335,0.046598
1651.709000,0.031975,15.984615,0.046598
1652.191000,0.033787,15.976848,0.046598
1652.673000,0.035057,15.969037,0.046598
1653.155000,0.034620,15.961183,0.046598
1653.637000,0.034951,15.953287,0.046598
1654.119000,0.034926,15.945351,0.046598
1654.601000,0.034427,15.937376,0.046598
1655.083000,0.034447,15.929364,0.046598
1655.565000,0.035037,15.921316,0.046598
1656.047000,0.036559,15.913234,0.046598
1656.529000,0.037383,15.905119,0.046598
1657.011000,0.037025,15.896972,0.046598
1657.493000,0.037769,15.888796,0.046598
1657.975000,0.038138,15.880592,0.046598
1658.457000,0.038582,15.872361,0.046598
1658.939000,0.039133,15.864105,0.046598
1659.421000,0.038430,15.855825,0.046598
1659.903000,0.037895,15.847523,0.046598
1660.385000,0.036625,15.839200,0.046598
1660.867000,0.034420,15.830858,0.046598
1661.349000,0.033645,15.822500,0.046598
1661.831000,0.031527,15.814125,0.046598
1662.313000,0.028729,15.805736,0.046598
1662.795000,0.025408,15.797334,0.046598
1663.277000,0.021724,15.788922,0.046598
1663.759000,0.017416,15.780500,0.046598
1664.241000,0.016632,15.772070,0.046598
1664.723000,0.014180,15.763635,0.046598
1665.205000,0.012166,15.755195,0.046598
1665.687000,0.009381,15.746752,0.046598
1666.169000,0.006901,15.738307,0.046598
1666.651000,0.004837,15.729864,0.046598
1667.133000,0.003358,15.721422,0.046598
1667.615000,0.003739,15.712985,0.046598
1668.097000,0.004030,15.704552,0.046598
1668.579000,0.001981,15.696127,0.046598
1669.061000,-0.000237,15.687711,0.046598
1669.543000,-0.003027,15.679305,0.046598
1670.025000,-0.004433,15.670912,0.046598
1670.507000,-0.005268,15.662532,0.046598
1670.989000,-0.004583,15.654168,0.046598
1671.471000,-0.006108,15.645822,0.046598
1671.953000,-0.007965,15.637494,0.046598
1672.435000,-0.010768,15.629188,0.046598
1672.917000,-0.011842,15.620903,0.046598
1673.399000,-0.011854,15.612643,0.046598
1673.881000,-0.010648,15.604409,0.046598
1674.363000,-0.010019,15.596202,0.046598
1674.845000,-0.010803,15.588025,0.046598
1675.327000,-0.011469,15.579879,0.046598
1675.809000,-0.010875,15.571765,0.046598
1676.291000,-0.010158,15.563686,0.046598
1676.773000,-0.008590,15.555644,0.046598
1677.255000,-0.006795,15.547640,0.046598
1677.737000,-0.006410,15.539675,0.046598
1678.219000,-0.006782,15.531752,0.046598
1678.701000,-0.007379,15.523872,0.046598
1679.183000,-0.008577,15.516038,0.046598
1679.665000,-0.009578,15.508250,0.046598
1680.147000,-0.010803,15.500511,0.046598
1680.629000,-0.011037,15.492822,0.046598
1681.111000,-0.012766,15.485186,0.046598
1681.593000,-0.014427,15.477603,0.046598
1682.075000,-0.016012,15.470077,0.046598
1682.557000,-0.015603,15.462607,0.046598
1683.039000,-0.015578,15.455197,0.046598
1683.521000,-0.015317,15.447849,0.046598
1684.003000,-0.014559,15.440563,0.046598
1684.485000,-0.014494,15.433342,0.046598
1684.967000,-0.014156,15.426187,0.046598
1685.449000,-0.013153,15.419101,0.046598
1685.931000,-0.013916,15.412085,0.046598
1686.413000,-0.015049,15.405141,0.046598
1686.895000,-0.015734,15.398271,0.046598
1687.377000,-0.016337,15.391476,0.046598
1687.859000,-0.019492,15.384759,0.046598
1688.341000,-0.022249,15.378121,0.046598
1688.823000,-0.025654,15.371564,0.046598
1689.305000,-0.027929,15.365091,0.046598
1689.787000,-0.030598,15.358701,0.046598
1690.269000,-0.034127,15.352399,0.046598
1690.751000,-0.036451,15.346185,0.046598
1691.233000,-0.034482,15.340061,0.046598
1691.715000,-0.034405,15.334029,0.046598
1692.197000,-0.033031,15.328092,0.046598
1692.679000,-0.033253,15.322250,0.046598
1693.161000,-0.031965,15.316505,0.046598
1693.643000,-0.030906,15.310860,0.046598
1694.125000,-0.030058,15.305317,0.046598
1694.607000,-0.032038,15.299877,0.046598
1695.089000,-0.032760,15.294541,0.046598
1695.571000,-0.034115,15.289313,0.046598
1696.053000,-0.034114,15.284193,0.046598
1696.535000,-0.034856,15.279184,0.046598
1697.017000,-0.035153,15.274287,0.046598
1697.499000,-0.033623,15.269505,0.046598
1697.981000,-0.030367,15.264839,0.046598
1698.463000,-0.031028,15.260291,0.046598
1698.945000,-0.031187,15.255862,0.046598
1699.427000,-0.032666,15.251555,0.046598
1699.909000,-0.032896,15.247372,0.046598
1700.391000,-0.034238,15.243314,0.046598
1700.873000,-0.037795,15.239384,0.046598
1701.355000,-0.043848,15.235582,0.046598
1701.837000,-0.048306,15.231912,0.046598
1702.319000,-0.051776,15.228374,0.046598
1702.801000,-0.055682,15.224972,0.046598
1703.283000,-0.057746,15.221705,0.046598
1703.765000,-0.058516,15.218577,0.046598
1704.247000,-0.057718,15.215589,0.046598
1704.729000,-0.056403,15.212742,0.046598
1705.211000,-0.054105,15.210038,0.046598
1705.693000,-0.051711,15.207478,0.046598
1706.175000,-0.049443,15.205063,0.046598
1706.657000,-0.043881,15.202793,0.046598
1707.139000,-0.041120,15.200671,0.046598
1707.621000,-0.039514,15.198697,0.046598
1708.103000,-0.037918,15.196872,0.046598
1708.585000,-0.036692,15.195198,0.046598
1709.067000,-0.037179,15.193675,0.046598
1709.549000,-0.039516,15.192304,0.046598
1710.031000,-0.039807,15.191086,0.046598
1710.513000,-0.042503,15.190023,0.046598
1710.995000,-0.045403,15.189116,0.046598
1711.477000,-0.048890,15.188365,0.046598
1711.959000,-0.051836,15.187772,0.046598
1712.441000,-0.055245,15.187338,0.046598
1712.923000,-0.059891,15.187063,0.046598
1713.405000,-0.059166,15.186948,0.046598
1713.887000,-0.060014,15.186995,0.046598
1714.369000,-0.057874,15.187202,0.046598
1714.851000,-0.054750,15.187572,0.046598
1715.333000,-0.049572,15.188104,0.046598
1715.815000,-0.046780,15.188799,0.046598
1716.297000,-0.041386,15.189656,0.046598
1716.779000,-0.035107,15.190675,0.046598
1717.261000,-0.030723,15.191858,0.046598
1717.743000,-0.027000,15.193202,0.046598
1718.225000,-0.026447,15.194710,0.046598
1718.707000,-0.026350,15.196380,0.046598
1719.189000,-0.027001,15.198214,0.046598
1719.671000,-0.031173,15.200209,0.046598
1720.153000,-0.033460,15.202368,0.046598
1720.635000,-0.037553,15.204690,0.046598
1721.117000,-0.039598,15.207174,0.046598
1721.599000,-0.041321,15.209822,0.046598
1722.081000,-0.043019,15.212632,0.046598
1722.563000,-0.044576,15.215606,0.046598
1723.045000,-0.044982,15.218742,0.046598
1723.527000,-0.046106,15.222042,0.046598
1724.009000,-0.047557,15.225504,0.046598
1724.491000,-0.048874,15.229130,0.046598
1724.973000,-0.050577,15.232918,0.046598
1725.455000,-0.049902,15.236869,0.046598
1725.937000,-0.049653,15.240982,0.046598
1726.419000,-0.050435,15.245258,0.046598
1726.901000,-0.050709,15.249696,0.046598
1727.383000,-0.050232,15.254295,0.046598
1727.865000,-0.049406,15.259056,0.046598
1728.347000,-0.050532,15.263977,0.046598
1728.829000,-0.051944,15.269058,0.046598
1729.311000,-0.052697,15.274299,0.046598
1729.793000,-0.055163,15.279700,0.046598
1730.275000,-0.058308,15.285259,0.046598
1730.757000,-0.060032,15.290975,0.046598
1731.239000,-0.059741,15.296850,0.046598
1731.721000,-0.059461,15.302880,0.046598
1732.203000,-0.057214,15.309065,0.046598
1732.685000,-0.054449,15.315405,0.046598
1733.167000,-0.050198,15.321897,0.046598
1733.649000,-0.044880,15.328540,0.046598
1734.131000,-0.038989,15.335332,0.046598
1734.613000,-0.035095,15.342273,0.046598
1735.095000,-0.031529,15.349361,0.046598
1735.577000,-0.028239,15.356593,0.046598
1736.059000,-0.025445,15.363970,0.046598
1736.541000,-0.022869,15.371488,0.046598
1737.023000,-0.022118,15.379148,0.046598
1737.505000,-0.022842,15.386946,0.046598
1737.987000,-0.022988,15.394882,0.046598
1738.469000,-0.024235,15.402955,0.046598
1738.951000,-0.025116,15.411162,0.046598
1739.433000,-0.025973,15.419502,0.046598
1739.915000,-0.026864,15.427975,0.046598
1740.397000,-0.027472,15.436577,0.046598
1740.879000,-0.028919,15.445309,0.046598
1741.361000,-0.032700,15.454168,0.046598
1741.843000,-0.034957,15.463152,0.046598
1742.325000,-0.036673,15.472262,0.046598
1742.807000,-0.038382,15.481494,0.046598
1743.289000,-0.041782,15.490848,0.046598
1743.771000,-0.045168,15.500321,0.046598
1744.253000,-0.050797,15.509914,0.046598
1744.735000,-0.053447,15.519623,0.046598
1745.217000,-0.057019,15.529449,0.046598
1745.699000,-0.058870,15.539388,0.046598
1746.181000,-0.058357,15.549440,0.046598
1746.663000,-0.056330,15.559603,0.046598
1747.145000,-0.052819,15.569874,0.046598
1747.627000,-0.048187,15.580253,0.046598
1748.109000,-0.041634,15.590736,0.046598
1748.591000,-0.033738,15.601322,0.046598
1749.073000,-0.025188,15.612008,0.046598
1749.555000,-0.018591,15.622793,0.046598
1750.037000,-0.013720,15.633673,0.046598
1750.519000,-0.010057,15.644648,0.046598
1751.001000,-0.007851,15.655714,0.046598
1751.483000,-0.006137,15.666870,0.046598
1751.965000,-0.007135,15.678113,0.046598
1752.447000,-0.009245,15.689441,0.046598
1752.929000,-0.010171,15.700852,0.046598
1753.411000,-0.010063,15.712344,0.046598
1753.893000,-0.009942,15.723915,0.046598
1754.375000,-0.009902,15.735563,0.046598
1754.857000,-0.007774,15.747285,0.046598
1755.339000,-0.006782,15.759079,0.046598
1755.821000,-0.004810,15.770943,0.046598
1756.303000,-0.003676,15.782876,0.046598
1756.785000,-0.003008,15.794874,0.046598
1757.267000,-0.001977,15.806937,0.046598
1757.749000,0.000423,15.819061,0.046598
1758.231000,0.001001,15.831244,0.046598
1758.713000,0.001499,15.843485,0.046598
1759.195000,0.002780,15.855782,0.046598
1759.677000,0.005217,15.868131,0.046598
1760.159000,0.008754,15.880532,0.046598
1760.641000,0.011589,15.892982,0.046598
1761.123000,0.014740,15.905479,0.046598
1761.605000,0.018510,15.918021,0.046598
1762.087000,0.019946,15.930606,0.046598
1762.569000,0.020631,15.943232,0.046598
1763.051000,0.020147,15.955896,0.046598
1763.533000,0.020087,15.968597,0.046598
1764.015000,0.019487,15.981333,0.046598
1764.497000,0.020121,15.994101,0.046598
1764.979000,0.020673,16.006900,0.046598
1765.461000,0.021195,16.019727,0.046598
1765.943000,0.022468,16.032581,0.046598
1766.425000,0.021241,16.045459,0.046598
1766.907000,0.021545,16.058360,0.046598
1767.389000,0.021969,16.071282,0.046598
1767.871000,0.021066,16.084222,0.046598
1768.353000,0.020801,16.097179,0.046598
1768.835000,0.019145,16.110150,0.046598
1769.317000,0.020442,16.123134,0.046598
1769.799000,0.022771,16.136128,0.046598
1770.281000,0.027487,16.149131,0.046598
1770.763000,0.033891,16.162141,0.046598
1771.245000,0.044566,16.175156,0.046598
1771.727000,0.053838,16.188173,0.046598
1772.209000,0.061553,16.201192,0.046598
1772.691000,0.071315,16.214209,0.046598
1773.173000,0.077588,16.227224,0.046598
1773.655000,0.083965,16.240233,0.046598
1774.137000,0.087799,16.253237,0.046598
1774.619000,0.085753,16.266231,0.046598
1775.101000,0.085346,16.279216,0.046598
1775.583000,0.081218,16.292188,0.046598
1776.065000,0.077269,16.305146,0.046598
1776.547000,0.071529,16.318088,0.046598
1777.029000,0.067365,16.331012,0.046598
1777.511000,0.066128,16.343917,0.046598
1777.993000,0.066054,16.356801,0.046598
1778.475000,0.065270,16.369662,0.046598
1778.957000,0.063969,16.382498,0.046598
1779.439000,0.065744,16.395308,0.046598
1779.921000,0.065642,16.408089,0.046598
1780.403000,0.067333,16.420840,0.046598
1780.885000,0.066580,16.433560,0.046598
1781.367000,0.064994,16.446247,0.046598
1781.849000,0.067039,16.458898,0.046598
1782.331000,0.067808,16.471513,0.046598
1782.813000,0.067771,16.484089,0.046598
1783.295000,0.068791,16.496625,0.046598
1783.777000,0.071063,16.509119,0.046598
1784.259000,0.073757,16.521571,0.046598
1784.741000,0.074774,16.533977,0.046598
1785.223000,0.074359,16.546336,0.046598
1785.705000,0.071677,16.558648,0.046598
1786.187000,0.069643,16.570910,0.046598
1786.669000,0.066716,16.583120,0.046598
1787.151000,0.063378,16.595278,0.046598
1787.633000,0.059414,16.607381,0.046598
1788.115000,0.058786,16.619428,0.046598
1788.597000,0.060963,16.631418,0.046598
1789.079000,0.063694,16.643349,0.046598
1789.561000,0.066954,16.655219,0.046598
1790.043000,0.073257,16.667028,0.046598
1790.525000,0.080117,16.678773,0.046598
1791.007000,0.086309,16.690452,0.046598
1791.489000,0.093308,16.702066,0.046598
1791.971000,0.100647,16.713612,0.046598
1792.453000,0.107887,16.725088,0.046598
1792.935000,0.113624,16.736494,0.046598
1793.417000,0.117776,16.747827,0.046598
1793.899000,0.119396,16.759087,0.046598
1794.381000,0.119715,16.770272,0.046598
1794.863000,0.119689,16.781381,0.046598
1795.345000,0.118826,16.792413,0.046598
1795.827000,0.116495,16.803365,0.046598
1796.309000,0.113347,16.814238,0.046598
1796.791000,0.110567,16.825029,0.046598
1797.273000,0.104685,16.835737,0.046598
1797.755000,0.101133,16.846361,0.046598
1798.237000,0.100097,16.856900,0.046598
1798.719000,0.099264,16.867353,0.046598
1799.201000,0.100552,16.877718,0.046598
1799.683000,0.100907,16.887994,0.046598
1800.165000,0.104172,16.898180,0.046598
1800.647000,0.106687,16.908275,0.046598
1801.129000,0.108154,16.918277,0.046598
1801.611000,0.108927,16.928187,0.046598
1802.093000,0.111849,16.938001,0.046598
1802.575000,0.112122,16.947720,0.046598
1803.057000,0.113775,16.957342,0.046598
1803.539000,0.113505,16.966866,0.046598
1804.021000,0.110246,16.976291,0.046598
1804.503000,0.110937,16.985616,0.046598
1804.985000,0.109428,16.994840,0.046598
1805.467000,0.106616,17.003963,0.046598
1805.949000,0.106975,17.012982,0.046598
1806.431000,0.105842,17.021897,0.046598
1806.913000,0.108082,17.030707,0.046598
1807.395000,0.109029,17.039412,0.046598
1807.877000,0.109922,17.048009,0.046598
1808.359000,0.110200,17.056499,0.046598
1808.841000,0.112533,17.064881,0.046598
1809.323000,0.115497,17.073152,0.046598
1809.805000,0.121609,17.081314,0.046598
1810.287000,0.125734,17.089364,0.046598
1810.769000,0.129227,17.097302,0.046598
1811.251000,0.132864,17.105127,0.046598
1811.733000,0.134616,17.112839,0.046598
1812.215000,0.135778,17.120435,0.046598
1812.697000,0.137818,17.127917,0.046598
1813.179000,0.138626,17.135283,0.046598
1813.661000,0.140878,17.142532,0.046598
1814.143000,0.141970,17.149664,0.046598
1814.625000,0.140809,17.156677,0.046598
1815.107000,0.138230,17.163572,0.046598
1815.589000,0.137190,17.170347,0.046598
1816.071000,0.137326,17.177002,0.046598
1816.553000,0.137562,17.183536,0.046598
1817.035000,0.137368,17.189950,0.046598
1817.517000,0.136929,17.196241,0.046598
1817.999000,0.136061,17.202410,0.046598
1818.481000,0.135763,17.208455,0.046598
1818.963000,0.134416,17.214378,0.046598
1819.445000,0.134296,17.220176,0.046598
1819.927000,0.137007,17.225850,0.046598
1820.409000,0.139236,17.231398,0.046598
1820.891000,0.139448,17.236822,0.046598
1821.373000,0.140412,17.242119,0.046598
1821.855000,0.141345,17.247290,0.046598
1822.337000,0.141088,17.252335,0.046598
1822.819000,0.139097,17.257252,0.046598
1823.301000,0.139693,17.262042,0.046598
1823.783000,0.140469,17.266705,0.046598
1824.265000,0.140947,17.271239,0.046598
1824.747000,0.140410,17.275645,0.046598
1825.229000,0.139045,17.279922,0.046598
1825.711000,0.139753,17.284070,0.046598
1826.193000,0.142249,17.288089,0.046598
1826.675000,0.145206,17.291979,0.046598
1827.157000,0.145688,17.295739,0.046598
1827.639000,0.145713,17.299369,0.046598
1828.121000,0.148451,17.302869,0.046598
1828.603000,0.150239,17.306239,0.046598
1829.085000,0.149803,17.309479,0.046598
1829.567000,0.150423,17.312588,0.046598
1830.049000,0.152044,17.315567,0.046598
1830.531000,0.151625,17.318416,0.046598
1831.013000,0.150667,17.321134,0.046598
1831.495000,0.150334,17.323721,0.046598
1831.977000,0.149587,17.326177,0.046598
1832.459000,0.148114,17.328503,0.046598
1832.941000,0.144728,17.330699,0.046598
1833.423000,0.140468,17.332763,0.046598
1833.905000,0.137726,17.334698,0.046598
1834.387000,0.136367,17.336501,0.046598
1834.869000,0.137636,17.338175,0.046598
1835.351000,0.137627,17.339718,0.046598
1835.833000,0.136844,17.341131,0.046598
1836.315000,0.135068,17.342415,0.046598
1836.797000,0.131998,17.343568,0.046598
1837.279000,0.127842,17.344592,0.046598
1837.761000,0.124163,17.345487,0.046598
1838.243000,0.121687,17.346252,0.046598
1838.725000,0.116779,17.346889,0.046598
1839.207000,0.109067,17.347397,0.046598
1839.689000,0.103985,17.347777,0.046598
1840.171000,0.100136,17.348029,0.046598
1840.653000,0.099335,17.348153,0.046598
1841.135000,0.099217,17.348150,0.046598
1841.617000,0.101845,17.348019,0.046598
1842.099000,0.103227,17.347762,0.046598
1842.581000,0.106089,17.347379,0.046598
1843.063000,0.108368,17.346869,0.046598
1843.545000,0.112158,17.346234,0.046598
1844.027000,0.116811,17.345474,0.046598
1844.509000,0.121040,17.344590,0.046598
1844.991000,0.127021,17.343581,0.046598
1845.473000,0.129865,17.342448,0.046598
1845.955000,0.130417,17.341192,0.046598
1846.437000,0.133284,17.339813,0.046598
1846.919000,0.134747,17.338311,0.046598
1847.401000,0.135086,17.336688,0.046598
1847.883000,0.131527,17.334944,0.046598
1848.365000,0.128398,17.333079,0.046598
1848.847000,0.124817,17.331094,0.046598
1849.329000,0.122817,17.328989,0.046598
1849.811000,0.119152,17.326766,0.046598
1850.293000,0.115849,17.324424,0.046598
1850.775000,0.114778,17.321965,0.046598
1851.257000,0.111066,17.319389,0.046598
1851.739000,0.110956,17.316697,0.046598
1852.221000,0.106734,17.313889,0.046598
1852.703000,0.103697,17.310967,0.046598
1853.185000,0.103811,17.307930,0.046598
1853.667000,0.101485,17.304780,0.046598
1854.149000,0.099608,17.301518,0.046598
1854.631000,0.096142,17.298144,0.046598
1855.113000,0.093665,17.294659,0.046598
1855.595000,0.093163,17.291064,0.046598
1856.077000,0.090423,17.287359,0.046598
1856.559000,0.087669,17.283546,0.046598
1857.041000,0.085269,17.279626,0.046598
1857.523000,0.084674,17.275598,0.046598
1858.005000,0.081134,17.271465,0.046598
1858.487000,0.080465,17.267227,0.046598
1858.969000,0.075454,17.262884,0.046598
1859.451000,0.073954,17.258439,0.046598
1859.933000,0.071612,17.253891,0.046598
1860.415000,0.069210,17.249242,0.046598
1860.897000,0.070403,17.244492,0.046598
1861.379000,0.069870,17.239643,0.046598
1861.861000,0.069153,17.234696,0.046598
1862.343000,0.068353,17.229651,0.046598
1862.825000,0.067080,17.224510,0.046598
1863.307000,0.068064,17.219273,0.046598
1863.789000,0.069281,17.213942,0.046598
1864.271000,0.072028,17.208518,0.046598
1864.753000,0.072898,17.203001,0.046598
1865.235000,0.074175,17.197393,0.046598
1865.717000,0.073686,17.191694,0.046598
1866.199000,0.073554,17.185907,0.046598
1866.681000,0.071835,17.180031,0.046598
1867.163000,0.071227,17.174069,0.046598
1867.645000,0.071303,17.168021,0.046598
1868.127000,0.067895,17.161888,0.046598
1868.609000,0.065296,17.155671,0.046598
1869.091000,0.062311,17.149372,0.046598
1869.573000,0.059304,17.142992,0.046598
1870.055000,0.057230,17.136532,0.046598
1870.537000,0.056558,17.129992,0.046598
1871.019000,0.055317,17.123375,0.046598
1871.501000,0.051804,17.116682,0.046598
1871.983000,0.049076,17.109913,0.046598
1872.465000,0.045360,17.103071,0.046598
1872.947000,0.042093,17.096155,0.046598
1873.429000,0.038852,17.089168,0.046598
1873.911000,0.036914,17.082110,0.046598
1874.393000,0.036511,17.074984,0.046598
1874.875000,0.034178,17.067789,0.046598
1875.357000,0.035552,17.060528,0.046598
1875.839000,0.036516,17.053202,0.046598
1876.321000,0.037054,17.045812,0.046598
1876.803000,0.038619,17.038359,0.046598
1877.285000,0.039589,17.030845,0.046598
1877.767000,0.038509,17.023271,0.046598
1878.249000,0.035552,17.015638,0.046598
1878.731000,0.034258,17.007948,0.046598
1879.213000,0.030629,17.000202,0.046598
1879.695000,0.027539,16.992401,0.046598
1880.177000,0.023865,16.984547,0.046598
1880.659000,0.021773,16.976641,0.046598
1881.141000,0.020954,16.968684,0.046598
1881.623000,0.020357,16.960678,0.046598
1882.105000,0.020789,16.952625,0.046598
1882.587000,0.021982,16.944525,0.046598
1883.069000,0.023583,16.936380,0.046598
1883.551000,0.023828,16.928191,0.046598
1884.033000,0.023431,16.919960,0.046598
1884.515000,0.023541,16.911689,0.046598
1884.997000,0.023621,16.903378,0.046598
1885.479000,0.022965,16.895029,0.046598
1885.961000,0.020418,16.886644,0.046598
1886.443000,0.019065,16.878223,0.046598
1886.925000,0.016969,16.869770,0.046598
1887.407000,0.014448,16.861284,0.046598
1887.889000,0.013924,16.852767,0.046598
1888.371000,0.012342,16.844222,0.046598
1888.853000,0.010654,16.835648,0.046598
1889.335000,0.009344,16.827049,0.046598
1889.817000,0.006467,16.818425,0.046598
1890.299000,0.003655,16.809777,0.046598
1890.781000,0.002341,16.801108,0.046598
1891.263000,0.000955,16.792419,0.046598
1891.745000,-0.000775,16.783712,0.046598
1892.227000,-0.003845,16.774987,0.046598
1892.709000,-0.006125,16.766246,0.046598
1893.191000,-0.008495,16.757491,0.046598
1893.673000,-0.012586,16.748724,0.046598
1894.155000,-0.014611,16.739946,0.046598
1894.637000,-0.015525,16.731158,0.046598
1895.119000,-0.016185,16.722363,0.046598
1895.601000,-0.015345,16.713561,0.046598
1896.083000,-0.015123,16.704754,0.046598
1896.565000,-0.015087,16.695944,0.046598
1897.047000,-0.013735,16.687132,0.046598
1897.529000,-0.011128,16.678320,0.046598
1898.011000,-0.010916,16.669509,0.046598
1898.493000,-0.010365,16.660702,0.046598
1898.975000,-0.010730,16.651899,0.046598
1899.457000,-0.012862,16.643102,0.046598
1899.939000,-0.017019,16.634312,0.046598
1900.421000,-0.021213,16.625532,0.046598
1900.903000,-0.023967,16.616763,0.046598
1901.385000,-0.026295,16.608006,0.046598
1901.867000,-0.026995,16.599263,0.046598
1902.349000,-0.027316,16.590535,0.046598
1902.831000,-0.027404,16.581825,0.046598
1903.313000,-0.026904,16.573134,0.046598
1903.795000,-0.025872,16.564463,0.046598
1904.277000,-0.024680,16.555814,0.046598
1904.759000,-0.023591,16.547188,0.046598
1905.241000,-0.023492,16.538588,0.046598
1905.723000,-0.024661,16.530014,0.046598
1906.205000,-0.027728,16.521469,0.046598
1906.687000,-0.030725,16.512953,0.046598
1907.169000,-0.033166,16.504470,0.046598
1907.651000,-0.034435,16.496019,0.046598
1908.133000,-0.033234,16.487603,0.046598
1908.615000,-0.030278,16.479224,0.046598
1909.097000,-0.026664,16.470883,0.046598
1909.579000,-0.022757,16.462581,0.046598
1910.061000,-0.019824,16.454321,0.046598
1910.543000,-0.017805,16.446103,0.046598
1911.025000,-0.016137,16.437930,0.046598
1911.507000,-0.014631,16.429803,0.046598
1911.989000,-0.016059,16.421724,0.046598
1912.471000,-0.018038,16.413694,0.046598
1912.953000,-0.019867,16.405716,0.046598
1913.435000,-0.020678,16.397790,0.046598
1913.917000,-0.022223,16.389918,0.046598
1914.399000,-0.020912,16.382102,0.046598
1914.881000,-0.019675,16.374344,0.046598
1915.363000,-0.018523,16.366645,0.046598
1915.845000,-0.018823,16.359007,0.046598
1916.327000,-0.018738,16.351431,0.046598
1916.809000,-0.020804,16.343920,0.046598
1917.291000,-0.023128,16.336475,0.046598
1917.773000,-0.025884,16.329097,0.046598
1918.255000,-0.028900,16.321788,0.046598
1918.737000,-0.031424,16.314550,0.046598
1919.219000,-0.033165,16.307385,0.046598
1919.701000,-0.034388,16.300294,0.046598
1920.183000,-0.033237,16.293279,0.046598
1920.665000,-0.032951,16.286341,0.046598
1921.147000,-0.031858,16.279483,0.046598
1921.629000,-0.033804,16.272705,0.046598
1922.111000,-0.035804,16.266010,0.046598
1922.593000,-0.036829,16.259399,0.046598
1923.075000,-0.038443,16.252874,0.046598
1923.557000,-0.042005,16.246437,0.046598
1924.039000,-0.045325,16.240089,0.046598
1924.521000,-0.048197,16.233832,0.046598
1925.003000,-0.049415,16.227668,0.046598
1925.485000,-0.049684,16.221597,0.046598
1925.967000,-0.050585,16.215623,0.046598
1926.449000,-0.050403,16.209745,0.046598
1926.931000,-0.049657,16.203966,0.046598
1927.413000,-0.050845,16.198287,0.046598
1927.895000,-0.052210,16.192709,0.046598
1928.377000,-0.053913,16.187233,0.046598
1928.859000,-0.054050,16.181862,0.046598
1929.341000,-0.053387,16.176596,0.046598
1929.823000,-0.054128,16.171437,0.046598
1930.305000,-0.053999,16.166385,0.046598
1930.787000,-0.053053,16.161441,0.046598
1931.269000,-0.051345,16.156607,0.046598
1931.751000,-0.048629,16.151883,0.046598
1932.233000,-0.044931,16.147271,0.046598
1932.715000,-0.042587,16.142769,0.046598
1933.197000,-0.040134,16.138381,0.046598
1933.679000,-0.039200,16.134105,0.046598
1934.161000,-0.037212,16.129944,0.046598
1934.643000,-0.035672,16.125898,0.046598
1935.125000,-0.035752,16.121967,0.046598
1935.607000,-0.034423,16.118152,0.046598
1936.089000,-0.035028,16.114455,0.046598
1936.571000,-0.036426,16.110875,0.046598
1937.053000,-0.037502,16.107415,0.046598
1937.535000,-0.039286,16.104074,0.046598
1938.017000,-0.038851,16.100853,0.046598
1938.499000,-0.040151,16.097753,0.046598
1938.981000,-0.040366,16.094775,0.046598
1939.463000,-0.042154,16.091919,0.046598
1939.945000,-0.044444,16.089187,0.046598
1940.427000,-0.045713,16.086579,0.046598
1940.909000,-0.044939,16.084096,0.046598
1941.391000,-0.045471,16.081739,0.046598
1941.873000,-0.046164,16.079508,0.046598
1942.355000,-0.045032,16.077404,0.046598
1942.837000,-0.046274,16.075428,0.046598
1943.319000,-0.046861,16.073581,0.046598
1943.801000,-0.046202,16.071862,0.046598
1944.283000,-0.046386,16.070274,0.046598
1944.765000,-0.044398,16.068815,0.046598
1945.247000,-0.043847,16.067487,0.046598
1945.729000,-0.044397,16.066290,0.046598
1946.211000,-0.044984,16.065226,0.046598
1946.693000,-0.045850,16.064293,0.046598
1947.175000,-0.046089,16.063494,0.046598
1947.657000,-0.047477,16.062828,0.046598
1948.139000,-0.049259,16.062296,0.046598
1948.621000,-0.049918,16.061898,0.046598
1949.103000,-0.050823,16.061635,0.046598
1949.585000,-0.053770,16.061507,0.046598
1950.067000,-0.054521,16.061515,0.046598
1950.549000,-0.055190,16.061658,0.046598
1951.031000,-0.056670,16.061938,0.046598
1951.513000,-0.056058,16.062353,0.046598
1951.995000,-0.053683,16.062904,0.046598
1952.477000,-0.054094,16.063590,0.046598
1952.959000,-0.052319,16.064413,0.046598
1953.441000,-0.051582,16.065370,0.046598
1953.923000,-0.050457,16.066462,0.046598
1954.405000,-0.051723,16.067689,0.046598
1954.887000,-0.050717,16.069050,0.046598
1955.369000,-0.048369,16.070545,0.046598
1955.851000,-0.045966,16.072172,0.046598
1956.333000,-0.044052,16.073932,0.046598
1956.815000,-0.041012,16.075824,0.046598
1957.297000,-0.039850,16.077848,0.046598
1957.779000,-0.038792,16.080002,0.046598
1958.261000,-0.038110,16.082286,0.046598
1958.743000,-0.036254,16.084700,0.046598
1959.225000,-0.037331,16.087242,0.046598
1959.707000,-0.037954,16.089913,0.046598
1960.189000,-0.039256,16.092711,0.046598
1960.671000,-0.040741,16.095636,0.046598
1961.153000,-0.043692,16.098687,0.046598
1961.635000,-0.044494,16.101863,0.046598
1962.117000,-0.044731,16.105165,0.046598
1962.599000,-0.044468,16.108591,0.046598
1963.081000,-0.044076,16.112140,0.046598
1963.563000,-0.042607,16.115813,0.046598
1964.045000,-0.041846,16.119608,0.046598
1964.527000,-0.042728,16.123524,0.046598
1965.009000,-0.042662,16.127561,0.046598
1965.491000,-0.041888,16.131719,0.046598
1965.973000,-0.043645,16.135996,0.046598
1966.455000,-0.045552,16.140393,0.046598
1966.937000,-0.047755,16.144907,0.046598
1967.419000,-0.048701,16.149540,0.046598
1967.901000,-0.048391,16.154289,0.046598
1968.383000,-0.047248,16.159155,0.046598
1968.865000,-0.045848,16.164136,0.046598
1969.347000,-0.044205,16.169232,0.046598
1969.829000,-0.041782,16.174441,0.046598
1970.311000,-0.038037,16.179763,0.046598
1970.793000,-0.035652,16.185196,0.046598
1971.275000,-0.034052,16.190740,0.046598
1971.757000,-0.031257,16.196394,0.046598
1972.239000,-0.030858,16.202157,0.046598
1972.721000,-0.032208,16.208027,0.046598
1973.203000,-0.032935,16.214004,0.046598
1973.685000,-0.033294,16.220087,0.046598
1974.167000,-0.032012,16.226274,0.046598
1974.649000,-0.030665,16.232565,0.046598
1975.131000,-0.028695,16.238960,0.046598
1975.613000,-0.028782,16.245456,0.046598
1976.095000,-0.029259,16.252053,0.046598
1976.577000,-0.028300,16.258750,0.046598
1977.059000,-0.027574,16.265546,0.046598
1977.541000,-0.028341,16.272440,0.046598
1978.023000,-0.030239,16.279432,0.046598
1978.505000,-0.032652,16.286519,0.046598
1978.987000,-0.035848,16.293702,0.046598
1979.469000,-0.039689,16.300978,0.046598
1979.951000,-0.042462,16.308348,0.046598
1980.433000,-0.046660,16.315811,0.046598
1980.915000,-0.049426,16.323365,0.046598
1981.397000,-0.052348,16.331009,0.046598
1981.879000,-0.054152,16.338742,0.046598
1982.361000,-0.056072,16.346564,0.046598
1982.843000,-0.056318,16.354473,0.046598
1983.325000,-0.055627,16.362468,0.046598
1983.807000,-0.053483,16.370547,0.046598
1984.289000,-0.051274,16.378710,0.046598
1984.771000,-0.047381,16.386954,0.046598
1985.253000,-0.042772,16.395278,0.046598
1985.735000,-0.037717,16.403680,0.046598
1986.217000,-0.034309,16.412159,0.046598
1986.699000,-0.031117,16.420714,0.046598
1987.181000,-0.028943,16.429342,0.046598
1987.663000,-0.025496,16.438042,0.046598
1988.145000,-0.021795,16.446813,0.046598
1988.627000,-0.017475,16.455652,0.046598
1989.109000,-0.013600,16.464559,0.046598
1989.591000,-0.011460,16.473532,0.046598
1990.073000,-0.009770,16.482569,0.046598
1990.555000,-0.005979,16.491668,0.046598
1991.037000,-0.002801,16.500829,0.046598
1991.519000,0.000538,16.510049,0.046598
1992.001000,0.002392,16.519327,0.046598
1992.483000,0.002689,16.528662,0.046598
1992.965000,0.001076,16.538051,0.046598
1993.447000,-0.000514,16.547494,0.046598
1993.929000,-0.002882,16.556989,0.046598
1994.411000,-0.006561,16.566534,0.046598
1994.893000,-0.009482,16.576127,0.046598
1995.375000,-0.012368,16.585768,0.046598
1995.857000,-0.015806,16.595455,0.046598
1996.339000,-0.020748,16.605186,0.046598
1996.821000,-0.023569,16.614959,0.046598
1997.303000,-0.025383,16.624774,0.046598
1997.785000,-0.027630,16.634628,0.046598
1998.267000,-0.029172,16.644521,0.046598
1998.749000,-0.029477,16.654450,0.046598
1999.231000,-0.029286,16.664415,0.046598
1999.713000,-0.026375,16.674413,0.046598
2000.195000,-0.021795,16.684444,0.046598
2000.677000,-0.018780,16.694505,0.046598
2001.159000,-0.014877,16.704595,0.046598
2001.641000,-0.010334,16.714713,0.046598
2002.123000,-0.005129,16.724857,0.046598
2002.605000,-0.000641,16.735027,0.046598
2003.087000,0.002979,16.745219,0.046598
2003.569000,0.005442,16.755433,0.046598
2004.051000,0.006279,16.765668,0.046598
2004.533000,0.004915,16.775921,0.046598
2005.015000,0.003626,16.786192,0.046598
2005.497000,0.002481,16.796479,0.046598
2005.979000,0.002377,16.806780,0.046598
2006.461000,0.003683,16.817094,0.046598
2006.943000,0.004280,16.827421,0.046598
2007.425000,0.003309,16.837757,0.046598
2007.907000,0.004113,16.848102,0.046598
2008.389000,0.004515,16.858454,0.046598
2008.871000,0.006053,16.868813,0.046598
2009.353000,0.008095,16.879176,0.046598
2009.835000,0.009957,16.889542,0.046598
2010.317000,0.009134,16.899909,0.046598
2010.799000,0.008881,16.910278,0.046598
2011.281000,0.007691,16.920645,0.046598
2011.763000,0.007890,16.931009,0.046598
2012.245000,0.008318,16.941370,0.046598
2012.727000,0.008003,16.951726,0.046598
2013.209000,0.008156,16.962075,0.046598
2013.691000,0.006836,16.972416,0.046598
2014.173000,0.005784,16.982748,0.046598
2014.655000,0.007384,16.993069,0.046598
2015.137000,0.009456,17.003378,0.046598
2015.619000,0.011064,17.013674,0.046598
2016.101000,0.013626,17.023955,0.046598
2016.583000,0.015402,17.034221,0.046598
2017.065000,0.016435,17.044469,0.046598
2017.547000,0.019103,17.054698,0.046598
2018.029000,0.021128,17.064907,0.046598
2018.511000,0.022678,17.075095,0.046598
2018.993000,0.024144,17.085261,0.046598
2019.475000,0.025801,17.095403,0.046598
2019.957000,0.027896,17.105520,0.046598
2020.439000,0.029836,17.115610,0.046598
2020.921000,0.031433,17.125673,0.046598
2021.403000,0.034839,17.135706,0.046598
2021.885000,0.037392,17.145710,0.046598
2022.367000,0.038153,17.155682,0.046598
2022.849000,0.039311,17.165621,0.046598
2023.331000,0.039999,17.175527,0.046598
2023.813000,0.040968,17.185397,0.046598
2024.295000,0.041194,17.195232,0.046598
2024.777000,0.040143,17.205028,0.046598
2025.259000,0.039647,17.214786,0.046598
2025.741000,0.039975,17.224504,0.046598
2026.223000,0.041395,17.234181,0.046598
2026.705000,0.041877,17.243816,0.046598
2027.187000,0.042150,17.253407,0.046598
2027.669000,0.042897,17.262954,0.046598
2028.151000,0.044470,17.272455,0.046598
2028.633000,0.046290,17.281909,0.046598
2029.115000,0.047261,17.291316,0.046598
2029.597000,0.047678,17.300673,0.046598
2030.079000,0.047576,17.309980,0.046598
2030.561000,0.048445,17.319236,0.046598
2031.043000,0.049453,17.328439,0.046598
2031.525000,0.049885,17.337589,0.046598
2032.007000,0.052015,17.346685,0.046598
2032.489000,0.052726,17.355725,0.046598
2032.971000,0.052436,17.364708,0.046598
2033.453000,0.051943,17.373634,0.046598
2033.935000,0.051928,17.382501,0.046598
2034.417000,0.053637,17.391309,0.046598
2034.899000,0.053302,17.400055,0.046598
2035.381000,0.054404,17.408740,0.046598
2035.863000,0.054843,17.417363,0.046598
2036.345000,0.055275,17.425921,0.046598
2036.827000,0.056524,17.434416,0.046598
2037.309000,0.059348,17.442844,0.046598
2037.791000,0.062149,17.451206,0.046598
2038.273000,0.063808,17.459501,0.046598
2038.755000,0.066218,17.467727,0.046598
2039.237000,0.066765,17.475884,0.046598
2039.719000,0.067174,17.483971,0.046598
2040.201000,0.068586,17.491986,0.046598
2040.683000,0.070056,17.499930,0.046598
2041.165000,0.069488,17.507801,0.046598
2041.647000,0.068855,17.515598,0.046598
2042.129000,0.070107,17.523320,0.046598
2042.611000,0.071932,17.530967,0.046598
2043.093000,0.074101,17.538538,0.046598
2043.575000,0.075012,17.546032,0.046598
2044.057000,0.075962,17.553449,0.046598
2044.539000,0.077284,17.560786,0.046598
2045.021000,0.077795,17.568044,0.046598
2045.503000,0.078252,17.575222,0.046598
2045.985000,0.078099,17.582320,0.046598
2046.467000,0.077872,17.589335,0.046598
2046.949000,0.077163,17.596269,0.046598
2047.431000,0.076719,17.603119,0.046598
2047.913000,0.074942,17.609885,0.046598
2048.395000,0.074544,17.616567,0.046598
2048.877000,0.073834,17.623164,0.046598
2049.359000,0.073896,17.629675,0.046598
2049.841000,0.072556,17.636100,0.046598
2050.323000,0.071080,17.642437,0.046598
2050.805000,0.070917,17.648687,0.046598
2051.287000,0.069837,17.654849,0.046598
2051.769000,0.068777,17.660922,0.046598
2052.251000,0.068504,17.666905,0.046598
2052.733000,0.067811,17.672798,0.046598
2053.215000,0.068767,17.678601,0.046598
2053.697000,0.070741,17.684312,0.046598
2054.179000,0.073334,17.689931,0.046598
2054.661000,0.074928,17.695459,0.046598
2055.143000,0.076639,17.700893,0.046598
2055.625000,0.079063,17.706234,0.046598
2056.107000,0.082224,17.711481,0.046598
2056.589000,0.084106,17.716634,0.046598
2057.071000,0.086255,17.721693,0.046598
2057.553000,0.085730,17.726656,0.046598
2058.035000,0.084702,17.731523,0.046598
2058.517000,0.083379,17.736294,0.046598
2058.999000,0.082352,17.740969,0.046598
2059.481000,0.080263,17.745546,0.046598
2059.963000,0.079009,17.750027,0.046598
2060.445000,0.077201,17.754410,0.046598
2060.927000,0.075439,17.758694,0.046598
2061.409000,0.073361,17.762880,0.046598
2061.891000,0.072261,17.766968,0.046598
2062.373000,0.072733,17.770956,0.046598
2062.855000,0.073928,17.774845,0.046598
2063.337000,0.075720,17.778634,0.046598
2063.819000,0.077953,17.782323,0.046598
2064.301000,0.079187,17.785912,0.046598
2064.783000,0.082259,17.789400,0.046598
2065.265000,0.083990,17.792787,0.046598
2065.747000,0.086165,17.796074,0.046598
2066.229000,0.087571,17.799259,0.046598
2066.711000,0.089160,17.802342,0.046598
2067.193000,0.090767,17.805324,0.046598
2067.675000,0.092117,17.808203,0.046598
2068.157000,0.092353,17.810981,0.046598
2068.639000,0.091145,17.813656,0.046598
2069.121000,0.091224,17.816229,0.046598
2069.603000,0.090553,17.818700,0.046598
2070.085000,0.091225,17.821067,0.046598
2070.567000,0.091467,17.823332,0.046598
2071.049000,0.090705,17.825494,0.046598
2071.531000,0.088862,17.827553,0.046598
2072.013000,0.086525,17.829509,0.046598
2072.495000,0.085006,17.831361,0.046598
2072.977000,0.084395,17.833111,0.046598
2073.459000,0.083999,17.834758,0.046598
2073.941000,0.084125,17.836301,0.046598
2074.423000,0.084920,17.837741,0.046598
2074.905000,0.085679,17.839078,0.046598
2075.387000,0.085468,17.840312,0.046598
2075.869000,0.086924,17.841442,0.046598
2076.351000,0.087211,17.842470,0.046598
2076.833000,0.089351,17.843394,0.046598
2077.315000,0.091582,17.844216,0.046598
2077.797000,0.091724,17.844935,0.046598
2078.279000,0.089717,17.845551,0.046598
2078.761000,0.088881,17.846064,0.046598
2079.243000,0.088701,17.846475,0.046598
2079.725000,0.086959,17.846784,0.046598
2080.207000,0.083965,17.846991,0.046598
2080.689000,0.081342,17.847095,0.046598
2081.171000,0.081932,17.847098,0.046598
2081.653000,0.081325,17.846999,0.046598
2082.135000,0.080175,17.846799,0.046598
2082.617000,0.080474,17.846497,0.046598
2083.099000,0.079540,17.846095,0.046598
2083.581000,0.079460,17.845592,0.046598
2084.063000,0.079757,17.844988,0.046598
2084.545000,0.076925,17.844284,0.046598
2085.027000,0.075263,17.843481,0.046598
2085.509000,0.074185,17.842578,0.046598
2085.991000,0.073439,17.841575,0.046598
2086.473000,0.070946,17.840474,0.046598
2086.955000,0.069418,17.839274,0.046598
2087.437000,0.070138,17.837976,0.046598
2087.919000,0.072455,17.836580,0.046598
2088.401000,0.073361,17.835086,0.046598
2088.883000,0.073251,17.833495,0.046598
2089.365000,0.073648,17.831808,0.046598
2089.847000,0.073514,17.830024,0.046598
2090.329000,0.073873,17.828144,0.046598
2090.811000,0.074693,17.826169,0.046598
2091.293000,0.071979,17.824099,0.046598
2091.775000,0.069687,17.821934,0.046598
2092.257000,0.067747,17.819675,0.046598
2092.739000,0.065332,17.817323,0.046598
2093.221000,0.064717,17.814877,0.046598
2093.703000,0.065379,17.812339,0.046598
2094.185000,0.066134,17.809708,0.046598
2094.667000,0.067417,17.806986,0.046598
2095.149000,0.067626,17.804173,0.046598
2095.631000,0.066256,17.801269,0.046598
2096.113000,0.067131,17.798276,0.046598
2096.595000,0.069134,17.795193,0.046598
2097.077000,0.069676,17.792021,0.046598
2097.559000,0.068822,17.788761,0.046598
2098.041000,0.066490,17.785413,0.046598
2098.523000,0.063353,17.781978,0.046598
2099.005000,0.061997,17.778457,0.046598
2099.487000,0.059729,17.774850,0.046598
2099.969000,0.059063,17.771158,0.046598
2100.451000,0.057121,17.767382,0.046598
2100.933000,0.054635,17.763522,0.046598
2101.415000,0.053628,17.759579,0.046598
2101.897000,0.051825,17.755553,0.046598
2102.379000,0.049904,17.751446,0.046598
2102.861000,0.049667,17.747257,0.046598
2103.343000,0.048826,17.742989,0.046598
2103.825000,0.047179,17.738641,0.046598
2104.307000,0.047182,17.734214,0.046598
2104.789000,0.047459,17.729709,0.046598
2105.271000,0.046291,17.725126,0.046598
2105.753000,0.046902,17.720468,0.046598
2106.235000,0.046233,17.715733,0.046598
2106.717000,0.045070,17.710924,0.046598
2107.199000,0.044286,17.706040,0.046598
2107.681000,0.042922,17.701083,0.046598
2108.163000,0.041773,17.696053,0.046598
2108.645000,0.040839,17.690952,0.046598
2109.127000,0.039656,17.685780,0.046598
2109.609000,0.040074,17.680537,0.046598
2110.091000,0.039791,17.675226,0.046598
2110.573000,0.040670,17.669846,0.046598
2111.055000,0.041227,17.664399,0.046598
2111.537000,0.040812,17.658885,0.046598
2112.019000,0.040543,17.653305,0.046598
2112.501000,0.040830,17.647660,0.046598
2112.983000,0.038905,17.641952,0.046598
2113.465000,0.036409,17.636180,0.046598
2113.947000,0.033418,17.630347,0.046598
2114.429000,0.029600,17.624452,0.046598
2114.911000,0.027300,17.618497,0.046598
2115.393000,0.024595,17.612482,0.046598
2115.875000,0.022382,17.606410,0.046598
2116.357000,0.022163,17.600279,0.046598
2116.839000,0.020984,17.594093,0.046598
2117.321000,0.019659,17.587851,0.046598
2117.803000,0.018985,17.581554,0.046598
2118.285000,0.018212,17.575204,0.046598
2118.767000,0.016896,17.568802,0.046598
2119.249000,0.015645,17.562347,0.046598
2119.731000,0.013201,17.555843,0.046598
2120.213000,0.011667,17.549289,0.046598
2120.695000,0.010850,17.542686,0.046598
2121.177000,0.009776,17.536036,0.046598
2121.659000,0.009956,17.529339,0.046598
2122.141000,0.009062,17.522597,0.046598
2122.623000,0.009461,17.515811,0.046598
2123.105000,0.010295,17.508981,0.046598
2123.587000,0.010010,17.502109,0.046598
2124.069000,0.009974,17.495196,0.046598
2124.551000,0.011794,17.488242,0.046598
2125.033000,0.012259,17.481250,0.046598
2125.515000,0.013062,17.474219,0.046598
2125.997000,0.014775,17.467151,0.046598
2126.479000,0.016269,17.460048,0.046598
2126.961000,0.018211,17.452910,0.046598
2127.443000,0.019231,17.445738,0.046598
2127.925000,0.019293,17.438533,0.046598
2128.407000,0.017789,17.431297,0.046598
2128.889000,0.015039,17.424031,0.046598
2129.371000,0.012148,17.416735,0.046598
2129.853000,0.007837,17.409412,0.046598
2130.335000,0.003108,17.402061,0.046598
2130.817000,0.000157,17.394685,0.046598
2131.299000,-0.001466,17.387283,0.046598
2131.781000,-0.004208,17.379859,0.046598
2132.263000,-0.006368,17.372412,0.046598
2132.745000,-0.008019,17.364943,0.046598
2133.227000,-0.009480,17.357455,0.046598
2133.709000,-0.010403,17.349947,0.046598
2134.191000,-0.010464,17.342422,0.046598
2134.673000,-0.011116,17.334881,0.046598
2135.155000,-0.012888,17.327324,0.046598
2135.637000,-0.013940,17.319753,0.046598
2136.119000,-0.015261,17.312168,0.046598
2136.601000,-0.017607,17.304572,0.046598
2137.083000,-0.019290,17.296966,0.046598
2137.565000,-0.019314,17.289349,0.046598
2138.047000,-0.020732,17.281725,0.046598
2138.529000,-0.023659,17.274094,0.046598
2139.011000,-0.026017,17.266456,0.046598
2139.493000,-0.027744,17.258814,0.046598
2139.975000,-0.028057,17.251169,0.046598
2140.457000,-0.029085,17.243521,0.046598
2140.939000,-0.029738,17.235873,0.046598
2141.421000,-0.030005,17.228224,0.046598
2141.903000,-0.029956,17.220577,0.046598
2142.385000,-0.029155,17.212933,0.046598
2142.867000,-0.028626,17.205292,0.046598
2143.349000,-0.028695,17.197656,0.046598
2143.831000,-0.029016,17.190027,0.046598
2144.313000,-0.028979,17.182405,0.046598
2144.795000,-0.030419,17.174792,0.046598
2145.277000,-0.031486,17.167189,0.046598
2145.759000,-0.032837,17.159597,0.046598
2146.241000,-0.033547,17.152017,0.046598
2146.723000,-0.034084,17.144451,0.046598
2147.205000,-0.035729,17.136900,0.046598
2147.687000,-0.035680,17.129365,0.046598
2148.169000,-0.034366,17.121847,0.046598
2148.651000,-0.033889,17.114348,0.046598
2149.133000,-0.032887,17.106869,0.046598
2149.615000,-0.030988,17.099410,0.046598
2150.097000,-0.030085,17.091974,0.046598
2150.579000,-0.029316,17.084561,0.046598
2151.061000,-0.027517,17.077173,0.046598
2151.543000,-0.025155,17.069811,0.046598
2152.025000,-0.022873,17.062477,0.046598
2152.507000,-0.021331,17.055170,0.046598
2152.989000,-0.020353,17.047894,0.046598
2153.471000,-0.020799,17.040648,0.046598
2153.953000,-0.021029,17.033435,0.046598
2154.435000,-0.020844,17.026255,0.046598
2154.917000,-0.022370,17.019110,0.046598
2155.399000,-0.025566,17.012001,0.046598
2155.881000,-0.028749,17.004929,0.046598
2156.363000,-0.031262,16.997896,0.046598
2156.845000,-0.034273,16.990903,0.046598
2157.327000,-0.036032,16.983950,0.046598
2157.809000,-0.035432,16.977040,0.046598
2158.291000,-0.034788,16.970174,0.046598
2158.773000,-0.035054,16.963352,0.046598
2159.255000,-0.033952,16.956577,0.046598
2159.737000,-0.033967,16.949849,0.046598
2160.219000,-0.034879,16.943170,0.046598
2160.701000,-0.035514,16.936541,0.046598
2161.183000,-0.036551,16.929963,0.046598
2161.665000,-0.037758,16.923438,0.046598
2162.147000,-0.038907,16.916966,0.046598
2162.629000,-0.039833,16.910550,0.046598
2163.111000,-0.039795,16.904190,0.046598
2163.593000,-0.038533,16.897888,0.046598
2164.075000,-0.037583,16.891644,0.046598
2164.557000,-0.036482,16.885461,0.046598
2165.039000,-0.036849,16.879340,0.046598
2165.521000,-0.037576,16.873281,0.046598
2166.003000,-0.038538,16.867287,0.046598
2166.485000,-0.040242,16.861358,0.046598
2166.967000,-0.043020,16.855495,0.046598
2167.449000,-0.046188,16.849701,0.046598
2167.931000,-0.049824,16.843976,0.046598
2168.413000,-0.051655,16.838321,0.046598
2168.895000,-0.052850,16.832739,0.046598
2169.377000,-0.054429,16.827229,0.046598
2169.859000,-0.054065,16.821792,0.046598
2170.341000,-0.052419,16.816431,0.046598
2170.823000,-0.052330,16.811146,0.046598
2171.305000,-0.049903,16.805938,0.046598
2171.787000,-0.045854,16.800807,0.046598
2172.269000,-0.042950,16.795755,0.046598
2172.751000,-0.040297,16.790781,0.046598
2173.233000,-0.035835,16.785888,0.046598
2173.715000,-0.033317,16.781075,0.046598
2174.197000,-0.031835,16.776344,0.046598
2174.679000,-0.030278,16.771695,0.046598
2175.161000,-0.028989,16.767129,0.046598
2175.643000,-0.029290,16.762646,0.046598
2176.125000,-0.031493,16.758247,0.046598
2176.607000,-0.032195,16.753934,0.046598
2177.089000,-0.034119,16.749707,0.046598
2177.571000,-0.037107,16.745566,0.046598
2178.053000,-0.038569,16.741512,0.046598
2178.535000,-0.041467,16.737547,0.046598
2179.017000,-0.044041,16.733670,0.046598
2179.499000,-0.045324,16.729883,0.046598
2179.981000,-0.046734,16.726186,0.046598
2180.463000,-0.048788,16.722581,0.046598
2180.945000,-0.050263,16.719067,0.046598
2181.427000,-0.050198,16.715645,0.046598
2181.909000,-0.048268,16.712317,0.046598
2182.391000,-0.046506,16.709082,0.046598
2182.873000,-0.045407,16.705941,0.046598
2183.355000,-0.042244,16.702895,0.046598
2183.837000,-0.040881,16.699943,0.046598
2184.319000,-0.040726,16.697087,0.046598
2184.801000,-0.040897,16.694327,0.046598
2185.283000,-0.041050,16.691663,0.046598
2185.765000,-0.041016,16.689095,0.046598
2186.247000,-0.040923,16.686625,0.046598
2186.729000,-0.043183,16.684252,0.046598
2187.211000,-0.044194,16.681977,0.046598
2187.693000,-0.045725,16.679800,0.046598
2188.175000,-0.045563,16.677722,0.046598
2188.657000,-0.043661,16.675742,0.046598
2189.139000,-0.043649,16.673862,0.046598
2189.621000,-0.045164,16.672082,0.046598
2190.103000,-0.044477,16.670402,0.046598
2190.585000,-0.044839,16.668822,0.046598
2191.067000,-0.046040,16.667342,0.046598
2191.549000,-0.046022,16.665964,0.046598
2192.031000,-0.045079,16.664686,0.046598
2192.513000,-0.044980,16.663510,0.046598
2192.995000,-0.044944,16.662436,0.046598
2193.477000,-0.045491,16.661463,0.046598
2193.959000,-0.044278,16.660593,0.046598
2194.441000,-0.043363,16.659825,0.046598
2194.923000,-0.041784,16.659160,0.046598
2195.405000,-0.039282,16.658597,0.046598
2195.887000,-0.038059,16.658137,0.046598
2196.369000,-0.037864,16.657780,0.046598
2196.851000,-0.036418,16.657526,0.046598
2197.333000,-0.034651,16.657375,0.046598
2197.815000,-0.034723,16.657329,0.046598
2198.297000,-0.035023,16.657386,0.046598
2198.779000,-0.034822,16.657547,0.046598
2199.261000,-0.034727,16.657812,0.046598
2199.743000,-0.035930,16.658181,0.046598
2200.225000,-0.036622,16.658655,0.046598
2200.707000,-0.037740,16.659234,0.046598
2201.189000,-0.040147,16.659918,0.046598
2201.671000,-0.042868,16.660707,0.046598
2202.153000,-0.044001,16.661602,0.046598
2202.635000,-0.046759,16.662601,0.046598
2203.117000,-0.049552,16.663707,0.046598
2203.599000,-0.051035,16.664918,0.046598
2204.081000,-0.052311,16.666236,0.046598
2204.563000,-0.054845,16.667660,0.046598
2205.045000,-0.055436,16.669189,0.046598
2205.527000,-0.054898,16.670824,0.046598
2206.009000,-0.052166,16.672565,0.046598
2206.491000,-0.050603,16.674411,0.046598
2206.973000,-0.050004,16.676363,0.046598
2207.455000,-0.050063,16.678418,0.046598
2207.937000,-0.048540,16.680578,0.046598
2208.419000,-0.047654,16.682842,0.046598
2208.901000,-0.046969,16.685209,0.046598
2209.383000,-0.046428,16.687678,0.046598
2209.865000,-0.044774,16.690250,0.046598
2210.347000,-0.043990,16.692923,0.046598
2210.829000,-0.043872,16.695697,0.046598
2211.311000,-0.043827,16.698572,0.046598
2211.793000,-0.043289,16.701547,0.046598
2212.275000,-0.043006,16.704620,0.046598
2212.757000,-0.042035,16.707792,0.046598
2213.239000,-0.042388,16.711062,0.046598
2213.721000,-0.044010,16.714429,0.046598
2214.203000,-0.045586,16.717892,0.046598
2214.685000,-0.045485,16.721451,0.046598
2215.167000,-0.046207,16.725105,0.046598
2215.649000,-0.046795,16.728853,0.046598
2216.131000,-0.045091,16.732695,0.046598
2216.613000,-0.043632,16.736630,0.046598
2217.095000,-0.043247,16.740656,0.046598
2217.577000,-0.040928,16.744775,0.046598
2218.059000,-0.039300,16.748983,0.046598
2218.541000,-0.039824,16.753282,0.046598
2219.023000,-0.039059,16.757670,0.046598
2219.505000,-0.039112,16.762146,0.046598
2219.987000,-0.040092,16.766709,0.046598
2220.469000,-0.041936,16.771360,0.046598
2220.951000,-0.043563,16.776096,0.046598
2221.433000,-0.044393,16.780918,0.046598
2221.915000,-0.045301,16.785824,0.046598
2222.397000,-0.046118,16.790814,0.046598
2222.879000,-0.045969,16.795887,0.046598
2223.361000,-0.045254,16.801041,0.046598
2223.843000,-0.044542,16.806277,0.046598
2224.325000,-0.044273,16.811592,0.046598
2224.807000,-0.044060,16.816986,0.046598
2225.289000,-0.044642,16.822459,0.046598
2225.771000,-0.043526,16.828009,0.046598
2226.253000,-0.043827,16.833635,0.046598
2226.735000,-0.044506,16.839337,0.046598
2227.217000,-0.044615,16.845113,0.046598
2227.699000,-0.044406,16.850963,0.046598
2228.181000,-0.043697,16.856885,0.046598
2228.663000,-0.042822,16.862879,0.046598
2229.145000,-0.041735,16.868944,0.046598
2229.627000,-0.041123,16.875079,0.046598
2230.109000,-0.041851,16.881282,0.046598
2230.591000,-0.043419,16.887553,0.046598
2231.073000,-0.046147,16.893891,0.046598
2231.555000,-0.046456,16.900295,0.046598
2232.037000,-0.047979,16.906764,0.046598
2232.519000,-0.048864,16.913297,0.046598
2233.001000,-0.049844,16.919892,0.046598
2233.483000,-0.050398,16.926550,0.046598
2233.965000,-0.050095,16.933268,0.046598
2234.447000,-0.048062,16.940046,0.046598
2234.929000,-0.045242,16.946882,0.046598
2235.411000,-0.042858,16.953774,0.046598
2235.893000,-0.040588,16.960723,0.046598
2236.375000,-0.038455,16.967726,0.046598
2236.857000,-0.037984,16.974781,0.046598
2237.339000,-0.036610,16.981889,0.046598
2237.821000,-0.035906,16.989047,0.046598
2238.303000,-0.034712,16.996255,0.046598
2238.785000,-0.035759,17.003510,0.046598
2239.267000,-0.035763,17.010812,0.046598
2239.749000,-0.036395,17.018160,0.046598
2240.231000,-0.036512,17.025551,0.046598
2240.713000,-0.036518,17.032986,0.046598
2241.195000,-0.035252,17.040462,0.046598
2241.677000,-0.033644,17.047978,0.046598
2242.159000,-0.033106,17.055533,0.046598
2242.641000,-0.031140,17.063126,0.046598
2243.123000,-0.029470,17.070756,0.046598
2243.605000,-0.028162,17.078420,0.046598
2244.087000,-0.025220,17.086119,0.046598
2244.569000,-0.022906,17.093850,0.046598
2245.051000,-0.020519,17.101613,0.046598
2245.533000,-0.019476,17.109406,0.046598
2246.015000,-0.017880,17.117228,0.046598
2246.497000,-0.017277,17.125077,0.046598
2246.979000,-0.015172,17.132953,0.046598
2247.461000,-0.012962,17.140854,0.046598
2247.943000,-0.011489,17.148779,0.046598
2248.425000,-0.010207,17.156727,0.046598
2248.907000,-0.008774,17.164696,0.046598
2249.389000,-0.006761,17.172685,0.046598
2249.871000,-0.005512,17.180693,0.046598
2250.353000,-0.003805,17.188719,0.046598
2250.835000,-0.002991,17.196761,0.046598
2251.317000,-0.003567,17.204819,0.046598
2251.799000,-0.003130,17.212890,0.046598
2252.281000,-0.003276,17.220975,0.046598
2252.763000,-0.004617,17.229071,0.046598
2253.245000,-0.005457,17.237177,0.046598
2253.727000,-0.003716,17.245293,0.046598
2254.209000,-0.002612,17.253417,0.046598
2254.691000,-0.001886,17.261548,0.046598
2255.173000,-0.000303,17.269684,0.046598
2255.655000,0.002085,17.277825,0.046598
2256.137000,0.004522,17.285969,0.046598
2256.619000,0.006263,17.294116,0.046598
2257.101000,0.006973,17.302263,0.046598
2257.583000,0.006906,17.310410,0.046598
2258.065000,0.006501,17.318556,0.046598
2258.547000,0.007109,17.326699,0.046598
2259.029000,0.007660,17.334839,0.046598
2259.511000,0.005646,17.342974,0.046598
2259.993000,0.004825,17.351103,0.046598
2260.475000,0.004914,17.359225,0.046598
2260.957000,0.004738,17.367339,0.046598
2261.439000,0.005582,17.375443,0.046598
2261.921000,0.006331,17.383537,0.046598
2262.403000,0.008283,17.391620,0.046598
2262.885000,0.010202,17.399690,0.046598
2263.367000,0.011984,17.407747,0.046598
2263.849000,0.012280,17.415788,0.046598
2264.331000,0.014248,17.423814,0.046598
2264.813000,0.016829,17.431823,0.046598
2265.295000,0.019962,17.439813,0.046598
2265.777000,0.022451,17.447785,0.046598
2266.259000,0.023270,17.455737,0.046598
2266.741000,0.024718,17.463667,0.046598
2267.223000,0.025204,17.471575,0.046598
2267.705000,0.025414,17.479460,0.046598
2268.187000,0.025494,17.487320,0.046598
2268.669000,0.025669,17.495155,0.046598
2269.151000,0.025695,17.502964,0.046598
2269.633000,0.024835,17.510745,0.046598
2270.115000,0.023709,17.518498,0.046598
2270.597000,0.020302,17.526222,0.046598
2271.079000,0.019367,17.533915,0.046598
2271.561000,0.018888,17.541577,0.046598
2272.043000,0.019711,17.549206,0.046598
2272.525000,0.022259,17.556802,0.046598
2273.007000,0.025008,17.564364,0.046598
2273.489000,0.027987,17.571891,0.046598
2273.971000,0.031198,17.579381,0.046598
2274.453000,0.035233,17.586835,0.046598
2274.935000,0.038258,17.594250,0.046598
2275.417000,0.040348,17.601627,0.046598
2275.899000,0.041920,17.608963,0.046598
2276.381000,0.044436,17.616259,0.046598
2276.863000,0.045996,17.623513,0.046598
2277.345000,0.046819,17.630724,0.046598
2277.827000,0.049089,17.637892,0.046598
2278.309000,0.051007,17.645016,0.046598
2278.791000,0.054095,17.652094,0.046598
2279.273000,0.057835,17.659127,0.046598
2279.755000,0.061402,17.666112,0.046598
2280.237000,0.065219,17.673050,0.046598
2280.719000,0.067922,17.679939,0.046598
2281.201000,0.069978,17.686779,0.046598
2281.683000,0.070332,17.693569,0.046598
2282.165000,0.069858,17.700308,0.046598
2282.647000,0.068819,17.706995,0.046598
2283.129000,0.068908,17.713629,0.046598
2283.611000,0.068382,17.720211,0.046598
2284.093000,0.067471,17.726738,0.046598
2284.575000,0.066763,17.733211,0.046598
2285.057000,0.065111,17.739628,0.046598
2285.539000,0.063546,17.745989,0.046598
2286.021000,0.062421,17.752293,0.046598
2286.503000,0.060504,17.758540,0.046598
2286.985000,0.057884,17.764728,0.046598
2287.467000,0.054977,17.770858,0.046598
2287.949000,0.053433,17.776928,0.046598
2288.431000,0.051334,17.782939,0.046598
2288.913000,0.049697,17.788888,0.046598
2289.395000,0.047201,17.794776,0.046598
2289.877000,0.046160,17.800602,0.046598
2290.359000,0.046004,17.806365,0.046598
2290.841000,0.046942,17.812065,0.046598
2291.323000,0.048742,17.817702,0.046598
2291.805000,0.050930,17.823274,0.046598
2292.287000,0.052440,17.828781,0.046598
2292.769000,0.054149,17.834222,0.046598
2293.251000,0.055689,17.839598,0.046598
2293.733000,0.057311,17.844907,0.046598
2294.215000,0.059425,17.850149,0.046598
2294.697000,0.062107,17.855323,0.046598
2295.179000,0.064597,17.860429,0.046598
2295.661000,0.067285,17.865467,0.046598
2296.143000,0.068507,17.870435,0.046598
2296.625000,0.070279,17.875334,0.046598
2297.107000,0.072802,17.880163,0.046598
2297.589000,0.074097,17.884922,0.046598
2298.071000,0.073815,17.889609,0.046598
2298.553000,0.073128,17.894225,0.046598
2299.035000,0.071859,17.898770,0.046598
2299.517000,0.070704,17.903242,0.046598
2299.999000,0.068711,17.907642,0.046598
2300.481000,0.066296,17.911969,0.046598
2300.963000,0.065352,17.916223,0.046598
2301.445000,0.065732,17.920403,0.046598
2301.927000,0.066332,17.924509,0.046598
2302.409000,0.066764,17.928541,0.046598
2302.891000,0.067268,17.932498,0.046598
2303.373000,0.068510,17.936380,0.046598
2303.855000,0.069405,17.940187,0.046598
2304.337000,0.068535,17.943919,0.046598
2304.819000,0.068233,17.947575,0.046598
2305.301000,0.069123,17.951154,0.046598
2305.783000,0.070049,17.954658,0.046598
2306.265000,0.069558,17.958085,0.046598
2306.747000,0.069049,17.961435,0.046598
2307.229000,0.069814,17.964708,0.046598
2307.711000,0.072068,17.967904,0.046598
2308.193000,0.072721,17.971022,0.046598
2308.675000,0.072392,17.974063,0.046598
2309.157000,0.071468,17.977027,0.046598
2309.639000,0.069845,17.979912,0.046598
2310.121000,0.067284,17.982720,0.046598
2310.603000,0.065348,17.985449,0.046598
2311.085000,0.063364,17.988100,0.046598
2311.567000,0.062251,17.990672,0.046598
2312.049000,0.061826,17.993166,0.046598
2312.531000,0.060937,17.995582,0.046598
2313.013000,0.060710,17.997919,0.046598
2313.495000,0.061017,18.000177,0.046598
2313.977000,0.062512,18.002356,0.046598
2314.459000,0.063832,18.004457,0.046598
2314.941000,0.065216,18.006478,0.046598
2315.423000,0.066795,18.008421,0.046598
2315.905000,0.067791,18.010285,0.046598
2316.387000,0.068210,18.012070,0.046598
2316.869000,0.070579,18.013776,0.046598
2317.351000,0.073507,18.015403,0.046598
2317.833000,0.074526,18.016951,0.046598
2318.315000,0.076011,18.018420,0.046598
2318.797000,0.077070,18.019811,0.046598
2319.279000,0.078576,18.021123,0.046598
2319.761000,0.080704,18.022357,0.046598
2320.243000,0.081990,18.023512,0.046598
2320.725000,0.082781,18.024588,0.046598
2321.207000,0.083219,18.025586,0.046598
2321.689000,0.084030,18.026507,0.046598
2322.171000,0.083185,18.027349,0.046598
2322.653000,0.081770,18.028113,0.046598
2323.135000,0.080363,18.028800,0.046598
2323.617000,0.080249,18.029409,0.046598
2324.099000,0.078268,18.029941,0.046598
2324.581000,0.074681,18.030395,0.046598
2325.063000,0.071975,18.030773,0.046598
2325.545000,0.068537,18.031075,0.046598
2326.027000,0.067013,18.031300,0.046598
2326.509000,0.063934,18.031448,0.046598
2326.991000,0.059545,18.031521,0.046598
2327.473000,0.055819,18.031519,0.046598
2327.955000,0.051149,18.031441,0.046598
2328.437000,0.046865,18.031288,0.046598
2328.919000,0.041828,18.031061,0.046598
2329.401000,0.037814,18.030759,0.046598
2329.883000,0.035339,18.030383,0.046598
2330.365000,0.034927,18.029933,0.046598
2330.847000,0.036185,18.029411,0.046598
2331.329000,0.037393,18.028815,0.046598
2331.811000,0.040122,18.028146,0.046598
2332.293000,0.044775,18.027406,0.046598
2332.775000,0.051665,18.026593,0.046598
2333.257000,0.058251,18.025709,0.046598
2333.739000,0.064012,18.024754,0.046598
2334.221000,0.070034,18.023728,0.046598
2334.703000,0.075069,18.022632,0.046598
2335.185000,0.079561,18.021467,0.046598
2335.667000,0.081235,18.020231,0.046598
2336.149000,0.081525,18.018927,0.046598
2336.631000,0.080233,18.017555,0.046598
2337.113000,0.079488,18.016114,0.046598
2337.595000,0.076568,18.014606,0.046598
2338.077000,0.070462,18.013031,0.046598
2338.559000,0.064042,18.011390,0.046598
2339.041000,0.056588,18.009682,0.046598
2339.523000,0.048188,18.007910,0.046598
2340.005000,0.039039,18.006072,0.046598
2340.487000,0.029061,18.004170,0.046598
2340.969000,0.021114,18.002205,0.046598
2341.451000,0.015281,18.000176,0.046598
2341.933000,0.008625,17.998085,0.046598
2342.415000,0.002757,17.995932,0.046598
2342.897000,0.000209,17.993717,0.046598
2343.379000,0.000035,17.991442,0.046598
2343.861000,0.003577,17.989107,0.046598
2344.343000,0.006866,17.986712,0.046598
2344.825000,0.010651,17.984259,0.046598
2345.307000,0.016646,17.981747,0.046598
2345.789000,0.022404,17.979177,0.046598
2346.271000,0.026675,17.976550,0.046598
2346.753000,0.030538,17.973867,0.046598
2347.235000,0.034239,17.971128,0.046598
2347.717000,0.037179,17.968335,0.046598
2348.199000,0.037533,17.965486,0.046598
2348.681000,0.035665,17.962584,0.046598
2349.163000,0.033634,17.959629,0.046598
2349.645000,0.033215,17.956622,0.046598
2350.127000,0.031373,17.953562,0.046598
2350.609000,0.029610,17.950452,0.046598
2351.091000,0.027902,17.947292,0.046598
2351.573000,0.026833,17.944082,0.046598
2352.055000,0.027833,17.940823,0.046598
2352.537000,0.027277,17.937516,0.046598
2353.019000,0.023667,17.934162,0.046598
2353.501000,0.020077,17.930761,0.046598
2353.983000,0.015955,17.927315,0.046598
2354.465000,0.010642,17.923823,0.046598
2354.947000,0.003191,17.920287,0.046598
2355.429000,-0.004828,17.916707,0.046598
2355.911000,-0.013936,17.913085,0.046598
2356.393000,-0.022959,17.909421,0.046598
2356.875000,-0.032531,17.905715,0.046598
2357.357000,-0.041072,17.901970,0.046598
2357.839000,-0.047538,17.898184,0.046598
2358.321000,-0.051737,17.894360,0.046598
2358.803000,-0.054231,17.890498,0.046598
2359.285000,-0.055612,17.886598,0.046598
2359.767000,-0.054968,17.882662,0.046598
2360.249000,-0.052010,17.878689,0.046598
2360.731000,-0.048353,17.874680,0.046598
2361.213000,-0.044474,17.870636,0.046598
2361.695000,-0.040012,17.866556,0.046598
2362.177000,-0.034405,17.862441,0.046598
2362.659000,-0.029593,17.858292,0.046598
2363.141000,-0.025715,17.854108,0.046598
2363.623000,-0.021725,17.849890,0.046598
2364.105000,-0.017702,17.845639,0.046598
2364.587000,-0.015048,17.841354,0.046598
2365.069000,-0.013436,17.837036,0.046598
2365.551000,-0.011995,17.832686,0.046598
2366.033000,-0.010413,17.828303,0.046598
2366.515000,-0.010258,17.823888,0.046598
2366.997000,-0.012322,17.819441,0.046598
2367.479000,-0.015811,17.814963,0.046598
2367.961000,-0.019509,17.810454,0.046598
2368.443000,-0.022299,17.805914,0.046598
2368.925000,-0.023783,17.801345,0.046598
2369.407000,-0.025546,17.796745,0.046598
2369.889000,-0.026790,17.792116,0.046598
2370.371000,-0.026408,17.787457,0.046598
2370.853000,-0.024555,17.782770,0.046598
2371.335000,-0.021677,17.778054,0.046598
2371.817000,-0.016249,17.773311,0.046598
2372.299000,-0.009264,17.768539,0.046598
2372.781000,-0.001483,17.763741,0.046598
2373.263000,0.006241,17.758915,0.046598
2373.745000,0.013543,17.754063,0.046598
2374.227000,0.020545,17.749185,0.046598
2374.709000,0.027792,17.744281,0.046598
2375.191000,0.034161,17.739352,0.046598
2375.673000,0.039235,17.734398,0.046598
2376.155000,0.043121,17.729419,0.046598
2376.637000,0.045619,17.724416,0.046598
2377.119000,0.046827,17.719390,0.046598
2377.601000,0.048194,17.714340,0.046598
2378.083000,0.050145,17.709268,0.046598
2378.565000,0.051011,17.704173,0.046598
2379.047000,0.050423,17.699057,0.046598
2379.529000,0.049848,17.693919,0.046598
2380.011000,0.049615,17.688761,0.046598
2380.493000,0.049056,17.683582,0.046598
2380.975000,0.049216,17.678384,0.046598
2381.457000,0.048802,17.673166,0.046598
2381.939000,0.047344,17.667929,0.046598
2382.421000,0.044854,17.662675,0.046598
2382.903000,0.042052,17.657402,0.046598
2383.385000,0.038307,17.652113,0.046598
2383.867000,0.035869,17.646807,0.046598
2384.349000,0.034695,17.641485,0.046598
2384.831000,0.032419,17.636148,0.046598
2385.313000,0.029642,17.630796,0.046598
2385.795000,0.028620,17.625430,0.046598
2386.277000,0.029452,17.620051,0.046598
2386.759000,0.032375,17.614658,0.046598
2387.241000,0.034189,17.609253,0.046598
2387.723000,0.036885,17.603837,0.046598
2388.205000,0.038856,17.598410,0.046598
2388.687000,0.041041,17.592972,0.046598
2389.169000,0.040774,17.587524,0.046598
2389.651000,0.038541,17.582068,0.046598
2390.133000,0.036338,17.576603,0.046598
2390.615000,0.034733,17.571131,0.046598
2391.097000,0.031190,17.565651,0.046598
2391.579000,0.026864,17.560165,0.046598
2392.061000,0.023266,17.554674,0.046598
2392.543000,0.020710,17.549178,0.046598
2393.025000,0.019715,17.543677,0.046598
2393.507000,0.018215,17.538174,0.046598
2393.989000,0.015240,17.532667,0.046598
2394.471000,0.013707,17.527159,0.046598
2394.953000,0.012814,17.521650,0.046598
2395.435000,0.012060,17.516140,0.046598
2395.917000,0.011049,17.510630,0.046598
2396.399000,0.011108,17.505122,0.046598
2396.881000,0.012083,17.499616,0.046598
2397.363000,0.013264,17.494112,0.046598
2397.845000,0.013456,17.488611,0.046598
2398.327000,0.014126,17.483115,0.046598
2398.809000,0.013544,17.477624,0.046598
2399.291000,0.013991,17.472139,0.046598
2399.773000,0.015565,17.466660,0.046598
2400.255000,0.015540,17.461189,0.046598
2400.737000,0.013980,17.455726,0.046598
2401.219000,0.011797,17.450273,0.046598
2401.701000,0.009877,17.444829,0.046598
2402.183000,0.007645,17.439396,0.046598
2402.665000,0.006545,17.433975,0.046598
2403.147000,0.005392,17.428566,0.046598
2403.629000,0.004078,17.423170,0.046598
2404.111000,0.002621,17.417789,0.046598
2404.593000,0.000059,17.412423,0.046598
2405.075000,-0.001807,17.407072,0.046598
2405.557000,-0.004222,17.401739,0.046598
2406.039000,-0.006002,17.396423,0.046598
2406.521000,-0.006947,17.391126,0.046598
2407.003000,-0.008622,17.385848,0.046598
2407.485000,-0.010978,17.380590,0.046598
2407.967000,-0.011959,17.375354,0.046598
2408.449000,-0.012674,17.370140,0.046598
2408.931000,-0.013965,17.364949,0.046598
2409.413000,-0.016239,17.359782,0.046598
2409.895000,-0.018977,17.354640,0.046598
2410.377000,-0.021307,17.349524,0.046598
2410.859000,-0.024239,17.344434,0.046598
2411.341000,-0.026802,17.339372,0.046598
2411.823000,-0.028225,17.334338,0.046598
2412.305000,-0.029646,17.329334,0.046598
2412.787000,-0.029661,17.324361,0.046598
2413.269000,-0.029701,17.319418,0.046598
2413.751000,-0.030229,17.314508,0.046598
2414.233000,-0.029648,17.309631,0.046598
2414.715000,-0.028326,17.304788,0.046598
2415.197000,-0.028469,17.299980,0.046598
2415.679000,-0.029798,17.295208,0.046598
2416.161000,-0.031743,17.290473,0.046598
2416.643000,-0.034095,17.285776,0.046598
2417.125000,-0.036432,17.281117,0.046598
2417.607000,-0.037666,17.276499,0.046598
2418.089000,-0.038999,17.271921,0.046598
2418.571000,-0.039726,17.267384,0.046598
2419.053000,-0.037835,17.262890,0.046598
2419.535000,-0.035708,17.258440,0.046598
2420.017000,-0.036373,17.254034,0.046598
2420.499000,-0.036683,17.249673,0.046598
2420.981000,-0.037258,17.245359,0.046598
2421.463000,-0.038744,17.241092,0.046598
2421.945000,-0.040517,17.236873,0.046598
2422.427000,-0.042967,17.232703,0.046598
2422.909000,-0.045158,17.228584,0.046598
2423.391000,-0.048236,17.224515,0.046598
2423.873000,-0.050237,17.220498,0.046598
2424.355000,-0.051257,17.216535,0.046598
2424.837000,-0.051740,17.212624,0.046598
2425.319000,-0.050113,17.208768,0.046598
2425.801000,-0.047595,17.204967,0.046598
2426.283000,-0.046044,17.201222,0.046598
2426.765000,-0.045059,17.197533,0.046598
2427.247000,-0.043024,17.193901,0.046598
2427.729000,-0.041465,17.190326,0.046598
2428.211000,-0.039355,17.186810,0.046598
2428.693000,-0.036690,17.183352,0.046598
2429.175000,-0.035871,17.179954,0.046598
2429.657000,-0.035297,17.176615,0.046598
2430.139000,-0.035154,17.173337,0.046598
2430.621000,-0.035371,17.170121,0.046598
2431.103000,-0.036244,17.166966,0.046598
2431.585000,-0.036457,17.163874,0.046598
2432.067000,-0.036678,17.160845,0.046598
2432.549000,-0.037650,17.157880,0.046598
2433.031000,-0.039092,17.154979,0.046598
2433.513000,-0.039318,17.152143,0.046598
2433.995000,-0.037927,17.149373,0.046598
2434.477000,-0.036986,17.146669,0.046598
2434.959000,-0.035867,17.144032,0.046598
2435.441000,-0.036088,17.141463,0.046598
2435.923000,-0.038896,17.138961,0.046598
2436.405000,-0.040836,17.136529,0.046598
2436.887000,-0.041615,17.134166,0.046598
2437.369000,-0.041136,17.131873,0.046598
2437.851000,-0.040085,17.129651,0.046598
2438.333000,-0.038739,17.127500,0.046598
2438.815000,-0.036357,17.125421,0.046598
2439.297000,-0.034237,17.123415,0.046598
2439.779000,-0.033307,17.121481,0.046598
2440.261000,-0.032450,17.119621,0.046598
2440.743000,-0.031637,17.117835,0.046598
2441.225000,-0.032146,17.116124,0.046598
2441.707000,-0.033602,17.114487,0.046598
2442.189000,-0.036032,17.112926,0.046598
2442.671000,-0.040115,17.111441,0.046598
2443.153000,-0.042773,17.110033,0.046598
2443.635000,-0.042447,17.108702,0.046598
2444.117000,-0.042220,17.107449,0.046598
2444.599000,-0.041951,17.106273,0.046598
2445.081000,-0.040414,17.105177,0.046598
2445.563000,-0.038719,17.104159,0.046598
2446.045000,-0.038352,17.103221,0.046598
2446.527000,-0.039567,17.102363,0.046598
2447.009000,-0.042332,17.101586,0.046598
2447.491000,-0.042941,17.100890,0.046598
2447.973000,-0.043195,17.100275,0.046598
2448.455000,-0.044236,17.099742,0.046598
2448.937000,-0.045060,17.099292,0.046598
2449.419000,-0.047756,17.098924,0.046598
2449.901000,-0.049389,17.098640,0.046598
2450.383000,-0.047830,17.098439,0.046598
2450.865000,-0.047572,17.098322,0.046598
2451.347000,-0.046270,17.098289,0.046598
2451.829000,-0.044222,17.098340,0.046598
2452.311000,-0.044656,17.098476,0.046598
2452.793000,-0.045916,17.098696,0.046598
2453.275000,-0.047922,17.099002,0.046598
2453.757000,-0.049491,17.099393,0.046598
2454.239000,-0.048734,17.099869,0.046598
2454.721000,-0.048959,17.100431,0.046598
2455.203000,-0.048771,17.101078,0.046598
2455.685000,-0.048497,17.101811,0.046598
2456.167000,-0.049689,17.102630,0.046598
2456.649000,-0.048893,17.103535,0.046598
2457.131000,-0.045758,17.104525,0.046598
2457.613000,-0.044153,17.105601,0.046598
2458.095000,-0.042110,17.106762,0.046598
2458.577000,-0.040309,17.108008,0.046598
2459.059000,-0.039758,17.109340,0.046598
2459.541000,-0.038142,17.110756,0.046598
2460.023000,-0.036341,17.112258,0.046598
2460.505000,-0.033718,17.113844,0.046598
2460.987000,-0.031036,17.115515,0.046598
2461.469000,-0.028920,17.117270,0.046598
2461.951000,-0.027048,17.119110,0.046598
2462.433000,-0.027399,17.121034,0.046598
2462.915000,-0.030201,17.123042,0.046598
2463.397000,-0.031228,17.125135,0.046598
2463.879000,-0.031957,17.127311,0.046598
2464.361000,-0.034903,17.129571,0.046598
2464.843000,-0.036689,17.131916,0.046598
2465.325000,-0.038801,17.134343,0.046598
2465.807000,-0.040812,17.136855,0.046598
2466.289000,-0.042287,17.139450,0.046598
2466.771000,-0.046143,17.142128,0.046598
2467.253000,-0.050115,17.144889,0.046598
2467.735000,-0.052041,17.147734,0.046598
2468.217000,-0.053512,17.150661,0.046598
2468.699000,-0.055396,17.153672,0.046598
2469.181000,-0.057011,17.156765,0.046598
2469.663000,-0.058141,17.159940,0.046598
2470.145000,-0.057406,17.163197,0.046598
2470.627000,-0.055866,17.166535,0.046598
2471.109000,-0.055704,17.169953,0.046598
2471.591000,-0.053085,17.173451,0.046598
2472.073000,-0.049578,17.177026,0.046598
2472.555000,-0.046137,17.180680,0.046598
2473.037000,-0.043142,17.184409,0.046598
2473.519000,-0.040643,17.188214,0.046598
2474.001000,-0.036315,17.192094,0.046598
2474.483000,-0.031601,17.196046,0.046598
2474.965000,-0.027390,17.200072,0.046598
2475.447000,-0.024323,17.204168,0.046598
2475.929000,-0.020355,17.208335,0.046598
2476.411000,-0.016632,17.212571,0.046598
2476.893000,-0.013943,17.216875,0.046598
2477.375000,-0.011823,17.221247,0.046598
2477.857000,-0.010731,17.225685,0.046598
2478.339000,-0.009038,17.230188,0.046598
2478.821000,-0.007744,17.234756,0.046598
2479.303000,-0.007956,17.239387,0.046598
2479.785000,-0.009206,17.244080,0.046598
2480.267000,-0.011018,17.248835,0.046598
2480.749000,-0.013873,17.253649,0.046598
2481.231000,-0.017138,17.258524,0.046598
2481.713000,-0.020582,17.263456,0.046598
2482.195000,-0.025947,17.268446,0.046598
2482.677000,-0.030534,17.273493,0.046598
2483.159000,-0.033474,17.278594,0.046598
2483.641000,-0.035870,17.283751,0.046598
2484.123000,-0.036068,17.288961,0.046598
2484.605000,-0.034709,17.294223,0.046598
2485.087000,-0.033779,17.299538,0.046598
2485.569000,-0.031760,17.304902,0.046598
2486.051000,-0.031090,17.310317,0.046598
2486.533000,-0.030480,17.315780,0.046598
2487.015000,-0.028791,17.321291,0.046598
2487.497000,-0.026067,17.326849,0.046598
2487.979000,-0.023009,17.332453,0.046598
2488.461000,-0.021744,17.338102,0.046598
2488.943000,-0.021212,17.343794,0.046598
2489.425000,-0.021562,17.349530,0.046598
2489.907000,-0.021145,17.355308,0.046598
2490.389000,-0.020538,17.361127,0.046598
2490.871000,-0.019375,17.366986,0.046598
2491.353000,-0.018503,17.372884,0.046598
2491.835000,-0.018408,17.378821,0.046598
2492.317000,-0.018628,17.384795,0.046598
2492.799000,-0.020034,17.390805,0.046598
2493.281000,-0.021907,17.396852,0.046598
2493.763000,-0.023241,17.402932,0.046598
2494.245000,-0.023712,17.409047,0.046598
2494.727000,-0.024178,17.415194,0.046598
2495.209000,-0.025377,17.421373,0.046598
2495.691000,-0.027052,17.427583,0.046598
2496.173000,-0.029224,17.433823,0.046598
2496.655000,-0.030468,17.440093,0.046598
2497.137000,-0.031010,17.446390,0.046598
2497.619000,-0.032385,17.452715,0.046598
2498.101000,-0.034555,17.459066,0.046598
2498.583000,-0.035166,17.465443,0.046598
2499.065000,-0.034998,17.471844,0.046598
2499.547000,-0.034941,17.478269,0.046598
2500.029000,-0.035175,17.484717,0.046598
2500.511000,-0.034793,17.491187,0.046598
2500.993000,-0.032997,17.497678,0.046598
2501.475000,-0.030513,17.504189,0.046598
2501.957000,-0.028287,17.510719,0.046598
2502.439000,-0.026158,17.517267,0.046598
2502.921000,-0.023798,17.523833,0.046598
2503.403000,-0.023584,17.530416,0.046598
2503.885000,-0.024942,17.537014,0.046598
2504.367000,-0.026459,17.543627,0.046598
2504.849000,-0.027761,17.550254,0.046598
2505.331000,-0.026766,17.556894,0.046598
2505.813000,-0.026372,17.563546,0.046598
2506.295000,-0.026925,17.570209,0.046598
2506.777000,-0.027185,17.576883,0.046598
2507.259000,-0.026701,17.583566,0.046598
2507.741000,-0.025080,17.590258,0.046598
2508.223000,-0.022789,17.596958,0.046598
2508.705000,-0.020338,17.603664,0.046598
2509.187000,-0.018409,17.610377,0.046598
2509.669000,-0.016862,17.617095,0.046598
2510.151000,-0.017817,17.623817,0.046598
2510.633000,-0.018740,17.630542,0.046598
2511.115000,-0.017984,17.637271,0.046598
2511.597000,-0.017420,17.644001,0.046598
2512.079000,-0.016272,17.650732,0.046598
2512.561000,-0.015838,17.657463,0.046598
2513.043000,-0.015087,17.664193,0.046598
2513.525000,-0.013818,17.670922,0.046598
2514.007000,-0.013353,17.677648,0.046598
2514.489000,-0.015081,17.684371,0.046598
2514.971000,-0.016420,17.691090,0.046598
2515.453000,-0.015767,17.697804,0.046598
2515.935000,-0.014196,17.704512,0.046598
2516.417000,-0.012635,17.711213,0.046598
2516.899000,-0.011884,17.717908,0.046598
2517.381000,-0.010341,17.724594,0.046598
2517.863000,-0.007552,17.731271,0.046598
2518.345000,-0.005286,17.737938,0.046598
2518.827000,-0.003825,17.744595,0.046598
2519.309000,-0.001604,17.751240,0.046598
2519.791000,0.001140,17.757873,0.046598
2520.273000,0.002847,17.764493,0.046598
2520.755000,0.001737,17.771100,0.046598
2521.237000,0.000013,17.777692,0.046598
2521.719000,-0.000262,17.784268,0.046598
2522.201000,0.000705,17.790829,0.046598
2522.683000,0.000912,17.797372,0.046598
2523.165000,0.000358,17.803898,0.046598
2523.647000,-0.000166,17.810406,0.046598
2524.129000,-0.000360,17.816894,0.046598
2524.611000,-0.000593,17.823363,0.046598
2525.093000,-0.002473,17.829811,0.046598
2525.575000,-0.005720,17.836237,0.046598
2526.057000,-0.005990,17.842642,0.046598
2526.539000,-0.005571,17.849024,0.046598
2527.021000,-0.006171,17.855382,0.046598
2527.503000,-0.006519,17.861716,0.046598
2527.985000,-0.004979,17.868025,0.046598
2528.467000,-0.003571,17.874308,0.046598
2528.949000,-0.001572,17.880565,0.046598
2529.431000,0.000569,17.886795,0.046598
2529.913000,0.002440,17.892997,0.046598
2530.395000,0.004693,17.899171,0.046598
2530.877000,0.007105,17.905316,0.046598
2531.359000,0.009695,17.911430,0.046598
2531.841000,0.011242,17.917514,0.046598
2532.323000,0.012010,17.923567,0.046598
2532.805000,0.013386,17.929588,0.046598
2533.287000,0.014663,17.935577,0.046598
2533.769000,0.014427,17.941532,0.046598
2534.251000,0.013957,17.947454,0.046598
2534.733000,0.013339,17.953341,0.046598
2535.215000,0.010890,17.959193,0.046598
2535.697000,0.009280,17.965009,0.046598
2536.179000,0.006582,17.970788,0.046598
2536.661000,0.002623,17.976531,0.046598
2537.143000,-0.000365,17.982236,0.046598
2537.625000,-0.001814,17.987903,0.046598
2538.107000,-0.001576,17.993531,0.046598
2538.589000,-0.001543,17.999120,0.046598
2539.071000,-0.000843,18.004669,0.046598
2539.553000,0.000859,18.010177,0.046598
2540.035000,0.003029,18.015644,0.046598
2540.517000,0.005311,18.021069,0.046598
2540.999000,0.008032,18.026452,0.046598
2541.481000,0.009765,18.031791,0.046598
2541.963000,0.011893,18.037088,0.046598
2542.445000,0.014696,18.042340,0.046598
2542.927000,0.016597,18.047548,0.046598
2543.409000,0.017557,18.052710,0.046598
2543.891000,0.018810,18.057827,0.046598
2544.373000,0.020863,18.062898,0.046598
2544.855000,0.022758,18.067921,0.046598
2545.337000,0.023845,18.072898,0.046598
2545.819000,0.024256,18.077826,0.046598
2546.301000,0.026328,18.082707,0.046598
2546.783000,0.027840,18.087538,0.046598
2547.265000,0.028601,18.092321,0.046598
2547.747000,0.028729,18.097053,0.046598
2548.229000,0.028336,18.101735,0.046598
2548.711000,0.028558,18.106366,0.046598
2549.193000,0.027178,18.110947,0.046598
2549.675000,0.025556,18.115475,0.046598
2550.157000,0.023249,18.119952,0.046598
2550.639000,0.021038,18.124375,0.046598
2551.121000,0.018629,18.128746,0.046598
2551.603000,0.015721,18.133063,0.046598
2552.085000,0.012270,18.137327,0.046598
2552.567000,0.009841,18.141536,0.046598
2553.049000,0.010049,18.145691,0.046598
2553.531000,0.009206,18.149790,0.046598
2554.013000,0.007811,18.153834,0.046598
2554.495000,0.007678,18.157822,0.046598
2554.977000,0.008944,18.161754,0.046598
2555.459000,0.009891,18.165629,0.046598
2555.941000,0.010775,18.169448,0.046598
2556.423000,0.013766,18.173208,0.046598
2556.905000,0.017618,18.176911,0.046598
2557.387000,0.020326,18.180556,0.046598
2557.869000,0.020713,18.184143,0.046598
2558.351000,0.020817,18.187670,0.046598
2558.833000,0.021467,18.191139,0.046598
2559.315000,0.023863,18.194548,0.046598
2559.797000,0.025954,18.197897,0.046598
2560.279000,0.027132,18.201186,0.046598
2560.761000,0.028366,18.204415,0.046598
2561.243000,0.029520,18.207582,0.046598
2561.725000,0.031898,18.210689,0.046598
2562.207000,0.034136,18.213735,0.046598
2562.689000,0.036430,18.216718,0.046598
2563.171000,0.039254,18.219640,0.046598
2563.653000,0.041163,18.222500,0.046598
2564.135000,0.041218,18.225297,0.046598
2564.617000,0.040070,18.228032,0.046598
2565.099000,0.039652,18.230704,0.046598
2565.581000,0.038745,18.233313,0.046598
2566.063000,0.037881,18.235858,0.046598
2566.545000,0.036572,18.238340,0.046598
2567.027000,0.035137,18.240758,0.046598
2567.509000,0.034904,18.243112,0.046598
2567.991000,0.034360,18.245401,0.046598
2568.473000,0.034875,18.247627,0.046598
2568.955000,0.035567,18.249788,0.046598
2569.437000,0.036081,18.251884,0.046598
2569.919000,0.036726,18.253916,0.046598
2570.401000,0.036478,18.255882,0.046598
2570.883000,0.035403,18.257784,0.046598
2571.365000,0.034062,18.259620,0.046598
2571.847000,0.032579,18.261391,0.046598
2572.329000,0.031978,18.263096,0.046598
2572.811000,0.031810,18.264736,0.046598
2573.293000,0.030605,18.266310,0.046598
2573.775000,0.029713,18.267818,0.046598
2574.257000,0.029948,18.269261,0.046598
2574.739000,0.029395,18.270637,0.046598
2575.221000,0.028402,18.271948,0.046598
2575.703000,0.028232,18.273192,0.046598
2576.185000,0.028229,18.274370,0.046598
2576.667000,0.028715,18.275482,0.046598
2577.149000,0.028104,18.276528,0.046598
2577.631000,0.026824,18.277508,0.046598
2578.113000,0.026503,18.278422,0.046598
2578.595000,0.026812,18.279269,0.046598
2579.077000,0.028843,18.280050,0.046598
2579.559000,0.030905,18.280765,0.046598
2580.041000,0.032048,18.281413,0.046598
2580.523000,0.033721,18.281995,0.046598
2581.005000,0.036091,18.282511,0.046598
2581.487000,0.036956,18.282961,0.046598
2581.969000,0.036659,18.283344,0.046598
2582.451000,0.036522,18.283662,0.046598
2582.933000,0.036327,18.283913,0.046598
2583.415000,0.036415,18.284099,0.046598
2583.897000,0.036562,18.284218,0.046598
2584.379000,0.035995,18.284272,0.046598
2584.861000,0.034691,18.284260,0.046598
2585.343000,0.035293,18.284182,0.046598
2585.825000,0.037152,18.284039,0.046598
2586.307000,0.038449,18.283830,0.046598
2586.789000,0.038591,18.283556,0.046598
2587.271000,0.038640,18.283217,0.046598
2587.753000,0.039164,18.282813,0.046598
2588.235000,0.037993,18.282343,0.046598
2588.717000,0.035169,18.281810,0.046598
2589.199000,0.031768,18.281211,0.046598
2589.681000,0.029071,18.280548,0.046598
2590.163000,0.027082,18.279821,0.046598
2590.645000,0.025510,18.279030,0.046598
2591.127000,0.022476,18.278175,0.046598
2591.609000,0.020156,18.277256,0.046598
2592.091000,0.020485,18.276274,0.046598
2592.573000,0.020922,18.275229,0.046598
2593.055000,0.022283,18.274121,0.046598
2593.537000,0.022323,18.272950,0.046598
2594.019000,0.024393,18.271716,0.046598
2594.501000,0.026306,18.270420,0.046598
2594.983000,0.027082,18.269062,0.046598
2595.465000,0.025479,18.267643,0.046598
2595.947000,0.024231,18.266161,0.046598
2596.429000,0.023327,18.264619,0.046598
2596.911000,0.022154,18.263016,0.046598
2597.393000,0.020623,18.261352,0.046598
2597.875000,0.018351,18.259627,0.046598
2598.357000,0.017343,18.257843,0.046598
2598.839000,0.017667,18.255999,0.046598
2599.321000,0.019659,18.254095,0.046598
2599.803000,0.021450,18.252132,0.046598
2600.285000,0.020891,18.250110,0.046598
2600.767000,0.022116,18.248030,0.046598
2601.249000,0.022005,18.245892,0.046598
2601.731000,0.021874,18.243696,0.046598
2602.213000,0.020493,18.241442,0.046598
2602.695000,0.020318,18.239132,0.046598
2603.177000,0.020629,18.236764,0.046598
2603.659000,0.020717,18.234341,0.046598
2604.141000,0.020494,18.231861,0.046598
2604.623000,0.019896,18.229326,0.046598
2605.105000,0.020779,18.226735,0.046598
2605.587000,0.022624,18.224090,0.046598
2606.069000,0.023691,18.221391,0.046598
2606.551000,0.023515,18.218637,0.046598
2607.033000,0.022432,18.215830,0.046598
2607.515000,0.021133,18.212970,0.046598
2607.997000,0.019546,18.210057,0.046598
2608.479000,0.018274,18.207092,0.046598
2608.961000,0.017021,18.204075,0.046598
2609.443000,0.015729,18.201007,0.046598
2609.925000,0.014250,18.197888,0.046598
2610.407000,0.012457,18.194718,0.046598
2610.889000,0.011598,18.191499,0.046598
2611.371000,0.010802,18.188230,0.046598
2611.853000,0.010450,18.184912,0.046598
2612.335000,0.010437,18.181546,0.046598
2612.817000,0.008793,18.178132,0.046598
2613.299000,0.007318,18.174670,0.046598
2613.781000,0.006169,18.171161,0.046598
2614.263000,0.004447,18.167606,0.046598
2614.745000,0.002472,18.164005,0.046598
2615.227000,0.001468,18.160358,0.046598
2615.709000,0.002144,18.156667,0.046598
2616.191000,0.003255,18.152931,0.046598
2616.673000,0.003240,18.149151,0.046598
2617.155000,0.004267,18.145328,0.046598
2617.637000,0.006257,18.141463,0.046598
2618.119000,0.007871,18.137555,0.046598
2618.601000,0.009269,18.133606,0.046598
2619.083000,0.010749,18.129615,0.046598
2619.565000,0.010896,18.125584,0.046598
2620.047000,0.011940,18.121513,0.046598
2620.529000,0.013321,18.117403,0.046598
2621.011000,0.013946,18.113254,0.046598
2621.493000,0.014614,18.109067,0.046598
2621.975000,0.016355,18.104843,0.046598
2622.457000,0.017593,18.100581,0.046598
2622.939000,0.017303,18.096283,0.046598
2623.421000,0.015985,18.091950,0.046598
2623.903000,0.015408,18.087581,0.046598
2624.385000,0.012961,18.083178,0.046598
2624.867000,0.009308,18.078741,0.046598
2625.349000,0.004964,18.074271,0.046598
2625.831000,0.001302,18.069768,0.046598
2626.313000,-0.002222,18.065234,0.046598
2626.795000,-0.005346,18.060668,0.046598
2627.277000,-0.007233,18.056072,0.046598
2627.759000,-0.008875,18.051445,0.046598
2628.241000,-0.010749,18.046790,0.046598
2628.723000,-0.011275,18.042106,0.046598
2629.205000,-0.012040,18.037394,0.046598
2629.687000,-0.013618,18.032655,0.046598
2630.169000,-0.013973,18.027890,0.046598
2630.651000,-0.014523,18.023099,0.046598
2631.133000,-0.016248,18.018282,0.046598
2631.615000,-0.017886,18.013441,0.046598
2632.097000,-0.019602,18.008577,0.046598
2632.579000,-0.020440,18.003689,0.046598
2633.061000,-0.019548,17.998779,0.046598
2633.543000,-0.017563,17.993848,0.046598
2634.025000,-0.015810,17.988895,0.046598
2634.507000,-0.014692,17.983922,0.046598
2634.989000,-0.012462,17.978930,0.046598
2635.471000,-0.009595,17.973919,0.046598
2635.953000,-0.008216,17.968890,0.046598
2636.435000,-0.007397,17.963844,0.046598
2636.917000,-0.005355,17.958781,0.046598
2637.399000,-0.003476,17.953703,0.046598
2637.881000,-0.004400,17.948609,0.046598
2638.363000,-0.007208,17.943501,0.046598
2638.845000,-0.011059,17.938379,0.046598
2639.327000,-0.013815,17.933244,0.046598
2639.809000,-0.015043,17.928097,0.046598
2640.291000,-0.017055,17.922939,0.046598
2640.773000,-0.020256,17.917770,0.046598
2641.255000,-0.022112,17.912591,0.046598
2641.737000,-0.023140,17.907403,0.046598
2642.219000,-0.023171,17.902207,0.046598
2642.701000,-0.022969,17.897003,0.046598
2643.183000,-0.021268,17.891793,0.046598
2643.665000,-0.018394,17.886576,0.046598
2644.147000,-0.017096,17.881355,0.046598
2644.629000,-0.017747,17.876129,0.046598
2645.111000,-0.019135,17.870899,0.046598
2645.593000,-0.020019,17.865666,0.046598
2646.075000,-0.021250,17.860431,0.046598
2646.557000,-0.022614,17.855195,0.046598
2647.039000,-0.023924,17.849958,0.046598
2647.521000,-0.024117,17.844722,0.046598
2648.003000,-0.023180,17.839487,0.046598
2648.485000,-0.022287,17.834253,0.046598
2648.967000,-0.020875,17.829023,0.046598
2649.449000,-0.018736,17.823795,0.046598
2649.931000,-0.017636,17.818572,0.046598
2650.413000,-0.017286,17.813355,0.046598
2650.895000,-0.019383,17.808143,0.046598
2651.377000,-0.021714,17.802937,0.046598
2651.859000,-0.023480,17.797740,0.046598
2652.341000,-0.025808,17.792551,0.046598
2652.823000,-0.029308,17.787371,0.046598
2653.305000,-0.031742,17.782201,0.046598
2653.787000,-0.032581,17.777041,0.046598
2654.269000,-0.031981,17.771894,0.046598
2654.751000,-0.031856,17.766759,0.046598
2655.233000,-0.031859,17.761638,0.046598
2655.715000,-0.031288,17.756530,0.046598
2656.197000,-0.030026,17.751438,0.046598
2656.679000,-0.030454,17.746361,0.046598
2657.161000,-0.029781,17.741301,0.046598
2657.643000,-0.029341,17.736259,0.046598
2658.125000,-0.028014,17.731235,0.046598
2658.607000,-0.026289,17.726230,0.046598
2659.089000,-0.025223,17.721246,0.046598
2659.571000,-0.024831,17.716282,0.046598
2660.053000,-0.023982,17.711340,0.046598
2660.535000,-0.022959,17.706421,0.046598
2661.017000,-0.022988,17.701525,0.046598
2661.499000,-0.023865,17.696653,0.046598
2661.981000,-0.023619,17.691806,0.046598
2662.463000,-0.023848,17.686986,0.046598
2662.945000,-0.024307,17.682193,0.046598
2663.427000,-0.024832,17.677427,0.046598
2663.909000,-0.025534,17.672690,0.046598
2664.391000,-0.027288,17.667982,0.046598
2664.873000,-0.028331,17.663305,0.046598
2665.355000,-0.029163,17.658659,0.046598
2665.837000,-0.030719,17.654045,0.046598
2666.319000,-0.034346,17.649464,0.046598
2666.801000,-0.038422,17.644917,0.046598
2667.283000,-0.042525,17.640405,0.046598
2667.765000,-0.046466,17.635928,0.046598
2668.247000,-0.048633,17.631488,0.046598
2668.729000,-0.049706,17.627085,0.046598
2669.211000,-0.051044,17.622721,0.046598
2669.693000,-0.050899,17.618396,0.046598
2670.175000,-0.050552,17.614110,0.046598
2670.657000,-0.050228,17.609865,0.046598
2671.139000,-0.048705,17.605660,0.046598
2671.621000,-0.045561,17.601497,0.046598
2672.103000,-0.043257,17.597375,0.046598
2672.585000,-0.042140,17.593296,0.046598
2673.067000,-0.040954,17.589260,0.046598
2673.549000,-0.038345,17.585267,0.046598
2674.031000,-0.035685,17.581318,0.046598
2674.513000,-0.032678,17.577414,0.046598
2674.995000,-0.028909,17.573554,0.046598
2675.477000,-0.025240,17.569740,0.046598
2675.959000,-0.021698,17.565972,0.046598
2676.441000,-0.019299,17.562251,0.046598
2676.923000,-0.019086,17.558576,0.046598
2677.405000,-0.020862,17.554949,0.046598
2677.887000,-0.023144,17.551371,0.046598
2678.369000,-0.026842,17.547841,0.046598
2678.851000,-0.031806,17.544360,0.046598
2679.333000,-0.036782,17.540929,0.046598
2679.815000,-0.040651,17.537549,0.046598
2680.297000,-0.043887,17.534219,0.046598
2680.779000,-0.047472,17.530941,0.046598
2681.261000,-0.049385,17.527714,0.046598
2681.743000,-0.049464,17.524540,0.046598
2682.225000,-0.048607,17.521420,0.046598
2682.707000,-0.047299,17.518353,0.046598
2683.189000,-0.046409,17.515339,0.046598
2683.671000,-0.044868,17.512381,0.046598
2684.153000,-0.042842,17.509477,0.046598
2684.635000,-0.041583,17.506629,0.046598
2685.117000,-0.041697,17.503836,0.046598
2685.599000,-0.041461,17.501100,0.046598
2686.081000,-0.041439,17.498421,0.046598
2686.563000,-0.039854,17.495798,0.046598
2687.045000,-0.037863,17.493234,0.046598
2687.527000,-0.036088,17.490727,0.046598
2688.009000,-0.034967,17.488279,0.046598
2688.491000,-0.033988,17.485889,0.046598
2688.973000,-0.033263,17.483559,0.046598
2689.455000,-0.032821,17.481289,0.046598
2689.937000,-0.032581,17.479079,0.046598
2690.419000,-0.033023,17.476929,0.046598
2690.901000,-0.034826,17.474841,0.046598
2691.383000,-0.038076,17.472814,0.046598
2691.865000,-0.041871,17.470848,0.046598
2692.347000,-0.044790,17.468945,0.046598
2692.829000,-0.046825,17.467105,0.046598
2693.311000,-0.047141,17.465328,0.046598
2693.793000,-0.047429,17.463614,0.046598
2694.275000,-0.047896,17.461964,0.046598
2694.757000,-0.048708,17.460379,0.046598
2695.239000,-0.049165,17.458858,0.046598
2695.721000,-0.049291,17.457402,0.046598
2696.203000,-0.049978,17.456011,0.046598
2696.685000,-0.050170,17.454686,0.046598
2697.167000,-0.050378,17.453427,0.046598
2697.649000,-0.050612,17.452234,0.046598
2698.131000,-0.051170,17.451107,0.046598
2698.613000,-0.051411,17.450046,0.046598
2699.095000,-0.050728,17.449052,0.046598
2699.577000,-0.049505,17.448125,0.046598
2700.059000,-0.047833,17.447265,0.046598
2700.541000,-0.045235,17.446471,0.046598
2701.023000,-0.042415,17.445743,0.046598
2701.505000,-0.039953,17.445082,0.046598
2701.987000,-0.037050,17.444488,0.046598
2702.469000,-0.034673,17.443960,0.046598
2702.951000,-0.034027,17.443499,0.046598
2703.433000,-0.033154,17.443104,0.046598
2703.915000,-0.033034,17.442776,0.046598
2704.397000,-0.033349,17.442514,0.046598
2704.879000,-0.033899,17.442318,0.046598
2705.361000,-0.033642,17.442189,0.046598
2705.843000,-0.033916,17.442125,0.046598
2706.325000,-0.033865,17.442129,0.046598
2706.807000,-0.033370,17.442198,0.046598
2707.289000,-0.032569,17.442333,0.046598
2707.771000,-0.032336,17.442535,0.046598
2708.253000,-0.032150,17.442803,0.046598
2708.735000,-0.032364,17.443136,0.046598
2709.217000,-0.033255,17.443536,0.046598
2709.699000,-0.034345,17.444002,0.046598
2710.181000,-0.035457,17.444535,0.046598
2710.663000,-0.036302,17.445133,0.046598
2711.145000,-0.036284,17.445797,0.046598
2711.627000,-0.036561,17.446527,0.046598
2712.109000,-0.036305,17.447323,0.046598
2712.591000,-0.035491,17.448185,0.046598
2713.073000,-0.033548,17.449113,0.046598
2713.555000,-0.031399,17.450108,0.046598
2714.037000,-0.031518,17.451168,0.046598
2714.519000,-0.032897,17.452294,0.046598
2715.001000,-0.035769,17.453486,0.046598
2715.483000,-0.038285,17.454743,0.046598
2715.965000,-0.039421,17.456067,0.046598
2716.447000,-0.042184,17.457457,0.046598
2716.929000,-0.046405,17.458913,0.046598
2717.411000,-0.050099,17.460434,0.046598
2717.893000,-0.053080,17.462022,0.046598
2718.375000,-0.055277,17.463675,0.046598
2718.857000,-0.055355,17.465393,0.046598
2719.339000,-0.053905,17.467176,0.046598
2719.821000,-0.052687,17.469025,0.046598
2720.303000,-0.050873,17.470937,0.046598
2720.785000,-0.050505,17.472914,0.046598
2721.267000,-0.048233,17.474953,0.046598
2721.749000,-0.046215,17.477055,0.046598
2722.231000,-0.044177,17.479219,0.046598
2722.713000,-0.042195,17.481444,0.046598
2723.195000,-0.040961,17.483730,0.046598
2723.677000,-0.037633,17.486075,0.046598
2724.159000,-0.033614,17.488480,0.046598
2724.641000,-0.031234,17.490943,0.046598
2725.123000,-0.029619,17.493465,0.046598
2725.605000,-0.027735,17.496043,0.046598
2726.087000,-0.026656,17.498679,0.046598
2726.569000,-0.026297,17.501370,0.046598
2727.051000,-0.025636,17.504117,0.046598
2727.533000,-0.025521,17.506919,0.046598
2728.015000,-0.025636,17.509775,0.046598
2728.497000,-0.027946,17.512685,0.046598
2728.979000,-0.030598,17.515647,0.046598
2729.461000,-0.031379,17.518662,0.046598
2729.943000,-0.030703,17.521728,0.046598
2730.425000,-0.029279,17.524845,0.046598
2730.907000,-0.028772,17.528013,0.046598
2731.389000,-0.029625,17.531231,0.046598
2731.871000,-0.029442,17.534497,0.046598
2732.353000,-0.029213,17.537813,0.046598
2732.835000,-0.029642,17.541176,0.046598
2733.317000,-0.029470,17.544587,0.046598
2733.799000,-0.029726,17.548044,0.046598
2734.281000,-0.030596,17.551547,0.046598
2734.763000,-0.031757,17.555096,0.046598
2735.245000,-0.032870,17.558690,0.046598
2735.727000,-0.033889,17.562328,0.046598
2736.209000,-0.034295,17.566010,0.046598
2736.691000,-0.034696,17.569735,0.046598
2737.173000,-0.035784,17.573503,0.046598
2737.655000,-0.035966,17.577312,0.046598
2738.137000,-0.035934,17.581163,0.046598
2738.619000,-0.035749,17.585054,0.046598
2739.101000,-0.036231,17.588985,0.046598
2739.583000,-0.035927,17.592956,0.046598
2740.065000,-0.035776,17.596966,0.046598
2740.547000,-0.035839,17.601014,0.046598
2741.029000,-0.036946,17.605100,0.046598
2741.511000,-0.037338,17.609223,0.046598
2741.993000,-0.038496,17.613383,0.046598
2742.475000,-0.039381,17.617578,0.046598
2742.957000,-0.039892,17.621809,0.046598
2743.439000,-0.040843,17.626075,0.046598
2743.921000,-0.042667,17.630375,0.046598
2744.403000,-0.043625,17.634709,0.046598
2744.885000,-0.044597,17.639075,0.046598
2745.367000,-0.046446,17.643474,0.046598
2745.849000,-0.047379,17.647905,0.046598
2746.331000,-0.046882,17.652367,0.046598
2746.813000,-0.046530,17.656860,0.046598
2747.295000,-0.045867,17.661383,0.046598
2747.777000,-0.045608,17.665935,0.046598
2748.259000,-0.044377,17.670516,0.046598
2748.741000,-0.043617,17.675125,0.046598
2749.223000,-0.042749,17.679762,0.046598
2749.705000,-0.041927,17.684425,0.046598
2750.187000,-0.041000,17.689115,0.046598
2750.669000,-0.040036,17.693830,0.046598
2751.151000,-0.040042,17.698569,0.046598
2751.633000,-0.040799,17.703332,0.046598
2752.115000,-0.042386,17.708119,0.046598
2752.597000,-0.042035,17.712928,0.046598
2753.079000,-0.040489,17.717758,0.046598
2753.561000,-0.039502,17.722610,0.046598
2754.043000,-0.037773,17.727482,0.046598
2754.525000,-0.036487,17.732374,0.046598
2755.007000,-0.035433,17.737285,0.046598
2755.489000,-0.035779,17.742214,0.046598
2755.971000,-0.035879,17.747161,0.046598
2756.453000,-0.035657,17.752124,0.046598
2756.935000,-0.035782,17.757104,0.046598
2757.417000,-0.036399,17.762099,0.046598
2757.899000,-0.038181,17.767109,0.046598
2758.381000,-0.038999,17.772133,0.046598
2758.863000,-0.039852,17.777171,0.046598
2759.345000,-0.039334,17.782221,0.046598
2759.827000,-0.038358,17.787283,0.046598
2760.309000,-0.037659,17.792357,0.046598
2760.791000,-0.036181,17.797441,0.046598
2761.273000,-0.035043,17.802535,0.046598
2761.755000,-0.035566,17.807638,0.046598
2762.237000,-0.035935,17.812750,0.046598
2762.719000,-0.034657,17.817870,0.046598
2763.201000,-0.034386,17.822997,0.046598
2763.683000,-0.034794,17.828130,0.046598
2764.165000,-0.033982,17.833270,0.046598
2764.647000,-0.033224,17.838414,0.046598
2765.129000,-0.032048,17.843563,0.046598
2765.611000,-0.031164,17.848716,0.046598
2766.093000,-0.028429,17.853872,0.046598
2766.575000,-0.025235,17.859030,0.046598
2767.057000,-0.021880,17.864190,0.046598
2767.539000,-0.018226,17.869351,0.046598
2768.021000,-0.015176,17.874512,0.046598
2768.503000,-0.013458,17.879673,0.046598
2768.985000,-0.010551,17.884834,0.046598
2769.467000,-0.008027,17.889992,0.046598
2769.949000,-0.008339,17.895149,0.046598
2770.431000,-0.009320,17.900303,0.046598
2770.913000,-0.009818,17.905453,0.046598
2771.395000,-0.010591,17.910599,0.046598
2771.877000,-0.010665,17.915740,0.046598
2772.359000,-0.011260,17.920875,0.046598
2772.841000,-0.010747,17.926005,0.046598
2773.323000,-0.008164,17.931127,0.046598
2773.805000,-0.007099,17.936243,0.046598
2774.287000,-0.007147,17.941350,0.046598
2774.769000,-0.006191,17.946449,0.046598
2775.251000,-0.004272,17.951539,0.046598
2775.733000,-0.001239,17.956618,0.046598
2776.215000,-0.000161,17.961688,0.046598
2776.697000,-0.000371,17.966746,0.046598
2777.179000,-0.000938,17.971793,0.046598
2777.661000,-0.000929,17.976827,0.046598
2778.143000,-0.000805,17.981849,0.046598
2778.625000,-0.002252,17.986857,0.046598
2779.107000,-0.003542,17.991851,0.046598
2779.589000,-0.003567,17.996831,0.046598
2780.071000,-0.002741,18.001796,0.046598
2780.553000,-0.004487,18.006745,0.046598
2781.035000,-0.005882,18.011677,0.046598
2781.517000,-0.006121,18.016593,0.046598
2781.999000,-0.006898,18.021492,0.046598
2782.481000,-0.006973,18.026372,0.046598
2782.963000,-0.007955,18.031234,0.046598
2783.445000,-0.008547,18.036077,0.046598
2783.927000,-0.009839,18.040901,0.046598
2784.409000,-0.011121,18.045704,0.046598
2784.891000,-0.012637,18.050487,0.046598
2785.373000,-0.013394,18.055249,0.046598
2785.855000,-0.013068,18.059989,0.046598
2786.337000,-0.012586,18.064706,0.046598
2786.819000,-0.011435,18.069401,0.046598
2787.301000,-0.011108,18.074073,0.046598
2787.783000,-0.010272,18.078722,0.046598
2788.265000,-0.010048,18.083345,0.046598
2788.747000,-0.011248,18.087945,0.046598
2789.229000,-0.011741,18.092519,0.046598
2789.711000,-0.010987,18.097067,0.046598
2790.193000,-0.010368,18.101589,0.046598
2790.675000,-0.010565,18.106084,0.046598
2791.157000,-0.010733,18.110552,0.046598
2791.639000,-0.009116,18.114993,0.046598
2792.121000,-0.006959,18.119405,0.046598
2792.603000,-0.005511,18.123789,0.046598
2793.085000,-0.002922,18.128143,0.046598
2793.567000,-0.000099,18.132468,0.046598
2794.049000,0.002415,18.136763,0.046598
2794.531000,0.004221,18.141028,0.046598
2795.013000,0.004767,18.145261,0.046598
2795.495000,0.003466,18.149463,0.046598
2795.977000,0.002608,18.153634,0.046598
2796.459000,0.001788,18.157772,0.046598
2796.941000,-0.000285,18.161877,0.046598
2797.423000,-0.002708,18.165949,0.046598
2797.905000,-0.004828,18.169988,0.046598
2798.387000,-0.006727,18.173993,0.046598
2798.869000,-0.008285,18.177963,0.046598
2799.351000,-0.008809,18.181899,0.046598
2799.833000,-0.007948,18.185799,0.046598
2800.315000,-0.005017,18.189664,0.046598
2800.797000,-0.001950,18.193492,0.046598
2801.279000,-0.001306,18.197285,0.046598
2801.761000,0.000678,18.201040,0.046598
2802.243000,0.002602,18.204759,0.046598
2802.725000,0.002703,18.208440,0.046598
2803.207000,0.002403,18.212082,0.046598
2803.689000,0.001256,18.215687,0.046598
2804.171000,0.001542,18.219253,0.046598
2804.653000,0.000661,18.222780,0.046598
2805.135000,-0.002663,18.226268,0.046598
2805.617000,-0.005297,18.229715,0.046598
2806.099000,-0.007203,18.233123,0.046598
2806.581000,-0.007775,18.236490,0.046598
2807.063000,-0.006791,18.239817,0.046598
2807.545000,-0.006156,18.243102,0.046598
2808.027000,-0.005066,18.246347,0.046598
2808.509000,-0.002935,18.249549,0.046598
2808.991000,-0.000745,18.252709,0.046598
2809.473000,0.001171,18.255827,0.046598
2809.955000,0.003672,18.258902,0.046598
2810.437000,0.006817,18.261934,0.046598
2810.919000,0.010893,18.264923,0.046598
2811.401000,0.012857,18.267868,0.046598
2811.883000,0.012818,18.270769,0.046598
2812.365000,0.012449,18.273626,0.046598
2812.847000,0.012213,18.276439,0.046598
2813.329000,0.012084,18.279206,0.046598
2813.811000,0.012223,18.281929,0.046598
2814.293000,0.012396,18.284606,0.046598
2814.775000,0.012330,18.287238,0.046598
2815.257000,0.011030,18.289824,0.046598
2815.739000,0.010736,18.292364,0.046598
2816.221000,0.010345,18.294858,0.046598
2816.703000,0.009627,18.297305,0.046598
2817.185000,0.009705,18.299706,0.046598
2817.667000,0.009441,18.302059,0.046598
2818.149000,0.008932,18.304365,0.046598
2818.631000,0.009194,18.306624,0.046598
2819.113000,0.009870,18.308835,0.046598
2819.595000,0.011852,18.310999,0.046598
2820.077000,0.013706,18.313114,0.046598
2820.559000,0.015752,18.315181,0.046598
2821.041000,0.017616,18.317200,0.046598
2821.523000,0.019383,18.319170,0.046598
2822.005000,0.019835,18.321092,0.046598
2822.487000,0.021062,18.322964,0.046598
2822.969000,0.020355,18.324788,0.046598
2823.451000,0.020474,18.326562,0.046598
2823.933000,0.020582,18.328287,0.046598
2824.415000,0.021301,18.329963,0.046598
2824.897000,0.021308,18.331589,0.046598
2825.379000,0.021468,18.333165,0.046598
2825.861000,0.021839,18.334691,0.046598
2826.343000,0.021395,18.336167,0.046598
2826.825000,0.020959,18.337594,0.046598
2827.307000,0.021699,18.338970,0.046598
2827.789000,0.021833,18.340295,0.046598
2828.271000,0.021728,18.341571,0.046598
2828.753000,0.020875,18.342796,0.046598
2829.235000,0.021194,18.343970,0.046598
2829.717000,0.021247,18.345094,0.046598
2830.199000,0.023461,18.346168,0.046598
2830.681000,0.025476,18.347191,0.046598
2831.163000,0.026463,18.348163,0.046598
2831.645000,0.026526,18.349084,0.046598
2832.127000,0.025880,18.349954,0.046598
2832.609000,0.023675,18.350774,0.046598
2833.091000,0.020798,18.351543,0.046598
2833.573000,0.017503,18.352261,0.046598
2834.055000,0.013247,18.352929,0.046598
2834.537000,0.005511,18.353545,0.046598
2835.019000,-0.001151,18.354111,0.046598
2835.501000,-0.007319,18.354626,0.046598
2835.983000,-0.010574,18.355090,0.046598
2836.465000,-0.009770,18.355504,0.046598
2836.947000,-0.008118,18.355867,0.046598
2837.429000,-0.006019,18.356179,0.046598
2837.911000,-0.004674,18.356441,0.046598
2838.393000,-0.001986,18.356652,0.046598
2838.875000,0.001966,18.356812,0.046598
2839.357000,0.005900,18.356922,0.046598
2839.839000,0.009792,18.356982,0.046598
2840.321000,0.011534,18.356991,0.046598
2840.803000,0.012447,18.356950,0.046598
2841.285000,0.010713,18.356859,0.046598
2841.767000,0.009762,18.356718,0.046598
2842.249000,0.008081,18.356527,0.046598
2842.731000,0.006927,18.356285,0.046598
2843.213000,0.006615,18.355994,0.046598
2843.695000,0.005861,18.355653,0.046598
2844.177000,0.006124,18.355262,0.046598
2844.659000,0.005257,18.354822,0.046598
2845.141000,0.005202,18.354333,0.046598
2845.623000,0.008674,18.353794,0.046598
2846.105000,0.012774,18.353206,0.046598
2846.587000,0.016849,18.352568,0.046598
2847.069000,0.020649,18.351882,0.046598
2847.551000,0.023978,18.351147,0.046598
2848.033000,0.025202,18.350364,0.046598
2848.515000,0.025953,18.349532,0.046598
2848.997000,0.024330,18.348652,0.046598
2849.479000,0.021801,18.347723,0.046598
2849.961000,0.020868,18.346747,0.046598
2850.443000,0.019910,18.345723,0.046598
2850.925000,0.018605,18.344651,0.046598
2851.407000,0.014301,18.343532,0.046598
2851.889000,0.011709,18.342366,0.046598
2852.371000,0.011751,18.341153,0.046598
2852.853000,0.011276,18.339893,0.046598
2853.335000,0.011688,18.338587,0.046598
2853.817000,0.010302,18.337234,0.046598
2854.299000,0.008796,18.335835,0.046598
2854.781000,0.007691,18.334391,0.046598
2855.263000,0.006839,18.332901,0.046598
2855.745000,0.004012,18.331366,0.046598
2856.227000,0.001518,18.329785,0.046598
2856.709000,-0.000033,18.328160,0.046598
2857.191000,-0.002188,18.326491,0.046598
2857.673000,-0.002355,18.324777,0.046598
2858.155000,-0.002913,18.323019,0.046598
2858.637000,-0.001862,18.321217,0.046598
2859.119000,0.000088,18.319372,0.046598
2859.601000,0.001176,18.317484,0.046598
2860.083000,0.002394,18.315554,0.046598
2860.565000,0.003168,18.313580,0.046598
2861.047000,0.005651,18.311565,0.046598
2861.529000,0.006948,18.309507,0.046598
2862.011000,0.007362,18.307408,0.046598
2862.493000,0.008627,18.305268,0.046598
2862.975000,0.010021,18.303087,0.046598
2863.457000,0.011924,18.300865,0.046598
2863.939000,0.014169,18.298603,0.046598
2864.421000,0.016895,18.296301,0.046598
2864.903000,0.018345,18.293959,0.046598
2865.385000,0.018917,18.291578,0.046598
2865.867000,0.018906,18.289159,0.046598
2866.349000,0.017417,18.286701,0.046598
2866.831000,0.015401,18.284204,0.046598
2867.313000,0.013536,18.281670,0.046598
2867.795000,0.011204,18.279099,0.046598
2868.277000,0.009115,18.276490,0.046598
2868.759000,0.006969,18.273846,0.046598
2869.241000,0.005519,18.271165,0.046598
2869.723000,0.003518,18.268448,0.046598
2870.205000,0.000818,18.265696,0.046598
2870.687000,-0.001088,18.262908,0.046598
2871.169000,-0.001939,18.260087,0.046598
2871.651000,-0.001119,18.257231,0.046598
2872.133000,-0.000618,18.254342,0.046598
2872.615000,-0.001184,18.251420,0.046598
2873.097000,-0.001948,18.248465,0.046598
2873.579000,-0.002844,18.245477,0.046598
2874.061000,-0.003793,18.242458,0.046598
2874.543000,-0.004201,18.239407,0.046598
2875.025000,-0.004541,18.236326,0.046598
2875.507000,-0.007234,18.233214,0.046598
2875.989000,-0.009637,18.230071,0.046598
2876.471000,-0.011593,18.226900,0.046598
2876.953000,-0.013344,18.223699,0.046598
2877.435000,-0.013957,18.220470,0.046598
2877.917000,-0.013509,18.217213,0.046598
2878.399000,-0.012230,18.213928,0.046598
2878.881000,-0.011634,18.210616,0.046598
2879.363000,-0.011279,18.207277,0.046598
2879.845000,-0.011103,18.203913,0.046598
2880.327000,-0.010674,18.200522,0.046598
2880.809000,-0.009797,18.197107,0.046598
2881.291000,-0.010079,18.193667,0.046598
2881.773000,-0.011606,18.190203,0.046598
2882.255000,-0.013608,18.186715,0.046598
2882.737000,-0.015507,18.183205,0.046598
2883.219000,-0.017906,18.179671,0.046598
2883.701000,-0.019903,18.176116,0.046598
2884.183000,-0.021912,18.172539,0.046598
2884.665000,-0.023458,18.168942,0.046598
2885.147000,-0.023629,18.165323,0.046598
2885.629000,-0.023439,18.161685,0.046598
2886.111000,-0.023701,18.158028,0.046598
2886.593000,-0.023789,18.154352,0.046598
2887.075000,-0.023111,18.150657,0.046598
2887.557000,-0.022593,18.146945,0.046598
2888.039000,-0.023325,18.143216,0.046598
2888.521000,-0.024553,18.139470,0.046598
2889.003000,-0.026607,18.135708,0.046598
2889.485000,-0.029547,18.131930,0.046598
2889.967000,-0.031360,18.128138,0.046598
2890.449000,-0.031770,18.124331,0.046598
2890.931000,-0.031941,18.120510,0.046598
2891.413000,-0.030771,18.116676,0.046598
2891.895000,-0.028689,18.112829,0.046598
2892.377000,-0.027802,18.108971,0.046598
2892.859000,-0.027015,18.105100,0.046598
2893.341000,-0.024870,18.101218,0.046598
2893.823000,-0.023559,18.097326,0.046598
2894.305000,-0.022851,18.093424,0.046598
2894.787000,-0.023403,18.089513,0.046598
2895.269000,-0.025932,18.085593,0.046598
2895.751000,-0.028179,18.081665,0.046598
2896.233000,-0.031525,18.077729,0.046598
2896.715000,-0.034071,18.073787,0.046598
2897.197000,-0.034432,18.069838,0.046598
2897.679000,-0.034946,18.065883,0.046598
2898.161000,-0.035432,18.061922,0.046598
2898.643000,-0.035373,18.057957,0.046598
2899.125000,-0.035458,18.053988,0.046598
2899.607000,-0.034714,18.050016,0.046598
2900.089000,-0.032347,18.046041,0.046598
2900.571000,-0.030860,18.042063,0.046598
2901.053000,-0.028471,18.038084,0.046598
2901.535000,-0.026000,18.034103,0.046598
2902.017000,-0.024505,18.030122,0.046598
2902.499000,-0.022288,18.026142,0.046598
2902.981000,-0.022488,18.022161,0.046598
2903.463000,-0.022279,18.018183,0.046598
2903.945000,-0.020070,18.014206,0.046598
2904.427000,-0.018552,18.010231,0.046598
2904.909000,-0.018406,18.006260,0.046598
2905.391000,-0.018715,18.002292,0.046598
2905.873000,-0.020228,17.998329,0.046598
2906.355000,-0.021897,17.994370,0.046598
2906.837000,-0.023354,17.990418,0.046598
2907.319000,-0.025573,17.986471,0.046598
2907.801000,-0.026655,17.982531,0.046598
2908.283000,-0.028174,17.978599,0.046598
2908.765000,-0.032276,17.974675,0.046598
2909.247000,-0.036861,17.970759,0.046598
2909.729000,-0.041519,17.966853,0.046598
2910.211000,-0.044071,17.962957,0.046598
2910.693000,-0.044476,17.959072,0.046598
2911.175000,-0.044871,17.955198,0.046598
2911.657000,-0.046285,17.951335,0.046598
2912.139000,-0.045477,17.947485,0.046598
2912.621000,-0.045059,17.943649,0.046598
2913.103000,-0.044360,17.939825,0.046598
2913.585000,-0.043050,17.936016,0.046598
2914.067000,-0.040944,17.932220,0.046598
2914.549000,-0.038847,17.928440,0.046598
2915.031000,-0.038177,17.924675,0.046598
2915.513000,-0.039406,17.920925,0.046598
2915.995000,-0.040553,17.917192,0.046598
2916.477000,-0.041450,17.913475,0.046598
2916.959000,-0.041116,17.909775,0.046598
2917.441000,-0.041200,17.906092,0.046598
2917.923000,-0.041763,17.902428,0.046598
2918.405000,-0.042209,17.898781,0.046598
2918.887000,-0.041683,17.895154,0.046598
2919.369000,-0.042008,17.891545,0.046598
2919.851000,-0.041547,17.887957,0.046598
2920.333000,-0.040376,17.884388,0.046598
2920.815000,-0.038795,17.880839,0.046598
2921.297000,-0.037643,17.877312,0.046598
2921.779000,-0.035741,17.873806,0.046598
2922.261000,-0.034226,17.870322,0.046598
2922.743000,-0.032682,17.866860,0.046598
2923.225000,-0.031679,17.863420,0.046598
2923.707000,-0.030879,17.860004,0.046598
2924.189000,-0.030885,17.856611,0.046598
2924.671000,-0.030337,17.853243,0.046598
2925.153000,-0.031108,17.849898,0.046598
2925.635000,-0.031463,17.846579,0.046598
2926.117000,-0.031440,17.843285,0.046598
2926.599000,-0.032302,17.840017,0.046598
2927.081000,-0.034162,17.836775,0.046598
2927.563000,-0.037611,17.833559,0.046598
2928.045000,-0.040073,17.830371,0.046598
2928.527000,-0.040003,17.827211,0.046598
2929.009000,-0.040135,17.824078,0.046598
2929.491000,-0.040771,17.820974,0.046598
2929.973000,-0.041759,17.817899,0.046598
2930.455000,-0.042427,17.814854,0.046598
2930.937000,-0.041664,17.811838,0.046598
2931.419000,-0.040385,17.808853,0.046598
2931.901000,-0.039756,17.805898,0.046598
2932.383000,-0.038289,17.802974,0.046598
2932.865000,-0.038291,17.800081,0.046598
2933.347000,-0.036980,17.797220,0.046598
2933.829000,-0.037291,17.794392,0.046598
2934.311000,-0.040075,17.791595,0.046598
2934.793000,-0.039436,17.788832,0.046598
2935.275000,-0.036837,17.786102,0.046598
2935.757000,-0.036598,17.783405,0.046598
2936.239000,-0.038391,17.780743,0.046598
2936.721000,-0.039630,17.778115,0.046598
2937.203000,-0.039688,17.775521,0.046598
2937.685000,-0.036863,17.772963,0.046598
2938.167000,-0.035558,17.770441,0.046598
2938.649000,-0.034301,17.767954,0.046598
2939.131000,-0.031457,17.765504,0.046598
2939.613000,-0.028722,17.763091,0.046598
2940.095000,-0.024738,17.760714,0.046598
2940.577000,-0.023514,17.758375,0.046598
2941.059000,-0.022454,17.756074,0.046598
2941.541000,-0.021324,17.753811,0.046598
2942.023000,-0.020679,17.751587,0.046598
2942.505000,-0.020833,17.749402,0.046598
2942.987000,-0.022950,17.747256,0.046598
2943.469000,-0.023515,17.745150,0.046598
2943.951000,-0.024139,17.743084,0.046598
2944.433000,-0.024116,17.741059,0.046598
2944.915000,-0.027627,17.739075,0.046598
2945.397000,-0.029346,17.737132,0.046598
2945.879000,-0.030555,17.735231,0.046598
2946.361000,-0.031890,17.733372,0.046598
2946.843000,-0.033300,17.731555,0.046598
2947.325000,-0.035016,17.729782,0.046598
2947.807000,-0.035925,17.728052,0.046598
2948.289000,-0.036993,17.726366,0.046598
2948.771000,-0.035374,17.724724,0.046598
2949.253000,-0.031281,17.723126,0.046598
2949.735000,-0.028615,17.721574,0.046598
2950.217000,-0.026299,17.720067,0.046598
2950.699000,-0.025214,17.718606,0.046598
2951.181000,-0.025194,17.717191,0.046598
2951.663000,-0.026047,17.715823,0.046598
2952.145000,-0.026081,17.714502,0.046598
2952.627000,-0.027580,17.713229,0.046598
2953.109000,-0.027640,17.712004,0.046598
2953.591000,-0.028465,17.710827,0.046598
2954.073000,-0.029956,17.709699,0.046598
2954.555000,-0.030573,17.708620,0.046598
2955.037000,-0.029233,17.707591,0.046598
2955.519000,-0.027260,17.706612,0.046598
2956.001000,-0.024252,17.705683,0.046598
2956.483000,-0.022133,17.704806,0.046598
2956.965000,-0.022285,17.703980,0.046598
2957.447000,-0.021220,17.703206,0.046598
2957.929000,-0.021346,17.702484,0.046598
2958.411000,-0.022993,17.701815,0.046598
2958.893000,-0.025168,17.701200,0.046598
2959.375000,-0.027510,17.700638,0.046598
2959.857000,-0.030133,17.700130,0.046598
2960.339000,-0.034903,17.699677,0.046598
2960.821000,-0.039459,17.699279,0.046598
2961.303000,-0.043599,17.698936,0.046598
2961.785000,-0.046472,17.698650,0.046598
2962.267000,-0.049642,17.698419,0.046598
2962.749000,-0.052721,17.698246,0.046598
2963.231000,-0.054803,17.698130,0.046598
2963.713000,-0.056952,17.698072,0.046598
2964.195000,-0.056727,17.698071,0.046598
2964.677000,-0.056395,17.698128,0.046598
2965.159000,-0.055899,17.698244,0.046598
2965.641000,-0.053908,17.698417,0.046598
2966.123000,-0.052297,17.698647,0.046598
2966.605000,-0.051174,17.698936,0.046598
2967.087000,-0.049510,17.699281,0.046598
2967.569000,-0.047115,17.699683,0.046598
2968.051000,-0.045392,17.700142,0.046598
2968.533000,-0.042598,17.700656,0.046598
2969.015000,-0.041040,17.701226,0.046598
2969.497000,-0.039908,17.701852,0.046598
2969.979000,-0.038570,17.702532,0.046598
2970.461000,-0.037913,17.703267,0.046598
2970.943000,-0.036318,17.704056,0.046598
2971.425000,-0.034354,17.704899,0.046598
2971.907000,-0.032083,17.705795,0.046598
2972.389000,-0.031223,17.706744,0.046598
2972.871000,-0.031327,17.707746,0.046598
2973.353000,-0.030599,17.708801,0.046598
2973.835000,-0.030694,17.709907,0.046598
2974.317000,-0.029470,17.711065,0.046598
2974.799000,-0.029467,17.712274,0.046598
2975.281000,-0.029826,17.713534,0.046598
2975.763000,-0.029601,17.714844,0.046598
2976.245000,-0.029338,17.716205,0.046598
2976.727000,-0.027868,17.717616,0.046598
2977.209000,-0.026786,17.719075,0.046598
2977.691000,-0.024623,17.720585,0.046598
2978.173000,-0.022969,17.722142,0.046598
2978.655000,-0.020667,17.723749,0.046598
2979.137000,-0.020832,17.725403,0.046598
2979.619000,-0.019657,17.727105,0.046598
2980.101000,-0.017719,17.728855,0.046598
2980.583000,-0.016585,17.730651,0.046598
2981.065000,-0.014886,17.732494,0.046598
2981.547000,-0.014854,17.734384,0.046598
2982.029000,-0.014749,17.736320,0.046598
2982.511000,-0.013760,17.738302,0.046598
2982.993000,-0.012824,17.740329,0.046598
2983.475000,-0.010323,17.742401,0.046598
2983.957000,-0.009899,17.744518,0.046598
2984.439000,-0.011145,17.746679,0.046598
2984.921000,-0.012281,17.748885,0.046598
2985.403000,-0.013676,17.751134,0.046598
2985.885000,-0.014145,17.753427,0.046598
2986.367000,-0.012106,17.755764,0.046598
2986.849000,-0.009797,17.758143,0.046598
2987.331000,-0.009633,17.760566,0.046598
2987.813000,-0.010809,17.763030,0.046598
2988.295000,-0.012712,17.765537,0.046598
2988.777000,-0.016849,17.768086,0.046598
2989.259000,-0.022419,17.770676,0.046598
2989.741000,-0.026617,17.773308,0.046598
2990.223000,-0.031828,17.775980,0.046598
2990.705000,-0.038682,17.778694,0.046598
2991.187000,-0.045162,17.781448,0.046598
2991.669000,-0.049897,17.784242,0.046598
2992.151000,-0.052946,17.787076,0.046598
2992.633000,-0.053447,17.789950,0.046598
2993.115000,-0.052889,17.792863,0.046598
2993.597000,-0.051225,17.795815,0.046598
2994.079000,-0.049928,17.798804,0.046598
2994.561000,-0.046750,17.801831,0.046598
2995.043000,-0.046075,17.804895,0.046598
2995.525000,-0.044745,17.807996,0.046598
2996.007000,-0.043206,17.811132,0.046598
2996.489000,-0.040618,17.814303,0.046598
2996.971000,-0.038116,17.817508,0.046598
2997.453000,-0.035954,17.820747,0.046598
2997.935000,-0.033971,17.824019,0.046598
2998.417000,-0.033114,17.827323,0.046598
2998.899000,-0.031395,17.830659,0.046598
2999.381000,-0.029755,17.834026,0.046598
2999.863000,-0.027979,17.837424,0.046598
3000.345000,-0.025104,17.840851,0.046598
3000.827000,-0.021734,17.844308,0.046598
3001.309000,-0.018535,17.847792,0.046598
3001.791000,-0.017407,17.851305,0.046598
3002.273000,-0.015191,17.854844,0.046598
3002.755000,-0.013024,17.858411,0.046598
3003.237000,-0.012828,17.862002,0.046598
3003.719000,-0.012412,17.865620,0.046598
3004.201000,-0.013590,17.869261,0.046598
3004.683000,-0.014985,17.872927,0.046598
3005.165000,-0.017128,17.876616,0.046598
3005.647000,-0.019845,17.880327,0.046598
3006.129000,-0.022373,17.884061,0.046598
3006.611000,-0.025202,17.887815,0.046598
3007.093000,-0.026810,17.891591,0.046598
3007.575000,-0.028312,17.895387,0.046598
3008.057000,-0.030005,17.899202,0.046598
3008.539000,-0.031196,17.903037,0.046598
3009.021000,-0.032740,17.906890,0.046598
3009.503000,-0.032539,17.910760,0.046598
3009.985000,-0.032439,17.914648,0.046598
3010.467000,-0.029028,17.918552,0.046598
3010.949000,-0.024461,17.922471,0.046598
3011.431000,-0.022623,17.926407,0.046598
3011.913000,-0.021222,17.930357,0.046598
3012.395000,-0.020281,17.934321,0.046598
3012.877000,-0.019427,17.938298,0.046598
3013.359000,-0.019750,17.942288,0.046598
3013.841000,-0.020286,17.946291,0.046598
3014.323000,-0.023033,17.950306,0.046598
3014.805000,-0.026283,17.954331,0.046598
3015.287000,-0.030571,17.958367,0.046598
3015.769000,-0.035430,17.962413,0.046598
3016.251000,-0.038137,17.966469,0.046598
3016.733000,-0.038135,17.970533,0.046598
3017.215000,-0.037105,17.974605,0.046598
3017.697000,-0.036452,17.978685,0.046598
3018.179000,-0.037225,17.982773,0.046598
3018.661000,-0.035435,17.986866,0.046598
3019.143000,-0.034998,17.990966,0.046598
3019.625000,-0.033800,17.995071,0.046598
3020.107000,-0.032207,17.999181,0.046598
3020.589000,-0.030153,18.003295,0.046598
3021.071000,-0.029103,18.007412,0.046598
3021.553000,-0.028047,18.011533,0.046598
3022.035000,-0.027892,18.015656,0.046598
3022.517000,-0.028349,18.019781,0.046598
3022.999000,-0.027206,18.023907,0.046598
3023.481000,-0.025558,18.028035,0.046598
3023.963000,-0.024867,18.032162,0.046598
3024.445000,-0.023398,18.036289,0.046598
3024.927000,-0.021904,18.040416,0.046598
3025.409000,-0.021267,18.044540,0.046598
3025.891000,-0.021897,18.048663,0.046598
3026.373000,-0.019664,18.052784,0.046598
3026.855000,-0.016858,18.056901,0.046598
3027.337000,-0.014115,18.061015,0.046598
3027.819000,-0.012452,18.065125,0.046598
3028.301000,-0.011103,18.069230,0.046598
3028.783000,-0.009777,18.073329,0.046598
3029.265000,-0.009981,18.077424,0.046598
3029.747000,-0.009369,18.081511,0.046598
3030.229000,-0.009091,18.085592,0.046598
3030.711000,-0.008797,18.089666,0.046598
3031.193000,-0.008235,18.093732,0.046598
3031.675000,-0.008573,18.097790,0.046598
3032.157000,-0.010040,18.101838,0.046598
3032.639000,-0.011719,18.105878,0.046598
3033.121000,-0.013638,18.109907,0.046598
3033.603000,-0.016415,18.113927,0.046598
3034.085000,-0.018851,18.117935,0.046598
3034.567000,-0.021134,18.121932,0.046598
3035.049000,-0.023114,18.125917,0.046598
3035.531000,-0.024846,18.129890,0.046598
3036.013000,-0.027621,18.133851,0.046598
3036.495000,-0.028741,18.137798,0.046598
3036.977000,-0.029054,18.141731,0.046598
3037.459000,-0.028840,18.145650,0.046598
3037.941000,-0.028445,18.149555,0.046598
3038.423000,-0.028099,18.153444,0.046598
3038.905000,-0.027048,18.157318,0.046598
3039.387000,-0.026396,18.161176,0.046598
3039.869000,-0.027226,18.165017,0.046598
3040.351000,-0.025865,18.168841,0.046598
3040.833000,-0.022222,18.172647,0.046598
3041.315000,-0.017621,18.176436,0.046598
3041.797000,-0.012683,18.180206,0.046598
3042.279000,-0.007392,18.183958,0.046598
3042.761000,-0.002430,18.187690,0.046598
3043.243000,0.002729,18.191402,0.046598
3043.725000,0.007104,18.195095,0.046598
3044.207000,0.010717,18.198766,0.046598
3044.689000,0.013547,18.202417,0.046598
3045.171000,0.014461,18.206046,0.046598
3045.653000,0.014580,18.209653,0.046598
3046.135000,0.012865,18.213238,0.046598
3046.617000,0.009424,18.216800,0.046598
3047.099000,0.006372,18.220339,0.046598
3047.581000,0.004538,18.223854,0.046598
3048.063000,0.001105,18.227346,0.046598
3048.545000,-0.004283,18.230813,0.046598
3049.027000,-0.009129,18.234255,0.046598
3049.509000,-0.012942,18.237673,0.046598
3049.991000,-0.014373,18.241065,0.046598
3050.473000,-0.014291,18.244431,0.046598
3050.955000,-0.013787,18.247771,0.046598
3051.437000,-0.013116,18.251084,0.046598
3051.919000,-0.012227,18.254371,0.046598
3052.401000,-0.009122,18.257630,0.046598
3052.883000,-0.007743,18.260861,0.046598
3053.365000,-0.006789,18.264065,0.046598
3053.847000,-0.005796,18.267240,0.046598
3054.329000,-0.003934,18.270387,0.046598
3054.811000,-0.005022,18.273504,0.046598
3055.293000,-0.008638,18.276593,0.046598
3055.775000,-0.009848,18.279651,0.046598
3056.257000,-0.010141,18.282680,0.046598
3056.739000,-0.008774,18.285678,0.046598
3057.221000,-0.007958,18.288645,0.046598
3057.703000,-0.008295,18.291582,0.046598
3058.185000,-0.008661,18.294487,0.046598
3058.667000,-0.007047,18.297361,0.046598
3059.149000,-0.004367,18.300203,0.046598
3059.631000,-0.004860,18.303013,0.046598
3060.113000,-0.005569,18.305790,0.046598
3060.595000,-0.005027,18.308534,0.046598
3061.077000,-0.004557,18.311246,0.046598
3061.559000,-0.003362,18.313924,0.046598
3062.041000,-0.003735,18.316568,0.046598
3062.523000,-0.004927,18.319179,0.046598
3063.005000,-0.005381,18.321755,0.046598
3063.487000,-0.004030,18.324297,0.046598
3063.969000,-0.002787,18.326805,0.046598
3064.451000,-0.002685,18.329277,0.046598
3064.933000,-0.002586,18.331714,0.046598
3065.415000,-0.001125,18.334116,0.046598
3065.897000,-0.000379,18.336481,0.046598
3066.379000,-0.001700,18.338811,0.046598
3066.861000,-0.003010,18.341105,0.046598
3067.343000,-0.002640,18.343363,0.046598
3067.825000,-0.002474,18.345583,0.046598
3068.307000,-0.001382,18.347767,0.046598
3068.789000,-0.001627,18.349914,0.046598
3069.271000,-0.002052,18.352024,0.046598
3069.753000,-0.000053,18.354096,0.046598
3070.235000,0.002568,18.356130,0.046598
3070.717000,0.003970,18.358126,0.046598
3071.199000,0.004483,18.360085,0.046598
3071.681000,0.005099,18.362005,0.046598
3072.163000,0.006203,18.363886,0.046598
3072.645000,0.006793,18.365729,0.046598
3073.127000,0.006284,18.367533,0.046598
3073.609000,0.007331,18.369298,0.046598
3074.091000,0.008014,18.371024,0.046598
3074.573000,0.009280,18.372711,0.046598
3075.055000,0.010597,18.374358,0.046598
3075.537000,0.011604,18.375965,0.046598
3076.019000,0.012521,18.377533,0.046598
3076.501000,0.012991,18.379061,0.046598
3076.983000,0.014104,18.380549,0.046598
3077.465000,0.015817,18.381996,0.046598
3077.947000,0.015521,18.383404,0.046598
3078.429000,0.015060,18.384771,0.046598
3078.911000,0.013786,18.386097,0.046598
3079.393000,0.013272,18.387383,0.046598
3079.875000,0.011736,18.388628,0.046598
3080.357000,0.011822,18.389833,0.046598
3080.839000,0.011624,18.390997,0.046598
3081.321000,0.012146,18.392119,0.046598
3081.803000,0.009787,18.393201,0.046598
3082.285000,0.008453,18.394242,0.046598
3082.767000,0.007518,18.395241,0.046598
3083.249000,0.007747,18.396199,0.046598
3083.731000,0.009103,18.397117,0.046598
3084.213000,0.008771,18.397992,0.046598
3084.695000,0.007411,18.398827,0.046598
3085.177000,0.004633,18.399620,0.046598
3085.659000,0.001292,18.400372,0.046598
3086.141000,0.000034,18.401083,0.046598
3086.623000,-0.003769,18.401752,0.046598
3087.105000,-0.005499,18.402379,0.046598
3087.587000,-0.006534,18.402966,0.046598
3088.069000,-0.006953,18.403511,0.046598
3088.551000,-0.008971,18.404014,0.046598
3089.033000,-0.007270,18.404476,0.046598
3089.515000,-0.006782,18.404897,0.046598
3089.997000,-0.004728,18.405276,0.046598
3090.479000,-0.003134,18.405614,0.046598
3090.961000,-0.002370,18.405911,0.046598
3091.443000,-0.000434,18.406166,0.046598
3091.925000,0.001178,18.406380,0.046598
3092.407000,0.003256,18.406553,0.046598
3092.889000,0.003986,18.406685,0.046598
3093.371000,0.003615,18.406775,0.046598
3093.853000,0.004215,18.406824,0.046598
3094.335000,0.005495,18.406833,0.046598
3094.817000,0.007062,18.406800,0.046598
3095.299000,0.007106,18.406726,0.046598
3095.781000,0.007655,18.406611,0.046598
3096.263000,0.003917,18.406456,0.046598
3096.745000,0.001909,18.406260,0.046598
3097.227000,0.001229,18.406023,0.046598
3097.709000,0.000519,18.405746,0.046598
3098.191000,-0.000934,18.405428,0.046598
3098.673000,-0.001273,18.405070,0.046598
3099.155000,-0.002953,18.404672,0.046598
3099.637000,-0.004842,18.404234,0.046598
3100.119000,-0.005092,18.403755,0.046598
3100.601000,-0.005720,18.403237,0.046598
3101.083000,-0.004160,18.402679,0.046598
3101.565000,-0.003675,18.402081,0.046598
3102.047000,-0.003159,18.401444,0.046598
3102.529000,-0.002710,18.400767,0.046598
3103.011000,-0.003797,18.400052,0.046598
3103.493000,0.000704,18.399297,0.046598
3103.975000,0.005812,18.398503,0.046598
3104.457000,0.007267,18.397670,0.046598
3104.939000,0.007932,18.396799,0.046598
3105.421000,0.008685,18.395889,0.046598
3105.903000,0.008927,18.394941,0.046598
3106.385000,0.009437,18.393955,0.046598
3106.867000,0.009142,18.392931,0.046598
3107.349000,0.008941,18.391869,0.046598
3107.831000,0.008742,18.390769,0.046598
3108.313000,0.007921,18.389632,0.046598
3108.795000,0.008748,18.388458,0.046598
3109.277000,0.011194,18.387247,0.046598
3109.759000,0.014243,18.386000,0.046598
3110.241000,0.018117,18.384715,0.046598
3110.723000,0.020516,18.383395,0.046598
3111.205000,0.021114,18.382038,0.046598
3111.687000,0.019923,18.380646,0.046598
3112.169000,0.017907,18.379217,0.046598
3112.651000,0.015785,18.377754,0.046598
3113.133000,0.013641,18.376255,0.046598
3113.615000,0.010353,18.374722,0.046598
3114.097000,0.007356,18.373154,0.046598
3114.579000,0.003203,18.371552,0.046598
3115.061000,-0.000410,18.369916,0.046598
3115.543000,-0.004121,18.368246,0.046598
3116.025000,-0.005648,18.366542,0.046598
3116.507000,-0.008431,18.364806,0.046598
3116.989000,-0.011207,18.363036,0.046598
3117.471000,-0.011844,18.361235,0.046598
3117.953000,-0.012700,18.359401,0.046598
3118.435000,-0.014954,18.357535,0.046598
3118.917000,-0.013591,18.355637,0.046598
3119.399000,-0.012699,18.353708,0.046598
3119.881000,-0.011356,18.351749,0.046598
3120.363000,-0.010997,18.349758,0.046598
3120.845000,-0.010358,18.347737,0.046598
3121.327000,-0.008830,18.345687,0.046598
3121.809000,-0.008209,18.343606,0.046598
3122.291000,-0.007691,18.341497,0.046598
3122.773000,-0.006688,18.339358,0.046598
3123.255000,-0.007824,18.337191,0.046598
3123.737000,-0.007525,18.334996,0.046598
3124.219000,-0.008214,18.332772,0.046598
3124.701000,-0.010060,18.330521,0.046598
3125.183000,-0.010280,18.328243,0.046598
3125.665000,-0.010080,18.325938,0.046598
3126.147000,-0.011482,18.323607,0.046598
3126.629000,-0.012448,18.321249,0.046598
3127.111000,-0.015235,18.318866,0.046598
3127.593000,-0.017073,18.316457,0.046598
3128.075000,-0.016722,18.314024,0.046598
3128.557000,-0.016073,18.311566,0.046598
3129.039000,-0.015279,18.309083,0.046598
3129.521000,-0.015601,18.306577,0.046598
3130.003000,-0.014928,18.304048,0.046598
3130.485000,-0.014492,18.301495,0.046598
3130.967000,-0.016559,18.298920,0.046598
3131.449000,-0.017344,18.296323,0.046598
3131.931000,-0.017038,18.293704,0.046598
3132.413000,-0.018340,18.291064,0.046598
3132.895000,-0.017342,18.288402,0.046598
3133.377000,-0.015718,18.285720,0.046598
3133.859000,-0.015763,18.283018,0.046598
3134.341000,-0.015185,18.280297,0.046598
3134.823000,-0.012655,18.277556,0.046598
3135.305000,-0.010390,18.274796,0.046598
3135.787000,-0.007551,18.272017,0.046598
3136.269000,-0.006437,18.269221,0.046598
3136.751000,-0.005919,18.266407,0.046598
3137.233000,-0.008959,18.263576,0.046598
3137.715000,-0.013023,18.260728,0.046598
3138.197000,-0.016824,18.257865,0.046598
3138.679000,-0.021140,18.254985,0.046598
3139.161000,-0.023587,18.252090,0.046598
3139.643000,-0.025498,18.249180,0.046598
3140.125000,-0.027730,18.246256,0.046598
3140.607000,-0.029672,18.243318,0.046598
3141.089000,-0.030929,18.240366,0.046598
3141.571000,-0.031115,18.237402,0.046598
3142.053000,-0.032808,18.234425,0.046598
3142.535000,-0.032557,18.231436,0.046598
3143.017000,-0.032611,18.228435,0.046598
3143.499000,-0.031947,18.225423,0.046598
3143.981000,-0.031113,18.222401,0.046598
3144.463000,-0.028544,18.219369,0.046598
3144.945000,-0.025234,18.216326,0.046598
3145.427000,-0.022679,18.213275,0.046598
3145.909000,-0.021372,18.210215,0.046598
3146.391000,-0.019575,18.207147,0.046598
3146.873000,-0.018578,18.204070,0.046598
3147.355000,-0.017447,18.200987,0.046598
3147.837000,-0.017583,18.197897,0.046598
3148.319000,-0.018591,18.194801,0.046598
3148.801000,-0.021614,18.191699,0.046598
3149.283000,-0.023157,18.188591,0.046598
3149.765000,-0.023352,18.185479,0.046598
3150.247000,-0.024615,18.182363,0.046598
3150.729000,-0.025451,18.179243,0.046598
3151.211000,-0.025259,18.176119,0.046598
3151.693000,-0.024259,18.172993,0.046598
3152.175000,-0.024252,18.169865,0.046598
3152.657000,-0.023952,18.166735,0.046598
3153.139000,-0.022194,18.163603,0.046598
3153.621000,-0.022517,18.160472,0.046598
3154.103000,-0.021988,18.157340,0.046598
3154.585000,-0.021230,18.154208,0.046598
3155.067000,-0.020200,18.151077,0.046598
3155.549000,-0.020645,18.147948,0.046598
3156.031000,-0.021123,18.144821,0.046598
3156.513000,-0.021677,18.141696,0.046598
3156.995000,-0.023265,18.138574,0.046598
3157.477000,-0.024582,18.135456,0.046598
3157.959000,-0.024990,18.132342,0.046598
3158.441000,-0.025007,18.129233,0.046598
3158.923000,-0.025159,18.126129,0.046598
3159.405000,-0.027069,18.123031,0.046598
3159.887000,-0.028451,18.119939,0.046598
3160.369000,-0.029162,18.116854,0.046598
3160.851000,-0.029666,18.113776,0.046598
3161.333000,-0.029939,18.110707,0.046598
3161.815000,-0.028547,18.107646,0.046598
3162.297000,-0.028052,18.104594,0.046598
3162.779000,-0.027048,18.101552,0.046598
3163.261000,-0.024075,18.098520,0.046598
3163.743000,-0.021547,18.095499,0.046598
3164.225000,-0.021647,18.092489,0.046598
3164.707000,-0.020723,18.089491,0.046598
3165.189000,-0.020207,18.086506,0.046598
3165.671000,-0.020457,18.083534,0.046598
3166.153000,-0.021781,18.080575,0.046598
3166.635000,-0.020669,18.077631,0.046598
3167.117000,-0.021141,18.074702,0.046598
3167.599000,-0.021663,18.071788,0.046598
3168.081000,-0.022070,18.068890,0.046598
3168.563000,-0.020606,18.066009,0.046598
3169.045000,-0.022327,18.063145,0.046598
3169.527000,-0.023673,18.060299,0.046598
3170.009000,-0.026405,18.057471,0.046598
3170.491000,-0.030953,18.054662,0.046598
3170.973000,-0.035770,18.051873,0.046598
3171.455000,-0.038201,18.049104,0.046598
3171.937000,-0.040012,18.046356,0.046598
3172.419000,-0.041088,18.043629,0.046598
3172.901000,-0.044390,18.040925,0.046598
3173.383000,-0.046100,18.038242,0.046598
3173.865000,-0.047642,18.035583,0.046598
3174.347000,-0.048619,18.032947,0.046598
3174.829000,-0.048541,18.030335,0.046598
3175.311000,-0.047030,18.027747,0.046598
3175.793000,-0.047634,18.025184,0.046598
3176.275000,-0.048615,18.022645,0.046598
3176.757000,-0.049095,18.020133,0.046598
3177.239000,-0.047236,18.017645,0.046598
3177.721000,-0.045219,18.015183,0.046598
3178.203000,-0.043648,18.012746,0.046598
3178.685000,-0.040017,18.010335,0.046598
3179.167000,-0.038600,18.007950,0.046598
3179.649000,-0.039452,18.005590,0.046598
3180.131000,-0.037687,18.003256,0.046598
3180.613000,-0.034182,18.000948,0.046598
3181.095000,-0.033507,17.998666,0.046598
3181.577000,-0.032499,17.996411,0.046598
3182.059000,-0.030662,17.994181,0.046598
3182.541000,-0.027872,17.991978,0.046598
3183.023000,-0.027498,17.989801,0.046598
3183.505000,-0.026776,17.987650,0.046598
3183.987000,-0.026080,17.985526,0.046598
3184.469000,-0.025888,17.983429,0.046598
3184.951000,-0.026632,17.981358,0.046598
3185.433000,-0.026894,17.979314,0.046598
3185.915000,-0.029326,17.977297,0.046598
3186.397000,-0.032097,17.975307,0.046598
3186.879000,-0.033117,17.973344,0.046598
3187.361000,-0.033268,17.971409,0.046598
3187.843000,-0.036050,17.969501,0.046598
3188.325000,-0.037303,17.967620,0.046598
3188.807000,-0.035912,17.965767,0.046598
3189.289000,-0.035184,17.963941,0.046598
3189.771000,-0.035903,17.962143,0.046598
3190.253000,-0.035731,17.960374,0.046598
3190.735000,-0.033693,17.958632,0.046598
3191.217000,-0.030605,17.956918,0.046598
3191.699000,-0.028912,17.955233,0.046598
3192.181000,-0.027718,17.953575,0.046598
3192.663000,-0.025393,17.951947,0.046598
3193.145000,-0.023576,17.950347,0.046598
3193.627000,-0.020581,17.948775,0.046598
3194.109000,-0.018096,17.947233,0.046598
3194.591000,-0.014468,17.945719,0.046598
3195.073000,-0.011507,17.944235,0.046598
3195.555000,-0.011556,17.942780,0.046598
3196.037000,-0.013565,17.941354,0.046598
3196.519000,-0.015327,17.939958,0.046598
3197.001000,-0.018636,17.938591,0.046598
3197.483000,-0.021641,17.937255,0.046598
3197.965000,-0.022953,17.935948,0.046598
3198.447000,-0.025401,17.934671,0.046598
3198.929000,-0.028644,17.933425,0.046598
3199.411000,-0.030496,17.932209,0.046598
3199.893000,-0.032949,17.931023,0.046598
3200.375000,-0.033021,17.929869,0.046598
3200.857000,-0.033889,17.928745,0.046598
3201.339000,-0.033019,17.927652,0.046598
3201.821000,-0.033903,17.926591,0.046598
3202.303000,-0.035577,17.925561,0.046598
3202.785000,-0.037094,17.924563,0.046598
3203.267000,-0.037695,17.923596,0.046598
3203.749000,-0.038695,17.922661,0.046598
3204.231000,-0.039239,17.921759,0.046598
3204.713000,-0.038156,17.920888,0.046598
3205.195000,-0.039274,17.920050,0.046598
3205.677000,-0.040053,17.919245,0.046598
3206.159000,-0.040005,17.918472,0.046598
3206.641000,-0.039095,17.917731,0.046598
3207.123000,-0.037141,17.917024,0.046598
3207.605000,-0.037483,17.916350,0.046598
3208.087000,-0.036243,17.915709,0.046598
3208.569000,-0.035115,17.915101,0.046598
3209.051000,-0.033508,17.914526,0.046598
3209.533000,-0.033263,17.913986,0.046598
3210.015000,-0.033282,17.913478,0.046598
3210.497000,-0.032874,17.913005,0.046598
3210.979000,-0.033787,17.912566,0.046598
3211.461000,-0.032141,17.912161,0.046598
3211.943000,-0.032206,17.911790,0.046598
3212.425000,-0.029910,17.911453,0.046598
3212.907000,-0.028330,17.911152,0.046598
3213.389000,-0.028354,17.910885,0.046598
3213.871000,-0.029057,17.910652,0.046598
3214.353000,-0.030923,17.910455,0.046598
3214.835000,-0.034373,17.910293,0.046598
3215.317000,-0.037879,17.910167,0.046598
3215.799000,-0.039705,17.910076,0.046598
3216.281000,-0.043705,17.910020,0.046598
3216.763000,-0.048139,17.910001,0.046598
3217.245000,-0.048533,17.910017,0.046598
3217.727000,-0.049435,17.910069,0.046598
3218.209000,-0.047079,17.910157,0.046598
3218.691000,-0.043292,17.910281,0.046598
3219.173000,-0.037837,17.910441,0.046598
3219.655000,-0.034003,17.910637,0.046598
3220.137000,-0.032263,17.910868,0.046598
3220.619000,-0.028378,17.911135,0.046598
3221.101000,-0.026868,17.911438,0.046598
3221.583000,-0.025067,17.911775,0.046598
3222.065000,-0.023296,17.912149,0.046598
3222.547000,-0.021214,17.912557,0.046598
3223.029000,-0.021219,17.913000,0.046598
3223.511000,-0.021639,17.913479,0.046598
3223.993000,-0.020291,17.913993,0.046598
3224.475000,-0.021414,17.914541,0.046598
3224.957000,-0.021441,17.915125,0.046598
3225.439000,-0.022383,17.915743,0.046598
3225.921000,-0.024874,17.916396,0.046598
3226.403000,-0.028535,17.917084,0.046598
3226.885000,-0.031564,17.917806,0.046598
3227.367000,-0.031666,17.918563,0.046598
3227.849000,-0.033443,17.919354,0.046598
3228.331000,-0.032663,17.920180,0.046598
3228.813000,-0.030598,17.921040,0.046598
3229.295000,-0.031673,17.921935,0.046598
3229.777000,-0.029845,17.922864,0.046598
3230.259000,-0.028777,17.923827,0.046598
3230.741000,-0.026284,17.924824,0.046598
3231.223000,-0.024319,17.925856,0.046598
3231.705000,-0.023052,17.926922,0.046598
3232.187000,-0.022111,17.928021,0.046598
3232.669000,-0.023424,17.929155,0.046598
3233.151000,-0.024609,17.930323,0.046598
3233.633000,-0.023281,17.931524,0.046598
3234.115000,-0.022797,17.932760,0.046598
3234.597000,-0.023725,17.934029,0.046598
3235.079000,-0.024312,17.935333,0.046598
3235.561000,-0.026400,17.936670,0.046598
3236.043000,-0.029642,17.938041,0.046598
3236.525000,-0.028140,17.939446,0.046598
3237.007000,-0.027558,17.940885,0.046598
3237.489000,-0.026123,17.942357,0.046598
3237.971000,-0.025525,17.943863,0.046598
3238.453000,-0.024619,17.945403,0.046598
3238.935000,-0.026122,17.946977,0.046598
3239.417000,-0.029673,17.948584,0.046598
3239.899000,-0.029332,17.950225,0.046598
3240.381000,-0.028311,17.951900,0.046598
3240.863000,-0.028668,17.953609,0.046598
3241.345000,-0.029927,17.955351,0.046598
3241.827000,-0.031439,17.957127,0.046598
3242.309000,-0.031893,17.958937,0.046598
3242.791000,-0.031862,17.960780,0.046598
3243.273000,-0.030665,17.962657,0.046598
3243.755000,-0.027675,17.964568,0.046598
3244.237000,-0.025358,17.966512,0.046598
3244.719000,-0.024228,17.968490,0.046598
3245.201000,-0.026040,17.970501,0.046598
3245.683000,-0.031533,17.972546,0.046598
3246.165000,-0.034576,17.974624,0.046598
3246.647000,-0.037612,17.976736,0.046598
3247.129000,-0.040919,17.978882,0.046598
3247.611000,-0.043744,17.981061,0.046598
3248.093000,-0.047658,17.983273,0.046598
3248.575000,-0.051051,17.985519,0.046598
3249.057000,-0.053119,17.987798,0.046598
3249.539000,-0.054174,17.990109,0.046598
3250.021000,-0.052462,17.992453,0.046598
3250.503000,-0.050982,17.994829,0.046598
3250.985000,-0.048399,17.997237,0.046598
3251.467000,-0.045854,17.999675,0.046598
3251.949000,-0.046183,18.002144,0.046598
3252.431000,-0.044270,18.004643,0.046598
3252.913000,-0.042593,18.007171,0.046598
3253.395000,-0.039619,18.009729,0.046598
3253.877000,-0.035287,18.012315,0.046598
3254.359000,-0.030111,18.014928,0.046598
3254.841000,-0.026428,18.017569,0.046598
3255.323000,-0.022360,18.020236,0.046598
3255.805000,-0.020598,18.022929,0.046598
3256.287000,-0.017947,18.025648,0.046598
3256.769000,-0.019239,18.028391,0.046598
3257.251000,-0.021910,18.031158,0.046598
3257.733000,-0.023062,18.033950,0.046598
3258.215000,-0.023575,18.036764,0.046598
3258.697000,-0.026041,18.039600,0.046598
3259.179000,-0.028622,18.042458,0.046598
3259.661000,-0.029940,18.045338,0.046598
3260.143000,-0.029664,18.048238,0.046598
3260.625000,-0.029190,18.051159,0.046598
3261.107000,-0.028496,18.054098,0.046598
3261.589000,-0.026876,18.057057,0.046598
3262.071000,-0.024877,18.060035,0.046598
3262.553000,-0.024996,18.063030,0.046598
3263.035000,-0.023482,18.066042,0.046598
3263.517000,-0.022939,18.069071,0.046598
3263.999000,-0.022649,18.072116,0.046598
3264.481000,-0.021610,18.075177,0.046598
3264.963000,-0.019681,18.078253,0.046598
3265.445000,-0.019364,18.081343,0.046598
3265.927000,-0.020005,18.084447,0.046598
3266.409000,-0.018955,18.087565,0.046598
3266.891000,-0.018719,18.090695,0.046598
3267.373000,-0.018576,18.093838,0.046598
3267.855000,-0.017612,18.096992,0.046598
3268.337000,-0.017137,18.100158,0.046598
3268.819000,-0.017451,18.103334,0.046598
3269.301000,-0.018602,18.106520,0.046598
3269.783000,-0.018635,18.109716,0.046598
3270.265000,-0.018797,18.112921,0.046598
3270.747000,-0.019679,18.116135,0.046598
3271.229000,-0.019510,18.119357,0.046598
3271.711000,-0.021705,18.122586,0.046598
3272.193000,-0.022322,18.125822,0.046598
3272.675000,-0.025012,18.129065,0.046598
3273.157000,-0.027794,18.132313,0.046598
3273.639000,-0.029628,18.135568,0.046598
3274.121000,-0.029713,18.138827,0.046598
3274.603000,-0.028884,18.142090,0.046598
3275.085000,-0.029574,18.145358,0.046598
3275.567000,-0.029447,18.148629,0.046598
3276.049000,-0.028846,18.151903,0.046598
3276.531000,-0.027021,18.155179,0.046598
3277.013000,-0.025991,18.158458,0.046598
3277.495000,-0.024705,18.161738,0.046598
3277.977000,-0.023744,18.165019,0.046598
3278.459000,-0.024771,18.168300,0.046598
3278.941000,-0.025357,18.171582,0.046598
3279.423000,-0.028334,18.174863,0.046598
3279.905000,-0.030420,18.178143,0.046598
3280.387000,-0.030211,18.181421,0.046598
3280.869000,-0.027935,18.184698,0.046598
3281.351000,-0.026142,18.187972,0.046598
3281.833000,-0.023615,18.191244,0.046598
3282.315000,-0.020867,18.194512,0.046598
3282.797000,-0.017306,18.197776,0.046598
3283.279000,-0.013946,18.201036,0.046598
3283.761000,-0.012397,18.204291,0.046598
3284.243000,-0.010956,18.207541,0.046598
3284.725000,-0.008243,18.210786,0.046598
3285.207000,-0.005656,18.214024,0.046598
3285.689000,-0.004367,18.217255,0.046598
3286.171000,-0.003110,18.220480,0.046598
3286.653000,-0.000506,18.223697,0.046598
3287.135000,0.004040,18.226906,0.046598
3287.617000,0.006909,18.230107,0.046598
3288.099000,0.007603,18.233300,0.046598
3288.581000,0.007254,18.236483,0.046598
3289.063000,0.006222,18.239656,0.046598
3289.545000,0.006380,18.242819,0.046598
3290.027000,0.005019,18.245972,0.046598
3290.509000,0.001714,18.249114,0.046598
3290.991000,-0.000942,18.252245,0.046598
3291.473000,-0.002414,18.255364,0.046598
3291.955000,-0.003114,18.258471,0.046598
3292.437000,-0.004876,18.261566,0.046598
3292.919000,-0.006071,18.264648,0.046598
3293.401000,-0.006792,18.267717,0.046598
3293.883000,-0.008124,18.270772,0.046598
3294.365000,-0.011020,18.273814,0.046598
3294.847000,-0.015132,18.276841,0.046598
3295.329000,-0.018622,18.279853,0.046598
3295.811000,-0.020436,18.282851,0.046598
3296.293000,-0.021363,18.285833,0.046598
3296.775000,-0.024235,18.288800,0.046598
3297.257000,-0.027460,18.291750,0.046598
3297.739000,-0.028414,18.294684,0.046598
3298.221000,-0.028107,18.297602,0.046598
3298.703000,-0.025077,18.300502,0.046598
3299.185000,-0.022583,18.303385,0.046598
3299.667000,-0.019327,18.306251,0.046598
3300.149000,-0.016990,18.309098,0.046598
3300.631000,-0.011768,18.311927,0.046598
3301.113000,-0.008269,18.314737,0.046598
3301.595000,-0.004977,18.317528,0.046598
3302.077000,-0.001640,18.320299,0.046598
3302.559000,0.001025,18.323051,0.046598
3303.041000,0.000960,18.325783,0.046598
3303.523000,0.000156,18.328495,0.046598
3304.005000,-0.002187,18.331185,0.046598
3304.487000,-0.003601,18.333855,0.046598
3304.969000,-0.007372,18.336504,0.046598
3305.451000,-0.009116,18.339131,0.046598
3305.933000,-0.011012,18.341737,0.046598
3306.415000,-0.013803,18.344320,0.046598
3306.897000,-0.019452,18.346881,0.046598
3307.379000,-0.021678,18.349419,0.046598
3307.861000,-0.025115,18.351935,0.046598
3308.343000,-0.025928,18.354427,0.046598
3308.825000,-0.026389,18.356895,0.046598
3309.307000,-0.027395,18.359340,0.046598
3309.789000,-0.027879,18.361761,0.046598
3310.271000,-0.026834,18.364158,0.046598
3310.753000,-0.027590,18.366530,0.046598
3311.235000,-0.026724,18.368877,0.046598
3311.717000,-0.023758,18.371200,0.046598
3312.199000,-0.018012,18.373497,0.046598
3312.681000,-0.013657,18.375768,0.046598
3313.163000,-0.012834,18.378014,0.046598
3313.645000,-0.012188,18.380233,0.046598
3314.127000,-0.008759,18.382426,0.046598
3314.609000,-0.003888,18.384593,0.046598
3315.091000,0.000445,18.386733,0.046598
3315.573000,0.001755,18.388846,0.046598
3316.055000,0.001751,18.390932,0.046598
3316.537000,0.002385,18.392990,0.046598
3317.019000,0.002638,18.395020,0.046598
3317.501000,-0.000314,18.397023,0.046598
3317.983000,-0.001316,18.398998,0.046598
3318.465000,-0.001447,18.400944,0.046598
3318.947000,-0.004251,18.402862,0.046598
3319.429000,-0.008771,18.404751,0.046598
3319.911000,-0.012264,18.406611,0.046598
3320.393000,-0.016841,18.408442,0.046598
3320.875000,-0.018883,18.410244,0.046598
3321.357000,-0.019486,18.412016,0.046598
3321.839000,-0.020922,18.413759,0.046598
3322.321000,-0.021127,18.415472,0.046598
3322.803000,-0.019520,18.417154,0.046598
3323.285000,-0.019961,18.418807,0.046598
3323.767000,-0.017546,18.420430,0.046598
3324.249000,-0.017498,18.422022,0.046598
3324.731000,-0.014366,18.423583,0.046598
3325.213000,-0.012399,18.425114,0.046598
3325.695000,-0.013062,18.426614,0.046598
3326.177000,-0.013832,18.428082,0.046598
3326.659000,-0.013055,18.429520,0.046598
3327.141000,-0.014976,18.430925,0.046598
3327.623000,-0.014922,18.432300,0.046598
3328.105000,-0.013975,18.433643,0.046598
3328.587000,-0.013611,18.434954,0.046598
3329.069000,-0.011566,18.436233,0.046598
3329.551000,-0.009929,18.437479,0.046598
3330.033000,-0.007897,18.438694,0.046598
3330.515000,-0.003600,18.439877,0.046598
3330.997000,-0.000641,18.441027,0.046598
3331.479000,0.002924,18.442144,0.046598
3331.961000,0.004812,18.443229,0.046598
3332.443000,0.005775,18.444281,0.046598
3332.925000,0.004202,18.445300,0.046598
3333.407000,0.004222,18.446286,0.046598
3333.889000,0.004777,18.447239,0.046598
3334.371000,0.006141,18.448159,0.046598
3334.853000,0.008653,18.449046,0.046598
3335.335000,0.011386,18.449900,0.046598
3335.817000,0.012250,18.450720,0.046598
3336.299000,0.013253,18.451507,0.046598
3336.781000,0.012456,18.452260,0.046598
3337.263000,0.009834,18.452980,0.046598
3337.745000,0.007867,18.453666,0.046598
3338.227000,0.004034,18.454318,0.046598
3338.709000,0.002439,18.454937,0.046598
3339.191000,0.000138,18.455523,0.046598
3339.673000,-0.005842,18.456074,0.046598
3340.155000,-0.008773,18.456592,0.046598
3340.637000,-0.009466,18.457076,0.046598
3341.119000,-0.010540,18.457527,0.046598
3341.601000,-0.010855,18.457944,0.046598
3342.083000,-0.008631,18.458327,0.046598
3342.565000,-0.011424,18.458676,0.046598
3343.047000,-0.012408,18.458992,0.046598
3343.529000,-0.012878,18.459273,0.046598
3344.011000,-0.013693,18.459521,0.046598
3344.493000,-0.015482,18.459736,0.046598
3344.975000,-0.016324,18.459917,0.046598
3345.457000,-0.016752,18.460064,0.046598
3345.939000,-0.018320,18.460177,0.046598
3346.421000,-0.020003,18.460257,0.046598
3346.903000,-0.022949,18.460303,0.046598
3347.385000,-0.024923,18.460316,0.046598
3347.867000,-0.026219,18.460295,0.046598
3348.349000,-0.026903,18.460241,0.046598
3348.831000,-0.027323,18.460153,0.046598
3349.313000,-0.026394,18.460032,0.046598
3349.795000,-0.023281,18.459877,0.046598
3350.277000,-0.020489,18.459689,0.046598
3350.759000,-0.022171,18.459468,0.046598
3351.241000,-0.022965,18.459214,0.046598
3351.723000,-0.022027,18.458927,0.046598
3352.205000,-0.023353,18.458606,0.046598
3352.687000,-0.024245,18.458252,0.046598
3353.169000,-0.022510,18.457866,0.046598
3353.651000,-0.021058,18.457446,0.046598
3354.133000,-0.018849,18.456994,0.046598
3354.615000,-0.015055,18.456509,0.046598
3355.097000,-0.012641,18.455991,0.046598
3355.579000,-0.009175,18.455440,0.046598
3356.061000,-0.005329,18.454857,0.046598
3356.543000,-0.004665,18.454241,0.046598
3357.025000,-0.003214,18.453593,0.046598
3357.507000,-0.002493,18.452913,0.046598
3357.989000,0.000781,18.452200,0.046598
3358.471000,0.001814,18.451455,0.046598
3358.953000,0.001956,18.450678,0.046598
3359.435000,0.002589,18.449869,0.046598
3359.917000,0.003869,18.449029,0.046598
3360.399000,0.006202,18.448156,0.046598
3360.881000,0.005139,18.447253,0.046598
3361.363000,0.004535,18.446317,0.046598
3361.845000,0.005853,18.445350,0.046598
3362.327000,0.005692,18.444353,0.046598
3362.809000,0.004205,18.443324,0.046598
3363.291000,0.004820,18.442264,0.046598
3363.773000,0.007045,18.441173,0.046598
3364.255000,0.009269,18.440052,0.046598
3364.737000,0.009802,18.438900,0.046598
3365.219000,0.008504,18.437718,0.046598
3365.701000,0.007585,18.436506,0.046598
3366.183000,0.002938,18.435264,0.046598
3366.665000,-0.001704,18.433993,0.046598
3367.147000,-0.004504,18.432692,0.046598
3367.629000,-0.009586,18.431361,0.046598
3368.111000,-0.014076,18.430002,0.046598
3368.593000,-0.016067,18.428613,0.046598
3369.075000,-0.015865,18.427196,0.046598
3369.557000,-0.014720,18.425750,0.046598
3370.039000,-0.013284,18.424276,0.046598
3370.521000,-0.013527,18.422773,0.046598
3371.003000,-0.011539,18.421243,0.046598
3371.485000,-0.009990,18.419685,0.046598
3371.967000,-0.007180,18.418100,0.046598
3372.449000,-0.004676,18.416488,0.046598
3372.931000,-0.003471,18.414848,0.046598
3373.413000,0.000253,18.413182,0.046598
3373.895000,0.002615,18.411489,0.046598
3374.377000,0.003855,18.409770,0.046598
3374.859000,0.003919,18.408025,0.046598
3375.341000,0.006199,18.406255,0.046598
3375.823000,0.009295,18.404459,0.046598
3376.305000,0.008535,18.402637,0.046598
3376.787000,0.005866,18.400791,0.046598
3377.269000,0.004611,18.398920,0.046598
3377.751000,0.005332,18.397024,0.046598
3378.233000,0.004435,18.395105,0.046598
3378.715000,0.004806,18.393162,0.046598
3379.197000,0.004413,18.391195,0.046598
3379.679000,0.002593,18.389205,0.046598
3380.161000,0.000906,18.387192,0.046598
3380.643000,-0.004167,18.385156,0.046598
3381.125000,-0.006308,18.383099,0.046598
3381.607000,-0.007101,18.381019,0.046598
3382.089000,-0.008404,18.378918,0.046598
3382.571000,-0.010221,18.376795,0.046598
3383.053000,-0.012623,18.374651,0.046598
3383.535000,-0.012622,18.372487,0.046598
3384.017000,-0.010721,18.370303,0.046598
3384.499000,-0.010098,18.368098,0.046598
3384.981000,-0.010540,18.365874,0.046598
3385.463000,-0.010788,18.363631,0.046598
3385.945000,-0.012611,18.361369,0.046598
3386.427000,-0.014523,18.359088,0.046598
3386.909000,-0.016121,18.356789,0.046598
3387.391000,-0.018782,18.354472,0.046598
3387.873000,-0.017505,18.352138,0.046598
3388.355000,-0.016743,18.349787,0.046598
3388.837000,-0.017041,18.347419,0.046598
3389.319000,-0.015877,18.345035,0.046598
3389.801000,-0.012573,18.342635,0.046598
3390.283000,-0.008101,18.340220,0.046598
3390.765000,-0.005457,18.337789,0.046598
3391.247000,-0.003912,18.335343,0.046598
3391.729000,-0.002702,18.332883,0.046598
3392.211000,-0.002685,18.330410,0.046598
3392.693000,-0.001129,18.327922,0.046598
3393.175000,0.001143,18.325422,0.046598
3393.657000,0.001780,18.322908,0.046598
3394.139000,0.002986,18.320382,0.046598
3394.621000,0.003324,18.317845,0.046598
3395.103000,0.002096,18.315296,0.046598
3395.585000,0.001497,18.312736,0.046598
3396.067000,-0.000669,18.310165,0.046598
3396.549000,-0.001200,18.307584,0.046598
3397.031000,-0.004375,18.304993,0.046598
3397.513000,-0.007814,18.302393,0.046598
3397.995000,-0.009855,18.299784,0.046598
3398.477000,-0.010191,18.297167,0.046598
3398.959000,-0.011409,18.294542,0.046598
3399.441000,-0.009639,18.291909,0.046598
3399.923000,-0.010500,18.289270,0.046598
3400.405000,-0.011848,18.286624,0.046598
3400.887000,-0.011480,18.283972,0.046598
3401.369000,-0.015158,18.281314,0.046598
3401.851000,-0.018942,18.278652,0.046598
3402.333000,-0.020872,18.275984,0.046598
3402.815000,-0.024021,18.273313,0.046598
3403.297000,-0.028006,18.270638,0.046598
3403.779000,-0.031289,18.267960,0.046598
3404.261000,-0.034284,18.265279,0.046598
3404.743000,-0.035246,18.262597,0.046598
3405.225000,-0.034133,18.259912,0.046598
3405.707000,-0.038047,18.257227,0.046598
3406.189000,-0.038929,18.254541,0.046598
3406.671000,-0.040692,18.251855,0.046598
3407.153000,-0.040322,18.249169,0.046598
3407.635000,-0.039232,18.246484,0.046598
3408.117000,-0.038422,18.243800,0.046598
3408.599000,-0.036272,18.241119,0.046598
3409.081000,-0.033047,18.238440,0.046598
3409.563000,-0.030109,18.235763,0.046598
3410.045000,-0.028841,18.233090,0.046598
3410.527000,-0.028249,18.230420,0.046598
3411.009000,-0.027847,18.227754,0.046598
3411.491000,-0.027730,18.225093,0.046598
3411.973000,-0.026564,18.222436,0.046598
3412.455000,-0.029584,18.219785,0.046598
3412.937000,-0.030998,18.217139,0.046598
3413.419000,-0.031747,18.214499,0.046598
3413.901000,-0.034239,18.211865,0.046598
3414.383000,-0.036456,18.209239,0.046598
3414.865000,-0.037197,18.206619,0.046598
3415.347000,-0.036621,18.204007,0.046598
3415.829000,-0.037113,18.201403,0.046598
3416.311000,-0.035614,18.198808,0.046598
3416.793000,-0.032228,18.196221,0.046598
3417.275000,-0.032087,18.193644,0.046598
3417.757000,-0.030475,18.191076,0.046598
3418.239000,-0.028460,18.188519,0.046598
3418.721000,-0.025453,18.185971,0.046598
3419.203000,-0.024698,18.183435,0.046598
3419.685000,-0.026424,18.180910,0.046598
3420.167000,-0.026768,18.178396,0.046598
3420.649000,-0.029888,18.175895,0.046598
3421.131000,-0.034584,18.173405,0.046598
3421.613000,-0.035777,18.170929,0.046598
3422.095000,-0.035161,18.168466,0.046598
3422.577000,-0.036184,18.166016,0.046598
3423.059000,-0.034058,18.163580,0.046598
3423.541000,-0.030332,18.161158,0.046598
3424.023000,-0.030993,18.158750,0.046598
3424.505000,-0.029415,18.156358,0.046598
3424.987000,-0.027612,18.153981,0.046598
3425.469000,-0.024947,18.151619,0.046598
3425.951000,-0.024351,18.149273,0.046598
3426.433000,-0.024310,18.146944,0.046598
3426.915000,-0.022738,18.144632,0.046598
3427.397000,-0.023061,18.142337,0.046598
3427.879000,-0.026014,18.140059,0.046598
3428.361000,-0.023205,18.137799,0.046598
3428.843000,-0.024000,18.135558,0.046598
3429.325000,-0.024726,18.133335,0.046598
3429.807000,-0.024003,18.131131,0.046598
3430.289000,-0.025713,18.128947,0.046598
3430.771000,-0.029376,18.126782,0.046598
3431.253000,-0.031336,18.124638,0.046598
3431.735000,-0.034376,18.122515,0.046598
3432.217000,-0.037521,18.120412,0.046598
3432.699000,-0.041724,18.118331,0.046598
3433.181000,-0.044219,18.116272,0.046598
3433.663000,-0.046617,18.114235,0.046598
3434.145000,-0.047109,18.112220,0.046598
3434.627000,-0.045804,18.110228,0.046598
3435.109000,-0.042030,18.108259,0.046598
3435.591000,-0.040540,18.106313,0.046598
3436.073000,-0.036091,18.104390,0.046598
3436.555000,-0.031878,18.102490,0.046598
3437.037000,-0.030952,18.100615,0.046598
3437.519000,-0.027899,18.098763,0.046598
3438.001000,-0.024731,18.096935,0.046598
3438.483000,-0.023385,18.095131,0.046598
3438.965000,-0.025240,18.093352,0.046598
3439.447000,-0.026127,18.091597,0.046598
3439.929000,-0.028201,18.089867,0.046598
3440.411000,-0.028515,18.088162,0.046598
3440.893000,-0.028483,18.086482,0.046598
3441.375000,-0.028541,18.084828,0.046598
3441.857000,-0.029023,18.083199,0.046598
3442.339000,-0.029266,18.081596,0.046598
3442.821000,-0.029555,18.080018,0.046598
3443.303000,-0.030257,18.078467,0.046598
3443.785000,-0.030443,18.076942,0.046598
3444.267000,-0.029260,18.075444,0.046598
3444.749000,-0.027995,18.073972,0.046598
3445.231000,-0.028609,18.072527,0.046598
3445.713000,-0.030403,18.071110,0.046598
3446.195000,-0.028810,18.069720,0.046598
3446.677000,-0.027603,18.068357,0.046598
3447.159000,-0.023797,18.067023,0.046598
3447.641000,-0.022487,18.065716,0.046598
3448.123000,-0.023142,18.064438,0.046598
3448.605000,-0.022315,18.063188,0.046598
3449.087000,-0.024606,18.061967,0.046598
3449.569000,-0.026949,18.060774,0.046598
3450.051000,-0.028495,18.059611,0.046598
3450.533000,-0.033456,18.058478,0.046598
3451.015000,-0.036891,18.057373,0.046598
3451.497000,-0.038271,18.056299,0.046598
3451.979000,-0.041516,18.055255,0.046598
3452.461000,-0.044368,18.054241,0.046598
3452.943000,-0.041488,18.053258,0.046598
3453.425000,-0.041418,18.052305,0.046598
3453.907000,-0.038974,18.051384,0.046598
3454.389000,-0.036318,18.050493,0.046598
3454.871000,-0.032889,18.049633,0.046598
3455.353000,-0.028473,18.048804,0.046598
3455.835000,-0.026617,18.048006,0.046598
3456.317000,-0.022261,18.047239,0.046598
3456.799000,-0.020805,18.046503,0.046598
3457.281000,-0.022082,18.045798,0.046598
3457.763000,-0.019262,18.045124,0.046598
3458.245000,-0.017078,18.044482,0.046598
3458.727000,-0.017718,18.043871,0.046598
3459.209000,-0.020164,18.043292,0.046598
3459.691000,-0.018136,18.042744,0.046598
3460.173000,-0.021627,18.042227,0.046598
3460.655000,-0.024386,18.041742,0.046598
3461.137000,-0.027486,18.041289,0.046598
3461.619000,-0.030702,18.040868,0.046598
3462.101000,-0.034879,18.040478,0.046598
3462.583000,-0.038006,18.040121,0.046598
3463.065000,-0.039118,18.039795,0.046598
3463.547000,-0.041368,18.039501,0.046598
3464.029000,-0.041158,18.039240,0.046598
3464.511000,-0.040121,18.039011,0.046598
3464.993000,-0.038610,18.038813,0.046598
3465.475000,-0.038524,18.038648,0.046598
3465.957000,-0.038115,18.038514,0.046598
3466.439000,-0.035658,18.038413,0.046598
3466.921000,-0.036128,18.038343,0.046598
3467.403000,-0.035253,18.038304,0.046598
3467.885000,-0.036019,18.038298,0.046598
3468.367000,-0.035378,18.038323,0.046598
3468.849000,-0.034449,18.038379,0.046598
3469.331000,-0.032267,18.038467,0.046598
3469.813000,-0.029856,18.038587,0.046598
3470.295000,-0.029449,18.038738,0.046598
3470.777000,-0.030059,18.038920,0.046598
3471.259000,-0.028345,18.039133,0.046598
3471.741000,-0.027392,18.039378,0.046598
3472.223000,-0.028248,18.039653,0.046598
3472.705000,-0.030078,18.039960,0.046598
3473.187000,-0.031641,18.040298,0.046598
3473.669000,-0.031619,18.040667,0.046598
3474.151000,-0.031048,18.041067,0.046598
3474.633000,-0.034342,18.041497,0.046598
3475.115000,-0.034344,18.041959,0.046598
3475.597000,-0.035658,18.042451,0.046598
3476.079000,-0.037999,18.042975,0.046598
3476.561000,-0.040341,18.043529,0.046598
3477.043000,-0.045932,18.044113,0.046598
3477.525000,-0.047441,18.044729,0.046598
3478.007000,-0.043377,18.045375,0.046598
3478.489000,-0.041797,18.046051,0.046598
3478.971000,-0.039131,18.046758,0.046598
3479.453000,-0.035796,18.047495,0.046598
3479.935000,-0.032577,18.048263,0.046598
3480.417000,-0.029469,18.049060,0.046598
3480.899000,-0.026141,18.049887,0.046598
3481.381000,-0.024217,18.050743,0.046598
3481.863000,-0.021818,18.051629,0.046598
3482.345000,-0.021754,18.052544,0.046598
3482.827000,-0.024310,18.053488,0.046598
3483.309000,-0.027181,18.054461,0.046598
3483.791000,-0.031669,18.055462,0.046598
3484.273000,-0.033391,18.056492,0.046598
3484.755000,-0.035111,18.057550,0.046598
3485.237000,-0.038636,18.058636,0.046598
3485.719000,-0.042343,18.059750,0.046598
3486.201000,-0.043414,18.060892,0.046598
3486.683000,-0.046044,18.062061,0.046598
3487.165000,-0.046190,18.063258,0.046598
3487.647000,-0.045457,18.064482,0.046598
3488.129000,-0.044237,18.065733,0.046598
3488.611000,-0.041575,18.067011,0.046598
3489.093000,-0.037150,18.068315,0.046598
3489.575000,-0.034679,18.069645,0.046598
3490.057000,-0.030786,18.071002,0.046598
3490.539000,-0.028874,18.072384,0.046598
3491.021000,-0.028719,18.073792,0.046598
3491.503000,-0.027310,18.075225,0.046598
3491.985000,-0.028661,18.076683,0.046598
3492.467000,-0.030579,18.078166,0.046598
3492.949000,-0.029931,18.079674,0.046598
3493.431000,-0.029993,18.081207,0.046598
3493.913000,-0.029765,18.082763,0.046598
3494.395000,-0.031485,18.084344,0.046598
3494.877000,-0.030200,18.085948,0.046598
3495.359000,-0.029494,18.087576,0.046598
3495.841000,-0.029734,18.089228,0.046598
3496.323000,-0.029558,18.090902,0.046598
3496.805000,-0.029935,18.092600,0.046598
3497.287000,-0.032931,18.094320,0.046598
3497.769000,-0.035282,18.096063,0.046598
3498.251000,-0.037551,18.097828,0.046598
3498.733000,-0.042340,18.099615,0.046598
3499.215000,-0.044876,18.101425,0.046598
3499.697000,-0.045421,18.103256,0.046598
3500.179000,-0.045840,18.105108,0.046598
3500.661000,-0.046173,18.106982,0.046598
3501.143000,-0.046713,18.108877,0.046598
3501.625000,-0.044762,18.110792,0.046598
3502.107000,-0.044051,18.112728,0.046598
3502.589000,-0.041749,18.114684,0.046598
3503.071000,-0.037614,18.116660,0.046598
3503.553000,-0.037026,18.118655,0.046598
3504.035000,-0.035007,18.120669,0.046598
3504.517000,-0.034186,18.122702,0.046598
3504.999000,-0.033250,18.124754,0.046598
3505.481000,-0.032421,18.126824,0.046598
3505.963000,-0.033234,18.128912,0.046598
3506.445000,-0.032622,18.131018,0.046598
3506.927000,-0.033833,18.133141,0.046598
3507.409000,-0.032756,18.135281,0.046598
3507.891000,-0.030178,18.137437,0.046598
3508.373000,-0.028590,18.139611,0.046598
3508.855000,-0.027105,18.141800,0.046598
3509.337000,-0.024795,18.144005,0.046598
3509.819000,-0.025760,18.146226,0.046598
3510.301000,-0.027931,18.148462,0.046598
3510.783000,-0.026869,18.150713,0.046598
3511.265000,-0.028927,18.152979,0.046598
3511.747000,-0.030204,18.155259,0.046598
3512.229000,-0.029982,18.157554,0.046598
3512.711000,-0.033095,18.159862,0.046598
3513.193000,-0.032387,18.162184,0.046598
3513.675000,-0.031228,18.164519,0.046598
3514.157000,-0.026749,18.166868,0.046598
3514.639000,-0.023920,18.169229,0.046598
3515.121000,-0.023618,18.171603,0.046598
3515.603000,-0.020882,18.173989,0.046598
3516.085000,-0.019187,18.176387,0.046598
3516.567000,-0.022321,18.178796,0.046598
3517.049000,-0.021539,18.181217,0.046598
3517.531000,-0.023755,18.183650,0.046598
3518.013000,-0.025268,18.186093,0.046598
3518.495000,-0.026726,18.188547,0.046598
3518.977000,-0.027357,18.191011,0.046598
3519.459000,-0.029721,18.193486,0.046598
3519.941000,-0.032028,18.195970,0.046598
3520.423000,-0.031529,18.198465,0.046598
3520.905000,-0.032248,18.200968,0.046598
3521.387000,-0.035698,18.203481,0.046598
3521.869000,-0.036902,18.206003,0.046598
3522.351000,-0.037684,18.208534,0.046598
3522.833000,-0.040752,18.211073,0.046598
3523.315000,-0.045579,18.213621,0.046598
3523.797000,-0.045996,18.216176,0.046598
3524.279000,-0.047087,18.218739,0.046598
3524.761000,-0.042836,18.221310,0.046598
3525.243000,-0.040243,18.223888,0.046598
3525.725000,-0.035796,18.226472,0.046598
3526.207000,-0.031212,18.229062,0.046598
3526.689000,-0.027219,18.231659,0.046598
3527.171000,-0.020308,18.234260,0.046598
3527.653000,-0.013554,18.236867,0.046598
3528.135000,-0.008831,18.239478,0.046598
3528.617000,-0.002311,18.242094,0.046598
3529.099000,0.000465,18.244713,0.046598
3529.581000,0.002931,18.247336,0.046598
3530.063000,0.003789,18.249961,0.046598
3530.545000,0.006020,18.252589,0.046598
3531.027000,0.008019,18.255220,0.046598
3531.509000,0.007213,18.257852,0.046598
3531.991000,0.006276,18.260485,0.046598
3532.473000,0.005108,18.263120,0.046598
3532.955000,0.000112,18.265755,0.046598
3533.437000,-0.001907,18.268391,0.046598
3533.919000,-0.003554,18.271027,0.046598
3534.401000,-0.003814,18.273662,0.046598
3534.883000,-0.003240,18.276297,0.046598
3535.365000,-0.001897,18.278930,0.046598
3535.847000,-0.001855,18.281563,0.046598
3536.329000,-0.001906,18.284193,0.046598
3536.811000,-0.003394,18.286822,0.046598
3537.293000,-0.002607,18.289448,0.046598
3537.775000,-0.003469,18.292071,0.046598
3538.257000,-0.005265,18.294692,0.046598
3538.739000,-0.004777,18.297309,0.046598
3539.221000,-0.006387,18.299923,0.046598
3539.703000,-0.008235,18.302532,0.046598
3540.185000,-0.006814,18.305138,0.046598
3540.667000,-0.006034,18.307739,0.046598
3541.149000,-0.005213,18.310335,0.046598
3541.631000,-0.003604,18.312926,0.046598
3542.113000,-0.003788,18.315512,0.046598
3542.595000,-0.003944,18.318092,0.046598
3543.077000,-0.005423,18.320666,0.046598
3543.559000,-0.007060,18.323234,0.046598
3544.041000,-0.008345,18.325796,0.046598
3544.523000,-0.008478,18.328350,0.046598
3545.005000,-0.008888,18.330898,0.046598
3545.487000,-0.011414,18.333439,0.046598
3545.969000,-0.015251,18.335972,0.046598
3546.451000,-0.015947,18.338498,0.046598
3546.933000,-0.016784,18.341015,0.046598
3547.415000,-0.018307,18.343525,0.046598
3547.897000,-0.022588,18.346026,0.046598
3548.379000,-0.029774,18.348518,0.046598
3548.861000,-0.033767,18.351002,0.046598
3549.343000,-0.034411,18.353476,0.046598
3549.825000,-0.036542,18.355941,0.046598
3550.307000,-0.037614,18.358396,0.046598
3550.789000,-0.036340,18.360842,0.046598
3551.271000,-0.032302,18.363277,0.046598
3551.753000,-0.030484,18.365702,0.046598
3552.235000,-0.028284,18.368117,0.046598
3552.717000,-0.026297,18.370520,0.046598
3553.199000,-0.020105,18.372911,0.046598
3553.681000,-0.016687,18.375291,0.046598
3554.163000,-0.015699,18.377658,0.046598
3554.645000,-0.016198,18.380013,0.046598
3555.127000,-0.018531,18.382355,0.046598
3555.609000,-0.019366,18.384683,0.046598
3556.091000,-0.018471,18.386998,0.046598
3556.573000,-0.020572,18.389299,0.046598
3557.055000,-0.020887,18.391586,0.046598
3557.537000,-0.019787,18.393857,0.046598
3558.019000,-0.018350,18.396114,0.046598
3558.501000,-0.015188,18.398356,0.046598
3558.983000,-0.013184,18.400581,0.046598
3559.465000,-0.010948,18.402791,0.046598
3559.947000,-0.008384,18.404984,0.046598
3560.429000,-0.006322,18.407161,0.046598
3560.911000,-0.005028,18.409321,0.046598
3561.393000,-0.003490,18.411463,0.046598
3561.875000,-0.002848,18.413588,0.046598
3562.357000,-0.004913,18.415695,0.046598
3562.839000,-0.006255,18.417784,0.046598
3563.321000,-0.008178,18.419854,0.046598
3563.803000,-0.009865,18.421906,0.046598
3564.285000,-0.010263,18.423938,0.046598
3564.767000,-0.009063,18.425951,0.046598
3565.249000,-0.007409,18.427944,0.046598
3565.731000,-0.006069,18.429918,0.046598
3566.213000,-0.004546,18.431871,0.046598
3566.695000,-0.003957,18.433804,0.046598
3567.177000,-0.000794,18.435716,0.046598
3567.659000,0.003128,18.437607,0.046598
3568.141000,0.004910,18.439477,0.046598
3568.623000,0.007809,18.441325,0.046598
3569.105000,0.007440,18.443152,0.046598
3569.587000,0.004390,18.444957,0.046598
3570.069000,0.002221,18.446739,0.046598
3570.551000,-0.002251,18.448499,0.046598
3571.033000,-0.005226,18.450236,0.046598
3571.515000,-0.008828,18.451951,0.046598
3571.997000,-0.011428,18.453642,0.046598
3572.479000,-0.013538,18.455310,0.046598
3572.961000,-0.018523,18.456954,0.046598
3573.443000,-0.020205,18.458575,0.046598
3573.925000,-0.022311,18.460172,0.046598
3574.407000,-0.023706,18.461745,0.046598
3574.889000,-0.024803,18.463293,0.046598
3575.371000,-0.023670,18.464817,0.046598
3575.853000,-0.023772,18.466316,0.046598
3576.335000,-0.024912,18.467790,0.046598
3576.817000,-0.023557,18.469239,0.046598
3577.299000,-0.022873,18.470663,0.046598
3577.781000,-0.019417,18.472061,0.046598
3578.263000,-0.016685,18.473434,0.046598
3578.745000,-0.012779,18.474780,0.046598
3579.227000,-0.009789,18.476101,0.046598
3579.709000,-0.009571,18.477396,0.046598
3580.191000,-0.008518,18.478664,0.046598
3580.673000,-0.010540,18.479906,0.046598
3581.155000,-0.013269,18.481121,0.046598
3581.637000,-0.014334,18.482309,0.046598
3582.119000,-0.019317,18.483470,0.046598
3582.601000,-0.023168,18.484604,0.046598
3583.083000,-0.025746,18.485711,0.046598
3583.565000,-0.026798,18.486790,0.046598
3584.047000,-0.027694,18.487842,0.046598
3584.529000,-0.029054,18.488866,0.046598
3585.011000,-0.028157,18.489862,0.046598
3585.493000,-0.027168,18.490830,0.046598
3585.975000,-0.022568,18.491770,0.046598
3586.457000,-0.018363,18.492682,0.046598
3586.939000,-0.012366,18.493565,0.046598
3587.421000,-0.007539,18.494420,0.046598
3587.903000,-0.005628,18.495246,0.046598
3588.385000,-0.003226,18.496043,0.046598
3588.867000,-0.001382,18.496812,0.046598
3589.349000,0.000784,18.497551,0.046598
3589.831000,0.003621,18.498261,0.046598
3590.313000,0.004002,18.498942,0.046598
3590.795000,0.001396,18.499594,0.046598
3591.277000,-0.005201,18.500216,0.046598
3591.759000,-0.006977,18.500809,0.046598
3592.241000,-0.010639,18.501372,0.046598
3592.723000,-0.013051,18.501905,0.046598
3593.205000,-0.014203,18.502409,0.046598
3593.687000,-0.017839,18.502882,0.046598
3594.169000,-0.020918,18.503326,0.046598
3594.651000,-0.025331,18.503740,0.046598
3595.133000,-0.025497,18.504124,0.046598
3595.615000,-0.025912,18.504478,0.046598
3596.097000,-0.025789,18.504801,0.046598
3596.579000,-0.025581,18.505094,0.046598
3597.061000,-0.025143,18.505357,0.046598
3597.543000,-0.024423,18.505590,0.046598
3598.025000,-0.023944,18.505792,0.046598
3598.507000,-0.017413,18.505964,0.046598
3598.989000,-0.011612,18.506106,0.046598
3599.471000,-0.011225,18.506216,0.046598
3599.953000,-0.006298,18.506296,0.046598
3600.435000,-0.004996,18.506346,0.046598
3600.917000,-0.002997,18.506365,0.046598
3601.399000,-0.002615,18.506353,0.046598
3601.881000,-0.001246,18.506311,0.046598
3602.363000,-0.001563,18.506237,0.046598
3602.845000,-0.002675,18.506133,0.046598
3603.327000,-0.005294,18.505998,0.046598
3603.809000,-0.004490,18.505833,0.046598
3604.291000,-0.004026,18.505636,0.046598
3604.773000,-0.001877,18.505409,0.046598
3605.255000,0.002773,18.505151,0.046598
3605.737000,0.007634,18.504863,0.046598
3606.219000,0.008208,18.504543,0.046598
3606.701000,0.015167,18.504193,0.046598
3607.183000,0.019174,18.503812,0.046598
3607.665000,0.019525,18.503400,0.046598
3608.147000,0.023682,18.502958,0.046598
3608.629000,0.025607,18.502485,0.046598
3609.111000,0.028344,18.501981,0.046598
3609.593000,0.026781,18.501447,0.046598
3610.075000,0.025591,18.500883,0.046598
3610.557000,0.027325,18.500288,0.046598
3611.039000,0.026674,18.499663,0.046598
3611.521000,0.025758,18.499008,0.046598
3612.003000,0.023182,18.498323,0.046598
3612.485000,0.021871,18.497607,0.046598
3612.967000,0.019106,18.496862,0.046598
3613.449000,0.016590,18.496087,0.046598
3613.931000,0.011002,18.495282,0.046598
3614.413000,0.003009,18.494448,0.046598
3614.895000,0.000433,18.493585,0.046598
3615.377000,-0.005872,18.492692,0.046598
3615.859000,-0.010865,18.491770,0.046598
3616.341000,-0.017791,18.490819,0.046598
3616.823000,-0.022978,18.489839,0.046598
3617.305000,-0.024283,18.488831,0.046598
3617.787000,-0.027043,18.487794,0.046598
3618.269000,-0.028562,18.486729,0.046598
3618.751000,-0.030900,18.485636,0.046598
3619.233000,-0.030613,18.484514,0.046598
3619.715000,-0.030218,18.483365,0.046598
3620.197000,-0.030794,18.482188,0.046598
3620.679000,-0.030876,18.480984,0.046598
3621.161000,-0.031236,18.479752,0.046598
3621.643000,-0.029514,18.478493,0.046598
3622.125000,-0.029754,18.477207,0.046598
3622.607000,-0.029904,18.475894,0.046598
3623.089000,-0.028480,18.474555,0.046598
3623.571000,-0.026235,18.473189,0.046598
3624.053000,-0.021839,18.471797,0.046598
3624.535000,-0.017062,18.470379,0.046598
3625.017000,-0.010535,18.468935,0.046598
3625.499000,-0.004373,18.467465,0.046598
3625.981000,0.003241,18.465969,0.046598
3626.463000,0.011722,18.464448,0.046598
3626.945000,0.019589,18.462902,0.046598
3627.427000,0.027744,18.461331,0.046598
3627.909000,0.035844,18.459736,0.046598
3628.391000,0.040143,18.458115,0.046598
3628.873000,0.040782,18.456471,0.046598
3629.355000,0.040257,18.454802,0.046598
3629.837000,0.039936,18.453110,0.046598
3630.319000,0.037013,18.451394,0.046598
3630.801000,0.032239,18.449655,0.046598
3631.283000,0.025945,18.447892,0.046598
3631.765000,0.020204,18.446107,0.046598
3632.247000,0.013957,18.444300,0.046598
3632.729000,0.008536,18.442470,0.046598
3633.211000,0.005803,18.440619,0.046598
3633.693000,0.002603,18.438746,0.046598
3634.175000,0.000889,18.436851,0.046598
3634.657000,0.000016,18.434936,0.046598
3635.139000,-0.005080,18.433000,0.046598
3635.621000,-0.010121,18.431044,0.046598
3636.103000,-0.011349,18.429068,0.046598
3636.585000,-0.013171,18.427072,0.046598
3637.067000,-0.014821,18.425057,0.046598
3637.549000,-0.015557,18.423023,0.046598
3638.031000,-0.016989,18.420970,0.046598
3638.513000,-0.018062,18.418899,0.046598
3638.995000,-0.021183,18.416810,0.046598
3639.477000,-0.022177,18.414704,0.046598
3639.959000,-0.023445,18.412580,0.046598
3640.441000,-0.024050,18.410439,0.046598
3640.923000,-0.024388,18.408282,0.046598
3641.405000,-0.026077,18.406109,0.046598
3641.887000,-0.028452,18.403920,0.046598
3642.369000,-0.028475,18.401715,0.046598
3642.851000,-0.027576,18.399496,0.046598
3643.333000,-0.028369,18.397261,0.046598
3643.815000,-0.028657,18.395013,0.046598
3644.297000,-0.028754,18.392750,0.046598
3644.779000,-0.031014,18.390474,0.046598
3645.261000,-0.035079,18.388185,0.046598
3645.743000,-0.037694,18.385883,0.046598
3646.225000,-0.038481,18.383568,0.046598
3646.707000,-0.040824,18.381241,0.046598
3647.189000,-0.038725,18.378903,0.046598
3647.671000,-0.036892,18.376553,0.046598
3648.153000,-0.033724,18.374193,0.046598
3648.635000,-0.028466,18.371822,0.046598
3649.117000,-0.021777,18.369440,0.046598
3649.599000,-0.019365,18.367049,0.046598
3650.081000,-0.018227,18.364649,0.046598
3650.563000,-0.018762,18.362239,0.046598
3651.045000,-0.021154,18.359821,0.046598
3651.527000,-0.025485,18.357394,0.046598
3652.009000,-0.031136,18.354960,0.046598
3652.491000,-0.034578,18.352518,0.046598
3652.973000,-0.040443,18.350070,0.046598
3653.455000,-0.045547,18.347614,0.046598
3653.937000,-0.047141,18.345153,0.046598
3654.419000,-0.046725,18.342685,0.046598
3654.901000,-0.044165,18.340212,0.046598
3655.383000,-0.040728,18.337733,0.046598
3655.865000,-0.035267,18.335250,0.046598
3656.347000,-0.030262,18.332761,0.046598
3656.829000,-0.024489,18.330269,0.046598
3657.311000,-0.019090,18.327772,0.046598
3657.793000,-0.015099,18.325272,0.046598
3658.275000,-0.012353,18.322768,0.046598
3658.757000,-0.010827,18.320261,0.046598
3659.239000,-0.008611,18.317751,0.046598
3659.721000,-0.009264,18.315239,0.046598
3660.203000,-0.008890,18.312725,0.046598
3660.685000,-0.008912,18.310208,0.046598
3661.167000,-0.010238,18.307691,0.046598
3661.649000,-0.012810,18.305172,0.046598
3662.131000,-0.013946,18.302652,0.046598
3662.613000,-0.014779,18.300132,0.046598
3663.095000,-0.016895,18.297612,0.046598
3663.577000,-0.019473,18.295092,0.046598
3664.059000,-0.020721,18.292573,0.046598
3664.541000,-0.022658,18.290055,0.046598
3665.023000,-0.025709,18.287538,0.046598
3665.505000,-0.029212,18.285022,0.046598
3665.987000,-0.032609,18.282509,0.046598
3666.469000,-0.035707,18.279999,0.046598
3666.951000,-0.035533,18.277491,0.046598
3667.433000,-0.036074,18.274986,0.046598
3667.915000,-0.036517,18.272485,0.046598
3668.397000,-0.035387,18.269987,0.046598
3668.879000,-0.030228,18.267495,0.046598
3669.361000,-0.026728,18.265006,0.046598
3669.843000,-0.026771,18.262523,0.046598
3670.325000,-0.025653,18.260045,0.046598
3670.807000,-0.024747,18.257573,0.046598
3671.289000,-0.025124,18.255107,0.046598
3671.771000,-0.028148,18.252648,0.046598
3672.253000,-0.031230,18.250196,0.046598
3672.735000,-0.034694,18.247751,0.046598
3673.217000,-0.033759,18.245314,0.046598
3673.699000,-0.031981,18.242885,0.046598
3674.181000,-0.030992,18.240464,0.046598
3674.663000,-0.026750,18.238052,0.046598
3675.145000,-0.024245,18.235649,0.046598
3675.627000,-0.017641,18.233255,0.046598
3676.109000,-0.012516,18.230870,0.046598
3676.591000,-0.013808,18.228495,0.046598
3677.073000,-0.012543,18.226131,0.046598
3677.555000,-0.009227,18.223776,0.046598
3678.037000,-0.007496,18.221433,0.046598
3678.519000,-0.008409,18.219100,0.046598
3679.001000,-0.008003,18.216779,0.046598
3679.483000,-0.007649,18.214470,0.046598
3679.965000,-0.005340,18.212172,0.046598
3680.447000,-0.005612,18.209887,0.046598
3680.929000,-0.005269,18.207615,0.046598
3681.411000,-0.003130,18.205355,0.046598
3681.893000,-0.003725,18.203109,0.046598
3682.375000,-0.002071,18.200876,0.046598
3682.857000,-0.002455,18.198658,0.046598
3683.339000,-0.004711,18.196454,0.046598
3683.821000,-0.005584,18.194265,0.046598
3684.303000,-0.006718,18.192090,0.046598
3684.785000,-0.011499,18.189932,0.046598
3685.267000,-0.016871,18.187789,0.046598
3685.749000,-0.021814,18.185662,0.046598
3686.231000,-0.025940,18.183552,0.046598
3686.713000,-0.031013,18.181459,0.046598
3687.195000,-0.035253,18.179383,0.046598
3687.677000,-0.036188,18.177325,0.046598
3688.159000,-0.035596,18.175285,0.046598
3688.641000,-0.035200,18.173264,0.046598
3689.123000,-0.034401,18.171261,0.046598
3689.605000,-0.035209,18.169278,0.046598
3690.087000,-0.032881,18.167315,0.046598
3690.569000,-0.032639,18.165371,0.046598
3691.051000,-0.030321,18.163448,0.046598
3691.533000,-0.028263,18.161546,0.046598
3692.015000,-0.027958,18.159665,0.046598
3692.497000,-0.029195,18.157806,0.046598
3692.979000,-0.031871,18.155969,0.046598
3693.461000,-0.034404,18.154154,0.046598
3693.943000,-0.036488,18.152362,0.046598
3694.425000,-0.037433,18.150594,0.046598
3694.907000,-0.039091,18.148849,0.046598
3695.389000,-0.042459,18.147128,0.046598
3695.871000,-0.043635,18.145431,0.046598
3696.353000,-0.045583,18.143759,0.046598
3696.835000,-0.045556,18.142112,0.046598
3697.317000,-0.043932,18.140491,0.046598
3697.799000,-0.040003,18.138894,0.046598
3698.281000,-0.035269,18.137323,0.046598
3698.763000,-0.030992,18.135779,0.046598
3699.245000,-0.025032,18.134260,0.046598
3699.727000,-0.019306,18.132768,0.046598
3700.209000,-0.013512,18.131302,0.046598
3700.691000,-0.008967,18.129864,0.046598
3701.173000,-0.002611,18.128453,0.046598
3701.655000,0.002278,18.127069,0.046598
3702.137000,0.005692,18.125713,0.046598
3702.619000,0.011845,18.124385,0.046598
3703.101000,0.012772,18.123086,0.046598
3703.583000,0.008463,18.121815,0.046598
3704.065000,0.003362,18.120573,0.046598
3704.547000,-0.004017,18.119360,0.046598
3705.029000,-0.009633,18.118177,0.046598
3705.511000,-0.017050,18.117024,0.046598
3705.993000,-0.025830,18.115901,0.046598
3706.475000,-0.034826,18.114809,0.046598
3706.957000,-0.044541,18.113747,0.046598
3707.439000,-0.051096,18.112717,0.046598
3707.921000,-0.053711,18.111718,0.046598
3708.403000,-0.056295,18.110750,0.046598
3708.885000,-0.055821,18.109815,0.046598
3709.367000,-0.051895,18.108911,0.046598
3709.849000,-0.048007,18.108039,0.046598
3710.331000,-0.045906,18.107200,0.046598
3710.813000,-0.041288,18.106392,0.046598
3711.295000,-0.035607,18.105616,0.046598
3711.777000,-0.028634,18.104872,0.046598
3712.259000,-0.020872,18.104159,0.046598
3712.741000,-0.015659,18.103477,0.046598
3713.223000,-0.007435,18.102828,0.046598
3713.705000,-0.002397,18.102209,0.046598
3714.187000,0.002586,18.101621,0.046598
3714.669000,0.008349,18.101065,0.046598
3715.151000,0.011335,18.100540,0.046598
3715.633000,0.014609,18.100045,0.046598
3716.115000,0.016107,18.099582,0.046598
3716.597000,0.016122,18.099149,0.046598
3717.079000,0.012959,18.098747,0.046598
3717.561000,0.012358,18.098376,0.046598
3718.043000,0.012914,18.098036,0.046598
3718.525000,0.011963,18.097726,0.046598
3719.007000,0.011362,18.097447,0.046598
3719.489000,0.008806,18.097198,0.046598
3719.971000,0.007473,18.096980,0.046598
3720.453000,0.006386,18.096793,0.046598
3720.935000,0.007722,18.096636,0.046598
3721.417000,0.010661,18.096510,0.046598
3721.899000,0.011887,18.096414,0.046598
3722.381000,0.013037,18.096349,0.046598
3722.863000,0.012421,18.096314,0.046598
3723.345000,0.012278,18.096310,0.046598
3723.827000,0.013113,18.096337,0.046598
3724.309000,0.015991,18.096394,0.046598
3724.791000,0.017329,18.096482,0.046598
3725.273000,0.014320,18.096601,0.046598
3725.755000,0.012482,18.096750,0.046598
3726.237000,0.009078,18.096931,0.046598
3726.719000,0.003418,18.097142,0.046598
3727.201000,-0.001480,18.097384,0.046598
3727.683000,-0.006500,18.097658,0.046598
3728.165000,-0.011913,18.097962,0.046598
3728.647000,-0.017213,18.098298,0.046598
3729.129000,-0.022716,18.098665,0.046598
3729.611000,-0.027591,18.099063,0.046598
3730.093000,-0.031111,18.099493,0.046598
3730.575000,-0.031027,18.099955,0.046598
3731.057000,-0.031788,18.100448,0.046598
3731.539000,-0.033157,18.100973,0.046598
3732.021000,-0.031390,18.101530,0.046598
3732.503000,-0.027631,18.102118,0.046598
3732.985000,-0.024264,18.102739,0.046598
3733.467000,-0.019685,18.103392,0.046598
3733.949000,-0.014761,18.104078,0.046598
3734.431000,-0.008157,18.104795,0.046598
3734.913000,-0.002118,18.105545,0.046598
3735.395000,0.006531,18.106328,0.046598
3735.877000,0.011304,18.107144,0.046598
3736.359000,0.013193,18.107992,0.046598
3736.841000,0.013974,18.108873,0.046598
3737.323000,0.012925,18.109787,0.046598
3737.805000,0.007702,18.110735,0.046598
3738.287000,0.000352,18.111716,0.046598
3738.769000,-0.007217,18.112731,0.046598
3739.251000,-0.016672,18.113779,0.046598
3739.733000,-0.025274,18.114861,0.046598
3740.215000,-0.032809,18.115977,0.046598
3740.697000,-0.041279,18.117128,0.046598
3741.179000,-0.048009,18.118313,0.046598
3741.661000,-0.052293,18.119532,0.046598
3742.143000,-0.052111,18.120786,0.046598
3742.625000,-0.053827,18.122075,0.046598
3743.107000,-0.052080,18.123398,0.046598
3743.589000,-0.046204,18.124756,0.046598
3744.071000,-0.040793,18.126149,0.046598
3744.553000,-0.034803,18.127576,0.046598
3745.035000,-0.031091,18.129038,0.046598
3745.517000,-0.024958,18.130533,0.046598
3745.999000,-0.018007,18.132062,0.046598
3746.481000,-0.014566,18.133625,0.046598
3746.963000,-0.011094,18.135221,0.046598
3747.445000,-0.008566,18.136851,0.046598
3747.927000,-0.009342,18.138513,0.046598
3748.409000,-0.010146,18.140209,0.046598
3748.891000,-0.013228,18.141937,0.046598
3749.373000,-0.016298,18.143697,0.046598
3749.855000,-0.017657,18.145490,0.046598
3750.337000,-0.018108,18.147315,0.046598
3750.819000,-0.020715,18.149172,0.046598
3751.301000,-0.023898,18.151060,0.046598
3751.783000,-0.027038,18.152981,0.046598
3752.265000,-0.028307,18.154932,0.046598
3752.747000,-0.031679,18.156916,0.046598
3753.229000,-0.038852,18.158930,0.046598
3753.711000,-0.042746,18.160975,0.046598
3754.193000,-0.045257,18.163051,0.046598
3754.675000,-0.049631,18.165158,0.046598
3755.157000,-0.051322,18.167295,0.046598
3755.639000,-0.054282,18.169462,0.046598
3756.121000,-0.053092,18.171660,0.046598
3756.603000,-0.048563,18.173886,0.046598
3757.085000,-0.041215,18.176142,0.046598
3757.567000,-0.033018,18.178426,0.046598
3758.049000,-0.024538,18.180737,0.046598
3758.531000,-0.016746,18.183075,0.046598
3759.013000,-0.010072,18.185439,0.046598
3759.495000,-0.004922,18.187829,0.046598
3759.977000,-0.001712,18.190243,0.046598
3760.459000,0.003294,18.192682,0.046598
3760.941000,0.006454,18.195144,0.046598
3761.423000,0.008445,18.197629,0.046598
3761.905000,0.010028,18.200136,0.046598
3762.387000,0.008798,18.202665,0.046598
3762.869000,0.011158,18.205214,0.046598
3763.351000,0.014263,18.207784,0.046598
3763.833000,0.016738,18.210374,0.046598
3764.315000,0.016453,18.212983,0.046598
3764.797000,0.015468,18.215610,0.046598
3765.279000,0.015822,18.218256,0.046598
3765.761000,0.015912,18.220918,0.046598
3766.243000,0.014497,18.223598,0.046598
3766.725000,0.013334,18.226293,0.046598
3767.207000,0.012237,18.229004,0.046598
3767.689000,0.010430,18.231730,0.046598
3768.171000,0.009883,18.234471,0.046598
3768.653000,0.012700,18.237226,0.046598
3769.135000,0.015137,18.239993,0.046598
3769.617000,0.018233,18.242774,0.046598
3770.099000,0.020919,18.245567,0.046598
3770.581000,0.021567,18.248372,0.046598
3771.063000,0.020140,18.251188,0.046598
3771.545000,0.019288,18.254015,0.046598
3772.027000,0.018444,18.256852,0.046598
3772.509000,0.014245,18.259698,0.046598
3772.991000,0.008633,18.262554,0.046598
3773.473000,0.002392,18.265418,0.046598
3773.955000,-0.002337,18.268291,0.046598
3774.437000,-0.006968,18.271172,0.046598
3774.919000,-0.011165,18.274059,0.046598
3775.401000,-0.012964,18.276954,0.046598
3775.883000,-0.017171,18.279855,0.046598
3776.365000,-0.021118,18.282762,0.046598
3776.847000,-0.023811,18.285674,0.046598
3777.329000,-0.027001,18.288591,0.046598
3777.811000,-0.029740,18.291513,0.046598
3778.293000,-0.030605,18.294438,0.046598
3778.775000,-0.031614,18.297368,0.046598
3779.257000,-0.033453,18.300300,0.046598
3779.739000,-0.035432,18.303235,0.046598
3780.221000,-0.034785,18.306172,0.046598
3780.703000,-0.030655,18.309111,0.046598
3781.185000,-0.031086,18.312052,0.046598
3781.667000,-0.030873,18.314993,0.046598
3782.149000,-0.028145,18.317935,0.046598
3782.631000,-0.025422,18.320876,0.046598
3783.113000,-0.023704,18.323818,0.046598
3783.595000,-0.020039,18.326758,0.046598
3784.077000,-0.016792,18.329697,0.046598
3784.559000,-0.012611,18.332635,0.046598
3785.041000,-0.008038,18.335570,0.046598
3785.523000,-0.004881,18.338503,0.046598
3786.005000,-0.002252,18.341432,0.046598
3786.487000,0.000738,18.344358,0.046598
3786.969000,0.004781,18.347281,0.046598
3787.451000,0.006411,18.350199,0.046598
3787.933000,0.004148,18.353112,0.046598
3788.415000,0.003745,18.356020,0.046598
3788.897000,0.003114,18.358923,0.046598
3789.379000,-0.000641,18.361820,0.046598
3789.861000,-0.005366,18.364711,0.046598
3790.343000,-0.008330,18.367595,0.046598
3790.825000,-0.012662,18.370472,0.046598
3791.307000,-0.016849,18.373342,0.046598
3791.789000,-0.021382,18.376204,0.046598
3792.271000,-0.024719,18.379058,0.046598
3792.753000,-0.028210,18.381903,0.046598
3793.235000,-0.030905,18.384740,0.046598
3793.717000,-0.032485,18.387568,0.046598
3794.199000,-0.033826,18.390386,0.046598
3794.681000,-0.034137,18.393194,0.046598
3795.163000,-0.033314,18.395992,0.046598
3795.645000,-0.032770,18.398779,0.046598
3796.127000,-0.032106,18.401555,0.046598
3796.609000,-0.030041,18.404320,0.046598
3797.091000,-0.027866,18.407074,0.046598
3797.573000,-0.025445,18.409815,0.046598
3798.055000,-0.024378,18.412544,0.046598
3798.537000,-0.022811,18.415260,0.046598
3799.019000,-0.022426,18.417964,0.046598
3799.501000,-0.022169,18.420654,0.046598
3799.983000,-0.021949,18.423330,0.046598
3800.465000,-0.022297,18.425992,0.046598
3800.947000,-0.023209,18.428640,0.046598
3801.429000,-0.024832,18.431273,0.046598
3801.911000,-0.026617,18.433891,0.046598
3802.393000,-0.028868,18.436494,0.046598
3802.875000,-0.031345,18.439081,0.046598
3803.357000,-0.033316,18.441653,0.046598
3803.839000,-0.036866,18.444207,0.046598
3804.321000,-0.038581,18.446746,0.046598
3804.803000,-0.039213,18.449267,0.046598
3805.285000,-0.037931,18.451771,0.046598
3805.767000,-0.036118,18.454257,0.046598
3806.249000,-0.032648,18.456726,0.046598
3806.731000,-0.027957,18.459176,0.046598
3807.213000,-0.023199,18.461608,0.046598
3807.695000,-0.016137,18.464021,0.046598
3808.177000,-0.010864,18.466415,0.046598
3808.659000,-0.005636,18.468790,0.046598
3809.141000,-0.001838,18.471145,0.046598
3809.623000,0.001196,18.473479,0.046598
3810.105000,0.002545,18.475794,0.046598
3810.587000,0.001954,18.478088,0.046598
3811.069000,0.002213,18.480361,0.046598
3811.551000,0.002363,18.482612,0.046598
3812.033000,0.002353,18.484843,0.046598
3812.515000,0.002128,18.487051,0.046598
3812.997000,0.003161,18.489238,0.046598
3813.479000,0.005813,18.491402,0.046598
3813.961000,0.010024,18.493544,0.046598
3814.443000,0.017049,18.495663,0.046598
3814.925000,0.020490,18.497759,0.046598
3815.407000,0.025275,18.499832,0.046598
3815.889000,0.031026,18.501882,0.046598
3816.371000,0.033963,18.503908,0.046598
3816.853000,0.033988,18.505910,0.046598
3817.335000,0.035535,18.507887,0.046598
3817.817000,0.036564,18.509841,0.046598
3818.299000,0.034148,18.511770,0.046598
3818.781000,0.031611,18.513675,0.046598
3819.263000,0.027754,18.515554,0.046598
3819.745000,0.025699,18.517409,0.046598
3820.227000,0.024740,18.519238,0.046598
3820.709000,0.026850,18.521042,0.046598
3821.191000,0.029169,18.522821,0.046598
3821.673000,0.030926,18.524574,0.046598
3822.155000,0.032315,18.526302,0.046598
3822.637000,0.033333,18.528003,0.046598
3823.119000,0.031944,18.529679,0.046598
3823.601000,0.029928,18.531328,0.046598
3824.083000,0.029784,18.532952,0.046598
3824.565000,0.026869,18.534549,0.046598
3825.047000,0.021098,18.536120,0.046598
3825.529000,0.014224,18.537664,0.046598
3826.011000,0.005795,18.539182,0.046598
3826.493000,-0.001143,18.540673,0.046598
3826.975000,-0.007376,18.542138,0.046598
3827.457000,-0.011297,18.543576,0.046598
3827.939000,-0.016092,18.544988,0.046598
3828.421000,-0.020694,18.546372,0.046598
3828.903000,-0.026054,18.547730,0.046598
3829.385000,-0.028371,18.549061,0.046598
3829.867000,-0.030554,18.550366,0.046598
3830.349000,-0.031246,18.551643,0.046598
3830.831000,-0.027600,18.552893,0.046598
3831.313000,-0.023423,18.554117,0.046598
3831.795000,-0.020353,18.555313,0.046598
3832.277000,-0.015978,18.556483,0.046598
3832.759000,-0.009342,18.557625,0.046598
3833.241000,-0.004148,18.558740,0.046598
3833.723000,-0.000254,18.559829,0.046598
3834.205000,0.004113,18.560890,0.046598
3834.687000,0.005145,18.561924,0.046598
3835.169000,0.004038,18.562931,0.046598
3835.651000,0.001745,18.563911,0.046598
3836.133000,-0.003272,18.564863,0.046598
3836.615000,-0.009867,18.565789,0.046598
3837.097000,-0.013056,18.566688,0.046598
3837.579000,-0.014168,18.567559,0.046598
3838.061000,-0.019013,18.568403,0.046598
3838.543000,-0.021589,18.569221,0.046598
3839.025000,-0.020350,18.570011,0.046598
3839.507000,-0.020420,18.570775,0.046598
3839.989000,-0.018845,18.571511,0.046598
3840.471000,-0.015504,18.572221,0.046598
3840.953000,-0.009619,18.572904,0.046598
3841.435000,-0.005769,18.573560,0.046598
3841.917000,-0.001730,18.574189,0.046598
3842.399000,0.002696,18.574791,0.046598
3842.881000,0.005610,18.575367,0.046598
3843.363000,0.008910,18.575916,0.046598
3843.845000,0.012792,18.576439,0.046598
3844.327000,0.014496,18.576935,0.046598
3844.809000,0.013196,18.577405,0.046598
3845.291000,0.012145,18.577848,0.046598
3845.773000,0.008334,18.578266,0.046598
3846.255000,0.003085,18.578657,0.046598
3846.737000,-0.000824,18.579022,0.046598
3847.219000,-0.005973,18.579361,0.046598
3847.701000,-0.011787,18.579674,0.046598
3848.183000,-0.019642,18.579962,0.046598
3848.665000,-0.027498,18.580224,0.046598
3849.147000,-0.032940,18.580460,0.046598
3849.629000,-0.040115,18.580671,0.046598
3850.111000,-0.046164,18.580857,0.046598
3850.593000,-0.049003,18.581018,0.046598
3851.075000,-0.049009,18.581154,0.046598
3851.557000,-0.045321,18.581264,0.046598
3852.039000,-0.036009,18.581350,0.046598
3852.521000,-0.024487,18.581411,0.046598
3853.003000,-0.011535,18.581447,0.046598
3853.485000,0.001559,18.581458,0.046598
3853.967000,0.014091,18.581444,0.046598
3854.449000,0.025259,18.581405,0.046598
3854.931000,0.033508,18.581341,0.046598
3855.413000,0.038517,18.581252,0.046598
3855.895000,0.040870,18.581138,0.046598
3856.377000,0.036520,18.580998,0.046598
3856.859000,0.030756,18.580834,0.046598
3857.341000,0.022658,18.580644,0.046598
3857.823000,0.015689,18.580430,0.046598
3858.305000,0.008541,18.580191,0.046598
3858.787000,0.002723,18.579926,0.046598
3859.269000,-0.004061,18.579637,0.046598
3859.751000,-0.009014,18.579323,0.046598
3860.233000,-0.010606,18.578985,0.046598
3860.715000,-0.010727,18.578622,0.046598
3861.197000,-0.009010,18.578234,0.046598
3861.679000,-0.008867,18.577821,0.046598
3862.161000,-0.009176,18.577385,0.046598
3862.643000,-0.010056,18.576923,0.046598
3863.125000,-0.012006,18.576438,0.046598
3863.607000,-0.013637,18.575929,0.046598
3864.089000,-0.017007,18.575395,0.046598
3864.571000,-0.020177,18.574837,0.046598
3865.053000,-0.025624,18.574256,0.046598
3865.535000,-0.030866,18.573650,0.046598
3866.017000,-0.035937,18.573021,0.046598
3866.499000,-0.038449,18.572369,0.046598
3866.981000,-0.039763,18.571693,0.046598
3867.463000,-0.041955,18.570993,0.046598
3867.945000,-0.043117,18.570270,0.046598
3868.427000,-0.045238,18.569525,0.046598
3868.909000,-0.046043,18.568756,0.046598
3869.391000,-0.045484,18.567964,0.046598
3869.873000,-0.045256,18.567149,0.046598
3870.355000,-0.043492,18.566311,0.046598
3870.837000,-0.040777,18.565451,0.046598
3871.319000,-0.035687,18.564568,0.046598
3871.801000,-0.029498,18.563662,0.046598
3872.283000,-0.019928,18.562733,0.046598
3872.765000,-0.012391,18.561782,0.046598
3873.247000,-0.006078,18.560808,0.046598
3873.729000,0.000624,18.559812,0.046598
3874.211000,0.004564,18.558793,0.046598
3874.693000,0.008000,18.557751,0.046598
3875.175000,0.009631,18.556688,0.046598
3875.657000,0.010274,18.555602,0.046598
3876.139000,0.009298,18.554494,0.046598
3876.621000,0.005075,18.553364,0.046598
3877.103000,0.001843,18.552212,0.046598
3877.585000,-0.002441,18.551038,0.046598
3878.067000,-0.004414,18.549842,0.046598
3878.549000,-0.006980,18.548624,0.046598
3879.031000,-0.007697,18.547385,0.046598
3879.513000,-0.010817,18.546124,0.046598
3879.995000,-0.013392,18.544842,0.046598
3880.477000,-0.015031,18.543539,0.046598
3880.959000,-0.018009,18.542214,0.046598
3881.441000,-0.020280,18.540868,0.046598
3881.923000,-0.021295,18.539502,0.046598
3882.405000,-0.021177,18.538115,0.046598
3882.887000,-0.021681,18.536707,0.046598
3883.369000,-0.022167,18.535279,0.046598
3883.851000,-0.021398,18.533830,0.046598
3884.333000,-0.021128,18.532362,0.046598
3884.815000,-0.018888,18.530873,0.046598
3885.297000,-0.017765,18.529364,0.046598
3885.779000,-0.016612,18.527835,0.046598
3886.261000,-0.014659,18.526287,0.046598
3886.743000,-0.013186,18.524720,0.046598
3887.225000,-0.014466,18.523133,0.046598
3887.707000,-0.015552,18.521527,0.046598
3888.189000,-0.017963,18.519902,0.046598
3888.671000,-0.018367,18.518258,0.046598
3889.153000,-0.020545,18.516596,0.046598
3889.635000,-0.021485,18.514915,0.046598
3890.117000,-0.021461,18.513216,0.046598
3890.599000,-0.019614,18.511499,0.046598
3891.081000,-0.016674,18.509764,0.046598
3891.563000,-0.012685,18.508011,0.046598
3892.045000,-0.007996,18.506241,0.046598
3892.527000,-0.005202,18.504453,0.046598
3893.009000,-0.002428,18.502648,0.046598
3893.491000,-0.000978,18.500826,0.046598
3893.973000,-0.002674,18.498988,0.046598
3894.455000,-0.004494,18.497133,0.046598
3894.937000,-0.008613,18.495261,0.046598
3895.419000,-0.013138,18.493374,0.046598
3895.901000,-0.019732,18.491470,0.046598
3896.383000,-0.023266,18.489551,0.046598
3896.865000,-0.027758,18.487617,0.046598
3897.347000,-0.031185,18.485667,0.046598
3897.829000,-0.034524,18.483702,0.046598
3898.311000,-0.033713,18.481722,0.046598
3898.793000,-0.031886,18.479728,0.046598
3899.275000,-0.030229,18.477720,0.046598
3899.757000,-0.025590,18.475698,0.046598
3900.239000,-0.019914,18.473661,0.046598
3900.721000,-0.013632,18.471612,0.046598
3901.203000,-0.006615,18.469548,0.046598
3901.685000,-0.000555,18.467472,0.046598
3902.167000,0.005168,18.465383,0.046598
3902.649000,0.009282,18.463282,0.046598
3903.131000,0.012162,18.461168,0.046598
3903.613000,0.012312,18.459042,0.046598
3904.095000,0.012363,18.456904,0.046598
3904.577000,0.010081,18.454754,0.046598
3905.059000,0.008161,18.452594,0.046598
3905.541000,0.002802,18.450422,0.046598
3906.023000,-0.001535,18.448240,0.046598
3906.505000,-0.006665,18.446048,0.046598
3906.987000,-0.010785,18.443845,0.046598
3907.469000,-0.014412,18.441633,0.046598
3907.951000,-0.018384,18.439411,0.046598
3908.433000,-0.020369,18.437180,0.046598
3908.915000,-0.022658,18.434941,0.046598
3909.397000,-0.024821,18.432692,0.046598
3909.879000,-0.025106,18.430436,0.046598
3910.361000,-0.024811,18.428172,0.046598
3910.843000,-0.024195,18.425901,0.046598
3911.325000,-0.025082,18.423622,0.046598
3911.807000,-0.024958,18.421336,0.046598
3912.289000,-0.025569,18.419044,0.046598
3912.771000,-0.026026,18.416746,0.046598
3913.253000,-0.028339,18.414441,0.046598
3913.735000,-0.031184,18.412132,0.046598
3914.217000,-0.035428,18.409817,0.046598
3914.699000,-0.037009,18.407497,0.046598
3915.181000,-0.036568,18.405173,0.046598
3915.663000,-0.037566,18.402845,0.046598
3916.145000,-0.037376,18.400513,0.046598
3916.627000,-0.037461,18.398177,0.046598
3917.109000,-0.037447,18.395839,0.046598
3917.591000,-0.036891,18.393497,0.046598
3918.073000,-0.035343,18.391154,0.046598
3918.555000,-0.032985,18.388808,0.046598
3919.037000,-0.032998,18.386460,0.046598
3919.519000,-0.032053,18.384111,0.046598
3920.001000,-0.031944,18.381762,0.046598
3920.483000,-0.033668,18.379411,0.046598
3920.965000,-0.032394,18.377060,0.046598
3921.447000,-0.028321,18.374709,0.046598
3921.929000,-0.023869,18.372359,0.046598
3922.411000,-0.020139,18.370009,0.046598
3922.893000,-0.016881,18.367661,0.046598
3923.375000,-0.014390,18.365314,0.046598
3923.857000,-0.011358,18.362968,0.046598
3924.339000,-0.009725,18.360625,0.046598
3924.821000,-0.009552,18.358285,0.046598
3925.303000,-0.009732,18.355948,0.046598
3925.785000,-0.010907,18.353613,0.046598
3926.267000,-0.011426,18.351283,0.046598
3926.749000,-0.014767,18.348957,0.046598
3927.231000,-0.017982,18.346635,0.046598
3927.713000,-0.020687,18.344318,0.046598
3928.195000,-0.023355,18.342007,0.046598
3928.677000,-0.023565,18.339701,0.046598
3929.159000,-0.024722,18.337401,0.046598
3929.641000,-0.026403,18.335107,0.046598
3930.123000,-0.028088,18.332821,0.046598
3930.605000,-0.029189,18.330542,0.046598
3931.087000,-0.029336,18.328270,0.046598
3931.569000,-0.029266,18.326007,0.046598
3932.051000,-0.026977,18.323752,0.046598
3932.533000,-0.024115,18.321507,0.046598
3933.015000,-0.021521,18.319270,0.046598
3933.497000,-0.019120,18.317044,0.046598
3933.979000,-0.015854,18.314827,0.046598
3934.461000,-0.013576,18.312621,0.046598
3934.943000,-0.009497,18.310427,0.046598
3935.425000,-0.004372,18.308243,0.046598
3935.907000,-0.001565,18.306072,0.046598
3936.389000,0.000437,18.303913,0.046598
3936.871000,0.001168,18.301767,0.046598
3937.353000,0.000789,18.299634,0.046598
3937.835000,-0.000969,18.297515,0.046598
3938.317000,-0.004250,18.295410,0.046598
3938.799000,-0.008178,18.293319,0.046598
3939.281000,-0.013325,18.291244,0.046598
3939.763000,-0.018882,18.289184,0.046598
3940.245000,-0.022904,18.287141,0.046598
3940.727000,-0.026441,18.285113,0.046598
3941.209000,-0.030468,18.283103,0.046598
3941.691000,-0.034614,18.281110,0.046598
3942.173000,-0.037515,18.279136,0.046598
3942.655000,-0.039907,18.277179,0.046598
3943.137000,-0.042607,18.275242,0.046598
3943.619000,-0.046120,18.273324,0.046598
3944.101000,-0.048553,18.271426,0.046598
3944.583000,-0.051190,18.269548,0.046598
3945.065000,-0.053291,18.267691,0.046598
3945.547000,-0.055798,18.265855,0.046598
3946.029000,-0.057036,18.264040,0.046598
3946.511000,-0.056731,18.262246,0.046598
3946.993000,-0.053692,18.260474,0.046598
3947.475000,-0.051263,18.258723,0.046598
3947.957000,-0.049058,18.256994,0.046598
3948.439000,-0.046271,18.255285,0.046598
3948.921000,-0.042222,18.253597,0.046598
3949.403000,-0.037991,18.251930,0.046598
3949.885000,-0.035151,18.250283,0.046598
3950.367000,-0.031358,18.248656,0.046598
3950.849000,-0.025941,18.247048,0.046598
3951.331000,-0.022904,18.245460,0.046598
3951.813000,-0.020150,18.243891,0.046598
3952.295000,-0.019214,18.242341,0.046598
3952.777000,-0.015758,18.240809,0.046598
3953.259000,-0.014031,18.239296,0.046598
3953.741000,-0.011605,18.237800,0.046598
3954.223000,-0.009550,18.236323,0.046598
3954.705000,-0.007943,18.234863,0.046598
3955.187000,-0.007941,18.233420,0.046598
3955.669000,-0.007785,18.231994,0.046598
3956.151000,-0.007407,18.230585,0.046598
3956.633000,-0.008021,18.229193,0.046598
3957.115000,-0.007855,18.227817,0.046598
3957.597000,-0.008274,18.226457,0.046598
3958.079000,-0.008284,18.225113,0.046598
3958.561000,-0.009816,18.223784,0.046598
3959.043000,-0.011970,18.222471,0.046598
3959.525000,-0.012408,18.221173,0.046598
3960.007000,-0.015148,18.219889,0.046598
3960.489000,-0.015558,18.218621,0.046598
3960.971000,-0.016665,18.217367,0.046598
3961.453000,-0.018000,18.216128,0.046598
3961.935000,-0.020830,18.214902,0.046598
3962.417000,-0.023067,18.213691,0.046598
3962.899000,-0.026314,18.212493,0.046598
3963.381000,-0.029788,18.211309,0.046598
3963.863000,-0.032963,18.210138,0.046598
3964.345000,-0.034510,18.208980,0.046598
3964.827000,-0.033650,18.207835,0.046598
3965.309000,-0.033445,18.206703,0.046598
3965.791000,-0.033722,18.205584,0.046598
3966.273000,-0.034117,18.204477,0.046598
3966.755000,-0.033762,18.203382,0.046598
3967.237000,-0.030374,18.202300,0.046598
3967.719000,-0.028866,18.201229,0.046598
3968.201000,-0.026745,18.200169,0.046598
3968.683000,-0.026522,18.199122,0.046598
3969.165000,-0.027318,18.198085,0.046598
3969.647000,-0.029255,18.197060,0.046598
3970.129000,-0.031888,18.196046,0.046598
3970.611000,-0.033893,18.195043,0.046598
3971.093000,-0.034361,18.194050,0.046598
3971.575000,-0.032089,18.193068,0.046598
3972.057000,-0.029680,18.192096,0.046598
3972.539000,-0.028389,18.191134,0.046598
3973.021000,-0.027342,18.190182,0.046598
3973.503000,-0.024586,18.189240,0.046598
3973.985000,-0.020617,18.188307,0.046598
3974.467000,-0.019164,18.187384,0.046598
3974.949000,-0.016536,18.186471,0.046598
3975.431000,-0.016354,18.185567,0.046598
3975.913000,-0.019552,18.184671,0.046598
3976.395000,-0.024203,18.183785,0.046598
3976.877000,-0.027793,18.182907,0.046598
3977.359000,-0.032029,18.182038,0.046598
3977.841000,-0.033607,18.181177,0.046598
3978.323000,-0.032822,18.180325,0.046598
3978.805000,-0.034534,18.179481,0.046598
3979.287000,-0.036193,18.178645,0.046598
3979.769000,-0.038920,18.177817,0.046598
3980.251000,-0.039917,18.176997,0.046598
3980.733000,-0.039619,18.176184,0.046598
3981.215000,-0.037063,18.175378,0.046598
3981.697000,-0.035226,18.174580,0.046598
3982.179000,-0.035312,18.173788,0.046598
3982.661000,-0.035350,18.173004,0.046598
3983.143000,-0.034509,18.172225,0.046598
3983.625000,-0.032112,18.171453,0.046598
3984.107000,-0.029652,18.170687,0.046598
3984.589000,-0.024893,18.169926,0.046598
3985.071000,-0.020567,18.169171,0.046598
3985.553000,-0.018417,18.168421,0.046598
3986.035000,-0.013627,18.167676,0.046598
3986.517000,-0.010855,18.166936,0.046598
3986.999000,-0.006499,18.166200,0.046598
3987.481000,-0.001435,18.165468,0.046598
3987.963000,0.004276,18.164739,0.046598
3988.445000,0.006271,18.164015,0.046598
3988.927000,0.008380,18.163294,0.046598
3989.409000,0.010187,18.162576,0.046598
3989.891000,0.012664,18.161861,0.046598
3990.373000,0.013617,18.161149,0.046598
3990.855000,0.014380,18.160439,0.046598
3991.337000,0.016803,18.159732,0.046598
3991.819000,0.019637,18.159026,0.046598
3992.301000,0.022435,18.158323,0.046598
3992.783000,0.026582,18.157621,0.046598
3993.265000,0.030436,18.156921,0.046598
3993.747000,0.035729,18.156223,0.046598
3994.229000,0.041004,18.155525,0.046598
3994.711000,0.046214,18.154829,0.046598
3995.193000,0.050422,18.154134,0.046598
3995.675000,0.056184,18.153439,0.046598
3996.157000,0.060555,18.152745,0.046598
3996.639000,0.065037,18.152052,0.046598
3997.121000,0.067406,18.151359,0.046598
3997.603000,0.069798,18.150666,0.046598
3998.085000,0.071767,18.149974,0.046598
3998.567000,0.073359,18.149282,0.046598
3999.049000,0.074623,18.148590,0.046598
3999.531000,0.075608,18.147898,0.046598
4000.013000,0.076361,18.147206,0.046598
4000.495000,0.076931,18.146514,0.046598
