wavenumber_cm-1,reflectance_osc_%
1556.755000,0.032509
1557.237000,0.013145
1557.719000,-0.004279
1558.201000,-0.019755
1558.683000,-0.033275
1559.165000,-0.044830
1559.647000,-0.054413
1560.129000,-0.062016
1560.611000,-0.067458
1561.093000,-0.069262
1561.575000,-0.070037
1562.057000,-0.069549
1562.539000,-0.069746
1563.021000,-0.067974
1563.503000,-0.068124
1563.985000,-0.068982
1564.467000,-0.068802
1564.949000,-0.068509
1565.431000,-0.067984
1565.913000,-0.067747
1566.395000,-0.066064
1566.877000,-0.062508
1567.359000,-0.058243
1567.841000,-0.052491
1568.323000,-0.045159
1568.805000,-0.037348
1569.287000,-0.029599
1569.769000,-0.018265
1570.251000,-0.008693
1570.733000,0.002621
1571.215000,0.014121
1571.697000,0.024367
1572.179000,0.031693
1572.661000,0.039389
1573.143000,0.045044
1573.625000,0.049489
1574.107000,0.058159
1574.589000,0.065828
1575.071000,0.078334
1575.553000,0.091595
1576.035000,0.106260
1576.517000,0.123904
1576.999000,0.138704
1577.481000,0.154878
1577.963000,0.169638
1578.445000,0.181088
1578.927000,0.189112
1579.409000,0.193448
1579.891000,0.195642
1580.373000,0.198812
1580.855000,0.203199
1581.337000,0.204470
1581.819000,0.209461
1582.301000,0.212678
1582.783000,0.218861
1583.265000,0.224754
1583.747000,0.230864
1584.229000,0.241155
1584.711000,0.251653
1585.193000,0.261454
1585.675000,0.270548
1586.157000,0.280050
1586.639000,0.290628
1587.121000,0.298857
1587.603000,0.306364
1588.085000,0.314525
1588.567000,0.323281
1589.049000,0.329719
1589.531000,0.336678
1590.013000,0.340112
1590.495000,0.343387
1590.977000,0.347093
1591.459000,0.348532
1591.941000,0.348886
1592.423000,0.346223
1592.905000,0.344954
1593.387000,0.340327
1593.869000,0.332328
1594.351000,0.327131
1594.833000,0.323014
1595.315000,0.318503
1595.797000,0.313264
1596.279000,0.309523
1596.761000,0.305920
1597.243000,0.301659
1597.725000,0.299350
1598.207000,0.295202
1598.689000,0.293093
1599.171000,0.289268
1599.653000,0.288059
1600.135000,0.285883
1600.617000,0.283541
1601.099000,0.283623
1601.581000,0.281897
1602.063000,0.281365
1602.545000,0.279860
1603.027000,0.278818
1603.509000,0.277441
1603.991000,0.272169
1604.473000,0.270425
1604.955000,0.267247
1605.437000,0.264656
1605.919000,0.261928
1606.401000,0.261199
1606.883000,0.257418
1607.365000,0.250940
1607.847000,0.244121
1608.329000,0.235929
1608.811000,0.229406
1609.293000,0.220212
1609.775000,0.211069
1610.257000,0.201648
1610.739000,0.191690
1611.221000,0.186828
1611.703000,0.180685
1612.185000,0.174878
1612.667000,0.170246
1613.149000,0.165470
1613.631000,0.161773
1614.113000,0.155431
1614.595000,0.149768
1615.077000,0.144493
1615.559000,0.136154
1616.041000,0.126316
1616.523000,0.117035
1617.005000,0.108763
1617.487000,0.098580
1617.969000,0.087714
1618.451000,0.077153
1618.933000,0.068263
1619.415000,0.061182
1619.897000,0.056785
1620.379000,0.055050
1620.861000,0.049643
1621.343000,0.044999
1621.825000,0.040752
1622.307000,0.035423
1622.789000,0.032806
1623.271000,0.028907
1623.753000,0.026165
1624.235000,0.020714
1624.717000,0.015626
1625.199000,0.013574
1625.681000,0.011363
1626.163000,0.009722
1626.645000,0.008370
1627.127000,0.007056
1627.609000,0.005753
1628.091000,0.004154
1628.573000,0.004184
1629.055000,0.005083
1629.537000,0.007159
1630.019000,0.009235
1630.501000,0.014542
1630.983000,0.020219
1631.465000,0.028066
1631.947000,0.036991
1632.429000,0.045025
1632.911000,0.052325
1633.393000,0.060046
1633.875000,0.068676
1634.357000,0.074757
1634.839000,0.078339
1635.321000,0.079715
1635.803000,0.079582
1636.285000,0.080414
1636.767000,0.078467
1637.249000,0.076147
1637.731000,0.075324
1638.213000,0.077318
1638.695000,0.077163
1639.177000,0.078905
1639.659000,0.081574
1640.141000,0.084924
1640.623000,0.090800
1641.105000,0.093847
1641.587000,0.096123
1642.069000,0.097266
1642.551000,0.099333
1643.033000,0.101234
1643.515000,0.100315
1643.997000,0.099884
1644.479000,0.098635
1644.961000,0.094881
1645.443000,0.087614
1645.925000,0.082009
1646.407000,0.074595
1646.889000,0.066072
1647.371000,0.059533
1647.853000,0.052304
1648.335000,0.046070
1648.817000,0.043785
1649.299000,0.044673
1649.781000,0.046881
1650.263000,0.050298
1650.745000,0.050755
1651.227000,0.046486
1651.709000,0.038219
1652.191000,0.026277
1652.673000,0.016042
1653.155000,0.006145
1653.637000,-0.004597
1654.119000,-0.011227
1654.601000,-0.014489
1655.083000,-0.014431
1655.565000,-0.006807
1656.047000,0.004105
1656.529000,0.016010
1657.011000,0.028771
1657.493000,0.038745
1657.975000,0.046390
1658.457000,0.051992
1658.939000,0.054311
1659.421000,0.056745
1659.903000,0.058172
1660.385000,0.055816
1660.867000,0.055303
1661.349000,0.053115
1661.831000,0.049616
1662.313000,0.049646
1662.795000,0.047949
1663.277000,0.046020
1663.759000,0.047207
1664.241000,0.050407
1664.723000,0.055490
1665.205000,0.061890
1665.687000,0.068730
1666.169000,0.076805
1666.651000,0.085206
1667.133000,0.091188
1667.615000,0.095291
1668.097000,0.097775
1668.579000,0.097618
1669.061000,0.096850
1669.543000,0.095561
1670.025000,0.093369
1670.507000,0.090638
1670.989000,0.086591
1671.471000,0.081962
1671.953000,0.075248
1672.435000,0.068575
1672.917000,0.060628
1673.399000,0.051878
1673.881000,0.043628
1674.363000,0.031647
1674.845000,0.021792
1675.327000,0.012647
1675.809000,0.006649
1676.291000,0.003408
1676.773000,0.000272
1677.255000,0.000195
1677.737000,0.000581
1678.219000,0.002019
1678.701000,0.005934
1679.183000,0.011240
1679.665000,0.015817
1680.147000,0.020464
1680.629000,0.023343
1681.111000,0.024766
1681.593000,0.026326
1682.075000,0.023520
1682.557000,0.019849
1683.039000,0.012911
1683.521000,0.004808
1684.003000,-0.003375
1684.485000,-0.013085
1684.967000,-0.022165
1685.449000,-0.027693
1685.931000,-0.031526
1686.413000,-0.033959
1686.895000,-0.035017
1687.377000,-0.034560
1687.859000,-0.031172
1688.341000,-0.029534
1688.823000,-0.029007
1689.305000,-0.026406
1689.787000,-0.024266
1690.269000,-0.023297
1690.751000,-0.022268
1691.233000,-0.022481
1691.715000,-0.023773
1692.197000,-0.020977
1692.679000,-0.018549
1693.161000,-0.016426
1693.643000,-0.014471
1694.125000,-0.012248
1694.607000,-0.009515
1695.089000,-0.005944
1695.571000,-0.000724
1696.053000,0.004560
1696.535000,0.011119
1697.017000,0.015517
1697.499000,0.016214
1697.981000,0.014565
1698.463000,0.009908
1698.945000,0.004492
1699.427000,-0.003965
1699.909000,-0.011663
1700.391000,-0.018768
1700.873000,-0.024918
1701.355000,-0.029456
1701.837000,-0.031807
1702.319000,-0.032950
1702.801000,-0.031474
1703.283000,-0.029051
1703.765000,-0.029406
1704.247000,-0.031123
1704.729000,-0.033049
1705.211000,-0.035218
1705.693000,-0.036077
1706.175000,-0.036566
1706.657000,-0.035725
1707.139000,-0.033985
1707.621000,-0.030578
1708.103000,-0.027229
1708.585000,-0.023257
1709.067000,-0.018272
1709.549000,-0.013279
1710.031000,-0.010251
1710.513000,-0.007327
1710.995000,-0.003715
1711.477000,-0.000039
1711.959000,0.006016
1712.441000,0.011710
1712.923000,0.017359
1713.405000,0.021189
1713.887000,0.026780
1714.369000,0.031759
1714.851000,0.033576
1715.333000,0.032445
1715.815000,0.026619
1716.297000,0.014905
1716.779000,0.001315
1717.261000,-0.012807
1717.743000,-0.026935
1718.225000,-0.040805
1718.707000,-0.052971
1719.189000,-0.061547
1719.671000,-0.066698
1720.153000,-0.070061
1720.635000,-0.067520
1721.117000,-0.062643
1721.599000,-0.057549
1722.081000,-0.053321
1722.563000,-0.050882
1723.045000,-0.049814
1723.527000,-0.048998
1724.009000,-0.048186
1724.491000,-0.049076
1724.973000,-0.050961
1725.455000,-0.052675
1725.937000,-0.052621
1726.419000,-0.052583
1726.901000,-0.052336
1727.383000,-0.049918
1727.865000,-0.046742
1728.347000,-0.044217
1728.829000,-0.041772
1729.311000,-0.038634
1729.793000,-0.037445
1730.275000,-0.039528
1730.757000,-0.040780
1731.239000,-0.044561
1731.721000,-0.048378
1732.203000,-0.053358
1732.685000,-0.059668
1733.167000,-0.064982
1733.649000,-0.070779
1734.131000,-0.073947
1734.613000,-0.073589
1735.095000,-0.071397
1735.577000,-0.068340
1736.059000,-0.062525
1736.541000,-0.057294
1737.023000,-0.052127
1737.505000,-0.044170
1737.987000,-0.040040
1738.469000,-0.035743
1738.951000,-0.034751
1739.433000,-0.034950
1739.915000,-0.037329
1740.397000,-0.039692
1740.879000,-0.040655
1741.361000,-0.040653
1741.843000,-0.042714
1742.325000,-0.044618
1742.807000,-0.045846
1743.289000,-0.044532
1743.771000,-0.043258
1744.253000,-0.041601
1744.735000,-0.038586
1745.217000,-0.035142
1745.699000,-0.031621
1746.181000,-0.027755
1746.663000,-0.024207
1747.145000,-0.022057
1747.627000,-0.022689
1748.109000,-0.026966
1748.591000,-0.032399
1749.073000,-0.039308
1749.555000,-0.047576
1750.037000,-0.053143
1750.519000,-0.060677
1751.001000,-0.066790
1751.483000,-0.069359
1751.965000,-0.071000
1752.447000,-0.069822
1752.929000,-0.067345
1753.411000,-0.063221
1753.893000,-0.061818
1754.375000,-0.059358
1754.857000,-0.056609
1755.339000,-0.054644
1755.821000,-0.051904
1756.303000,-0.048670
1756.785000,-0.044540
1757.267000,-0.044117
1757.749000,-0.042717
1758.231000,-0.042943
1758.713000,-0.042247
1759.195000,-0.042396
1759.677000,-0.042387
1760.159000,-0.043655
1760.641000,-0.045074
1761.123000,-0.046053
1761.605000,-0.046571
1762.087000,-0.046430
1762.569000,-0.043253
1763.051000,-0.040666
1763.533000,-0.038126
1764.015000,-0.036334
1764.497000,-0.033859
1764.979000,-0.031660
1765.461000,-0.027940
1765.943000,-0.024983
1766.425000,-0.021549
1766.907000,-0.020602
1767.389000,-0.018829
1767.871000,-0.018419
1768.353000,-0.017291
1768.835000,-0.016174
1769.317000,-0.015669
1769.799000,-0.016380
1770.281000,-0.017893
1770.763000,-0.019102
1771.245000,-0.023180
1771.727000,-0.025137
1772.209000,-0.026577
1772.691000,-0.027741
1773.173000,-0.029082
1773.655000,-0.029606
1774.137000,-0.028812
1774.619000,-0.027877
1775.101000,-0.025333
1775.583000,-0.024347
1776.065000,-0.022606
1776.547000,-0.020505
1777.029000,-0.018192
1777.511000,-0.015757
1777.993000,-0.015966
1778.475000,-0.013920
1778.957000,-0.013762
1779.439000,-0.014501
1779.921000,-0.013759
1780.403000,-0.010788
1780.885000,-0.009203
1781.367000,-0.007380
1781.849000,-0.006634
1782.331000,-0.008136
1782.813000,-0.007539
1783.295000,-0.006028
1783.777000,-0.004519
1784.259000,-0.004961
1784.741000,-0.005549
1785.223000,-0.002654
1785.705000,-0.000467
1786.187000,0.003815
1786.669000,0.010685
1787.151000,0.018237
1787.633000,0.023640
1788.115000,0.029373
1788.597000,0.035288
1789.079000,0.041945
1789.561000,0.049777
1790.043000,0.054507
1790.525000,0.056415
1791.007000,0.058930
1791.489000,0.062376
1791.971000,0.066843
1792.453000,0.069051
1792.935000,0.070647
1793.417000,0.072397
1793.899000,0.073275
1794.381000,0.071715
1794.863000,0.070318
1795.345000,0.069755
1795.827000,0.069578
1796.309000,0.067887
1796.791000,0.064424
1797.273000,0.061490
1797.755000,0.061438
1798.237000,0.061496
1798.719000,0.062054
1799.201000,0.062110
1799.683000,0.064583
1800.165000,0.067569
1800.647000,0.070830
1801.129000,0.073848
1801.611000,0.076815
1802.093000,0.078131
1802.575000,0.079868
1803.057000,0.080530
1803.539000,0.080707
1804.021000,0.080589
1804.503000,0.080097
1804.985000,0.080377
1805.467000,0.079855
1805.949000,0.079396
1806.431000,0.078965
1806.913000,0.079205
1807.395000,0.080771
1807.877000,0.081708
1808.359000,0.081165
1808.841000,0.080322
1809.323000,0.080989
1809.805000,0.080997
1810.287000,0.079800
1810.769000,0.080219
1811.251000,0.082199
1811.733000,0.085124
1812.215000,0.086243
1812.697000,0.087818
1813.179000,0.088192
1813.661000,0.091414
1814.143000,0.094826
1814.625000,0.095970
1815.107000,0.095467
1815.589000,0.097018
1816.071000,0.099870
1816.553000,0.099845
1817.035000,0.100806
1817.517000,0.103556
1817.999000,0.107223
1818.481000,0.108565
1818.963000,0.108889
1819.445000,0.108548
1819.927000,0.107668
1820.409000,0.107847
1820.891000,0.106615
1821.373000,0.103262
1821.855000,0.101210
1822.337000,0.101654
1822.819000,0.102060
1823.301000,0.100110
1823.783000,0.099756
1824.265000,0.100408
1824.747000,0.101966
1825.229000,0.102001
1825.711000,0.103088
1826.193000,0.103843
1826.675000,0.105692
1827.157000,0.106370
1827.639000,0.107384
1828.121000,0.108328
1828.603000,0.110231
1829.085000,0.112020
1829.567000,0.113949
1830.049000,0.115742
1830.531000,0.117455
1831.013000,0.119809
1831.495000,0.121290
1831.977000,0.122061
1832.459000,0.124218
1832.941000,0.125497
1833.423000,0.125921
1833.905000,0.126169
1834.387000,0.126268
1834.869000,0.124942
1835.351000,0.122619
1835.833000,0.120408
1836.315000,0.121479
1836.797000,0.120902
1837.279000,0.119568
1837.761000,0.116135
1838.243000,0.114014
1838.725000,0.113278
1839.207000,0.112974
1839.689000,0.111977
1840.171000,0.111105
1840.653000,0.111055
1841.135000,0.110093
1841.617000,0.109646
1842.099000,0.109287
1842.581000,0.108375
1843.063000,0.109581
1843.545000,0.109448
1844.027000,0.111204
1844.509000,0.112020
1844.991000,0.114477
1845.473000,0.116577
1845.955000,0.117568
1846.437000,0.116748
1846.919000,0.117470
1847.401000,0.119134
1847.883000,0.120642
1848.365000,0.118537
1848.847000,0.117273
1849.329000,0.115723
1849.811000,0.113454
1850.293000,0.111947
1850.775000,0.110099
1851.257000,0.104525
1851.739000,0.098879
1852.221000,0.094862
1852.703000,0.091417
1853.185000,0.088650
1853.667000,0.089275
1854.149000,0.090174
1854.631000,0.090114
1855.113000,0.089657
1855.595000,0.091436
1856.077000,0.093166
1856.559000,0.093715
1857.041000,0.094179
1857.523000,0.092914
1858.005000,0.091840
1858.487000,0.091207
1858.969000,0.092248
1859.451000,0.091584
1859.933000,0.091962
1860.415000,0.092932
1860.897000,0.094135
1861.379000,0.096183
1861.861000,0.098409
1862.343000,0.100730
1862.825000,0.103596
1863.307000,0.106975
1863.789000,0.111091
1864.271000,0.114729
1864.753000,0.120989
1865.235000,0.123876
1865.717000,0.127397
1866.199000,0.131093
1866.681000,0.132033
1867.163000,0.130479
1867.645000,0.126195
1868.127000,0.122020
1868.609000,0.117299
1869.091000,0.113883
1869.573000,0.110601
1870.055000,0.106291
1870.537000,0.102858
1871.019000,0.098517
1871.501000,0.097595
1871.983000,0.095595
1872.465000,0.096213
1872.947000,0.096910
1873.429000,0.094583
1873.911000,0.092708
1874.393000,0.091150
1874.875000,0.092712
1875.357000,0.094072
1875.839000,0.094899
1876.321000,0.094980
1876.803000,0.092181
1877.285000,0.090916
1877.767000,0.088907
1878.249000,0.088298
1878.731000,0.085680
1879.213000,0.085173
1879.695000,0.083376
1880.177000,0.080729
1880.659000,0.080327
1881.141000,0.079772
1881.623000,0.079858
1882.105000,0.077278
1882.587000,0.073961
1883.069000,0.071734
1883.551000,0.069541
1884.033000,0.068208
1884.515000,0.066171
1884.997000,0.064610
1885.479000,0.063489
1885.961000,0.066051
1886.443000,0.066031
1886.925000,0.064862
1887.407000,0.066098
1887.889000,0.065288
1888.371000,0.063831
1888.853000,0.061123
1889.335000,0.058796
1889.817000,0.057642
1890.299000,0.056723
1890.781000,0.054928
1891.263000,0.054425
1891.745000,0.054064
1892.227000,0.054087
1892.709000,0.056882
1893.191000,0.056658
1893.673000,0.054093
1894.155000,0.051520
1894.637000,0.048148
1895.119000,0.043768
1895.601000,0.039433
1896.083000,0.036007
1896.565000,0.034584
1897.047000,0.033312
1897.529000,0.030380
1898.011000,0.028105
1898.493000,0.025845
1898.975000,0.024224
1899.457000,0.024165
1899.939000,0.022764
1900.421000,0.022315
1900.903000,0.023660
1901.385000,0.023997
1901.867000,0.023621
1902.349000,0.023137
1902.831000,0.025284
1903.313000,0.027676
1903.795000,0.027913
1904.277000,0.025870
1904.759000,0.023517
1905.241000,0.022647
1905.723000,0.021652
1906.205000,0.018691
1906.687000,0.016095
1907.169000,0.014686
1907.651000,0.011943
1908.133000,0.009104
1908.615000,0.005854
1909.097000,0.002711
1909.579000,0.002189
1910.061000,0.000771
1910.543000,-0.001279
1911.025000,-0.002242
1911.507000,-0.002857
1911.989000,-0.001161
1912.471000,-0.000837
1912.953000,-0.002043
1913.435000,-0.002652
1913.917000,-0.002875
1914.399000,-0.002988
1914.881000,-0.002056
1915.363000,-0.001897
1915.845000,-0.002398
1916.327000,-0.001666
1916.809000,-0.002307
1917.291000,-0.003454
1917.773000,-0.003862
1918.255000,-0.004840
1918.737000,-0.003767
1919.219000,-0.004339
1919.701000,-0.002551
1920.183000,-0.002087
1920.665000,-0.002190
1921.147000,-0.002481
1921.629000,-0.004105
1922.111000,-0.005956
1922.593000,-0.009171
1923.075000,-0.013202
1923.557000,-0.018841
1924.039000,-0.024059
1924.521000,-0.028789
1925.003000,-0.033285
1925.485000,-0.035382
1925.967000,-0.037612
1926.449000,-0.037547
1926.931000,-0.039304
1927.413000,-0.038960
1927.895000,-0.038504
1928.377000,-0.039027
1928.859000,-0.039896
1929.341000,-0.040801
1929.823000,-0.042212
1930.305000,-0.042553
1930.787000,-0.041706
1931.269000,-0.041643
1931.751000,-0.042149
1932.233000,-0.042135
1932.715000,-0.043141
1933.197000,-0.043829
1933.679000,-0.044486
1934.161000,-0.044705
1934.643000,-0.045063
1935.125000,-0.047459
1935.607000,-0.048622
1936.089000,-0.049648
1936.571000,-0.049598
1937.053000,-0.049925
1937.535000,-0.050084
1938.017000,-0.049741
1938.499000,-0.049092
1938.981000,-0.048946
1939.463000,-0.047796
1939.945000,-0.046212
1940.427000,-0.045772
1940.909000,-0.045412
1941.391000,-0.043843
1941.873000,-0.043194
1942.355000,-0.042580
1942.837000,-0.044037
1943.319000,-0.044884
1943.801000,-0.047787
1944.283000,-0.049291
1944.765000,-0.050911
1945.247000,-0.053039
1945.729000,-0.056047
1946.211000,-0.057290
1946.693000,-0.057558
1947.175000,-0.057818
1947.657000,-0.057021
1948.139000,-0.056340
1948.621000,-0.055417
1949.103000,-0.055031
1949.585000,-0.053870
1950.067000,-0.052361
1950.549000,-0.051892
1951.031000,-0.051012
1951.513000,-0.051343
1951.995000,-0.051089
1952.477000,-0.052201
1952.959000,-0.049858
1953.441000,-0.047661
1953.923000,-0.046677
1954.405000,-0.045554
1954.887000,-0.047408
1955.369000,-0.049914
1955.851000,-0.052189
1956.333000,-0.054300
1956.815000,-0.055719
1957.297000,-0.057140
1957.779000,-0.057484
1958.261000,-0.056933
1958.743000,-0.057295
1959.225000,-0.056693
1959.707000,-0.052673
1960.189000,-0.051601
1960.671000,-0.050899
1961.153000,-0.051198
1961.635000,-0.052451
1962.117000,-0.053670
1962.599000,-0.054023
1963.081000,-0.054267
1963.563000,-0.053318
1964.045000,-0.053525
1964.527000,-0.053913
1965.009000,-0.053908
1965.491000,-0.054308
1965.973000,-0.054260
1966.455000,-0.055778
1966.937000,-0.056628
1967.419000,-0.057705
1967.901000,-0.058496
1968.383000,-0.058293
1968.865000,-0.057714
1969.347000,-0.056400
1969.829000,-0.056705
1970.311000,-0.055570
1970.793000,-0.054336
1971.275000,-0.053062
1971.757000,-0.050689
1972.239000,-0.048804
1972.721000,-0.048686
1973.203000,-0.050886
1973.685000,-0.048334
1974.167000,-0.048755
1974.649000,-0.048489
1975.131000,-0.049810
1975.613000,-0.049228
1976.095000,-0.048620
1976.577000,-0.049313
1977.059000,-0.048234
1977.541000,-0.045613
1978.023000,-0.045994
1978.505000,-0.045670
1978.987000,-0.045419
1979.469000,-0.047451
1979.951000,-0.050943
1980.433000,-0.051528
1980.915000,-0.052838
1981.397000,-0.054598
1981.879000,-0.056772
1982.361000,-0.056176
1982.843000,-0.055273
1983.325000,-0.054187
1983.807000,-0.053875
1984.289000,-0.051895
1984.771000,-0.052552
1985.253000,-0.050513
1985.735000,-0.049222
1986.217000,-0.048428
1986.699000,-0.046949
1987.181000,-0.045160
1987.663000,-0.043922
1988.145000,-0.044283
1988.627000,-0.044391
1989.109000,-0.043965
1989.591000,-0.043504
1990.073000,-0.043217
1990.555000,-0.043887
1991.037000,-0.043122
1991.519000,-0.042649
1992.001000,-0.041199
1992.483000,-0.040862
1992.965000,-0.042007
1993.447000,-0.043302
1993.929000,-0.045159
1994.411000,-0.047172
1994.893000,-0.049145
1995.375000,-0.052731
1995.857000,-0.055347
1996.339000,-0.056626
1996.821000,-0.056364
1997.303000,-0.054892
1997.785000,-0.052688
1998.267000,-0.050870
1998.749000,-0.049851
1999.231000,-0.050128
1999.713000,-0.050275
2000.195000,-0.048308
2000.677000,-0.046382
2001.159000,-0.045102
2001.641000,-0.046934
2002.123000,-0.048655
2002.605000,-0.048313
2003.087000,-0.047883
2003.569000,-0.045622
2004.051000,-0.044552
2004.533000,-0.044025
2005.015000,-0.044165
2005.497000,-0.044155
2005.979000,-0.044278
2006.461000,-0.044805
2006.943000,-0.044654
2007.425000,-0.045426
2007.907000,-0.045549
2008.389000,-0.046877
2008.871000,-0.045763
2009.353000,-0.044021
2009.835000,-0.043943
2010.317000,-0.044206
2010.799000,-0.045185
2011.281000,-0.045067
2011.763000,-0.045521
2012.245000,-0.046016
2012.727000,-0.046469
2013.209000,-0.046990
2013.691000,-0.047025
2014.173000,-0.046196
2014.655000,-0.043770
2015.137000,-0.043665
2015.619000,-0.041373
2016.101000,-0.038456
2016.583000,-0.036601
2017.065000,-0.036227
2017.547000,-0.035674
2018.029000,-0.035740
2018.511000,-0.035823
2018.993000,-0.035778
2019.475000,-0.034989
2019.957000,-0.034098
2020.439000,-0.035085
2020.921000,-0.034779
2021.403000,-0.035066
2021.885000,-0.035293
2022.367000,-0.032313
2022.849000,-0.028966
2023.331000,-0.026364
2023.813000,-0.025745
2024.295000,-0.023924
2024.777000,-0.021867
2025.259000,-0.020506
2025.741000,-0.019281
2026.223000,-0.018145
2026.705000,-0.019251
2027.187000,-0.021232
2027.669000,-0.022049
2028.151000,-0.023290
2028.633000,-0.023810
2029.115000,-0.024819
2029.597000,-0.025652
2030.079000,-0.027777
2030.561000,-0.029048
2031.043000,-0.028315
2031.525000,-0.027542
2032.007000,-0.028180
2032.489000,-0.025835
2032.971000,-0.022624
2033.453000,-0.021031
2033.935000,-0.017620
2034.417000,-0.013704
2034.899000,-0.012476
2035.381000,-0.010020
2035.863000,-0.007874
2036.345000,-0.007440
2036.827000,-0.007442
2037.309000,-0.006055
2037.791000,-0.004653
2038.273000,-0.003570
2038.755000,-0.001690
2039.237000,0.001313
2039.719000,0.005928
2040.201000,0.008510
2040.683000,0.011648
2041.165000,0.014651
2041.647000,0.017484
2042.129000,0.021804
2042.611000,0.025500
2043.093000,0.026584
2043.575000,0.028034
2044.057000,0.028950
2044.539000,0.029078
2045.021000,0.029155
2045.503000,0.028417
2045.985000,0.027855
2046.467000,0.030101
2046.949000,0.031974
2047.431000,0.032993
2047.913000,0.035008
2048.395000,0.038023
2048.877000,0.040380
2049.359000,0.043146
2049.841000,0.044001
2050.323000,0.045516
2050.805000,0.047855
2051.287000,0.050520
2051.769000,0.053022
2052.251000,0.054621
2052.733000,0.058113
2053.215000,0.062762
2053.697000,0.065678
2054.179000,0.067182
2054.661000,0.069519
2055.143000,0.071020
2055.625000,0.071153
2056.107000,0.070169
2056.589000,0.068671
2057.071000,0.068799
2057.553000,0.068866
2058.035000,0.068506
2058.517000,0.065967
2058.999000,0.065300
2059.481000,0.066072
2059.963000,0.066115
2060.445000,0.066215
2060.927000,0.068359
2061.409000,0.069342
2061.891000,0.068995
2062.373000,0.070177
2062.855000,0.071076
2063.337000,0.072604
2063.819000,0.074198
2064.301000,0.076214
2064.783000,0.077856
2065.265000,0.078484
2065.747000,0.080773
2066.229000,0.081864
2066.711000,0.081571
2067.193000,0.081888
2067.675000,0.082149
2068.157000,0.079979
2068.639000,0.077781
2069.121000,0.076993
2069.603000,0.074988
2070.085000,0.072934
2070.567000,0.070462
2071.049000,0.069828
2071.531000,0.068281
2072.013000,0.066831
2072.495000,0.065335
2072.977000,0.065006
2073.459000,0.064364
2073.941000,0.064916
2074.423000,0.066220
2074.905000,0.067065
2075.387000,0.067775
2075.869000,0.069418
2076.351000,0.070164
2076.833000,0.070939
2077.315000,0.072038
2077.797000,0.073001
2078.279000,0.073101
2078.761000,0.074579
2079.243000,0.074720
2079.725000,0.076038
2080.207000,0.077819
2080.689000,0.080613
2081.171000,0.083021
2081.653000,0.084345
2082.135000,0.084847
2082.617000,0.085813
2083.099000,0.084665
2083.581000,0.083920
2084.063000,0.082659
2084.545000,0.078921
2085.027000,0.076061
2085.509000,0.075434
2085.991000,0.073430
2086.473000,0.072012
2086.955000,0.074496
2087.437000,0.077719
2087.919000,0.079050
2088.401000,0.079640
2088.883000,0.080589
2089.365000,0.082817
2089.847000,0.081391
2090.329000,0.080814
2090.811000,0.080225
2091.293000,0.077031
2091.775000,0.074218
2092.257000,0.073617
2092.739000,0.071447
2093.221000,0.068080
2093.703000,0.067543
2094.185000,0.065468
2094.667000,0.061785
2095.149000,0.060434
2095.631000,0.061059
2096.113000,0.062502
2096.595000,0.062180
2097.077000,0.064921
2097.559000,0.066695
2098.041000,0.064800
2098.523000,0.063525
2099.005000,0.065421
2099.487000,0.065475
2099.969000,0.062827
2100.451000,0.061295
2100.933000,0.059818
2101.415000,0.059565
2101.897000,0.061224
2102.379000,0.061691
2102.861000,0.063088
2103.343000,0.065471
2103.825000,0.067032
2104.307000,0.065325
2104.789000,0.062375
2105.271000,0.061231
2105.753000,0.061711
2106.235000,0.059724
2106.717000,0.055712
2107.199000,0.052274
2107.681000,0.048811
2108.163000,0.046433
2108.645000,0.044076
2109.127000,0.040823
2109.609000,0.039705
2110.091000,0.038775
2110.573000,0.037875
2111.055000,0.038371
2111.537000,0.039793
2112.019000,0.044547
2112.501000,0.048034
2112.983000,0.052148
2113.465000,0.055140
2113.947000,0.056547
2114.429000,0.059018
2114.911000,0.060533
2115.393000,0.059976
2115.875000,0.057413
2116.357000,0.054362
2116.839000,0.050318
2117.321000,0.047516
2117.803000,0.047094
2118.285000,0.044598
2118.767000,0.043719
2119.249000,0.042410
2119.731000,0.043861
2120.213000,0.042283
2120.695000,0.039470
2121.177000,0.037786
2121.659000,0.035675
2122.141000,0.032713
2122.623000,0.029749
2123.105000,0.028404
2123.587000,0.026934
2124.069000,0.027284
2124.551000,0.029795
2125.033000,0.030006
2125.515000,0.031221
2125.997000,0.035912
2126.479000,0.038526
2126.961000,0.038711
2127.443000,0.037950
2127.925000,0.037367
2128.407000,0.037302
2128.889000,0.036659
2129.371000,0.036319
2129.853000,0.035908
2130.335000,0.035279
2130.817000,0.036407
2131.299000,0.038285
2131.781000,0.038718
2132.263000,0.038497
2132.745000,0.039078
2133.227000,0.037434
2133.709000,0.036862
2134.191000,0.036412
2134.673000,0.036480
2135.155000,0.036360
2135.637000,0.036741
2136.119000,0.037082
2136.601000,0.036387
2137.083000,0.036393
2137.565000,0.037561
2138.047000,0.038139
2138.529000,0.037429
2139.011000,0.035459
2139.493000,0.034585
2139.975000,0.033471
2140.457000,0.033016
2140.939000,0.033356
2141.421000,0.033216
2141.903000,0.032942
2142.385000,0.031341
2142.867000,0.028773
2143.349000,0.025436
2143.831000,0.022022
2144.313000,0.018851
2144.795000,0.015490
2145.277000,0.013480
2145.759000,0.012112
2146.241000,0.011731
2146.723000,0.009211
2147.205000,0.007957
2147.687000,0.010085
2148.169000,0.012573
2148.651000,0.013694
2149.133000,0.012402
2149.615000,0.011158
2150.097000,0.010138
2150.579000,0.008913
2151.061000,0.008217
2151.543000,0.007774
2152.025000,0.008206
2152.507000,0.006984
2152.989000,0.004243
2153.471000,0.000562
2153.953000,-0.000169
2154.435000,0.000674
2154.917000,0.000359
2155.399000,-0.001854
2155.881000,-0.004295
2156.363000,-0.003587
2156.845000,-0.002502
2157.327000,-0.001546
2157.809000,-0.001232
2158.291000,-0.002100
2158.773000,-0.002442
2159.255000,-0.004358
2159.737000,-0.005787
2160.219000,-0.006752
2160.701000,-0.007711
2161.183000,-0.010167
2161.665000,-0.012841
2162.147000,-0.014592
2162.629000,-0.015026
2163.111000,-0.013417
2163.593000,-0.014286
2164.075000,-0.016091
2164.557000,-0.018051
2165.039000,-0.020167
2165.521000,-0.022599
2166.003000,-0.026693
2166.485000,-0.030285
2166.967000,-0.034747
2167.449000,-0.037812
2167.931000,-0.040116
2168.413000,-0.042218
2168.895000,-0.043422
2169.377000,-0.042154
2169.859000,-0.038311
2170.341000,-0.034823
2170.823000,-0.032698
2171.305000,-0.030887
2171.787000,-0.029433
2172.269000,-0.028575
2172.751000,-0.028028
2173.233000,-0.029168
2173.715000,-0.031080
2174.197000,-0.031326
2174.679000,-0.033572
2175.161000,-0.036332
2175.643000,-0.038570
2176.125000,-0.039081
2176.607000,-0.038986
2177.089000,-0.040315
2177.571000,-0.042435
2178.053000,-0.042048
2178.535000,-0.039891
2179.017000,-0.038231
2179.499000,-0.037510
2179.981000,-0.038035
2180.463000,-0.038188
2180.945000,-0.037465
2181.427000,-0.036779
2181.909000,-0.035438
2182.391000,-0.034391
2182.873000,-0.033997
2183.355000,-0.033543
2183.837000,-0.033161
2184.319000,-0.032680
2184.801000,-0.031605
2185.283000,-0.031276
2185.765000,-0.031300
2186.247000,-0.031440
2186.729000,-0.032485
2187.211000,-0.034605
2187.693000,-0.036357
2188.175000,-0.037737
2188.657000,-0.038628
2189.139000,-0.040754
2189.621000,-0.043198
2190.103000,-0.044682
2190.585000,-0.047145
2191.067000,-0.049365
2191.549000,-0.052082
2192.031000,-0.053762
2192.513000,-0.054632
2192.995000,-0.055853
2193.477000,-0.056942
2193.959000,-0.059018
2194.441000,-0.058604
2194.923000,-0.056570
2195.405000,-0.051676
2195.887000,-0.047350
2196.369000,-0.044027
2196.851000,-0.040884
2197.333000,-0.040761
2197.815000,-0.041422
2198.297000,-0.043869
2198.779000,-0.045110
2199.261000,-0.047062
2199.743000,-0.049195
2200.225000,-0.050987
2200.707000,-0.053147
2201.189000,-0.050939
2201.671000,-0.047613
2202.153000,-0.043689
2202.635000,-0.041501
2203.117000,-0.041555
2203.599000,-0.042256
2204.081000,-0.045081
2204.563000,-0.047188
2205.045000,-0.048307
2205.527000,-0.048950
2206.009000,-0.050889
2206.491000,-0.053293
2206.973000,-0.055590
2207.455000,-0.057246
2207.937000,-0.057263
2208.419000,-0.058259
2208.901000,-0.059398
2209.383000,-0.059078
2209.865000,-0.060151
2210.347000,-0.061917
2210.829000,-0.062934
2211.311000,-0.060891
2211.793000,-0.059044
2212.275000,-0.059091
2212.757000,-0.059829
2213.239000,-0.059102
2213.721000,-0.056661
2214.203000,-0.055749
2214.685000,-0.055685
2215.167000,-0.055749
2215.649000,-0.056217
2216.131000,-0.056006
2216.613000,-0.057212
2217.095000,-0.057250
2217.577000,-0.056167
2218.059000,-0.055913
2218.541000,-0.056415
2219.023000,-0.055800
2219.505000,-0.053278
2219.987000,-0.050303
2220.469000,-0.047423
2220.951000,-0.046606
2221.433000,-0.046981
2221.915000,-0.047496
2222.397000,-0.047465
2222.879000,-0.045384
2223.361000,-0.043942
2223.843000,-0.043004
2224.325000,-0.041736
2224.807000,-0.041249
2225.289000,-0.039383
2225.771000,-0.038037
2226.253000,-0.037947
2226.735000,-0.039241
2227.217000,-0.040186
2227.699000,-0.041243
2228.181000,-0.042918
2228.663000,-0.043500
2229.145000,-0.042786
2229.627000,-0.041738
2230.109000,-0.041894
2230.591000,-0.041814
2231.073000,-0.041377
2231.555000,-0.040907
2232.037000,-0.040803
2232.519000,-0.041480
2233.001000,-0.042734
2233.483000,-0.044171
2233.965000,-0.044718
2234.447000,-0.044421
2234.929000,-0.044433
2235.411000,-0.045330
2235.893000,-0.045958
2236.375000,-0.046130
2236.857000,-0.046242
2237.339000,-0.047897
2237.821000,-0.048713
2238.303000,-0.048517
2238.785000,-0.047325
2239.267000,-0.046057
2239.749000,-0.044860
2240.231000,-0.043889
2240.713000,-0.041377
2241.195000,-0.038516
2241.677000,-0.036701
2242.159000,-0.036185
2242.641000,-0.034566
2243.123000,-0.033825
2243.605000,-0.034067
2244.087000,-0.035998
2244.569000,-0.037665
2245.051000,-0.039379
2245.533000,-0.041686
2246.015000,-0.043578
2246.497000,-0.044726
2246.979000,-0.045773
2247.461000,-0.046150
2247.943000,-0.045154
2248.425000,-0.044160
2248.907000,-0.042894
2249.389000,-0.041131
2249.871000,-0.039745
2250.353000,-0.038294
2250.835000,-0.038317
2251.317000,-0.039524
2251.799000,-0.039109
2252.281000,-0.039056
2252.763000,-0.037097
2253.245000,-0.034386
2253.727000,-0.032270
2254.209000,-0.030556
2254.691000,-0.027370
2255.173000,-0.024123
2255.655000,-0.020786
2256.137000,-0.018005
2256.619000,-0.015590
2257.101000,-0.013950
2257.583000,-0.013730
2258.065000,-0.015623
2258.547000,-0.016014
2259.029000,-0.016254
2259.511000,-0.016511
2259.993000,-0.017087
2260.475000,-0.018951
2260.957000,-0.021636
2261.439000,-0.024074
2261.921000,-0.026047
2262.403000,-0.024854
2262.885000,-0.024531
2263.367000,-0.024178
2263.849000,-0.022033
2264.331000,-0.018203
2264.813000,-0.015441
2265.295000,-0.012200
2265.777000,-0.008231
2266.259000,-0.004277
2266.741000,-0.000899
2267.223000,0.001971
2267.705000,0.004104
2268.187000,0.005997
2268.669000,0.008543
2269.151000,0.011634
2269.633000,0.012420
2270.115000,0.012863
2270.597000,0.015231
2271.079000,0.017688
2271.561000,0.017957
2272.043000,0.017578
2272.525000,0.017646
2273.007000,0.017553
2273.489000,0.018297
2273.971000,0.019815
2274.453000,0.021380
2274.935000,0.022126
2275.417000,0.022449
2275.899000,0.022861
2276.381000,0.025749
2276.863000,0.029425
2277.345000,0.035250
2277.827000,0.039608
2278.309000,0.044077
2278.791000,0.049780
2279.273000,0.054950
2279.755000,0.060377
2280.237000,0.065664
2280.719000,0.070143
2281.201000,0.073324
2281.683000,0.075031
2282.165000,0.076174
2282.647000,0.077650
2283.129000,0.079857
2283.611000,0.082838
2284.093000,0.084456
2284.575000,0.084904
2285.057000,0.087671
2285.539000,0.089655
2286.021000,0.090946
2286.503000,0.092837
2286.985000,0.093754
2287.467000,0.092958
2287.949000,0.091865
2288.431000,0.090225
2288.913000,0.086691
2289.395000,0.081841
2289.877000,0.076594
2290.359000,0.072352
2290.841000,0.067767
2291.323000,0.062374
2291.805000,0.057644
2292.287000,0.050944
2292.769000,0.045824
2293.251000,0.042033
2293.733000,0.037424
2294.215000,0.032421
2294.697000,0.028806
2295.179000,0.024275
2295.661000,0.019276
2296.143000,0.014823
2296.625000,0.011845
2297.107000,0.009906
2297.589000,0.009072
2298.071000,0.005922
2298.553000,0.004721
2299.035000,0.003710
2299.517000,0.004991
2299.999000,0.008899
2300.481000,0.012941
2300.963000,0.014883
2301.445000,0.015270
2301.927000,0.016371
2302.409000,0.016566
2302.891000,0.015321
2303.373000,0.012216
2303.855000,0.008047
2304.337000,0.001969
2304.819000,-0.005462
2305.301000,-0.013171
2305.783000,-0.021895
2306.265000,-0.028407
2306.747000,-0.033324
2307.229000,-0.039240
2307.711000,-0.044804
2308.193000,-0.047047
2308.675000,-0.045718
2309.157000,-0.044591
2309.639000,-0.043044
2310.121000,-0.039567
2310.603000,-0.032044
2311.085000,-0.024012
2311.567000,-0.012709
2312.049000,-0.001523
2312.531000,0.008560
2313.013000,0.020542
2313.495000,0.032799
2313.977000,0.043889
2314.459000,0.054135
2314.941000,0.064042
2315.423000,0.070853
2315.905000,0.075587
2316.387000,0.079258
2316.869000,0.082335
2317.351000,0.084682
2317.833000,0.086044
2318.315000,0.087492
2318.797000,0.088210
2319.279000,0.086113
2319.761000,0.085012
2320.243000,0.084942
2320.725000,0.083388
2321.207000,0.079914
2321.689000,0.074784
2322.171000,0.067325
2322.653000,0.059477
2323.135000,0.050815
2323.617000,0.041203
2324.099000,0.031937
2324.581000,0.022867
2325.063000,0.012871
2325.545000,0.003940
2326.027000,-0.004071
2326.509000,-0.010491
2326.991000,-0.014717
2327.473000,-0.017961
2327.955000,-0.020105
2328.437000,-0.021788
2328.919000,-0.023432
2329.401000,-0.024836
2329.883000,-0.024667
2330.365000,-0.026904
2330.847000,-0.029896
2331.329000,-0.033576
2331.811000,-0.039271
2332.293000,-0.044536
2332.775000,-0.050226
2333.257000,-0.057233
2333.739000,-0.062466
2334.221000,-0.064832
2334.703000,-0.064683
2335.185000,-0.060705
2335.667000,-0.053183
2336.149000,-0.041485
2336.631000,-0.026848
2337.113000,-0.013122
2337.595000,0.002130
2338.077000,0.016365
2338.559000,0.027908
2339.041000,0.037695
2339.523000,0.043151
2340.005000,0.045312
2340.487000,0.043190
2340.969000,0.038908
2341.451000,0.033222
2341.933000,0.027571
2342.415000,0.021700
2342.897000,0.016435
2343.379000,0.011233
2343.861000,0.007171
2344.343000,0.004694
2344.825000,0.003080
2345.307000,0.002060
2345.789000,0.001901
2346.271000,0.000664
2346.753000,-0.000239
2347.235000,-0.001041
2347.717000,-0.003048
2348.199000,-0.005358
2348.681000,-0.009705
2349.163000,-0.014585
2349.645000,-0.018093
2350.127000,-0.023853
2350.609000,-0.028208
2351.091000,-0.031787
2351.573000,-0.035545
2352.055000,-0.039389
2352.537000,-0.041884
2353.019000,-0.043483
2353.501000,-0.043797
2353.983000,-0.043954
2354.465000,-0.043388
2354.947000,-0.040377
2355.429000,-0.036987
2355.911000,-0.032300
2356.393000,-0.027613
2356.875000,-0.026998
2357.357000,-0.028099
2357.839000,-0.030474
2358.321000,-0.035538
2358.803000,-0.041721
2359.285000,-0.047328
2359.767000,-0.052374
2360.249000,-0.055593
2360.731000,-0.051376
2361.213000,-0.042640
2361.695000,-0.031592
2362.177000,-0.018473
2362.659000,-0.004628
2363.141000,0.007294
2363.623000,0.017550
2364.105000,0.023987
2364.587000,0.025354
2365.069000,0.020641
2365.551000,0.012025
2366.033000,0.001116
2366.515000,-0.010632
2366.997000,-0.020101
2367.479000,-0.027023
2367.961000,-0.034678
2368.443000,-0.041221
2368.925000,-0.047831
2369.407000,-0.050306
2369.889000,-0.048809
2370.371000,-0.043863
2370.853000,-0.038382
2371.335000,-0.032443
2371.817000,-0.025115
2372.299000,-0.016964
2372.781000,-0.009172
2373.263000,-0.001270
2373.745000,0.006240
2374.227000,0.012579
2374.709000,0.018336
2375.191000,0.021565
2375.673000,0.023004
2376.155000,0.026093
2376.637000,0.028106
2377.119000,0.029319
2377.601000,0.031898
2378.083000,0.034291
2378.565000,0.037173
2379.047000,0.040325
2379.529000,0.043621
2380.011000,0.047404
2380.493000,0.052044
2380.975000,0.057322
2381.457000,0.062620
2381.939000,0.067998
2382.421000,0.074437
2382.903000,0.081878
2383.385000,0.090512
2383.867000,0.101421
2384.349000,0.113749
2384.831000,0.125145
2385.313000,0.136751
2385.795000,0.147572
2386.277000,0.157658
2386.759000,0.167208
2387.241000,0.174906
2387.723000,0.180399
2388.205000,0.185487
2388.687000,0.188226
2389.169000,0.189077
2389.651000,0.190639
2390.133000,0.191637
2390.615000,0.190682
2391.097000,0.188557
2391.579000,0.186347
2392.061000,0.184785
2392.543000,0.183986
2393.025000,0.182745
2393.507000,0.181632
2393.989000,0.179772
2394.471000,0.178451
2394.953000,0.177324
2395.435000,0.174349
2395.917000,0.171514
2396.399000,0.170008
2396.881000,0.167222
2397.363000,0.163214
2397.845000,0.160226
2398.327000,0.159455
2398.809000,0.158868
2399.291000,0.157897
2399.773000,0.155069
2400.255000,0.151875
2400.737000,0.150315
2401.219000,0.147558
2401.701000,0.143781
2402.183000,0.140806
2402.665000,0.138146
2403.147000,0.135539
2403.629000,0.134440
2404.111000,0.132525
2404.593000,0.130829
2405.075000,0.129003
2405.557000,0.125588
2406.039000,0.122225
2406.521000,0.117733
2407.003000,0.112809
2407.485000,0.109198
2407.967000,0.104800
2408.449000,0.100195
2408.931000,0.095798
2409.413000,0.091357
2409.895000,0.088361
2410.377000,0.087163
2410.859000,0.084257
2411.341000,0.081071
2411.823000,0.077160
2412.305000,0.072498
2412.787000,0.067522
2413.269000,0.061542
2413.751000,0.055858
2414.233000,0.052004
2414.715000,0.048006
2415.197000,0.043844
2415.679000,0.041437
2416.161000,0.040667
2416.643000,0.040424
2417.125000,0.040152
2417.607000,0.038734
2418.089000,0.037363
2418.571000,0.036100
2419.053000,0.034078
2419.535000,0.031354
2420.017000,0.028716
2420.499000,0.027162
2420.981000,0.025648
2421.463000,0.023289
2421.945000,0.022720
2422.427000,0.023556
2422.909000,0.022975
2423.391000,0.020951
2423.873000,0.018103
2424.355000,0.014973
2424.837000,0.012908
2425.319000,0.011489
2425.801000,0.008675
2426.283000,0.004936
2426.765000,0.001553
2427.247000,-0.001440
2427.729000,-0.004552
2428.211000,-0.007245
2428.693000,-0.009372
2429.175000,-0.011774
2429.657000,-0.014855
2430.139000,-0.016769
2430.621000,-0.017229
2431.103000,-0.015581
2431.585000,-0.014238
2432.067000,-0.013656
2432.549000,-0.014131
2433.031000,-0.014846
2433.513000,-0.015097
2433.995000,-0.016046
2434.477000,-0.016939
2434.959000,-0.018923
2435.441000,-0.022147
2435.923000,-0.025769
2436.405000,-0.029199
2436.887000,-0.030950
2437.369000,-0.032127
2437.851000,-0.033571
2438.333000,-0.035564
2438.815000,-0.037912
2439.297000,-0.040142
2439.779000,-0.042138
2440.261000,-0.043792
2440.743000,-0.044491
2441.225000,-0.044858
2441.707000,-0.046280
2442.189000,-0.048069
2442.671000,-0.049587
2443.153000,-0.051100
2443.635000,-0.051883
2444.117000,-0.052594
2444.599000,-0.053096
2445.081000,-0.053379
2445.563000,-0.053990
2446.045000,-0.054549
2446.527000,-0.054846
2447.009000,-0.055079
2447.491000,-0.054781
2447.973000,-0.055531
2448.455000,-0.055825
2448.937000,-0.055723
2449.419000,-0.055092
2449.901000,-0.056557
2450.383000,-0.058411
2450.865000,-0.059143
2451.347000,-0.058800
2451.829000,-0.058471
2452.311000,-0.057543
2452.793000,-0.056859
2453.275000,-0.056876
2453.757000,-0.056961
2454.239000,-0.056374
2454.721000,-0.054484
2455.203000,-0.050550
2455.685000,-0.046767
2456.167000,-0.044869
2456.649000,-0.045498
2457.131000,-0.044887
2457.613000,-0.042814
2458.095000,-0.041064
2458.577000,-0.039838
2459.059000,-0.038882
2459.541000,-0.039407
2460.023000,-0.040570
2460.505000,-0.041035
2460.987000,-0.042608
2461.469000,-0.044391
2461.951000,-0.044957
2462.433000,-0.045673
2462.915000,-0.047404
2463.397000,-0.048295
2463.879000,-0.047094
2464.361000,-0.045934
2464.843000,-0.044110
2465.325000,-0.042013
2465.807000,-0.041445
2466.289000,-0.041376
2466.771000,-0.040243
2467.253000,-0.041064
2467.735000,-0.044496
2468.217000,-0.047502
2468.699000,-0.050302
2469.181000,-0.053597
2469.663000,-0.055730
2470.145000,-0.056338
2470.627000,-0.056281
2471.109000,-0.056567
2471.591000,-0.055896
2472.073000,-0.053860
2472.555000,-0.052778
2473.037000,-0.050893
2473.519000,-0.047833
2474.001000,-0.046231
2474.483000,-0.045203
2474.965000,-0.044155
2475.447000,-0.044700
2475.929000,-0.045417
2476.411000,-0.045238
2476.893000,-0.045660
2477.375000,-0.047490
2477.857000,-0.049241
2478.339000,-0.050037
2478.821000,-0.049990
2479.303000,-0.050213
2479.785000,-0.049159
2480.267000,-0.047961
2480.749000,-0.046684
2481.231000,-0.043643
2481.713000,-0.040677
2482.195000,-0.038884
2482.677000,-0.036566
2483.159000,-0.035125
2483.641000,-0.034767
2484.123000,-0.034544
2484.605000,-0.035508
2485.087000,-0.037469
2485.569000,-0.039281
2486.051000,-0.040062
2486.533000,-0.040988
2487.015000,-0.042792
2487.497000,-0.043170
2487.979000,-0.043592
2488.461000,-0.044573
2488.943000,-0.044355
2489.425000,-0.043453
2489.907000,-0.042947
2490.389000,-0.040731
2490.871000,-0.038330
2491.353000,-0.037574
2491.835000,-0.036414
2492.317000,-0.034203
2492.799000,-0.033278
2493.281000,-0.032693
2493.763000,-0.032850
2494.245000,-0.034687
2494.727000,-0.037068
2495.209000,-0.038611
2495.691000,-0.040101
2496.173000,-0.043528
2496.655000,-0.046215
2497.137000,-0.047204
2497.619000,-0.048752
2498.101000,-0.050419
2498.583000,-0.051075
2499.065000,-0.051503
2499.547000,-0.053014
2500.029000,-0.053371
2500.511000,-0.053598
2500.993000,-0.054614
2501.475000,-0.055048
2501.957000,-0.055622
2502.439000,-0.056143
2502.921000,-0.057638
2503.403000,-0.058416
2503.885000,-0.058877
2504.367000,-0.060187
2504.849000,-0.061348
2505.331000,-0.061513
2505.813000,-0.062052
2506.295000,-0.062033
2506.777000,-0.060057
2507.259000,-0.057070
2507.741000,-0.053618
2508.223000,-0.048920
2508.705000,-0.043439
2509.187000,-0.037310
2509.669000,-0.031357
2510.151000,-0.026200
2510.633000,-0.022791
2511.115000,-0.020870
2511.597000,-0.019300
2512.079000,-0.018351
2512.561000,-0.019054
2513.043000,-0.019481
2513.525000,-0.019731
2514.007000,-0.020993
2514.489000,-0.022774
2514.971000,-0.023746
2515.453000,-0.026075
2515.935000,-0.029023
2516.417000,-0.030799
2516.899000,-0.032100
2517.381000,-0.033930
2517.863000,-0.035258
2518.345000,-0.035423
2518.827000,-0.034947
2519.309000,-0.035171
2519.791000,-0.035618
2520.273000,-0.035998
2520.755000,-0.036350
2521.237000,-0.036691
2521.719000,-0.037844
2522.201000,-0.039722
2522.683000,-0.041185
2523.165000,-0.040714
2523.647000,-0.040240
2524.129000,-0.040167
2524.611000,-0.038877
2525.093000,-0.037347
2525.575000,-0.035796
2526.057000,-0.034160
2526.539000,-0.032344
2527.021000,-0.030670
2527.503000,-0.029168
2527.985000,-0.028398
2528.467000,-0.028490
2528.949000,-0.027844
2529.431000,-0.028740
2529.913000,-0.028879
2530.395000,-0.030475
2530.877000,-0.032341
2531.359000,-0.033878
2531.841000,-0.035619
2532.323000,-0.034690
2532.805000,-0.034340
2533.287000,-0.036338
2533.769000,-0.036575
2534.251000,-0.036617
2534.733000,-0.038047
2535.215000,-0.038468
2535.697000,-0.039207
2536.179000,-0.039847
2536.661000,-0.038537
2537.143000,-0.038682
2537.625000,-0.038770
2538.107000,-0.037146
2538.589000,-0.033380
2539.071000,-0.028533
2539.553000,-0.026065
2540.035000,-0.024022
2540.517000,-0.019986
2540.999000,-0.018034
2541.481000,-0.017304
2541.963000,-0.015882
2542.445000,-0.015337
2542.927000,-0.013585
2543.409000,-0.011373
2543.891000,-0.010354
2544.373000,-0.010726
2544.855000,-0.009446
2545.337000,-0.007038
2545.819000,-0.004226
2546.301000,-0.003098
2546.783000,-0.001465
2547.265000,-0.000537
2547.747000,0.000607
2548.229000,0.000401
2548.711000,0.000392
2549.193000,0.000121
2549.675000,0.000674
2550.157000,0.001497
2550.639000,0.002381
2551.121000,0.002398
2551.603000,0.004194
2552.085000,0.006296
2552.567000,0.007588
2553.049000,0.007208
2553.531000,0.008148
2554.013000,0.007901
2554.495000,0.007649
2554.977000,0.007317
2555.459000,0.008654
2555.941000,0.010902
2556.423000,0.013518
2556.905000,0.015028
2557.387000,0.016691
2557.869000,0.018843
2558.351000,0.021122
2558.833000,0.021817
2559.315000,0.021693
2559.797000,0.021330
2560.279000,0.019629
2560.761000,0.017920
2561.243000,0.016952
2561.725000,0.017334
2562.207000,0.018005
2562.689000,0.018461
2563.171000,0.017356
2563.653000,0.015306
2564.135000,0.013449
2564.617000,0.012594
2565.099000,0.011205
2565.581000,0.008823
2566.063000,0.006290
2566.545000,0.003727
2567.027000,0.002163
2567.509000,0.002908
2567.991000,0.004661
2568.473000,0.006975
2568.955000,0.008062
2569.437000,0.009817
2569.919000,0.011621
2570.401000,0.013518
2570.883000,0.015980
2571.365000,0.018768
2571.847000,0.020939
2572.329000,0.022640
2572.811000,0.024500
2573.293000,0.026312
2573.775000,0.027695
2574.257000,0.028889
2574.739000,0.030495
2575.221000,0.030439
2575.703000,0.029788
2576.185000,0.030984
2576.667000,0.030584
2577.149000,0.028379
2577.631000,0.026958
2578.113000,0.025151
2578.595000,0.024443
2579.077000,0.025475
2579.559000,0.025703
2580.041000,0.024553
2580.523000,0.022953
2581.005000,0.023321
2581.487000,0.023895
2581.969000,0.024424
2582.451000,0.026036
2582.933000,0.026814
2583.415000,0.025964
2583.897000,0.023282
2584.379000,0.021532
2584.861000,0.020344
2585.343000,0.019836
2585.825000,0.019433
2586.307000,0.018063
2586.789000,0.016983
2587.271000,0.016613
2587.753000,0.016948
2588.235000,0.016880
2588.717000,0.017335
2589.199000,0.017748
2589.681000,0.017960
2590.163000,0.018489
2590.645000,0.017754
2591.127000,0.017081
2591.609000,0.016353
2592.091000,0.014799
2592.573000,0.013139
2593.055000,0.012390
2593.537000,0.012840
2594.019000,0.014165
2594.501000,0.016174
2594.983000,0.019559
2595.465000,0.023182
2595.947000,0.025237
2596.429000,0.026393
2596.911000,0.028544
2597.393000,0.030047
2597.875000,0.029848
2598.357000,0.028557
2598.839000,0.025513
2599.321000,0.021883
2599.803000,0.018921
2600.285000,0.017546
2600.767000,0.016430
2601.249000,0.014721
2601.731000,0.014212
2602.213000,0.013151
2602.695000,0.011178
2603.177000,0.011662
2603.659000,0.014348
2604.141000,0.016360
2604.623000,0.017858
2605.105000,0.019759
2605.587000,0.020207
2606.069000,0.021674
2606.551000,0.022788
2607.033000,0.024081
2607.515000,0.025048
2607.997000,0.025376
2608.479000,0.026054
2608.961000,0.025691
2609.443000,0.025563
2609.925000,0.026658
2610.407000,0.026110
2610.889000,0.024037
2611.371000,0.022501
2611.853000,0.021350
2612.335000,0.019418
2612.817000,0.017594
2613.299000,0.015998
2613.781000,0.015206
2614.263000,0.015248
2614.745000,0.017341
2615.227000,0.019936
2615.709000,0.021883
2616.191000,0.024445
2616.673000,0.027880
2617.155000,0.029487
2617.637000,0.031959
2618.119000,0.036005
2618.601000,0.037422
2619.083000,0.036590
2619.565000,0.034455
2620.047000,0.032093
2620.529000,0.028196
2621.011000,0.025072
2621.493000,0.023385
2621.975000,0.021578
2622.457000,0.019305
2622.939000,0.017378
2623.421000,0.017270
2623.903000,0.018016
2624.385000,0.019675
2624.867000,0.020147
2625.349000,0.018471
2625.831000,0.015733
2626.313000,0.012430
2626.795000,0.010260
2627.277000,0.009058
2627.759000,0.008189
2628.241000,0.006757
2628.723000,0.006791
2629.205000,0.007423
2629.687000,0.008724
2630.169000,0.010867
2630.651000,0.011571
2631.133000,0.011415
2631.615000,0.011529
2632.097000,0.010709
2632.579000,0.008454
2633.061000,0.006838
2633.543000,0.007127
2634.025000,0.007231
2634.507000,0.007552
2634.989000,0.007444
2635.471000,0.008499
2635.953000,0.009693
2636.435000,0.010715
2636.917000,0.010652
2637.399000,0.009854
2637.881000,0.011002
2638.363000,0.012440
2638.845000,0.012842
2639.327000,0.012997
2639.809000,0.013979
2640.291000,0.014738
2640.773000,0.014820
2641.255000,0.016318
2641.737000,0.017303
2642.219000,0.016997
2642.701000,0.015300
2643.183000,0.013146
2643.665000,0.010852
2644.147000,0.008549
2644.629000,0.007211
2645.111000,0.005559
2645.593000,0.003571
2646.075000,0.000914
2646.557000,-0.001685
2647.039000,-0.005073
2647.521000,-0.007946
2648.003000,-0.009155
2648.485000,-0.009903
2648.967000,-0.011475
2649.449000,-0.012609
2649.931000,-0.011764
2650.413000,-0.008766
2650.895000,-0.006686
2651.377000,-0.003586
2651.859000,-0.001080
2652.341000,0.001631
2652.823000,0.004100
2653.305000,0.005394
2653.787000,0.005215
2654.269000,0.004935
2654.751000,0.003595
2655.233000,0.002196
2655.715000,0.000935
2656.197000,-0.000392
2656.679000,-0.001246
2657.161000,-0.002275
2657.643000,-0.005470
2658.125000,-0.007616
2658.607000,-0.008755
2659.089000,-0.008528
2659.571000,-0.009070
2660.053000,-0.009722
2660.535000,-0.009690
2661.017000,-0.009350
2661.499000,-0.010051
2661.981000,-0.010388
2662.463000,-0.010369
2662.945000,-0.010351
2663.427000,-0.010346
2663.909000,-0.010379
2664.391000,-0.010447
2664.873000,-0.010202
2665.355000,-0.009703
2665.837000,-0.009793
2666.319000,-0.009908
2666.801000,-0.008637
2667.283000,-0.007207
2667.765000,-0.006956
2668.247000,-0.007691
2668.729000,-0.008745
2669.211000,-0.009827
2669.693000,-0.011049
2670.175000,-0.011960
2670.657000,-0.013150
2671.139000,-0.014844
2671.621000,-0.015338
2672.103000,-0.015991
2672.585000,-0.016479
2673.067000,-0.016246
2673.549000,-0.015187
2674.031000,-0.013472
2674.513000,-0.012795
2674.995000,-0.012225
2675.477000,-0.011772
2675.959000,-0.012282
2676.441000,-0.014103
2676.923000,-0.015952
2677.405000,-0.018578
2677.887000,-0.021301
2678.369000,-0.023005
2678.851000,-0.024824
2679.333000,-0.025744
2679.815000,-0.026952
2680.297000,-0.027881
2680.779000,-0.027772
2681.261000,-0.028371
2681.743000,-0.026404
2682.225000,-0.026043
2682.707000,-0.027780
2683.189000,-0.030656
2683.671000,-0.033361
2684.153000,-0.034850
2684.635000,-0.035924
2685.117000,-0.037258
2685.599000,-0.038036
2686.081000,-0.038651
2686.563000,-0.038808
2687.045000,-0.038357
2687.527000,-0.037815
2688.009000,-0.037602
2688.491000,-0.036617
2688.973000,-0.038550
2689.455000,-0.040815
2689.937000,-0.042779
2690.419000,-0.044544
2690.901000,-0.044910
2691.383000,-0.046470
2691.865000,-0.048742
2692.347000,-0.050110
2692.829000,-0.052972
2693.311000,-0.054584
2693.793000,-0.055102
2694.275000,-0.056379
2694.757000,-0.057478
2695.239000,-0.057800
2695.721000,-0.056623
2696.203000,-0.054497
2696.685000,-0.052312
2697.167000,-0.049968
2697.649000,-0.047066
2698.131000,-0.044431
2698.613000,-0.041125
2699.095000,-0.038254
2699.577000,-0.037682
2700.059000,-0.036489
2700.541000,-0.035287
2701.023000,-0.035303
2701.505000,-0.035835
2701.987000,-0.036708
2702.469000,-0.037565
2702.951000,-0.040587
2703.433000,-0.043320
2703.915000,-0.045559
2704.397000,-0.047827
2704.879000,-0.049023
2705.361000,-0.049644
2705.843000,-0.051665
2706.325000,-0.053456
2706.807000,-0.054249
2707.289000,-0.055207
2707.771000,-0.054522
2708.253000,-0.053867
2708.735000,-0.054440
2709.217000,-0.055091
2709.699000,-0.056022
2710.181000,-0.056337
2710.663000,-0.055368
2711.145000,-0.053165
2711.627000,-0.049839
2712.109000,-0.046624
2712.591000,-0.044482
2713.073000,-0.040936
2713.555000,-0.036843
2714.037000,-0.034687
2714.519000,-0.031899
2715.001000,-0.030791
2715.483000,-0.031624
2715.965000,-0.032320
2716.447000,-0.034202
2716.929000,-0.036502
2717.411000,-0.036873
2717.893000,-0.036618
2718.375000,-0.037463
2718.857000,-0.038725
2719.339000,-0.040692
2719.821000,-0.043287
2720.303000,-0.045586
2720.785000,-0.048537
2721.267000,-0.049863
2721.749000,-0.050154
2722.231000,-0.051389
2722.713000,-0.051627
2723.195000,-0.051085
2723.677000,-0.049415
2724.159000,-0.048186
2724.641000,-0.047699
2725.123000,-0.047221
2725.605000,-0.046359
2726.087000,-0.045313
2726.569000,-0.045074
2727.051000,-0.043194
2727.533000,-0.041585
2728.015000,-0.039301
2728.497000,-0.037409
2728.979000,-0.037618
2729.461000,-0.037728
2729.943000,-0.037576
2730.425000,-0.037932
2730.907000,-0.039655
2731.389000,-0.042061
2731.871000,-0.042793
2732.353000,-0.043247
2732.835000,-0.044076
2733.317000,-0.045342
2733.799000,-0.044967
2734.281000,-0.044418
2734.763000,-0.043107
2735.245000,-0.041292
2735.727000,-0.039368
2736.209000,-0.037730
2736.691000,-0.034430
2737.173000,-0.032387
2737.655000,-0.031401
2738.137000,-0.030292
2738.619000,-0.028936
2739.101000,-0.028236
2739.583000,-0.029948
2740.065000,-0.032728
2740.547000,-0.036197
2741.029000,-0.040566
2741.511000,-0.043871
2741.993000,-0.046919
2742.475000,-0.050531
2742.957000,-0.054230
2743.439000,-0.055980
2743.921000,-0.058453
2744.403000,-0.059441
2744.885000,-0.058659
2745.367000,-0.057112
2745.849000,-0.056365
2746.331000,-0.056057
2746.813000,-0.055449
2747.295000,-0.055232
2747.777000,-0.053148
2748.259000,-0.049615
2748.741000,-0.048048
2749.223000,-0.047368
2749.705000,-0.046446
2750.187000,-0.044921
2750.669000,-0.044936
2751.151000,-0.044892
2751.633000,-0.043444
2752.115000,-0.041594
2752.597000,-0.040257
2753.079000,-0.036995
2753.561000,-0.034215
2754.043000,-0.031234
2754.525000,-0.026853
2755.007000,-0.023941
2755.489000,-0.022838
2755.971000,-0.023540
2756.453000,-0.024652
2756.935000,-0.025033
2757.417000,-0.026944
2757.899000,-0.029532
2758.381000,-0.031586
2758.863000,-0.033130
2759.345000,-0.034436
2759.827000,-0.036813
2760.309000,-0.040148
2760.791000,-0.043585
2761.273000,-0.045739
2761.755000,-0.046434
2762.237000,-0.047091
2762.719000,-0.049858
2763.201000,-0.050001
2763.683000,-0.049302
2764.165000,-0.048930
2764.647000,-0.047185
2765.129000,-0.045122
2765.611000,-0.042204
2766.093000,-0.040875
2766.575000,-0.041543
2767.057000,-0.043056
2767.539000,-0.044770
2768.021000,-0.044546
2768.503000,-0.043105
2768.985000,-0.043066
2769.467000,-0.043645
2769.949000,-0.042950
2770.431000,-0.042500
2770.913000,-0.040803
2771.395000,-0.038161
2771.877000,-0.036942
2772.359000,-0.035517
2772.841000,-0.035747
2773.323000,-0.037779
2773.805000,-0.041070
2774.287000,-0.044058
2774.769000,-0.046061
2775.251000,-0.046758
2775.733000,-0.046426
2776.215000,-0.045074
2776.697000,-0.043462
2777.179000,-0.041514
2777.661000,-0.039224
2778.143000,-0.037714
2778.625000,-0.036979
2779.107000,-0.036164
2779.589000,-0.035902
2780.071000,-0.036783
2780.553000,-0.037599
2781.035000,-0.038848
2781.517000,-0.040027
2781.999000,-0.039292
2782.481000,-0.036991
2782.963000,-0.035319
2783.445000,-0.034075
2783.927000,-0.032911
2784.409000,-0.031960
2784.891000,-0.032821
2785.373000,-0.035284
2785.855000,-0.037032
2786.337000,-0.038027
2786.819000,-0.039295
2787.301000,-0.041009
2787.783000,-0.044055
2788.265000,-0.046018
2788.747000,-0.046901
2789.229000,-0.046756
2789.711000,-0.046928
2790.193000,-0.047214
2790.675000,-0.046979
2791.157000,-0.047274
2791.639000,-0.047269
2792.121000,-0.049448
2792.603000,-0.048478
2793.085000,-0.046902
2793.567000,-0.045964
2794.049000,-0.045582
2794.531000,-0.046114
2795.013000,-0.046704
2795.495000,-0.048471
2795.977000,-0.048106
2796.459000,-0.046955
2796.941000,-0.047395
2797.423000,-0.047042
2797.905000,-0.047332
2798.387000,-0.047346
2798.869000,-0.047422
2799.351000,-0.045789
2799.833000,-0.045414
2800.315000,-0.043895
2800.797000,-0.042685
2801.279000,-0.042177
2801.761000,-0.042329
2802.243000,-0.043154
2802.725000,-0.041986
2803.207000,-0.040318
2803.689000,-0.040615
2804.171000,-0.039908
2804.653000,-0.040282
2805.135000,-0.041305
2805.617000,-0.041349
2806.099000,-0.041309
2806.581000,-0.040763
2807.063000,-0.038076
2807.545000,-0.034788
2808.027000,-0.030405
2808.509000,-0.025846
2808.991000,-0.021715
2809.473000,-0.016758
2809.955000,-0.012509
2810.437000,-0.009887
2810.919000,-0.009155
2811.401000,-0.009830
2811.883000,-0.011949
2812.365000,-0.013483
2812.847000,-0.014507
2813.329000,-0.015557
2813.811000,-0.016076
2814.293000,-0.015709
2814.775000,-0.013160
2815.257000,-0.009292
2815.739000,-0.005164
2816.221000,-0.001071
2816.703000,0.000421
2817.185000,-0.000753
2817.667000,-0.002244
2818.149000,-0.003591
2818.631000,-0.004760
2819.113000,-0.006326
2819.595000,-0.009200
2820.077000,-0.011106
2820.559000,-0.012527
2821.041000,-0.011717
2821.523000,-0.008980
2822.005000,-0.006470
2822.487000,-0.004819
2822.969000,-0.003903
2823.451000,-0.005113
2823.933000,-0.004758
2824.415000,-0.002721
2824.897000,-0.000518
2825.379000,0.002563
2825.861000,0.002582
2826.343000,0.002542
2826.825000,0.004060
2827.307000,0.007859
2827.789000,0.011394
2828.271000,0.011093
2828.753000,0.010132
2829.235000,0.007983
2829.717000,0.004750
2830.199000,0.003604
2830.681000,0.003536
2831.163000,0.002274
2831.645000,0.003741
2832.127000,0.004515
2832.609000,0.002857
2833.091000,0.004236
2833.573000,0.007693
2834.055000,0.011260
2834.537000,0.013261
2835.019000,0.015632
2835.501000,0.018844
2835.983000,0.020607
2836.465000,0.021471
2836.947000,0.023007
2837.429000,0.021413
2837.911000,0.018608
2838.393000,0.018321
2838.875000,0.016101
2839.357000,0.012633
2839.839000,0.010313
2840.321000,0.007991
2840.803000,0.004335
2841.285000,0.003861
2841.767000,0.004335
2842.249000,0.004488
2842.731000,0.005710
2843.213000,0.006549
2843.695000,0.008319
2844.177000,0.009414
2844.659000,0.010557
2845.141000,0.012466
2845.623000,0.012937
2846.105000,0.012094
2846.587000,0.009934
2847.069000,0.007897
2847.551000,0.005590
2848.033000,0.004188
2848.515000,0.000994
2848.997000,-0.001636
2849.479000,-0.002225
2849.961000,-0.001708
2850.443000,-0.000282
2850.925000,0.001537
2851.407000,0.003337
2851.889000,0.005353
2852.371000,0.007127
2852.853000,0.008864
2853.335000,0.009840
2853.817000,0.010666
2854.299000,0.010874
2854.781000,0.009319
2855.263000,0.007002
2855.745000,0.005830
2856.227000,0.005747
2856.709000,0.004489
2857.191000,0.002050
2857.673000,0.000850
2858.155000,-0.000089
2858.637000,-0.001270
2859.119000,-0.002792
2859.601000,-0.004280
2860.083000,-0.004995
2860.565000,-0.005772
2861.047000,-0.006362
2861.529000,-0.006620
2862.011000,-0.006012
2862.493000,-0.004697
2862.975000,-0.004705
2863.457000,-0.004547
2863.939000,-0.004160
2864.421000,-0.002514
2864.903000,-0.000239
2865.385000,0.000002
2865.867000,-0.001475
2866.349000,-0.002477
2866.831000,-0.001636
2867.313000,-0.000957
2867.795000,-0.000102
2868.277000,0.002410
2868.759000,0.004196
2869.241000,0.005866
2869.723000,0.007319
2870.205000,0.009837
2870.687000,0.012767
2871.169000,0.016622
2871.651000,0.019227
2872.133000,0.019445
2872.615000,0.017774
2873.097000,0.016178
2873.579000,0.014105
2874.061000,0.011482
2874.543000,0.008897
2875.025000,0.006463
2875.507000,0.003043
2875.989000,0.000255
2876.471000,-0.000371
2876.953000,-0.000423
2877.435000,0.001206
2877.917000,0.002861
2878.399000,0.005319
2878.881000,0.007161
2879.363000,0.007277
2879.845000,0.008156
2880.327000,0.007449
2880.809000,0.006503
2881.291000,0.005110
2881.773000,0.003612
2882.255000,0.003956
2882.737000,0.004422
2883.219000,0.004668
2883.701000,0.003567
2884.183000,0.003147
2884.665000,0.002071
2885.147000,0.000930
2885.629000,-0.002260
2886.111000,-0.004277
2886.593000,-0.005594
2887.075000,-0.008294
2887.557000,-0.011768
2888.039000,-0.014615
2888.521000,-0.014014
2889.003000,-0.012122
2889.485000,-0.012758
2889.967000,-0.013669
2890.449000,-0.014575
2890.931000,-0.015350
2891.413000,-0.015664
2891.895000,-0.016461
2892.377000,-0.016077
2892.859000,-0.013719
2893.341000,-0.013556
2893.823000,-0.014034
2894.305000,-0.014065
2894.787000,-0.012353
2895.269000,-0.009363
2895.751000,-0.007204
2896.233000,-0.006219
2896.715000,-0.007910
2897.197000,-0.010001
2897.679000,-0.011446
2898.161000,-0.011927
2898.643000,-0.012232
2899.125000,-0.013181
2899.607000,-0.015177
2900.089000,-0.017322
2900.571000,-0.018574
2901.053000,-0.018575
2901.535000,-0.017075
2902.017000,-0.016096
2902.499000,-0.013865
2902.981000,-0.012378
2903.463000,-0.012869
2903.945000,-0.011830
2904.427000,-0.010579
2904.909000,-0.009622
2905.391000,-0.008540
2905.873000,-0.008434
2906.355000,-0.008197
2906.837000,-0.007379
2907.319000,-0.007547
2907.801000,-0.007151
2908.283000,-0.005196
2908.765000,-0.005834
2909.247000,-0.005493
2909.729000,-0.005611
2910.211000,-0.006732
2910.693000,-0.008844
2911.175000,-0.009775
2911.657000,-0.008406
2912.139000,-0.009551
2912.621000,-0.010173
2913.103000,-0.009087
2913.585000,-0.010207
2914.067000,-0.011149
2914.549000,-0.011030
2915.031000,-0.010947
2915.513000,-0.011977
2915.995000,-0.012880
2916.477000,-0.014583
2916.959000,-0.016197
2917.441000,-0.017783
2917.923000,-0.018334
2918.405000,-0.017889
2918.887000,-0.021488
2919.369000,-0.022158
2919.851000,-0.021241
2920.333000,-0.021662
2920.815000,-0.020063
2921.297000,-0.017478
2921.779000,-0.016241
2922.261000,-0.014627
2922.743000,-0.012154
2923.225000,-0.010732
2923.707000,-0.009085
2924.189000,-0.010358
2924.671000,-0.013236
2925.153000,-0.015790
2925.635000,-0.020197
2926.117000,-0.023373
2926.599000,-0.026300
2927.081000,-0.028849
2927.563000,-0.030391
2928.045000,-0.030928
2928.527000,-0.031350
2929.009000,-0.029570
2929.491000,-0.028539
2929.973000,-0.029054
2930.455000,-0.029600
2930.937000,-0.031323
2931.419000,-0.032672
2931.901000,-0.033626
2932.383000,-0.033534
2932.865000,-0.033045
2933.347000,-0.034109
2933.829000,-0.034983
2934.311000,-0.036063
2934.793000,-0.037697
2935.275000,-0.038324
2935.757000,-0.040282
2936.239000,-0.043187
2936.721000,-0.046111
2937.203000,-0.047826
2937.685000,-0.048737
2938.167000,-0.049270
2938.649000,-0.048729
2939.131000,-0.046899
2939.613000,-0.046577
2940.095000,-0.047354
2940.577000,-0.045763
2941.059000,-0.045370
2941.541000,-0.044856
2942.023000,-0.045002
2942.505000,-0.045139
2942.987000,-0.045489
2943.469000,-0.045758
2943.951000,-0.045470
2944.433000,-0.045348
2944.915000,-0.044429
2945.397000,-0.043111
2945.879000,-0.042388
2946.361000,-0.041687
2946.843000,-0.039982
2947.325000,-0.037206
2947.807000,-0.034521
2948.289000,-0.032573
2948.771000,-0.032663
2949.253000,-0.032022
2949.735000,-0.033645
2950.217000,-0.035021
2950.699000,-0.036583
2951.181000,-0.037594
2951.663000,-0.037803
2952.145000,-0.038725
2952.627000,-0.039671
2953.109000,-0.041133
2953.591000,-0.042479
2954.073000,-0.043767
2954.555000,-0.044029
2955.037000,-0.045356
2955.519000,-0.046472
2956.001000,-0.047652
2956.483000,-0.048978
2956.965000,-0.049664
2957.447000,-0.049879
2957.929000,-0.050304
2958.411000,-0.050424
2958.893000,-0.050706
2959.375000,-0.050739
2959.857000,-0.051766
2960.339000,-0.052867
2960.821000,-0.053600
2961.303000,-0.053347
2961.785000,-0.052984
2962.267000,-0.053224
2962.749000,-0.053754
2963.231000,-0.054269
2963.713000,-0.054641
2964.195000,-0.053642
2964.677000,-0.053294
2965.159000,-0.052738
2965.641000,-0.052494
2966.123000,-0.052316
2966.605000,-0.052723
2967.087000,-0.053355
2967.569000,-0.053162
2968.051000,-0.051752
2968.533000,-0.050443
2969.015000,-0.050199
2969.497000,-0.049384
2969.979000,-0.048076
2970.461000,-0.046233
2970.943000,-0.044298
2971.425000,-0.042650
2971.907000,-0.040754
2972.389000,-0.038969
2972.871000,-0.038078
2973.353000,-0.038080
2973.835000,-0.038859
2974.317000,-0.039625
2974.799000,-0.039450
2975.281000,-0.040107
2975.763000,-0.039857
2976.245000,-0.041021
2976.727000,-0.042391
2977.209000,-0.045404
2977.691000,-0.048403
2978.173000,-0.050637
2978.655000,-0.053029
2979.137000,-0.054055
2979.619000,-0.056755
2980.101000,-0.058510
2980.583000,-0.058708
2981.065000,-0.058964
2981.547000,-0.057925
2982.029000,-0.055401
2982.511000,-0.050700
2982.993000,-0.046557
2983.475000,-0.042079
2983.957000,-0.039370
2984.439000,-0.036376
2984.921000,-0.034490
2985.403000,-0.033625
2985.885000,-0.031997
2986.367000,-0.031879
2986.849000,-0.032723
2987.331000,-0.034885
2987.813000,-0.037116
2988.295000,-0.038148
2988.777000,-0.038499
2989.259000,-0.039345
2989.741000,-0.039248
2990.223000,-0.040049
2990.705000,-0.040721
2991.187000,-0.039847
2991.669000,-0.039277
2992.151000,-0.037921
2992.633000,-0.035281
2993.115000,-0.033572
2993.597000,-0.032373
2994.079000,-0.031361
2994.561000,-0.028503
2995.043000,-0.028406
2995.525000,-0.029606
2996.007000,-0.031173
2996.489000,-0.032914
2996.971000,-0.034771
2997.453000,-0.036722
2997.935000,-0.039627
2998.417000,-0.042524
2998.899000,-0.044511
2999.381000,-0.046784
2999.863000,-0.048619
3000.345000,-0.048180
3000.827000,-0.048345
3001.309000,-0.047609
3001.791000,-0.046862
3002.273000,-0.044385
3002.755000,-0.041226
3003.237000,-0.038435
3003.719000,-0.036753
3004.201000,-0.036153
3004.683000,-0.036947
3005.165000,-0.037420
3005.647000,-0.038408
3006.129000,-0.040901
3006.611000,-0.042804
3007.093000,-0.044385
3007.575000,-0.044901
3008.057000,-0.043585
3008.539000,-0.042161
3009.021000,-0.041793
3009.503000,-0.040755
3009.985000,-0.041167
3010.467000,-0.041382
3010.949000,-0.040848
3011.431000,-0.042483
3011.913000,-0.044614
3012.395000,-0.045886
3012.877000,-0.048959
3013.359000,-0.050970
3013.841000,-0.054107
3014.323000,-0.056428
3014.805000,-0.056909
3015.287000,-0.056317
3015.769000,-0.056114
3016.251000,-0.053753
3016.733000,-0.051357
3017.215000,-0.045728
3017.697000,-0.039139
3018.179000,-0.034440
3018.661000,-0.030892
3019.143000,-0.028064
3019.625000,-0.026379
3020.107000,-0.026417
3020.589000,-0.026805
3021.071000,-0.026695
3021.553000,-0.027034
3022.035000,-0.027223
3022.517000,-0.029330
3022.999000,-0.030967
3023.481000,-0.032540
3023.963000,-0.031712
3024.445000,-0.031121
3024.927000,-0.031678
3025.409000,-0.033370
3025.891000,-0.035595
3026.373000,-0.034236
3026.855000,-0.034190
3027.337000,-0.031657
3027.819000,-0.028558
3028.301000,-0.028344
3028.783000,-0.026955
3029.265000,-0.024544
3029.747000,-0.022387
3030.229000,-0.021819
3030.711000,-0.020874
3031.193000,-0.021508
3031.675000,-0.022045
3032.157000,-0.024389
3032.639000,-0.027472
3033.121000,-0.028915
3033.603000,-0.032333
3034.085000,-0.034838
3034.567000,-0.036743
3035.049000,-0.039114
3035.531000,-0.039935
3036.013000,-0.037504
3036.495000,-0.037240
3036.977000,-0.036949
3037.459000,-0.035749
3037.941000,-0.034010
3038.423000,-0.031650
3038.905000,-0.029779
3039.387000,-0.027108
3039.869000,-0.026140
3040.351000,-0.026187
3040.833000,-0.026764
3041.315000,-0.027833
3041.797000,-0.028990
3042.279000,-0.029979
3042.761000,-0.029500
3043.243000,-0.031194
3043.725000,-0.031341
3044.207000,-0.032526
3044.689000,-0.032861
3045.171000,-0.032385
3045.653000,-0.032706
3046.135000,-0.033181
3046.617000,-0.034181
3047.099000,-0.035803
3047.581000,-0.037913
3048.063000,-0.041158
3048.545000,-0.045022
3049.027000,-0.048200
3049.509000,-0.050023
3049.991000,-0.051526
3050.473000,-0.051689
3050.955000,-0.051559
3051.437000,-0.049893
3051.919000,-0.047338
3052.401000,-0.044830
3052.883000,-0.041429
3053.365000,-0.037343
3053.847000,-0.034756
3054.329000,-0.033515
3054.811000,-0.034214
3055.293000,-0.034806
3055.775000,-0.036169
3056.257000,-0.036491
3056.739000,-0.035083
3057.221000,-0.033950
3057.703000,-0.033087
3058.185000,-0.031550
3058.667000,-0.029190
3059.149000,-0.027995
3059.631000,-0.028550
3060.113000,-0.027600
3060.595000,-0.026320
3061.077000,-0.026172
3061.559000,-0.026290
3062.041000,-0.025349
3062.523000,-0.025552
3063.005000,-0.024596
3063.487000,-0.022941
3063.969000,-0.022296
3064.451000,-0.021553
3064.933000,-0.020159
3065.415000,-0.018508
3065.897000,-0.018577
3066.379000,-0.018994
3066.861000,-0.016316
3067.343000,-0.013496
3067.825000,-0.011342
3068.307000,-0.010712
3068.789000,-0.007436
3069.271000,-0.005228
3069.753000,-0.002768
3070.235000,-0.000168
3070.717000,0.003623
3071.199000,0.005643
3071.681000,0.005936
3072.163000,0.008216
3072.645000,0.009345
3073.127000,0.008235
3073.609000,0.007543
3074.091000,0.005991
3074.573000,0.004967
3075.055000,-0.000096
3075.537000,-0.002984
3076.019000,-0.007286
3076.501000,-0.011249
3076.983000,-0.014579
3077.465000,-0.018291
3077.947000,-0.022476
3078.429000,-0.025193
3078.911000,-0.025332
3079.393000,-0.025928
3079.875000,-0.026313
3080.357000,-0.023729
3080.839000,-0.020847
3081.321000,-0.016551
3081.803000,-0.017666
3082.285000,-0.016545
3082.767000,-0.014581
3083.249000,-0.013803
3083.731000,-0.014222
3084.213000,-0.013374
3084.695000,-0.012074
3085.177000,-0.012484
3085.659000,-0.012498
3086.141000,-0.010925
3086.623000,-0.009126
3087.105000,-0.007251
3087.587000,-0.006581
3088.069000,-0.005748
3088.551000,-0.006937
3089.033000,-0.007791
3089.515000,-0.008411
3089.997000,-0.009713
3090.479000,-0.010766
3090.961000,-0.009966
3091.443000,-0.011961
3091.925000,-0.013115
3092.407000,-0.012392
3092.889000,-0.010569
3093.371000,-0.008326
3093.853000,-0.005612
3094.335000,-0.003457
3094.817000,-0.000422
3095.299000,0.003846
3095.781000,0.006905
3096.263000,0.008542
3096.745000,0.011134
3097.227000,0.013272
3097.709000,0.014486
3098.191000,0.015435
3098.673000,0.015253
3099.155000,0.016409
3099.637000,0.015935
3100.119000,0.015446
3100.601000,0.013583
3101.083000,0.009960
3101.565000,0.007284
3102.047000,0.005494
3102.529000,0.002370
3103.011000,-0.001940
3103.493000,-0.002454
3103.975000,-0.004894
3104.457000,-0.006293
3104.939000,-0.005423
3105.421000,-0.006196
3105.903000,-0.005442
3106.385000,-0.007047
3106.867000,-0.009707
3107.349000,-0.014031
3107.831000,-0.017020
3108.313000,-0.017131
3108.795000,-0.018198
3109.277000,-0.019488
3109.759000,-0.020236
3110.241000,-0.019951
3110.723000,-0.021739
3111.205000,-0.020765
3111.687000,-0.018019
3112.169000,-0.016726
3112.651000,-0.016065
3113.133000,-0.015830
3113.615000,-0.018158
3114.097000,-0.019068
3114.579000,-0.016048
3115.061000,-0.013288
3115.543000,-0.011242
3116.025000,-0.008364
3116.507000,-0.006628
3116.989000,-0.004974
3117.471000,-0.004454
3117.953000,-0.003119
3118.435000,-0.000587
3118.917000,0.000927
3119.399000,0.000926
3119.881000,-0.000013
3120.363000,-0.002970
3120.845000,-0.005187
3121.327000,-0.005767
3121.809000,-0.005690
3122.291000,-0.004234
3122.773000,-0.004263
3123.255000,-0.006196
3123.737000,-0.006706
3124.219000,-0.006608
3124.701000,-0.004465
3125.183000,-0.004013
3125.665000,-0.004040
3126.147000,-0.003766
3126.629000,-0.003512
3127.111000,-0.005730
3127.593000,-0.007180
3128.075000,-0.007635
3128.557000,-0.007027
3129.039000,-0.008170
3129.521000,-0.009797
3130.003000,-0.011166
3130.485000,-0.010290
3130.967000,-0.009911
3131.449000,-0.009532
3131.931000,-0.010760
3132.413000,-0.011092
3132.895000,-0.009647
3133.377000,-0.009876
3133.859000,-0.010190
3134.341000,-0.009060
3134.823000,-0.008718
3135.305000,-0.007674
3135.787000,-0.007696
3136.269000,-0.006428
3136.751000,-0.005033
3137.233000,-0.003706
3137.715000,-0.003713
3138.197000,-0.002066
3138.679000,-0.001368
3139.161000,-0.001913
3139.643000,-0.002428
3140.125000,-0.004390
3140.607000,-0.005383
3141.089000,-0.007766
3141.571000,-0.012395
3142.053000,-0.016496
3142.535000,-0.020272
3143.017000,-0.024002
3143.499000,-0.028387
3143.981000,-0.031025
3144.463000,-0.031308
3144.945000,-0.030609
3145.427000,-0.030679
3145.909000,-0.028435
3146.391000,-0.026358
3146.873000,-0.024475
3147.355000,-0.020409
3147.837000,-0.018749
3148.319000,-0.018987
3148.801000,-0.018328
3149.283000,-0.017654
3149.765000,-0.019050
3150.247000,-0.020397
3150.729000,-0.020627
3151.211000,-0.020154
3151.693000,-0.019823
3152.175000,-0.015657
3152.657000,-0.011942
3153.139000,-0.010038
3153.621000,-0.007302
3154.103000,-0.003249
3154.585000,-0.002306
3155.067000,-0.001572
3155.549000,-0.002133
3156.031000,-0.003686
3156.513000,-0.006467
3156.995000,-0.009616
3157.477000,-0.012355
3157.959000,-0.013156
3158.441000,-0.014907
3158.923000,-0.016512
3159.405000,-0.018089
3159.887000,-0.020670
3160.369000,-0.022967
3160.851000,-0.022402
3161.333000,-0.022349
3161.815000,-0.021340
3162.297000,-0.020969
3162.779000,-0.017694
3163.261000,-0.013348
3163.743000,-0.009225
3164.225000,-0.005169
3164.707000,-0.001881
3165.189000,-0.001504
3165.671000,0.000030
3166.153000,0.002254
3166.635000,-0.001657
3167.117000,-0.005218
3167.599000,-0.006958
3168.081000,-0.009825
3168.563000,-0.012963
3169.045000,-0.016796
3169.527000,-0.019882
3170.009000,-0.022364
3170.491000,-0.025267
3170.973000,-0.028631
3171.455000,-0.029550
3171.937000,-0.029896
3172.419000,-0.030052
3172.901000,-0.032704
3173.383000,-0.033361
3173.865000,-0.031379
3174.347000,-0.027870
3174.829000,-0.024193
3175.311000,-0.022237
3175.793000,-0.021781
3176.275000,-0.020633
3176.757000,-0.020024
3177.239000,-0.020521
3177.721000,-0.021379
3178.203000,-0.020959
3178.685000,-0.024047
3179.167000,-0.026713
3179.649000,-0.028119
3180.131000,-0.026422
3180.613000,-0.025746
3181.095000,-0.023723
3181.577000,-0.024022
3182.059000,-0.022811
3182.541000,-0.024725
3183.023000,-0.025874
3183.505000,-0.029142
3183.987000,-0.030801
3184.469000,-0.032077
3184.951000,-0.033994
3185.433000,-0.037324
3185.915000,-0.037450
3186.397000,-0.038414
3186.879000,-0.036981
3187.361000,-0.036084
3187.843000,-0.033104
3188.325000,-0.031607
3188.807000,-0.028552
3189.289000,-0.027881
3189.771000,-0.024898
3190.253000,-0.024238
3190.735000,-0.023641
3191.217000,-0.024303
3191.699000,-0.026131
3192.181000,-0.029045
3192.663000,-0.030949
3193.145000,-0.033274
3193.627000,-0.033559
3194.109000,-0.035284
3194.591000,-0.035212
3195.073000,-0.034147
3195.555000,-0.034789
3196.037000,-0.034609
3196.519000,-0.035059
3197.001000,-0.035320
3197.483000,-0.037018
3197.965000,-0.038999
3198.447000,-0.039243
3198.929000,-0.039948
3199.411000,-0.040850
3199.893000,-0.041178
3200.375000,-0.040711
3200.857000,-0.038794
3201.339000,-0.036057
3201.821000,-0.034059
3202.303000,-0.033735
3202.785000,-0.034010
3203.267000,-0.037148
3203.749000,-0.035898
3204.231000,-0.035456
3204.713000,-0.036201
3205.195000,-0.035856
3205.677000,-0.036445
3206.159000,-0.038144
3206.641000,-0.039903
3207.123000,-0.042442
3207.605000,-0.044128
3208.087000,-0.045881
3208.569000,-0.047506
3209.051000,-0.048263
3209.533000,-0.052028
3210.015000,-0.054229
3210.497000,-0.051835
3210.979000,-0.049377
3211.461000,-0.049575
3211.943000,-0.048060
3212.425000,-0.046360
3212.907000,-0.045168
3213.389000,-0.045136
3213.871000,-0.044041
3214.353000,-0.041978
3214.835000,-0.041338
3215.317000,-0.040216
3215.799000,-0.040042
3216.281000,-0.040665
3216.763000,-0.040316
3217.245000,-0.040840
3217.727000,-0.041761
3218.209000,-0.042175
3218.691000,-0.042024
3219.173000,-0.040611
3219.655000,-0.038526
3220.137000,-0.038084
3220.619000,-0.037324
3221.101000,-0.038119
3221.583000,-0.040924
3222.065000,-0.043631
3222.547000,-0.047017
3223.029000,-0.047903
3223.511000,-0.050299
3223.993000,-0.052749
3224.475000,-0.052779
3224.957000,-0.050773
3225.439000,-0.049158
3225.921000,-0.045419
3226.403000,-0.043836
3226.885000,-0.042605
3227.367000,-0.041022
3227.849000,-0.040751
3228.331000,-0.042184
3228.813000,-0.042534
3229.295000,-0.043281
3229.777000,-0.041521
3230.259000,-0.043554
3230.741000,-0.044063
3231.223000,-0.044132
3231.705000,-0.044453
3232.187000,-0.045389
3232.669000,-0.047450
3233.151000,-0.048563
3233.633000,-0.048478
3234.115000,-0.048610
3234.597000,-0.049172
3235.079000,-0.049840
3235.561000,-0.048786
3236.043000,-0.048523
3236.525000,-0.047892
3237.007000,-0.047574
3237.489000,-0.047458
3237.971000,-0.048809
3238.453000,-0.050450
3238.935000,-0.050777
3239.417000,-0.051725
3239.899000,-0.048853
3240.381000,-0.046748
3240.863000,-0.044314
3241.345000,-0.040556
3241.827000,-0.036158
3242.309000,-0.031687
3242.791000,-0.027680
3243.273000,-0.024421
3243.755000,-0.020524
3244.237000,-0.019434
3244.719000,-0.019735
3245.201000,-0.019981
3245.683000,-0.017993
3246.165000,-0.019325
3246.647000,-0.019750
3247.129000,-0.022330
3247.611000,-0.024673
3248.093000,-0.025973
3248.575000,-0.028252
3249.057000,-0.031440
3249.539000,-0.032509
3250.021000,-0.033598
3250.503000,-0.035133
3250.985000,-0.035956
3251.467000,-0.036973
3251.949000,-0.034771
3252.431000,-0.034158
3252.913000,-0.033671
3253.395000,-0.032538
3253.877000,-0.034157
3254.359000,-0.036377
3254.841000,-0.038895
3255.323000,-0.041111
3255.805000,-0.044826
3256.287000,-0.045663
3256.769000,-0.048507
3257.251000,-0.051472
3257.733000,-0.052837
3258.215000,-0.053747
3258.697000,-0.053080
3259.179000,-0.054132
3259.661000,-0.050254
3260.143000,-0.046109
3260.625000,-0.044009
3261.107000,-0.042344
3261.589000,-0.042271
3262.071000,-0.040428
3262.553000,-0.040914
3263.035000,-0.038548
3263.517000,-0.040024
3263.999000,-0.041756
3264.481000,-0.042949
3264.963000,-0.044956
3265.445000,-0.044191
3265.927000,-0.041548
3266.409000,-0.036188
3266.891000,-0.032929
3267.373000,-0.030703
3267.855000,-0.029933
3268.337000,-0.031274
3268.819000,-0.030430
3269.301000,-0.028561
3269.783000,-0.028282
3270.265000,-0.028755
3270.747000,-0.029685
3271.229000,-0.030862
3271.711000,-0.033850
3272.193000,-0.036424
3272.675000,-0.038672
3273.157000,-0.040299
3273.639000,-0.043769
3274.121000,-0.045382
3274.603000,-0.046644
3275.085000,-0.049040
3275.567000,-0.049050
3276.049000,-0.047146
3276.531000,-0.044939
3277.013000,-0.040632
3277.495000,-0.038606
3277.977000,-0.037468
3278.459000,-0.037316
3278.941000,-0.036142
3279.423000,-0.034278
3279.905000,-0.031974
3280.387000,-0.031658
3280.869000,-0.030530
3281.351000,-0.028258
3281.833000,-0.028135
3282.315000,-0.028506
3282.797000,-0.030465
3283.279000,-0.030430
3283.761000,-0.033600
3284.243000,-0.037171
3284.725000,-0.039623
3285.207000,-0.041591
3285.689000,-0.043771
3286.171000,-0.047283
3286.653000,-0.050700
3287.135000,-0.052844
3287.617000,-0.053219
3288.099000,-0.052127
3288.581000,-0.052205
3289.063000,-0.054615
3289.545000,-0.053810
3290.027000,-0.050731
3290.509000,-0.051079
3290.991000,-0.050303
3291.473000,-0.047886
3291.955000,-0.047511
3292.437000,-0.047705
3292.919000,-0.047403
3293.401000,-0.047981
3293.883000,-0.045317
3294.365000,-0.043299
3294.847000,-0.041671
3295.329000,-0.040205
3295.811000,-0.039279
3296.293000,-0.035134
3296.775000,-0.032936
3297.257000,-0.032937
3297.739000,-0.034058
3298.221000,-0.034165
3298.703000,-0.036413
3299.185000,-0.037348
3299.667000,-0.036473
3300.149000,-0.035675
3300.631000,-0.032709
3301.113000,-0.031500
3301.595000,-0.028731
3302.077000,-0.025845
3302.559000,-0.022837
3303.041000,-0.020893
3303.523000,-0.019694
3304.005000,-0.018600
3304.487000,-0.020590
3304.969000,-0.018755
3305.451000,-0.019969
3305.933000,-0.019906
3306.415000,-0.021035
3306.897000,-0.023089
3307.379000,-0.024641
3307.861000,-0.027579
3308.343000,-0.029911
3308.825000,-0.033108
3309.307000,-0.034417
3309.789000,-0.038781
3310.271000,-0.040663
3310.753000,-0.040532
3311.235000,-0.040327
3311.717000,-0.037079
3312.199000,-0.036541
3312.681000,-0.033864
3313.163000,-0.032130
3313.645000,-0.030140
3314.127000,-0.028319
3314.609000,-0.027343
3315.091000,-0.026537
3315.573000,-0.024993
3316.055000,-0.024490
3316.537000,-0.025692
3317.019000,-0.025497
3317.501000,-0.023518
3317.983000,-0.022367
3318.465000,-0.022224
3318.947000,-0.021618
3319.429000,-0.019373
3319.911000,-0.019926
3320.393000,-0.019469
3320.875000,-0.019031
3321.357000,-0.014861
3321.839000,-0.011698
3322.321000,-0.010302
3322.803000,-0.008731
3323.285000,-0.006238
3323.767000,-0.006401
3324.249000,-0.005087
3324.731000,-0.003390
3325.213000,-0.003253
3325.695000,-0.003522
3326.177000,-0.005214
3326.659000,-0.009109
3327.141000,-0.010611
3327.623000,-0.012881
3328.105000,-0.013389
3328.587000,-0.016537
3329.069000,-0.019855
3329.551000,-0.021579
3330.033000,-0.024317
3330.515000,-0.027711
3330.997000,-0.029181
3331.479000,-0.028874
3331.961000,-0.030333
3332.443000,-0.031589
3332.925000,-0.033539
3333.407000,-0.033097
3333.889000,-0.031040
3334.371000,-0.030271
3334.853000,-0.026153
3335.335000,-0.021824
3335.817000,-0.018861
3336.299000,-0.018781
3336.781000,-0.016652
3337.263000,-0.014267
3337.745000,-0.013045
3338.227000,-0.014452
3338.709000,-0.016419
3339.191000,-0.018740
3339.673000,-0.019257
3340.155000,-0.016889
3340.637000,-0.015454
3341.119000,-0.014227
3341.601000,-0.009220
3342.083000,-0.005692
3342.565000,-0.003160
3343.047000,-0.000619
3343.529000,0.003922
3344.011000,0.007004
3344.493000,0.008072
3344.975000,0.006948
3345.457000,0.006725
3345.939000,0.006119
3346.421000,0.007373
3346.903000,0.007097
3347.385000,0.004561
3347.867000,0.003539
3348.349000,0.003157
3348.831000,0.003153
3349.313000,0.001518
3349.795000,0.000492
3350.277000,-0.001158
3350.759000,-0.002034
3351.241000,-0.003330
3351.723000,-0.004691
3352.205000,-0.006072
3352.687000,-0.007494
3353.169000,-0.008652
3353.651000,-0.011597
3354.133000,-0.014362
3354.615000,-0.016133
3355.097000,-0.017920
3355.579000,-0.019560
3356.061000,-0.024506
3356.543000,-0.027138
3357.025000,-0.029337
3357.507000,-0.032528
3357.989000,-0.033515
3358.471000,-0.032235
3358.953000,-0.032198
3359.435000,-0.030752
3359.917000,-0.027879
3360.399000,-0.026335
3360.881000,-0.023222
3361.363000,-0.023277
3361.845000,-0.024206
3362.327000,-0.023552
3362.809000,-0.023433
3363.291000,-0.021435
3363.773000,-0.018919
3364.255000,-0.019362
3364.737000,-0.017345
3365.219000,-0.014617
3365.701000,-0.012497
3366.183000,-0.010970
3366.665000,-0.008162
3367.147000,-0.006667
3367.629000,-0.006307
3368.111000,-0.009313
3368.593000,-0.008801
3369.075000,-0.005730
3369.557000,-0.004093
3370.039000,-0.002456
3370.521000,-0.000249
3371.003000,-0.000914
3371.485000,-0.000939
3371.967000,-0.000147
3372.449000,-0.001135
3372.931000,-0.002122
3373.413000,-0.000150
3373.895000,0.000746
3374.377000,-0.000458
3374.859000,-0.000362
3375.341000,0.000401
3375.823000,-0.000261
3376.305000,-0.002285
3376.787000,-0.003409
3377.269000,-0.001599
3377.751000,-0.001260
3378.233000,-0.003294
3378.715000,-0.003836
3379.197000,-0.005786
3379.679000,-0.003981
3380.161000,-0.002056
3380.643000,-0.000962
3381.125000,-0.000104
3381.607000,0.000432
3382.089000,-0.002250
3382.571000,-0.003496
3383.053000,-0.005496
3383.535000,-0.007085
3384.017000,-0.008283
3384.499000,-0.010979
3384.981000,-0.014733
3385.463000,-0.017830
3385.945000,-0.022860
3386.427000,-0.023576
3386.909000,-0.023642
3387.391000,-0.025663
3387.873000,-0.025979
3388.355000,-0.028180
3388.837000,-0.029114
3389.319000,-0.028273
3389.801000,-0.026845
3390.283000,-0.025013
3390.765000,-0.023343
3391.247000,-0.020468
3391.729000,-0.018882
3392.211000,-0.018129
3392.693000,-0.015495
3393.175000,-0.011097
3393.657000,-0.008823
3394.139000,-0.010119
3394.621000,-0.011390
3395.103000,-0.012454
3395.585000,-0.012890
3396.067000,-0.015378
3396.549000,-0.015769
3397.031000,-0.015582
3397.513000,-0.016557
3397.995000,-0.017301
3398.477000,-0.017750
3398.959000,-0.016428
3399.441000,-0.014758
3399.923000,-0.014525
3400.405000,-0.015798
3400.887000,-0.018482
3401.369000,-0.019310
3401.851000,-0.019055
3402.333000,-0.019196
3402.815000,-0.021151
3403.297000,-0.024417
3403.779000,-0.025327
3404.261000,-0.029326
3404.743000,-0.032218
3405.225000,-0.034042
3405.707000,-0.036866
3406.189000,-0.041337
3406.671000,-0.044099
3407.153000,-0.046288
3407.635000,-0.048648
3408.117000,-0.047352
3408.599000,-0.045365
3409.081000,-0.043709
3409.563000,-0.043604
3410.045000,-0.043562
3410.527000,-0.039959
3411.009000,-0.037725
3411.491000,-0.033081
3411.973000,-0.029004
3412.455000,-0.026940
3412.937000,-0.025691
3413.419000,-0.021841
3413.901000,-0.018768
3414.383000,-0.018701
3414.865000,-0.014592
3415.347000,-0.012458
3415.829000,-0.012765
3416.311000,-0.011604
3416.793000,-0.010719
3417.275000,-0.010605
3417.757000,-0.009714
3418.239000,-0.011166
3418.721000,-0.012354
3419.203000,-0.015460
3419.685000,-0.017077
3420.167000,-0.016739
3420.649000,-0.017170
3421.131000,-0.020631
3421.613000,-0.022080
3422.095000,-0.023801
3422.577000,-0.024636
3423.059000,-0.024246
3423.541000,-0.023264
3424.023000,-0.021790
3424.505000,-0.020568
3424.987000,-0.020668
3425.469000,-0.018565
3425.951000,-0.017535
3426.433000,-0.013123
3426.915000,-0.011139
3427.397000,-0.010165
3427.879000,-0.010995
3428.361000,-0.012531
3428.843000,-0.012549
3429.325000,-0.014578
3429.807000,-0.016963
3430.289000,-0.018603
3430.771000,-0.021470
3431.253000,-0.027177
3431.735000,-0.032990
3432.217000,-0.036528
3432.699000,-0.037765
3433.181000,-0.040404
3433.663000,-0.042903
3434.145000,-0.044617
3434.627000,-0.043604
3435.109000,-0.041372
3435.591000,-0.038744
3436.073000,-0.037517
3436.555000,-0.035523
3437.037000,-0.032182
3437.519000,-0.029245
3438.001000,-0.027662
3438.483000,-0.024347
3438.965000,-0.018934
3439.447000,-0.014913
3439.929000,-0.013882
3440.411000,-0.011094
3440.893000,-0.009983
3441.375000,-0.006672
3441.857000,-0.003898
3442.339000,-0.001903
3442.821000,-0.001486
3443.303000,-0.000725
3443.785000,-0.000043
3444.267000,-0.000464
3444.749000,-0.000263
3445.231000,-0.000387
3445.713000,-0.002406
3446.195000,-0.005629
3446.677000,-0.011059
3447.159000,-0.016803
3447.641000,-0.021598
3448.123000,-0.023651
3448.605000,-0.026044
3449.087000,-0.028117
3449.569000,-0.031624
3450.051000,-0.033846
3450.533000,-0.035625
3451.015000,-0.035869
3451.497000,-0.035786
3451.979000,-0.037009
3452.461000,-0.039034
3452.943000,-0.041017
3453.425000,-0.045377
3453.907000,-0.047800
3454.389000,-0.048386
3454.871000,-0.049017
3455.353000,-0.049826
3455.835000,-0.053413
3456.317000,-0.054297
3456.799000,-0.055062
3457.281000,-0.054300
3457.763000,-0.048680
3458.245000,-0.046178
3458.727000,-0.042857
3459.209000,-0.039976
3459.691000,-0.040499
3460.173000,-0.039355
3460.655000,-0.036288
3461.137000,-0.033613
3461.619000,-0.031173
3462.101000,-0.030249
3462.583000,-0.031094
3463.065000,-0.028839
3463.547000,-0.027617
3464.029000,-0.025504
3464.511000,-0.022230
3464.993000,-0.023022
3465.475000,-0.023477
3465.957000,-0.025998
3466.439000,-0.029671
3466.921000,-0.031012
3467.403000,-0.032225
3467.885000,-0.034636
3468.367000,-0.037072
3468.849000,-0.039843
3469.331000,-0.039389
3469.813000,-0.038622
3470.295000,-0.037937
3470.777000,-0.038958
3471.259000,-0.039003
3471.741000,-0.037502
3472.223000,-0.036960
3472.705000,-0.036196
3473.187000,-0.033840
3473.669000,-0.032142
3474.151000,-0.029729
3474.633000,-0.029983
3475.115000,-0.030026
3475.597000,-0.031258
3476.079000,-0.032154
3476.561000,-0.031629
3477.043000,-0.032240
3477.525000,-0.033256
3478.007000,-0.032954
3478.489000,-0.032245
3478.971000,-0.032831
3479.453000,-0.032492
3479.935000,-0.031806
3480.417000,-0.031637
3480.899000,-0.032290
3481.381000,-0.034903
3481.863000,-0.036178
3482.345000,-0.039103
3482.827000,-0.039089
3483.309000,-0.038262
3483.791000,-0.035818
3484.273000,-0.034843
3484.755000,-0.033813
3485.237000,-0.033056
3485.719000,-0.035298
3486.201000,-0.037611
3486.683000,-0.041577
3487.165000,-0.044846
3487.647000,-0.049065
3488.129000,-0.052650
3488.611000,-0.054919
3489.093000,-0.057476
3489.575000,-0.057606
3490.057000,-0.057974
3490.539000,-0.055754
3491.021000,-0.054370
3491.503000,-0.051094
3491.985000,-0.047903
3492.467000,-0.048380
3492.949000,-0.046780
3493.431000,-0.043704
3493.913000,-0.041777
3494.395000,-0.041084
3494.877000,-0.039814
3495.359000,-0.041456
3495.841000,-0.042664
3496.323000,-0.043999
3496.805000,-0.044869
3497.287000,-0.042390
3497.769000,-0.043063
3498.251000,-0.040989
3498.733000,-0.040415
3499.215000,-0.038596
3499.697000,-0.032722
3500.179000,-0.025616
3500.661000,-0.020345
3501.143000,-0.014180
3501.625000,-0.011173
3502.107000,-0.009311
3502.589000,-0.008231
3503.071000,-0.007843
3503.553000,-0.007048
3504.035000,-0.008626
3504.517000,-0.014618
3504.999000,-0.017127
3505.481000,-0.022537
3505.963000,-0.025314
3506.445000,-0.026919
3506.927000,-0.028816
3507.409000,-0.030324
3507.891000,-0.031716
3508.373000,-0.035339
3508.855000,-0.037284
3509.337000,-0.039778
3509.819000,-0.041409
3510.301000,-0.045409
3510.783000,-0.048217
3511.265000,-0.051436
3511.747000,-0.053582
3512.229000,-0.055233
3512.711000,-0.057698
3513.193000,-0.056016
3513.675000,-0.056513
3514.157000,-0.055424
3514.639000,-0.051331
3515.121000,-0.047431
3515.603000,-0.041580
3516.085000,-0.036594
3516.567000,-0.030579
3517.049000,-0.026939
3517.531000,-0.020871
3518.013000,-0.017480
3518.495000,-0.012956
3518.977000,-0.009990
3519.459000,-0.009359
3519.941000,-0.005670
3520.423000,-0.005491
3520.905000,-0.004039
3521.387000,-0.001991
3521.869000,-0.002228
3522.351000,-0.000536
3522.833000,-0.001510
3523.315000,-0.001466
3523.797000,-0.003252
3524.279000,-0.003678
3524.761000,-0.005753
3525.243000,-0.007274
3525.725000,-0.010758
3526.207000,-0.015187
3526.689000,-0.019180
3527.171000,-0.024052
3527.653000,-0.028650
3528.135000,-0.033039
3528.617000,-0.037219
3529.099000,-0.039208
3529.581000,-0.044018
3530.063000,-0.046010
3530.545000,-0.047497
3531.027000,-0.048838
3531.509000,-0.049714
3531.991000,-0.048772
3532.473000,-0.048291
3532.955000,-0.047389
3533.437000,-0.046871
3533.919000,-0.042549
3534.401000,-0.038256
3534.883000,-0.034248
3535.365000,-0.031685
3535.847000,-0.029353
3536.329000,-0.026922
3536.811000,-0.025229
3537.293000,-0.025161
3537.775000,-0.026163
3538.257000,-0.026960
3538.739000,-0.028430
3539.221000,-0.031256
3539.703000,-0.035830
3540.185000,-0.039445
3540.667000,-0.040266
3541.149000,-0.043854
3541.631000,-0.046645
3542.113000,-0.049521
3542.595000,-0.048532
3543.077000,-0.048996
3543.559000,-0.048671
3544.041000,-0.048597
3544.523000,-0.050798
3545.005000,-0.050331
3545.487000,-0.049101
3545.969000,-0.047548
3546.451000,-0.048243
3546.933000,-0.045269
3547.415000,-0.042591
3547.897000,-0.038422
3548.379000,-0.033525
3548.861000,-0.029229
3549.343000,-0.023759
3549.825000,-0.023104
3550.307000,-0.020866
3550.789000,-0.023097
3551.271000,-0.025199
3551.753000,-0.026456
3552.235000,-0.028476
3552.717000,-0.031128
3553.199000,-0.034107
3553.681000,-0.035595
3554.163000,-0.037509
3554.645000,-0.037690
3555.127000,-0.040261
3555.609000,-0.040822
3556.091000,-0.042843
3556.573000,-0.043128
3557.055000,-0.042540
3557.537000,-0.043282
3558.019000,-0.039235
3558.501000,-0.038683
3558.983000,-0.034257
3559.465000,-0.030693
3559.947000,-0.028647
3560.429000,-0.026237
3560.911000,-0.022549
3561.393000,-0.021806
3561.875000,-0.019720
3562.357000,-0.015219
3562.839000,-0.013616
3563.321000,-0.005421
3563.803000,0.002221
3564.285000,0.008063
3564.767000,0.018161
3565.249000,0.021263
3565.731000,0.028059
3566.213000,0.028303
3566.695000,0.027175
3567.177000,0.026480
3567.659000,0.022202
3568.141000,0.013924
3568.623000,0.009571
3569.105000,0.001678
3569.587000,-0.005997
3570.069000,-0.007385
3570.551000,-0.010741
3571.033000,-0.014756
3571.515000,-0.014104
3571.997000,-0.015637
3572.479000,-0.012804
3572.961000,-0.014506
3573.443000,-0.016121
3573.925000,-0.017049
3574.407000,-0.018423
3574.889000,-0.021592
3575.371000,-0.022079
3575.853000,-0.025855
3576.335000,-0.029768
3576.817000,-0.033305
3577.299000,-0.037743
3577.781000,-0.041070
3578.263000,-0.040894
3578.745000,-0.040239
3579.227000,-0.037677
3579.709000,-0.036859
3580.191000,-0.036361
3580.673000,-0.032982
3581.155000,-0.029740
3581.637000,-0.026871
3582.119000,-0.022295
3582.601000,-0.020491
3583.083000,-0.019558
3583.565000,-0.020270
3584.047000,-0.019127
3584.529000,-0.019575
3585.011000,-0.018721
3585.493000,-0.018022
3585.975000,-0.018311
3586.457000,-0.020775
3586.939000,-0.024496
3587.421000,-0.025413
3587.903000,-0.027848
3588.385000,-0.026994
3588.867000,-0.026066
3589.349000,-0.021308
3589.831000,-0.014551
3590.313000,-0.010912
3590.795000,-0.002850
3591.277000,0.004336
3591.759000,0.011757
3592.241000,0.016933
3592.723000,0.019809
3593.205000,0.020503
3593.687000,0.018758
3594.169000,0.018051
3594.651000,0.014441
3595.133000,0.012778
3595.615000,0.008825
3596.097000,0.008167
3596.579000,0.006055
3597.061000,0.000711
3597.543000,-0.001602
3598.025000,-0.001434
3598.507000,-0.002505
3598.989000,-0.002754
3599.471000,-0.002713
3599.953000,-0.003375
3600.435000,-0.003714
3600.917000,-0.003194
3601.399000,-0.000860
3601.881000,0.000269
3602.363000,0.001075
3602.845000,0.004507
3603.327000,0.004689
3603.809000,0.004835
3604.291000,0.004114
3604.773000,0.007960
3605.255000,0.007103
3605.737000,0.008139
3606.219000,0.009266
3606.701000,0.011744
3607.183000,0.013954
3607.665000,0.018130
3608.147000,0.026420
3608.629000,0.031721
3609.111000,0.041258
3609.593000,0.050328
3610.075000,0.059456
3610.557000,0.071347
3611.039000,0.080348
3611.521000,0.089728
3612.003000,0.092784
3612.485000,0.095298
3612.967000,0.098770
3613.449000,0.098908
3613.931000,0.096143
3614.413000,0.092654
3614.895000,0.086444
3615.377000,0.076947
3615.859000,0.068454
3616.341000,0.057078
3616.823000,0.048884
3617.305000,0.041530
3617.787000,0.032341
3618.269000,0.021945
3618.751000,0.010234
3619.233000,0.002895
3619.715000,-0.002783
3620.197000,-0.007396
3620.679000,-0.011168
3621.161000,-0.014790
3621.643000,-0.017269
3622.125000,-0.019165
3622.607000,-0.018559
3623.089000,-0.017589
3623.571000,-0.015770
3624.053000,-0.012908
3624.535000,-0.012647
3625.017000,-0.013534
3625.499000,-0.016652
3625.981000,-0.018815
3626.463000,-0.025351
3626.945000,-0.031923
3627.427000,-0.040802
3627.909000,-0.048263
3628.391000,-0.056597
3628.873000,-0.062698
3629.355000,-0.065906
3629.837000,-0.065086
3630.319000,-0.063426
3630.801000,-0.057180
3631.283000,-0.049925
3631.765000,-0.043999
3632.247000,-0.037533
3632.729000,-0.030101
3633.211000,-0.023833
3633.693000,-0.017631
3634.175000,-0.011949
3634.657000,-0.007769
3635.139000,-0.005926
3635.621000,-0.002255
3636.103000,0.000934
3636.585000,0.005913
3637.067000,0.008819
3637.549000,0.013267
3638.031000,0.017988
3638.513000,0.021948
3638.995000,0.028714
3639.477000,0.036579
3639.959000,0.044111
3640.441000,0.052231
3640.923000,0.059597
3641.405000,0.066755
3641.887000,0.075136
3642.369000,0.083267
3642.851000,0.092283
3643.333000,0.102721
3643.815000,0.113309
3644.297000,0.123765
3644.779000,0.134261
3645.261000,0.147178
3645.743000,0.157178
3646.225000,0.166528
3646.707000,0.170030
3647.189000,0.168023
3647.671000,0.159845
3648.153000,0.145545
3648.635000,0.125809
3649.117000,0.102129
3649.599000,0.079432
3650.081000,0.060720
3650.563000,0.042497
3651.045000,0.029655
3651.527000,0.020810
3652.009000,0.020186
3652.491000,0.023226
3652.973000,0.030797
3653.455000,0.036115
3653.937000,0.039229
3654.419000,0.043162
3654.901000,0.042135
3655.383000,0.039398
3655.865000,0.035852
3656.347000,0.032603
3656.829000,0.031066
3657.311000,0.026873
3657.793000,0.023704
3658.275000,0.019370
3658.757000,0.016695
3659.239000,0.015631
3659.721000,0.013469
3660.203000,0.010864
3660.685000,0.009771
3661.167000,0.010960
3661.649000,0.009404
3662.131000,0.008560
3662.613000,0.007911
3663.095000,0.007464
3663.577000,0.007273
3664.059000,0.006059
3664.541000,0.005323
3665.023000,0.005460
3665.505000,0.006467
3665.987000,0.006918
3666.469000,0.007876
3666.951000,0.010317
3667.433000,0.014737
3667.915000,0.018628
3668.397000,0.021751
3668.879000,0.026584
3669.361000,0.032574
3669.843000,0.039723
3670.325000,0.047144
3670.807000,0.054832
3671.289000,0.063541
3671.771000,0.071376
3672.253000,0.079715
3672.735000,0.085724
3673.217000,0.091535
3673.699000,0.093673
3674.181000,0.093170
3674.663000,0.087982
3675.145000,0.080309
3675.627000,0.071647
3676.109000,0.062621
3676.591000,0.053036
3677.073000,0.043393
3677.555000,0.034180
3678.037000,0.024115
3678.519000,0.018909
3679.001000,0.015862
3679.483000,0.014273
3679.965000,0.010278
3680.447000,0.007394
3680.929000,0.002945
3681.411000,-0.000702
3681.893000,-0.005664
3682.375000,-0.011003
3682.857000,-0.013106
3683.339000,-0.017604
3683.821000,-0.020865
3684.303000,-0.023026
3684.785000,-0.025131
3685.267000,-0.021513
3685.749000,-0.018203
3686.231000,-0.013761
3686.713000,-0.009729
3687.195000,-0.003959
3687.677000,0.001762
3688.159000,0.007039
3688.641000,0.009502
3689.123000,0.011680
3689.605000,0.012291
3690.087000,0.008990
3690.569000,0.006566
3691.051000,0.002457
3691.533000,-0.000994
3692.015000,-0.004421
3692.497000,-0.008134
3692.979000,-0.010097
3693.461000,-0.012129
3693.943000,-0.013068
3694.425000,-0.013518
3694.907000,-0.015740
3695.389000,-0.016540
3695.871000,-0.019099
3696.353000,-0.021875
3696.835000,-0.022660
3697.317000,-0.023894
3697.799000,-0.025601
3698.281000,-0.026129
3698.763000,-0.027396
3699.245000,-0.028667
3699.727000,-0.031489
3700.209000,-0.035070
3700.691000,-0.037638
3701.173000,-0.043290
3701.655000,-0.046516
3702.137000,-0.051134
3702.619000,-0.055626
3703.101000,-0.056016
3703.583000,-0.056220
3704.065000,-0.055823
3704.547000,-0.051389
3705.029000,-0.046593
3705.511000,-0.039680
3705.993000,-0.032456
3706.475000,-0.026132
3706.957000,-0.016029
3707.439000,-0.003243
3707.921000,0.005755
3708.403000,0.016269
3708.885000,0.021350
3709.367000,0.025437
3709.849000,0.025315
3710.331000,0.019245
3710.813000,0.013337
3711.295000,0.006210
3711.777000,-0.003423
3712.259000,-0.012089
3712.741000,-0.018176
3713.223000,-0.022420
3713.705000,-0.022825
3714.187000,-0.021248
3714.669000,-0.022404
3715.151000,-0.019410
3715.633000,-0.019471
3716.115000,-0.018933
3716.597000,-0.022051
3717.079000,-0.024460
3717.561000,-0.026451
3718.043000,-0.027093
3718.525000,-0.029997
3719.007000,-0.032143
3719.489000,-0.031641
3719.971000,-0.028684
3720.453000,-0.027065
3720.935000,-0.024562
3721.417000,-0.021325
3721.899000,-0.019972
3722.381000,-0.019752
3722.863000,-0.019934
3723.345000,-0.023249
3723.827000,-0.028276
3724.309000,-0.036486
3724.791000,-0.043480
3725.273000,-0.053167
3725.755000,-0.061214
3726.237000,-0.065767
3726.719000,-0.066766
3727.201000,-0.068191
3727.683000,-0.064828
3728.165000,-0.059997
3728.647000,-0.053829
3729.129000,-0.042987
3729.611000,-0.032425
3730.093000,-0.019976
3730.575000,-0.003950
3731.057000,0.013321
3731.539000,0.031877
3732.021000,0.052889
3732.503000,0.070421
3732.985000,0.087772
3733.467000,0.102134
3733.949000,0.112329
3734.431000,0.119149
3734.913000,0.121315
3735.395000,0.119752
3735.877000,0.116706
3736.359000,0.112954
3736.841000,0.108501
3737.323000,0.103365
3737.805000,0.099472
3738.287000,0.093437
3738.769000,0.086500
3739.251000,0.074167
3739.733000,0.061462
3740.215000,0.047610
3740.697000,0.033037
3741.179000,0.018230
3741.661000,0.003810
3742.143000,-0.009155
3742.625000,-0.016651
3743.107000,-0.020598
3743.589000,-0.020604
3744.071000,-0.014718
3744.553000,-0.003141
3745.035000,0.006853
3745.517000,0.017141
3745.999000,0.027154
3746.481000,0.037482
3746.963000,0.045973
3747.445000,0.050994
3747.927000,0.050896
3748.409000,0.046535
3748.891000,0.039725
3749.373000,0.031992
3749.855000,0.023070
3750.337000,0.015076
3750.819000,0.009009
3751.301000,0.006182
3751.783000,0.007244
3752.265000,0.012352
3752.747000,0.020815
3753.229000,0.031547
3753.711000,0.042037
3754.193000,0.051535
3754.675000,0.059901
3755.157000,0.068215
3755.639000,0.072862
3756.121000,0.073311
3756.603000,0.068867
3757.085000,0.061629
3757.567000,0.054464
3758.049000,0.046900
3758.531000,0.040077
3759.013000,0.032541
3759.495000,0.025593
3759.977000,0.019552
3760.459000,0.015655
3760.941000,0.013061
3761.423000,0.011665
3761.905000,0.012534
3762.387000,0.013437
3762.869000,0.016722
3763.351000,0.020531
3763.833000,0.023598
3764.315000,0.027160
3764.797000,0.031107
3765.279000,0.035274
3765.761000,0.038186
3766.243000,0.039471
3766.725000,0.038098
3767.207000,0.035727
3767.689000,0.028889
3768.171000,0.019165
3768.653000,0.009425
3769.135000,-0.000442
3769.617000,-0.009584
3770.099000,-0.022580
3770.581000,-0.036061
3771.063000,-0.045851
3771.545000,-0.052906
3772.027000,-0.058020
3772.509000,-0.063462
3772.991000,-0.065696
3773.473000,-0.066649
3773.955000,-0.065751
3774.437000,-0.063213
3774.919000,-0.060464
3775.401000,-0.054879
3775.883000,-0.047270
3776.365000,-0.040220
3776.847000,-0.034289
3777.329000,-0.027698
3777.811000,-0.020688
3778.293000,-0.015059
3778.775000,-0.011899
3779.257000,-0.011977
3779.739000,-0.010001
3780.221000,-0.010565
3780.703000,-0.010680
3781.185000,-0.012170
3781.667000,-0.014883
3782.149000,-0.016513
3782.631000,-0.017420
3783.113000,-0.018881
3783.595000,-0.018436
3784.077000,-0.019805
3784.559000,-0.020910
3785.041000,-0.021969
3785.523000,-0.024165
3786.005000,-0.026691
3786.487000,-0.027895
3786.969000,-0.029370
3787.451000,-0.030836
3787.933000,-0.034571
3788.415000,-0.036878
3788.897000,-0.040130
3789.379000,-0.042141
3789.861000,-0.042991
3790.343000,-0.042067
3790.825000,-0.041294
3791.307000,-0.038469
3791.789000,-0.035797
3792.271000,-0.032141
3792.753000,-0.027316
3793.235000,-0.021600
3793.717000,-0.015577
3794.199000,-0.010261
3794.681000,-0.005783
3795.163000,-0.000920
3795.645000,0.001893
3796.127000,0.004905
3796.609000,0.006710
3797.091000,0.005768
3797.573000,0.003492
3798.055000,0.000694
3798.537000,-0.004347
3799.019000,-0.008661
3799.501000,-0.015689
3799.983000,-0.021806
3800.465000,-0.026268
3800.947000,-0.030133
3801.429000,-0.031757
3801.911000,-0.030264
3802.393000,-0.027205
3802.875000,-0.023415
3803.357000,-0.019633
3803.839000,-0.016912
3804.321000,-0.016189
3804.803000,-0.014721
3805.285000,-0.014838
3805.767000,-0.015877
3806.249000,-0.019395
3806.731000,-0.022173
3807.213000,-0.024425
3807.695000,-0.026935
3808.177000,-0.028393
3808.659000,-0.028603
3809.141000,-0.028590
3809.623000,-0.029251
3810.105000,-0.030438
3810.587000,-0.031743
3811.069000,-0.033028
3811.551000,-0.030983
3812.033000,-0.030859
3812.515000,-0.028438
3812.997000,-0.025839
3813.479000,-0.020387
3813.961000,-0.011376
3814.443000,-0.000316
3814.925000,0.011560
3815.407000,0.023668
3815.889000,0.035125
3816.371000,0.045657
3816.853000,0.055184
3817.335000,0.061711
3817.817000,0.064253
3818.299000,0.062624
3818.781000,0.056667
3819.263000,0.049438
3819.745000,0.038811
3820.227000,0.028964
3820.709000,0.024093
3821.191000,0.019453
3821.673000,0.015876
3822.155000,0.014915
3822.637000,0.018588
3823.119000,0.021891
3823.601000,0.027796
3824.083000,0.031684
3824.565000,0.035429
3825.047000,0.037953
3825.529000,0.038007
3826.011000,0.037218
3826.493000,0.034908
3826.975000,0.034979
3827.457000,0.038451
3827.939000,0.041532
3828.421000,0.046523
3828.903000,0.053453
3829.385000,0.062048
3829.867000,0.067908
3830.349000,0.076983
3830.831000,0.085483
3831.313000,0.093378
3831.795000,0.098501
3832.277000,0.102146
3832.759000,0.105343
3833.241000,0.107536
3833.723000,0.110947
3834.205000,0.114422
3834.687000,0.118604
3835.169000,0.121854
3835.651000,0.124034
3836.133000,0.127126
3836.615000,0.129190
3837.097000,0.129671
3837.579000,0.128714
3838.061000,0.124491
3838.543000,0.118224
3839.025000,0.110415
3839.507000,0.101102
3839.989000,0.094888
3840.471000,0.085998
3840.953000,0.076742
3841.435000,0.070093
3841.917000,0.064360
3842.399000,0.057932
3842.881000,0.056422
3843.363000,0.055302
3843.845000,0.054051
3844.327000,0.054045
3844.809000,0.053233
3845.291000,0.053218
3845.773000,0.053234
3846.255000,0.055466
3846.737000,0.055822
3847.219000,0.050354
3847.701000,0.046614
3848.183000,0.041160
3848.665000,0.031427
3849.147000,0.017755
3849.629000,0.005006
3850.111000,-0.009743
3850.593000,-0.024750
3851.075000,-0.039205
3851.557000,-0.057068
3852.039000,-0.069816
3852.521000,-0.077973
3853.003000,-0.079287
3853.485000,-0.075547
3853.967000,-0.064624
3854.449000,-0.049280
3854.931000,-0.032129
3855.413000,-0.011356
3855.895000,0.009723
3856.377000,0.031175
3856.859000,0.049186
3857.341000,0.064446
3857.823000,0.075719
3858.305000,0.082264
3858.787000,0.089078
3859.269000,0.093223
3859.751000,0.095799
3860.233000,0.097215
3860.715000,0.097249
3861.197000,0.096099
3861.679000,0.096274
3862.161000,0.095730
3862.643000,0.093065
3863.125000,0.090212
3863.607000,0.088023
3864.089000,0.086105
3864.571000,0.086718
3865.053000,0.089078
3865.535000,0.089710
3866.017000,0.090034
3866.499000,0.091539
3866.981000,0.094044
3867.463000,0.097832
3867.945000,0.103850
3868.427000,0.106398
3868.909000,0.107859
3869.391000,0.108939
3869.873000,0.109327
3870.355000,0.110710
3870.837000,0.108308
3871.319000,0.107174
3871.801000,0.104007
3872.283000,0.097281
3872.765000,0.091304
3873.247000,0.085852
3873.729000,0.080662
3874.211000,0.076104
3874.693000,0.073126
3875.175000,0.068390
3875.657000,0.065745
3876.139000,0.063817
3876.621000,0.062226
3877.103000,0.062304
3877.585000,0.060659
3878.067000,0.058821
3878.549000,0.055797
3879.031000,0.051807
3879.513000,0.048540
3879.995000,0.043202
3880.477000,0.039845
3880.959000,0.035994
3881.441000,0.031336
3881.923000,0.025828
3882.405000,0.019919
3882.887000,0.015000
3883.369000,0.010544
3883.851000,0.004913
3884.333000,-0.002060
3884.815000,-0.008103
3885.297000,-0.010850
3885.779000,-0.012352
3886.261000,-0.011194
3886.743000,-0.008623
3887.225000,-0.004095
3887.707000,-0.000136
3888.189000,0.004519
3888.671000,0.009028
3889.153000,0.012251
3889.635000,0.017810
3890.117000,0.018823
3890.599000,0.017205
3891.081000,0.013640
3891.563000,0.012729
3892.045000,0.010849
3892.527000,0.009568
3893.009000,0.008440
3893.491000,0.005820
3893.973000,0.004352
3894.455000,0.003109
3894.937000,0.003145
3895.419000,0.003355
3895.901000,0.004614
3896.383000,0.006966
3896.865000,0.006915
3897.347000,0.009358
3897.829000,0.013154
3898.311000,0.021824
3898.793000,0.027369
3899.275000,0.034159
3899.757000,0.039329
3900.239000,0.043108
3900.721000,0.047959
3901.203000,0.049774
3901.685000,0.047914
3902.167000,0.045337
3902.649000,0.040387
3903.131000,0.030968
3903.613000,0.021388
3904.095000,0.012473
3904.577000,0.006899
3905.059000,0.003111
3905.541000,-0.002038
3906.023000,-0.003628
3906.505000,-0.004883
3906.987000,-0.003556
3907.469000,-0.002457
3907.951000,-0.002423
3908.433000,-0.003419
3908.915000,-0.001653
3909.397000,-0.003258
3909.879000,-0.007606
3910.361000,-0.011622
3910.843000,-0.013695
3911.325000,-0.011156
3911.807000,-0.009388
3912.289000,-0.008838
3912.771000,-0.004812
3913.253000,-0.002793
3913.735000,-0.000427
3914.217000,0.000535
3914.699000,0.002474
3915.181000,0.004375
3915.663000,0.005849
3916.145000,0.003240
3916.627000,-0.000517
3917.109000,-0.004435
3917.591000,-0.006780
3918.073000,-0.006233
3918.555000,-0.008107
3919.037000,-0.010034
3919.519000,-0.010444
3920.001000,-0.012170
3920.483000,-0.015064
3920.965000,-0.015890
3921.447000,-0.013734
3921.929000,-0.011894
3922.411000,-0.012037
3922.893000,-0.014025
3923.375000,-0.014297
3923.857000,-0.013181
3924.339000,-0.009823
3924.821000,-0.006297
3925.303000,-0.003288
3925.785000,0.000597
3926.267000,0.002917
3926.749000,0.004768
3927.231000,0.005875
3927.713000,0.007529
3928.195000,0.008380
3928.677000,0.004693
3929.159000,-0.001186
3929.641000,-0.007957
3930.123000,-0.013736
3930.605000,-0.020319
3931.087000,-0.026127
3931.569000,-0.033980
3932.051000,-0.040545
3932.533000,-0.045382
3933.015000,-0.049417
3933.497000,-0.052044
3933.979000,-0.052989
3934.461000,-0.053805
3934.943000,-0.053415
3935.425000,-0.053697
3935.907000,-0.051816
3936.389000,-0.050806
3936.871000,-0.047389
3937.353000,-0.043040
3937.835000,-0.037488
3938.317000,-0.032915
3938.799000,-0.027380
3939.281000,-0.021099
3939.763000,-0.015118
3940.245000,-0.009832
3940.727000,-0.006009
3941.209000,-0.003216
3941.691000,-0.000984
3942.173000,-0.001260
3942.655000,-0.001898
3943.137000,-0.004808
3943.619000,-0.005840
3944.101000,-0.007820
3944.583000,-0.010525
3945.065000,-0.013794
3945.547000,-0.016838
3946.029000,-0.019494
3946.511000,-0.020966
3946.993000,-0.022242
3947.475000,-0.024081
3947.957000,-0.025462
3948.439000,-0.024362
3948.921000,-0.023502
3949.403000,-0.022784
3949.885000,-0.021710
3950.367000,-0.019335
3950.849000,-0.018028
3951.331000,-0.018774
3951.813000,-0.018487
3952.295000,-0.017444
3952.777000,-0.017415
3953.259000,-0.018025
3953.741000,-0.018653
3954.223000,-0.019327
3954.705000,-0.019111
3955.187000,-0.017554
3955.669000,-0.014426
3956.151000,-0.013362
3956.633000,-0.012145
3957.115000,-0.008515
3957.597000,-0.008532
3958.079000,-0.009084
3958.561000,-0.008573
3959.043000,-0.008781
3959.525000,-0.010794
3960.007000,-0.013734
3960.489000,-0.016720
3960.971000,-0.020247
3961.453000,-0.023820
3961.935000,-0.026992
3962.417000,-0.029010
3962.899000,-0.032667
3963.381000,-0.034464
3963.863000,-0.034755
3964.345000,-0.037072
3964.827000,-0.039450
3965.309000,-0.042228
3965.791000,-0.044753
3966.273000,-0.047913
3966.755000,-0.051520
3967.237000,-0.055119
3967.719000,-0.058193
3968.201000,-0.060407
3968.683000,-0.061907
3969.165000,-0.062916
3969.647000,-0.060877
3970.129000,-0.058651
3970.611000,-0.054908
3971.093000,-0.049477
3971.575000,-0.044851
3972.057000,-0.039868
3972.539000,-0.034689
3973.021000,-0.031054
3973.503000,-0.027015
3973.985000,-0.022480
3974.467000,-0.019241
3974.949000,-0.018053
3975.431000,-0.016190
3975.913000,-0.016138
3976.395000,-0.017510
3976.877000,-0.018714
3977.359000,-0.019827
3977.841000,-0.020817
3978.323000,-0.023795
3978.805000,-0.027442
3979.287000,-0.029935
3979.769000,-0.033315
3980.251000,-0.034645
3980.733000,-0.036613
3981.215000,-0.040268
3981.697000,-0.043582
3982.179000,-0.045317
3982.661000,-0.047221
3983.143000,-0.047401
3983.625000,-0.043461
3984.107000,-0.042018
3984.589000,-0.038836
3985.071000,-0.035431
3985.553000,-0.031143
3986.035000,-0.024817
3986.517000,-0.019836
3986.999000,-0.014884
3987.481000,-0.014323
3987.963000,-0.013313
3988.445000,-0.014598
3988.927000,-0.016484
3989.409000,-0.016068
3989.891000,-0.013730
3990.373000,-0.011816
3990.855000,-0.009463
3991.337000,-0.006505
3991.819000,-0.003085
3992.301000,0.000524
3992.783000,0.002690
3993.265000,0.004375
3993.747000,0.004562
3994.229000,0.002819
3994.711000,0.002406
3995.193000,-0.002047
3995.675000,-0.006546
3996.157000,-0.010439
3996.639000,-0.013564
3997.121000,-0.016475
3997.603000,-0.018849
3998.085000,-0.020667
3998.567000,-0.021815
3999.049000,-0.022179
3999.531000,-0.021645
4000.013000,-0.020100
4000.495000,-0.017428
