wavenumber_cm-1,reflectance_%
1556.755000,16.031937
1557.237000,16.026434
1557.719000,16.022873
1558.201000,16.021261
1558.683000,16.021605
1559.165000,16.023915
1559.647000,16.028196
1560.129000,16.034458
1560.611000,16.042881
1561.093000,16.054940
1561.575000,16.068029
1562.057000,16.082379
1562.539000,16.096043
1563.021000,16.111673
1563.503000,16.125377
1563.985000,16.138368
1564.467000,16.152392
1564.949000,16.166521
1565.431000,16.180872
1565.913000,16.194925
1566.395000,16.210411
1566.877000,16.227755
1567.359000,16.245790
1567.841000,16.265293
1568.323000,16.286355
1568.805000,16.307871
1569.287000,16.329299
1569.769000,16.354283
1570.251000,16.377473
1570.733000,16.402372
1571.215000,16.427420
1571.697000,16.451176
1572.179000,16.471971
1572.661000,16.493094
1573.143000,16.512131
1573.625000,16.529909
1574.107000,16.551862
1574.589000,16.572762
1575.071000,16.598445
1575.553000,16.624825
1576.035000,16.652550
1576.517000,16.683193
1576.999000,16.710929
1577.481000,16.739972
1577.963000,16.767534
1578.445000,16.791715
1578.927000,16.812398
1579.409000,16.829319
1579.891000,16.844021
1580.373000,16.859621
1580.855000,16.876356
1581.337000,16.889894
1581.819000,16.907065
1582.301000,16.922377
1582.783000,16.940567
1583.265000,16.958374
1583.747000,16.976308
1584.229000,16.998327
1584.711000,17.020458
1585.193000,17.041793
1585.675000,17.062322
1586.157000,17.083157
1586.639000,17.104965
1587.121000,17.124319
1587.603000,17.142844
1588.085000,17.161915
1588.567000,17.181472
1589.049000,17.198599
1589.531000,17.216134
1590.013000,17.230031
1590.495000,17.243652
1590.977000,17.257587
1591.459000,17.269137
1591.941000,17.279482
1592.423000,17.286689
1592.905000,17.295168
1593.387000,17.300166
1593.869000,17.301666
1594.351000,17.305844
1594.833000,17.310973
1595.315000,17.315582
1595.797000,17.319335
1596.279000,17.324455
1596.761000,17.329582
1597.243000,17.333920
1597.725000,17.340077
1598.207000,17.344262
1598.689000,17.350353
1599.171000,17.354592
1599.653000,17.361312
1600.135000,17.366929
1600.617000,17.372243
1601.099000,17.379844
1601.581000,17.385499
1602.063000,17.392209
1602.545000,17.397807
1603.027000,17.403729
1603.509000,17.409176
1603.991000,17.410588
1604.473000,17.415386
1604.955000,17.418611
1605.437000,17.422280
1605.919000,17.425671
1606.401000,17.430919
1606.883000,17.432973
1607.365000,17.432188
1607.847000,17.430919
1608.329000,17.428135
1608.811000,17.426877
1609.293000,17.422806
1609.775000,17.418642
1610.257000,17.414058
1610.739000,17.408795
1611.221000,17.408485
1611.703000,17.406750
1612.185000,17.405210
1612.667000,17.404702
1613.149000,17.403908
1613.631000,17.404051
1614.113000,17.401406
1614.595000,17.399299
1615.077000,17.397439
1615.559000,17.392374
1616.041000,17.385668
1616.523000,17.379379
1617.005000,17.373958
1617.487000,17.366487
1617.969000,17.358192
1618.451000,17.350063
1618.933000,17.343467
1619.415000,17.338540
1619.897000,17.336160
1620.379000,17.336303
1620.861000,17.332637
1621.343000,17.329596
1621.825000,17.326816
1622.307000,17.322819
1622.789000,17.321397
1623.271000,17.318559
1623.753000,17.316742
1624.235000,17.312082
1624.717000,17.307651
1625.199000,17.306123
1625.681000,17.304304
1626.163000,17.302922
1626.645000,17.301696
1627.127000,17.300378
1627.609000,17.298941
1628.091000,17.297076
1628.573000,17.296711
1629.055000,17.297086
1629.537000,17.298509
1630.019000,17.299804
1630.501000,17.304204
1630.983000,17.308845
1631.465000,17.315530
1631.947000,17.323168
1632.429000,17.329790
1632.911000,17.335553
1633.393000,17.341613
1633.875000,17.348458
1634.357000,17.352632
1634.839000,17.354185
1635.321000,17.353410
1635.803000,17.351005
1636.285000,17.349445
1636.767000,17.344986
1637.249000,17.340037
1637.731000,17.336466
1638.213000,17.335594
1638.695000,17.332458
1639.177000,17.331102
1639.659000,17.330558
1640.141000,17.330582
1640.623000,17.333018
1641.105000,17.332511
1641.587000,17.331124
1642.069000,17.328490
1642.551000,17.326672
1643.033000,17.324578
1643.515000,17.319556
1643.997000,17.314915
1644.479000,17.309348
1644.961000,17.301171
1645.443000,17.289376
1645.925000,17.279140
1646.407000,17.266992
1646.889000,17.253633
1647.371000,17.242158
1647.853000,17.229893
1648.335000,17.218524
1648.817000,17.211006
1649.299000,17.206566
1649.781000,17.203348
1650.263000,17.201246
1650.745000,17.196090
1651.227000,17.186116
1651.709000,17.172053
1652.191000,17.154225
1652.673000,17.138014
1653.155000,17.122054
1653.637000,17.105161
1654.119000,17.092295
1654.601000,17.082713
1655.083000,17.076367
1655.565000,17.077504
1656.047000,17.081849
1656.529000,17.087107
1657.011000,17.093142
1657.493000,17.096312
1657.975000,17.097077
1658.457000,17.095724
1658.939000,17.091013
1659.421000,17.086345
1659.903000,17.080598
1660.385000,17.070997
1660.867000,17.063170
1661.349000,17.053601
1661.831000,17.042654
1662.313000,17.035171
1662.795000,17.025896
1663.277000,17.016325
1663.759000,17.009810
1664.241000,17.005248
1664.723000,17.002509
1665.205000,17.001030
1665.687000,16.999935
1666.169000,17.000020
1666.651000,17.000377
1667.133000,16.998263
1667.615000,16.994219
1668.097000,16.988507
1668.579000,16.980106
1669.061000,16.971048
1669.543000,16.961423
1670.025000,16.950852
1670.507000,16.939700
1670.989000,16.927190
1671.471000,16.914061
1671.953000,16.898807
1672.435000,16.883559
1672.917000,16.867003
1673.399000,16.849610
1673.881000,16.832687
1674.363000,16.812002
1674.845000,16.793416
1675.327000,16.775512
1675.809000,16.760731
1676.291000,16.748683
1676.773000,16.736719
1677.255000,16.727792
1677.737000,16.719311
1678.219000,16.711866
1678.701000,16.706881
1679.183000,16.703274
1679.665000,16.698926
1680.147000,16.694637
1680.629000,16.688572
1681.111000,16.681045
1681.593000,16.673649
1682.075000,16.661883
1682.557000,16.649251
1683.039000,16.633350
1683.521000,16.616287
1684.003000,16.599148
1684.485000,16.580486
1684.967000,16.562460
1685.449000,16.547995
1685.931000,16.535235
1686.413000,16.523887
1686.895000,16.513929
1687.377000,16.505500
1687.859000,16.500019
1688.341000,16.492807
1688.823000,16.484505
1689.305000,16.478299
1689.787000,16.471656
1690.269000,16.463868
1690.751000,16.456168
1691.233000,16.447255
1691.715000,16.437295
1692.197000,16.431455
1692.679000,16.425282
1693.161000,16.418841
1693.643000,16.412269
1694.125000,16.406005
1694.607000,16.400294
1695.089000,16.395464
1695.571000,16.392328
1696.053000,16.389304
1696.535000,16.387604
1697.017000,16.383793
1697.499000,16.376333
1697.981000,16.366583
1698.463000,16.353880
1698.945000,16.340477
1699.427000,16.324092
1699.909000,16.308529
1700.391000,16.293622
1700.873000,16.279735
1701.355000,16.267528
1701.837000,16.257577
1702.319000,16.248904
1702.801000,16.242924
1703.283000,16.237966
1703.765000,16.230306
1704.247000,16.221363
1704.729000,16.212290
1705.211000,16.203058
1705.693000,16.195220
1706.175000,16.187837
1706.657000,16.181872
1707.139000,16.176896
1707.621000,16.173680
1708.103000,16.170498
1708.585000,16.168035
1709.067000,16.166682
1709.549000,16.165436
1710.031000,16.162327
1710.513000,16.159216
1710.995000,16.156898
1711.477000,16.154752
1711.959000,16.155093
1712.441000,16.155184
1712.923000,16.155342
1713.405000,16.153796
1713.887000,16.154127
1714.369000,16.153965
1714.851000,16.150762
1715.333000,16.144731
1715.815000,16.134131
1716.297000,16.117770
1716.779000,16.099660
1717.261000,16.081149
1717.743000,16.062764
1718.225000,16.044771
1718.707000,16.028619
1719.189000,16.016195
1719.671000,16.007335
1720.153000,16.000406
1720.635000,15.999523
1721.117000,16.001122
1721.599000,16.003083
1722.081000,16.004326
1722.563000,16.003928
1723.045000,16.002308
1723.527000,16.000586
1724.009000,15.999013
1724.491000,15.995890
1724.973000,15.991926
1725.455000,15.988288
1725.937000,15.986573
1726.419000,15.985000
1726.901000,15.983794
1727.383000,15.984918
1727.865000,15.986959
1728.347000,15.988511
1728.829000,15.990146
1729.311000,15.992635
1729.793000,15.993341
1730.275000,15.990939
1730.757000,15.989533
1731.239000,15.985767
1731.721000,15.982133
1732.203000,15.977504
1732.685000,15.971717
1733.167000,15.967095
1733.649000,15.962163
1734.131000,15.960032
1734.613000,15.961600
1735.095000,15.965177
1735.577000,15.969791
1736.059000,15.977336
1736.541000,15.984471
1737.023000,15.991715
1737.505000,16.001921
1737.987000,16.008472
1738.469000,16.015361
1738.951000,16.019115
1739.433000,16.021848
1739.915000,16.022571
1740.397000,16.023478
1740.879000,16.025955
1741.361000,16.029563
1741.843000,16.031276
1742.325000,16.033313
1742.807000,16.036191
1743.289000,16.041776
1743.771000,16.047488
1744.253000,16.053746
1744.735000,16.061527
1745.217000,16.069899
1745.699000,16.078511
1746.181000,16.087630
1746.663000,16.096593
1747.145000,16.104319
1747.627000,16.109423
1748.109000,16.111042
1748.591000,16.111665
1749.073000,16.110970
1749.555000,16.109075
1750.037000,16.110038
1750.519000,16.109192
1751.001000,16.109923
1751.483000,16.114353
1751.965000,16.119866
1752.447000,16.128350
1752.929000,16.138285
1753.411000,16.150017
1753.893000,16.159176
1754.375000,16.169540
1754.857000,16.180336
1755.339000,16.190491
1755.821000,16.201562
1756.303000,16.213266
1756.785000,16.226003
1757.267000,16.235168
1757.749000,16.245441
1758.231000,16.254219
1758.713000,16.264049
1759.195000,16.273159
1759.677000,16.282552
1760.159000,16.290791
1760.641000,16.298999
1761.123000,16.307764
1761.605000,16.317109
1762.087000,16.327224
1762.569000,16.340489
1763.051000,16.353274
1763.533000,16.366120
1764.015000,16.378323
1764.497000,16.391313
1764.979000,16.404127
1765.461000,16.418564
1765.943000,16.432334
1766.425000,16.446677
1766.907000,16.458625
1767.389000,16.471492
1767.871000,16.483083
1768.353000,16.495481
1768.835000,16.507952
1769.317000,16.519893
1769.799000,16.530700
1770.281000,16.540784
1770.763000,16.551248
1771.245000,16.558919
1771.727000,16.568782
1772.209000,16.579233
1772.691000,16.590029
1773.173000,16.600714
1773.655000,16.612281
1774.137000,16.625228
1774.619000,16.638376
1775.101000,16.653192
1775.583000,16.666507
1776.065000,16.680630
1776.547000,16.695166
1777.029000,16.709964
1777.511000,16.724933
1777.993000,16.737303
1778.475000,16.751973
1778.957000,16.764797
1779.439000,16.776764
1779.921000,16.790251
1780.403000,16.806003
1780.885000,16.820403
1781.367000,16.835074
1781.849000,16.848697
1782.331000,16.860101
1782.813000,16.873630
1783.295000,16.888098
1783.777000,16.902586
1784.259000,16.915144
1784.741000,16.927574
1785.223000,16.943503
1785.705000,16.958740
1786.187000,16.976085
1786.669000,16.996027
1787.151000,17.016660
1787.633000,17.035152
1788.115000,17.053978
1788.597000,17.072990
1789.079000,17.092745
1789.561000,17.113674
1790.043000,17.131499
1790.525000,17.146496
1791.007000,17.162095
1791.489000,17.178616
1791.971000,17.196149
1792.453000,17.211411
1792.935000,17.226047
1793.417000,17.240822
1793.899000,17.254707
1794.381000,17.266135
1794.863000,17.277706
1795.345000,17.290088
1795.827000,17.302832
1796.309000,17.314036
1796.791000,17.323440
1797.273000,17.333344
1797.755000,17.346099
1798.237000,17.358930
1798.719000,17.372227
1799.201000,17.384987
1799.683000,17.400126
1800.165000,17.415738
1800.647000,17.431584
1801.129000,17.447145
1801.611000,17.462610
1802.093000,17.476379
1802.575000,17.490521
1803.057000,17.503540
1803.539000,17.516022
1804.021000,17.528158
1804.503000,17.539866
1804.985000,17.552292
1805.467000,17.563859
1805.949000,17.575430
1806.431000,17.586970
1806.913000,17.599121
1807.395000,17.612534
1807.877000,17.625256
1808.359000,17.636431
1808.841000,17.647241
1809.323000,17.659492
1809.805000,17.671015
1810.287000,17.681263
1810.769000,17.693054
1811.251000,17.706332
1811.733000,17.720481
1812.215000,17.732748
1812.697000,17.745394
1813.179000,17.756760
1813.661000,17.770894
1814.143000,17.785137
1814.625000,17.797029
1815.107000,17.807192
1815.589000,17.819323
1816.071000,17.832669
1816.553000,17.843051
1817.035000,17.854331
1817.517000,17.867311
1817.999000,17.881117
1818.481000,17.892505
1818.963000,17.902784
1819.445000,17.912303
1819.927000,17.921188
1820.409000,17.931036
1820.891000,17.939377
1821.373000,17.945498
1821.855000,17.952821
1822.337000,17.962540
1822.819000,17.972120
1823.301000,17.979242
1823.783000,17.987857
1824.265000,17.997374
1824.747000,18.007692
1825.229000,18.016381
1825.711000,18.026017
1826.193000,18.035213
1826.675000,18.045394
1827.157000,18.054295
1827.639000,18.063422
1828.121000,18.072369
1828.603000,18.082163
1829.085000,18.091731
1829.567000,18.101326
1830.049000,18.110670
1830.531000,18.119821
1831.013000,18.129498
1831.495000,18.138184
1831.977000,18.146045
1832.459000,18.155175
1832.941000,18.163309
1833.423000,18.170469
1833.905000,18.177334
1834.387000,18.183930
1834.869000,18.188983
1835.351000,18.192916
1835.833000,18.196839
1836.315000,18.203924
1836.797000,18.209239
1837.279000,18.213673
1837.761000,18.215885
1838.243000,18.219286
1838.725000,18.223947
1839.207000,18.228916
1839.689000,18.233067
1840.171000,18.237217
1840.653000,18.242065
1841.135000,18.245873
1841.617000,18.250072
1842.099000,18.254231
1842.581000,18.257710
1843.063000,18.263180
1843.545000,18.267184
1844.027000,18.272949
1844.509000,18.277645
1844.991000,18.283856
1845.473000,18.289580
1845.955000,18.294067
1846.437000,18.296615
1846.919000,18.300576
1847.401000,18.305350
1847.883000,18.309838
1848.365000,18.310584
1848.847000,18.312043
1849.329000,18.313086
1849.811000,18.313280
1850.293000,18.314107
1850.775000,18.314464
1851.257000,18.310967
1851.739000,18.307266
1852.221000,18.305066
1852.703000,18.303309
1853.185000,18.302101
1853.667000,18.304156
1854.149000,18.306354
1854.631000,18.307467
1855.113000,18.308052
1855.595000,18.310745
1856.077000,18.313261
1856.559000,18.314467
1857.041000,18.315461
1857.523000,18.314597
1858.005000,18.313797
1858.487000,18.313311
1858.969000,18.314371
1859.451000,18.313598
1859.933000,18.313742
1860.415000,18.314351
1860.897000,18.315067
1861.379000,18.316502
1861.861000,18.317989
1862.343000,18.319447
1862.825000,18.321325
1863.307000,18.323590
1863.789000,18.326470
1864.271000,18.328748
1864.753000,18.333524
1865.235000,18.334805
1865.717000,18.336597
1866.199000,18.338442
1866.681000,18.337411
1867.163000,18.333764
1867.645000,18.327268
1868.127000,18.320760
1868.609000,18.313587
1869.091000,18.307600
1869.573000,18.301631
1870.055000,18.294514
1870.537000,18.288159
1871.019000,18.280779
1871.501000,18.276703
1871.983000,18.271434
1872.465000,18.268669
1872.947000,18.265870
1873.429000,18.259934
1873.911000,18.254337
1874.393000,18.248948
1874.875000,18.246567
1875.357000,18.243875
1875.839000,18.240541
1876.321000,18.236353
1876.803000,18.229179
1877.285000,18.223431
1877.767000,18.216834
1878.249000,18.211533
1878.731000,18.204118
1879.213000,18.198712
1879.695000,18.191915
1880.177000,18.184165
1880.659000,18.178561
1881.141000,18.172705
1881.623000,18.167392
1882.105000,18.159315
1882.587000,18.150406
1883.069000,18.142491
1883.551000,18.134516
1884.033000,18.127308
1884.515000,18.119304
1884.997000,18.111684
1885.479000,18.104415
1885.961000,18.100740
1886.443000,18.094396
1886.925000,18.086815
1887.407000,18.081554
1887.889000,18.074161
1888.371000,18.066039
1888.853000,18.056585
1889.335000,18.047429
1889.817000,18.039367
1890.299000,18.031462
1890.781000,18.022603
1891.263000,18.014959
1891.745000,18.007383
1892.227000,18.000116
1892.709000,17.995549
1893.191000,17.987891
1893.673000,17.977823
1894.155000,17.967678
1894.637000,17.956666
1895.119000,17.944580
1895.601000,17.932474
1896.083000,17.921213
1896.565000,17.911893
1897.047000,17.902663
1897.529000,17.891714
1898.011000,17.881362
1898.493000,17.870969
1898.975000,17.861160
1899.457000,17.852858
1899.939000,17.843161
1900.421000,17.834365
1900.903000,17.827312
1901.385000,17.819203
1901.867000,17.810334
1902.349000,17.801311
1902.831000,17.794873
1903.313000,17.788639
1903.795000,17.780208
1904.277000,17.769456
1904.759000,17.758356
1905.241000,17.748702
1905.723000,17.738887
1906.205000,17.727071
1906.687000,17.715588
1907.169000,17.705260
1907.651000,17.693569
1908.133000,17.681753
1908.615000,17.669500
1909.097000,17.657328
1909.579000,17.647754
1910.061000,17.637260
1910.543000,17.626115
1911.025000,17.616037
1911.507000,17.606290
1911.989000,17.598839
1912.471000,17.589999
1912.953000,17.579617
1913.435000,17.569821
1913.917000,17.560401
1914.399000,17.551084
1914.881000,17.542803
1915.363000,17.533745
1915.845000,17.524024
1916.327000,17.515533
1916.809000,17.505669
1917.291000,17.495301
1917.773000,17.485674
1918.255000,17.475483
1918.737000,17.467348
1919.219000,17.457575
1919.701000,17.450173
1920.183000,17.441457
1920.665000,17.432187
1921.147000,17.422744
1921.629000,17.411983
1922.111000,17.401013
1922.593000,17.388698
1923.075000,17.375588
1923.557000,17.360893
1924.039000,17.346643
1924.521000,17.332906
1925.003000,17.319433
1925.485000,17.308386
1925.967000,17.297238
1926.449000,17.288417
1926.931000,17.277809
1927.413000,17.269339
1927.895000,17.261017
1928.377000,17.251756
1928.859000,17.242190
1929.341000,17.232631
1929.823000,17.222611
1930.305000,17.213706
1930.787000,17.206038
1931.269000,17.197635
1931.751000,17.188714
1932.233000,17.180367
1932.715000,17.171053
1933.197000,17.162115
1933.679000,17.153265
1934.161000,17.144914
1934.643000,17.136484
1935.125000,17.126080
1935.607000,17.116973
1936.089000,17.108071
1936.571000,17.100313
1937.053000,17.092247
1937.535000,17.084421
1938.017000,17.077171
1938.499000,17.070301
1938.981000,17.063005
1939.463000,17.056792
1939.945000,17.051093
1940.427000,17.044331
1940.909000,17.037574
1941.391000,17.032110
1941.873000,17.025812
1942.355000,17.019568
1942.837000,17.011344
1943.319000,17.003820
1943.801000,16.994334
1944.283000,16.986343
1944.765000,16.978331
1945.247000,16.969909
1945.729000,16.960709
1946.211000,16.953374
1946.693000,16.947117
1947.175000,16.940973
1947.657000,16.935991
1948.139000,16.931002
1948.621000,16.926362
1949.103000,16.921296
1949.585000,16.917117
1950.067000,16.913398
1950.549000,16.908752
1951.031000,16.904632
1951.513000,16.899417
1951.995000,16.894904
1952.477000,16.889144
1952.959000,16.886957
1953.441000,16.884745
1953.923000,16.881441
1954.405000,16.878399
1954.887000,16.872503
1955.369000,16.866081
1955.851000,16.860014
1956.333000,16.854239
1956.815000,16.849283
1957.297000,16.844455
1957.779000,16.840834
1958.261000,16.838238
1958.743000,16.834860
1959.225000,16.832579
1959.707000,16.833849
1960.189000,16.832303
1960.671000,16.830523
1961.153000,16.827874
1961.635000,16.824409
1962.117000,16.821111
1962.599000,16.818817
1963.081000,16.816767
1963.563000,16.816048
1964.045000,16.814310
1964.527000,16.812530
1965.009000,16.811280
1965.491000,16.809763
1965.973000,16.808833
1966.455000,16.806477
1966.937000,16.804926
1967.419000,16.803290
1967.901000,16.802078
1968.383000,16.801999
1968.865000,16.802436
1969.347000,16.803747
1969.829000,16.803579
1970.311000,16.804989
1970.793000,16.806637
1971.275000,16.808465
1971.757000,16.811529
1972.239000,16.814243
1972.721000,16.815328
1973.203000,16.814230
1973.685000,16.818023
1974.167000,16.818978
1974.649000,16.820755
1975.131000,16.821081
1975.613000,16.823446
1976.095000,16.825970
1976.577000,16.827327
1977.059000,16.830590
1977.541000,16.835527
1978.023000,16.837595
1978.505000,16.840499
1978.987000,16.843463
1979.469000,16.844273
1979.951000,16.843754
1980.433000,16.846272
1980.915000,16.848194
1981.397000,16.849793
1981.879000,16.851108
1982.361000,16.855318
1982.843000,16.859963
1983.325000,16.864916
1983.807000,16.869220
1984.289000,16.875316
1984.771000,16.878897
1985.253000,16.885296
1985.735000,16.891069
1986.217000,16.896464
1986.699000,16.902663
1987.181000,16.909291
1987.663000,16.915485
1988.145000,16.920195
1988.627000,16.925273
1989.109000,16.931000
1989.591000,16.936875
1990.073000,16.942688
1990.555000,16.947654
1991.037000,16.954166
1991.519000,16.960495
1992.001000,16.967910
1992.483000,16.974317
1992.965000,16.979349
1993.447000,16.984336
1993.929000,16.988866
1994.411000,16.993342
1994.893000,16.997960
1995.375000,17.001067
1995.857000,17.005243
1996.339000,17.010855
1996.821000,17.018106
1997.303000,17.026664
1997.785000,17.036049
1998.267000,17.045143
1998.749000,17.053531
1999.231000,17.060714
1999.713000,17.068118
2000.195000,17.077725
2000.677000,17.087379
2001.159000,17.096472
2001.641000,17.102539
2002.123000,17.108800
2002.605000,17.117207
2003.087000,17.125783
2003.569000,17.136268
2004.051000,17.145641
2004.533000,17.154548
2005.015000,17.162864
2005.497000,17.171403
2005.979000,17.179881
2006.461000,17.188027
2006.943000,17.196920
2007.425000,17.204959
2007.907000,17.213714
2008.389000,17.221329
2008.871000,17.231450
2009.353000,17.242262
2009.835000,17.251472
2010.317000,17.260400
2010.799000,17.268671
2011.281000,17.278096
2011.763000,17.287005
2012.245000,17.295928
2012.727000,17.304945
2013.209000,17.313945
2013.691000,17.323483
2014.173000,17.333932
2014.655000,17.346026
2015.137000,17.355844
2015.619000,17.367895
2016.101000,17.380613
2016.583000,17.392310
2017.065000,17.402567
2017.547000,17.413041
2018.029000,17.422934
2018.511000,17.432846
2018.993000,17.442919
2019.475000,17.453770
2019.957000,17.464755
2020.439000,17.473890
2020.921000,17.484348
2021.403000,17.494241
2021.885000,17.504219
2022.367000,17.517428
2022.849000,17.531028
2023.331000,17.543904
2023.813000,17.554818
2024.295000,17.566951
2024.777000,17.579339
2025.259000,17.591047
2025.741000,17.602632
2026.223000,17.614143
2026.705000,17.623423
2027.187000,17.631838
2027.669000,17.641427
2028.151000,17.650600
2028.633000,17.660499
2029.115000,17.669914
2029.597000,17.679509
2030.079000,17.687813
2030.561000,17.696974
2031.043000,17.708136
2031.525000,17.719339
2032.007000,17.729125
2032.489000,17.741890
2032.971000,17.755516
2033.453000,17.767516
2033.935000,17.781325
2034.417000,17.795629
2034.899000,17.807233
2035.381000,17.820054
2035.863000,17.832550
2036.345000,17.843318
2036.827000,17.853634
2037.309000,17.865321
2037.791000,17.877003
2038.273000,17.888346
2038.755000,17.900464
2039.237000,17.913681
2039.719000,17.928486
2040.201000,17.941232
2040.683000,17.954507
2041.165000,17.967618
2041.647000,17.980530
2042.129000,17.994898
2042.611000,18.008609
2043.093000,18.019675
2043.575000,18.031072
2044.057000,18.041899
2044.539000,18.051901
2045.021000,18.061814
2045.503000,18.070871
2045.985000,18.080065
2046.467000,18.092023
2046.949000,18.103566
2047.431000,18.114210
2047.913000,18.125805
2048.395000,18.138353
2048.877000,18.150195
2049.359000,18.162397
2049.841000,18.172639
2050.323000,18.183488
2050.805000,18.195109
2051.287000,18.207003
2051.769000,18.218678
2052.251000,18.229396
2052.733000,18.241949
2053.215000,18.255602
2053.697000,18.267463
2054.179000,18.277851
2054.661000,18.289012
2055.143000,18.299275
2055.625000,18.308106
2056.107000,18.315758
2056.589000,18.322829
2057.071000,18.331461
2057.553000,18.339965
2058.035000,18.347974
2058.517000,18.353735
2058.999000,18.361298
2059.481000,18.370231
2059.963000,18.378361
2060.445000,18.386477
2060.927000,18.396564
2061.409000,18.405415
2061.891000,18.412862
2062.373000,18.421762
2062.855000,18.430302
2063.337000,18.439394
2063.819000,18.448473
2064.301000,18.457895
2064.783000,18.466863
2065.265000,18.474737
2065.747000,18.484190
2066.229000,18.492363
2066.711000,18.499070
2067.193000,18.506302
2067.675000,18.513395
2068.157000,18.517972
2068.639000,18.522436
2069.121000,18.528223
2069.603000,18.532706
2070.085000,18.537052
2070.567000,18.540893
2071.049000,18.546483
2071.531000,18.551071
2072.013000,18.555665
2072.495000,18.560123
2072.977000,18.565657
2073.459000,18.570787
2073.941000,18.577018
2074.423000,18.583908
2074.905000,18.590247
2075.387000,18.596357
2075.869000,18.603307
2076.351000,18.609264
2076.833000,18.615154
2077.315000,18.621274
2077.797000,18.627162
2078.279000,18.632091
2078.761000,18.638300
2079.243000,18.643076
2079.725000,18.648930
2080.207000,18.655150
2080.689000,18.662285
2081.171000,18.668935
2081.653000,18.674402
2082.135000,18.678948
2082.617000,18.683857
2083.099000,18.686553
2083.581000,18.689552
2084.063000,18.691935
2084.545000,18.691740
2085.027000,18.692322
2085.509000,18.695035
2085.991000,18.696270
2086.473000,18.697990
2086.955000,18.703509
2087.437000,18.709667
2087.919000,18.713829
2088.401000,18.717149
2088.883000,18.720726
2089.365000,18.725477
2089.847000,18.726474
2090.329000,18.728216
2090.811000,18.729843
2091.293000,18.728763
2091.775000,18.727960
2092.257000,18.729266
2092.739000,18.728901
2093.221000,18.727236
2093.703000,18.728298
2094.185000,18.727718
2094.667000,18.725427
2095.149000,18.725366
2095.631000,18.727177
2096.113000,18.729704
2096.595000,18.730362
2097.077000,18.733981
2097.559000,18.736530
2098.041000,18.735308
2098.523000,18.734603
2099.005000,18.736967
2099.487000,18.737387
2099.969000,18.735002
2100.451000,18.733632
2100.933000,18.732215
2101.415000,18.731920
2101.897000,18.733436
2102.379000,18.733660
2102.861000,18.734711
2103.343000,18.736648
2103.825000,18.737663
2104.307000,18.735310
2104.789000,18.731613
2105.271000,18.729623
2105.753000,18.729157
2106.235000,18.726125
2106.717000,18.720970
2107.199000,18.716290
2107.681000,18.711486
2108.163000,18.707670
2108.645000,18.703778
2109.127000,18.698892
2109.609000,18.696044
2110.091000,18.693289
2110.573000,18.690467
2111.055000,18.688946
2111.537000,18.688255
2112.019000,18.690801
2112.501000,18.691987
2112.983000,18.693705
2113.465000,18.694208
2113.947000,18.693033
2114.429000,18.692830
2114.911000,18.691577
2115.393000,18.688163
2115.875000,18.682650
2116.357000,18.676559
2116.839000,18.669385
2117.321000,18.663363
2117.803000,18.659633
2118.285000,18.653740
2118.767000,18.649376
2119.249000,18.644495
2119.731000,18.642286
2120.213000,18.636964
2120.695000,18.630320
2121.177000,18.624720
2121.659000,18.618610
2122.141000,18.611565
2122.623000,18.604433
2123.105000,18.598839
2123.587000,18.593039
2124.069000,18.588977
2124.551000,18.586996
2125.033000,18.582635
2125.515000,18.579199
2125.997000,18.579161
2126.479000,18.576968
2126.961000,18.572269
2127.443000,18.566548
2127.925000,18.560929
2128.407000,18.555754
2128.889000,18.549926
2129.371000,18.544328
2129.853000,18.538587
2130.335000,18.532557
2130.817000,18.528212
2131.299000,18.524547
2131.781000,18.519368
2132.263000,18.513465
2132.745000,18.508298
2133.227000,18.500839
2133.709000,18.494386
2134.191000,18.487989
2134.673000,18.482046
2135.155000,18.475851
2135.637000,18.470095
2136.119000,18.464237
2136.601000,18.457282
2137.083000,18.450969
2137.565000,18.445758
2138.047000,18.439900
2138.529000,18.432695
2139.011000,18.424175
2139.493000,18.416696
2139.975000,18.408922
2140.457000,18.401754
2140.939000,18.395328
2141.421000,18.388370
2141.903000,18.381229
2142.385000,18.372711
2142.867000,18.363177
2143.349000,18.352827
2143.831000,18.342354
2144.313000,18.332078
2144.795000,18.321568
2145.277000,18.312365
2145.759000,18.303762
2146.241000,18.296105
2146.723000,18.286269
2147.205000,18.277660
2147.687000,18.272395
2148.169000,18.267453
2148.651000,18.261108
2149.133000,18.252315
2149.615000,18.243536
2150.097000,18.234950
2150.579000,18.226127
2151.061000,18.217802
2151.543000,18.209701
2152.025000,18.202447
2152.507000,18.193513
2152.989000,18.183033
2153.471000,18.171589
2153.953000,18.163072
2154.435000,18.156105
2154.917000,18.147961
2155.399000,18.137898
2155.881000,18.127588
2156.363000,18.120410
2156.845000,18.113593
2157.327000,18.106630
2157.809000,18.099012
2158.291000,18.090199
2158.773000,18.081902
2159.255000,18.072018
2159.737000,18.062614
2160.219000,18.053665
2160.701000,18.044715
2161.183000,18.034264
2161.665000,18.023589
2162.147000,18.013835
2162.629000,18.005396
2163.111000,17.998999
2163.593000,17.990126
2164.075000,17.980317
2164.557000,17.970358
2165.039000,17.960247
2165.521000,17.949825
2166.003000,17.937749
2166.485000,17.926183
2166.967000,17.913756
2167.449000,17.902738
2167.931000,17.892492
2168.413000,17.882462
2168.895000,17.873345
2169.377000,17.866716
2169.859000,17.862679
2170.341000,17.858305
2170.823000,17.852588
2171.305000,17.846579
2171.787000,17.840235
2172.269000,17.833318
2172.751000,17.826116
2173.233000,17.817253
2173.715000,17.807646
2174.197000,17.799733
2174.679000,17.789851
2175.161000,17.779486
2175.643000,17.769676
2176.125000,17.761627
2176.607000,17.754220
2177.089000,17.745425
2177.571000,17.735877
2178.053000,17.728876
2178.535000,17.723685
2179.017000,17.718040
2179.499000,17.711498
2179.981000,17.703756
2180.463000,17.696431
2180.945000,17.690030
2181.427000,17.683640
2181.909000,17.677955
2182.391000,17.672028
2182.873000,17.665501
2183.355000,17.659087
2183.837000,17.652655
2184.319000,17.646381
2184.801000,17.640758
2185.283000,17.634448
2185.765000,17.627845
2186.247000,17.621189
2186.729000,17.613691
2187.211000,17.605183
2187.693000,17.597108
2188.175000,17.589473
2188.657000,17.582396
2189.139000,17.574153
2189.621000,17.565665
2190.103000,17.558209
2190.585000,17.549847
2191.067000,17.541805
2191.549000,17.533342
2192.031000,17.525994
2192.513000,17.519536
2192.995000,17.512808
2193.477000,17.506295
2193.959000,17.498877
2194.441000,17.494034
2194.923000,17.490897
2195.405000,17.490706
2195.887000,17.490035
2196.369000,17.488450
2196.851000,17.486774
2197.333000,17.482169
2197.815000,17.476872
2198.297000,17.469881
2198.779000,17.464191
2199.261000,17.457883
2199.743000,17.451490
2200.225000,17.445534
2200.707000,17.439307
2201.189000,17.437547
2201.671000,17.437003
2202.153000,17.437157
2202.635000,17.435676
2203.117000,17.432053
2203.599000,17.427884
2204.081000,17.421696
2204.563000,17.416328
2205.045000,17.412052
2205.527000,17.408358
2206.009000,17.403474
2206.491000,17.398231
2206.973000,17.393202
2207.455000,17.388923
2207.937000,17.386390
2208.419000,17.382988
2208.901000,17.379554
2209.383000,17.377689
2209.865000,17.374541
2210.347000,17.370812
2210.829000,17.367944
2211.311000,17.368247
2211.793000,17.368465
2212.275000,17.366901
2212.757000,17.364759
2213.239000,17.364192
2213.721000,17.365451
2214.203000,17.365292
2214.685000,17.364397
2215.167000,17.363483
2215.649000,17.362276
2216.131000,17.361856
2216.613000,17.360130
2217.095000,17.359680
2217.577000,17.360457
2218.059000,17.360514
2218.541000,17.359921
2219.023000,17.360550
2219.505000,17.363191
2219.987000,17.366388
2220.469000,17.369593
2220.951000,17.370837
2221.433000,17.370989
2221.915000,17.371102
2222.397000,17.371859
2222.879000,17.374764
2223.361000,17.377128
2223.843000,17.379083
2224.325000,17.381463
2224.807000,17.383155
2225.289000,17.386320
2225.771000,17.389057
2226.253000,17.390628
2226.735000,17.390906
2227.217000,17.391621
2227.699000,17.392312
2228.181000,17.392472
2228.663000,17.393811
2229.145000,17.396531
2229.627000,17.399669
2230.109000,17.401686
2230.591000,17.404021
2231.073000,17.406794
2231.555000,17.409680
2232.037000,17.412279
2232.519000,17.414175
2233.001000,17.415571
2233.483000,17.416860
2233.965000,17.419115
2234.447000,17.422287
2234.929000,17.425223
2235.411000,17.427347
2235.893000,17.429811
2236.375000,17.432802
2236.857000,17.435921
2237.339000,17.437566
2237.821000,17.440117
2238.303000,17.443747
2238.785000,17.448437
2239.267000,17.453268
2239.749000,17.458092
2240.231000,17.462751
2240.713000,17.469014
2241.195000,17.475686
2241.677000,17.481371
2242.159000,17.485815
2242.641000,17.491420
2243.123000,17.496204
2243.605000,17.500060
2244.087000,17.502282
2244.569000,17.504822
2245.051000,17.507366
2245.533000,17.509371
2246.015000,17.511840
2246.497000,17.515104
2246.979000,17.518516
2247.461000,17.522648
2247.943000,17.528198
2248.425000,17.533793
2248.907000,17.539705
2249.389000,17.546157
2249.871000,17.552275
2250.353000,17.558501
2250.835000,17.563294
2251.317000,17.566943
2251.799000,17.572253
2252.281000,17.577239
2252.763000,17.584169
2253.245000,17.591887
2253.727000,17.599045
2254.209000,17.605836
2254.691000,17.614132
2255.173000,17.622522
2255.655000,17.631034
2256.137000,17.639020
2256.619000,17.646670
2257.101000,17.653574
2257.583000,17.659086
2258.065000,17.662512
2258.547000,17.667466
2259.029000,17.672596
2259.511000,17.677732
2259.993000,17.682575
2260.475000,17.686150
2260.957000,17.688926
2261.439000,17.691971
2261.921000,17.695499
2262.403000,17.702213
2262.885000,17.708074
2263.367000,17.713983
2263.849000,17.721700
2264.331000,17.731118
2264.813000,17.739481
2265.295000,17.748337
2265.777000,17.757933
2266.259000,17.767528
2266.741000,17.776556
2267.223000,17.785087
2267.705000,17.792889
2268.187000,17.800461
2268.669000,17.808693
2269.151000,17.817476
2269.633000,17.823961
2270.115000,17.830107
2270.597000,17.838183
2271.079000,17.846352
2271.561000,17.852335
2272.043000,17.857671
2272.525000,17.863456
2273.007000,17.869080
2273.489000,17.875541
2273.971000,17.882775
2274.453000,17.890052
2274.935000,17.896509
2275.417000,17.902540
2275.899000,17.908654
2276.381000,17.917240
2276.863000,17.926607
2277.345000,17.938119
2277.827000,17.948155
2278.309000,17.958295
2278.791000,17.969660
2279.273000,17.980483
2279.755000,17.991553
2280.237000,18.002473
2280.719000,18.012573
2281.201000,18.021364
2281.683000,18.028668
2282.165000,18.035395
2282.647000,18.042442
2283.129000,18.050205
2283.611000,18.058727
2284.093000,18.065872
2284.575000,18.071829
2285.057000,18.080090
2285.539000,18.087551
2286.021000,18.094301
2286.503000,18.101633
2286.985000,18.107974
2287.467000,18.112582
2287.949000,18.116873
2288.431000,18.120599
2288.913000,18.122410
2289.395000,18.122884
2289.877000,18.122939
2290.359000,18.123980
2290.841000,18.124655
2291.323000,18.124500
2291.805000,18.124986
2292.287000,18.123479
2292.769000,18.123529
2293.251000,18.124885
2293.733000,18.125399
2294.215000,18.125496
2294.697000,18.126955
2295.179000,18.127475
2295.661000,18.127501
2296.143000,18.128049
2296.625000,18.130047
2297.107000,18.133058
2297.589000,18.137148
2298.071000,18.138897
2298.553000,18.142568
2299.035000,18.146403
2299.517000,18.152503
2299.999000,18.161204
2300.481000,18.170011
2300.963000,18.176692
2301.445000,18.181791
2301.927000,18.187575
2302.409000,18.192426
2302.891000,18.195808
2303.373000,18.197304
2303.855000,18.197707
2304.337000,18.196172
2304.819000,18.193257
2305.301000,18.190034
2305.783000,18.185768
2306.265000,18.183686
2306.747000,18.183168
2307.229000,18.181624
2307.711000,18.180401
2308.193000,18.182471
2308.675000,18.188083
2309.157000,18.193463
2309.639000,18.199235
2310.121000,18.206906
2310.603000,18.218593
2311.085000,18.230760
2311.567000,18.246166
2312.049000,18.261426
2312.531000,18.275553
2313.013000,18.291548
2313.495000,18.307788
2313.977000,18.322830
2314.459000,18.336996
2314.941000,18.350794
2315.423000,18.361464
2315.905000,18.370026
2316.387000,18.377495
2316.869000,18.384338
2317.351000,18.390420
2317.833000,18.395486
2318.315000,18.400608
2318.797000,18.404968
2319.279000,18.406482
2319.761000,18.408962
2320.243000,18.412441
2320.725000,18.414405
2321.207000,18.414421
2321.689000,18.412748
2322.171000,18.408715
2322.653000,18.404265
2323.135000,18.398969
2323.617000,18.392694
2324.099000,18.386735
2324.581000,18.380942
2325.063000,18.374194
2325.545000,18.368481
2326.027000,18.363660
2326.509000,18.360400
2326.991000,18.359307
2327.473000,18.359167
2327.955000,18.360098
2328.437000,18.361462
2328.919000,18.362837
2329.401000,18.364425
2329.883000,18.367559
2330.365000,18.368260
2330.847000,18.368179
2331.329000,18.367383
2331.811000,18.364546
2332.293000,18.362113
2332.775000,18.359230
2333.257000,18.355003
2333.739000,18.352525
2334.221000,18.352889
2334.703000,18.355742
2335.185000,18.362399
2335.667000,18.372575
2336.149000,18.386901
2336.631000,18.404140
2337.113000,18.420441
2337.595000,18.438242
2338.077000,18.454999
2338.559000,18.469036
2339.041000,18.481290
2339.523000,18.489185
2340.005000,18.493755
2340.487000,18.494015
2340.969000,18.492085
2341.451000,18.488722
2341.933000,18.485365
2342.415000,18.481758
2342.897000,18.478727
2343.379000,18.475728
2343.861000,18.473838
2344.343000,18.473503
2344.825000,18.474000
2345.307000,18.475059
2345.789000,18.476948
2346.271000,18.477727
2346.753000,18.478809
2347.235000,18.479959
2347.717000,18.479872
2348.199000,18.479449
2348.681000,18.476957
2349.163000,18.473898
2349.645000,18.472178
2350.127000,18.468174
2350.609000,18.465541
2351.091000,18.463649
2351.573000,18.461545
2352.055000,18.459321
2352.537000,18.458413
2353.019000,18.458366
2353.501000,18.459569
2353.983000,18.460894
2354.465000,18.462908
2354.947000,18.467332
2355.429000,18.472099
2355.911000,18.478129
2356.393000,18.484122
2356.875000,18.486007
2357.357000,18.486141
2357.839000,18.484964
2358.321000,18.481063
2358.803000,18.476005
2359.285000,18.471488
2359.767000,18.467493
2360.249000,18.465289
2360.731000,18.470484
2361.213000,18.480159
2361.695000,18.492109
2362.177000,18.506091
2362.659000,18.520759
2363.141000,18.533465
2363.623000,18.544464
2364.105000,18.551604
2364.587000,18.553632
2365.069000,18.549539
2365.551000,18.541499
2366.033000,18.531125
2366.515000,18.519869
2366.997000,18.510847
2367.479000,18.504328
2367.961000,18.497032
2368.443000,18.490802
2368.925000,18.484461
2369.407000,18.482208
2369.889000,18.483880
2370.371000,18.488956
2370.853000,18.494518
2371.335000,18.500491
2371.817000,18.507805
2372.299000,18.515892
2372.781000,18.523572
2373.263000,18.531313
2373.745000,18.538610
2374.227000,18.544688
2374.709000,18.550131
2375.191000,18.552996
2375.673000,18.554019
2376.155000,18.556640
2376.637000,18.558133
2377.119000,18.558772
2377.601000,18.560724
2378.083000,18.562437
2378.565000,18.564585
2379.047000,18.566948
2379.529000,18.569401
2380.011000,18.572286
2380.493000,18.575972
2380.975000,18.580241
2381.457000,18.584473
2381.939000,18.588730
2382.421000,18.593991
2382.903000,18.600197
2383.385000,18.607539
2383.867000,18.617099
2384.349000,18.628019
2384.831000,18.637951
2385.313000,18.648034
2385.795000,18.657274
2386.277000,18.665721
2386.759000,18.673573
2387.241000,18.679516
2387.723000,18.683194
2388.205000,18.686408
2388.687000,18.687214
2389.169000,18.686074
2389.651000,18.685586
2390.133000,18.684475
2390.615000,18.681352
2391.097000,18.677001
2391.579000,18.672505
2392.061000,18.668600
2392.543000,18.665399
2393.025000,18.661698
2393.507000,18.658067
2393.989000,18.653630
2394.471000,18.649676
2394.953000,18.645858
2395.435000,18.640135
2395.917000,18.634495
2396.399000,18.630127
2396.881000,18.624424
2397.363000,18.617443
2397.845000,18.611427
2398.327000,18.607573
2398.809000,18.603847
2399.291000,18.599684
2399.773000,18.593611
2400.255000,18.587119
2400.737000,18.582208
2401.219000,18.576048
2401.701000,18.568817
2402.183000,18.562337
2402.665000,18.556121
2403.147000,18.549909
2403.629000,18.545157
2404.111000,18.539540
2404.593000,18.534093
2405.075000,18.528471
2405.557000,18.521212
2406.039000,18.513960
2406.521000,18.505535
2407.003000,18.496634
2407.485000,18.489002
2407.967000,18.480541
2408.449000,18.471831
2408.931000,18.463289
2409.413000,18.454662
2409.895000,18.447442
2410.377000,18.441981
2410.859000,18.434775
2411.341000,18.427253
2411.823000,18.418970
2412.305000,18.409901
2412.787000,18.400485
2413.269000,18.390032
2413.751000,18.379844
2414.233000,18.371454
2414.715000,18.362892
2415.197000,18.354136
2415.679000,18.347108
2416.161000,18.341690
2416.643000,18.336774
2417.125000,18.331803
2417.607000,18.325663
2418.089000,18.319548
2418.571000,18.313519
2419.053000,18.306710
2419.535000,18.299181
2420.017000,18.291719
2420.499000,18.285324
2420.981000,18.278953
2421.463000,18.271723
2421.945000,18.266269
2422.427000,18.262206
2422.909000,18.256716
2423.391000,18.249772
2423.873000,18.241995
2424.355000,18.233928
2424.837000,18.226919
2425.319000,18.220550
2425.801000,18.212783
2426.283000,18.204086
2426.765000,18.195744
2427.247000,18.187791
2427.729000,18.179719
2428.211000,18.172067
2428.693000,18.164984
2429.175000,18.157630
2429.657000,18.149603
2430.139000,18.142749
2430.621000,18.137357
2431.103000,18.134082
2431.585000,18.130511
2432.067000,18.126191
2432.549000,18.120826
2433.031000,18.115236
2433.513000,18.110125
2433.995000,18.104331
2434.477000,18.098612
2434.959000,18.091820
2435.441000,18.083810
2435.923000,18.075421
2436.405000,18.067248
2436.887000,18.060778
2437.369000,18.054907
2437.851000,18.048796
2438.333000,18.042164
2438.815000,18.035206
2439.297000,18.028396
2439.779000,18.021852
2440.261000,18.015683
2440.743000,18.010504
2441.225000,18.005692
2441.707000,17.999861
2442.189000,17.993703
2442.671000,17.987854
2443.153000,17.982052
2443.635000,17.977021
2444.117000,17.972106
2444.599000,17.967445
2445.081000,17.963048
2445.563000,17.958370
2446.045000,17.953793
2446.527000,17.949527
2447.009000,17.945374
2447.491000,17.941806
2447.973000,17.937242
2448.455000,17.933187
2448.937000,17.929584
2449.419000,17.926565
2449.901000,17.921506
2450.383000,17.916118
2450.865000,17.911909
2451.347000,17.908836
2451.829000,17.905808
2452.311000,17.903440
2452.793000,17.900890
2453.275000,17.897702
2453.757000,17.894508
2454.239000,17.892049
2454.721000,17.890957
2455.203000,17.891973
2455.685000,17.892903
2456.167000,17.892012
2456.649000,17.888660
2457.131000,17.886613
2457.613000,17.886093
2458.095000,17.885317
2458.577000,17.884083
2459.059000,17.882646
2459.541000,17.879795
2460.023000,17.876373
2460.505000,17.873718
2460.987000,17.870023
2461.469000,17.866186
2461.951000,17.863634
2462.433000,17.861002
2462.915000,17.857425
2463.397000,17.854758
2463.879000,17.854252
2464.361000,17.853775
2464.843000,17.854035
2465.325000,17.854638
2465.807000,17.853783
2466.289000,17.852501
2466.771000,17.852355
2467.253000,17.850328
2467.735000,17.845761
2468.217000,17.841694
2468.699000,17.837906
2469.181000,17.833696
2469.663000,17.830722
2470.145000,17.829347
2470.627000,17.828711
2471.109000,17.827806
2471.591000,17.827932
2472.073000,17.829499
2472.555000,17.830185
2473.037000,17.831749
2473.519000,17.834562
2474.001000,17.835992
2474.483000,17.836921
2474.965000,17.837944
2475.447000,17.837448
2475.929000,17.836855
2476.411000,17.837232
2476.893000,17.837081
2477.375000,17.835594
2477.857000,17.834262
2478.339000,17.833957
2478.821000,17.834569
2479.303000,17.834984
2479.785000,17.836750
2480.267000,17.838733
2480.749000,17.840868
2481.231000,17.844838
2481.713000,17.848808
2482.195000,17.851677
2482.677000,17.855145
2483.159000,17.857807
2483.641000,17.859460
2484.123000,17.861049
2484.605000,17.861525
2485.087000,17.861075
2485.569000,17.860847
2486.051000,17.861722
2486.533000,17.862525
2487.015000,17.862522
2487.497000,17.864016
2487.979000,17.865538
2488.461000,17.866574
2488.943000,17.868880
2489.425000,17.871942
2489.907000,17.874679
2490.389000,17.879198
2490.871000,17.883975
2491.353000,17.887177
2491.835000,17.890855
2492.317000,17.895656
2492.799000,17.899241
2493.281000,17.902558
2493.763000,17.905205
2494.245000,17.906243
2494.727000,17.906808
2495.209000,17.908282
2495.691000,17.909880
2496.173000,17.909613
2496.655000,17.910156
2497.137000,17.912468
2497.619000,17.914292
2498.101000,17.916069
2498.583000,17.918927
2499.065000,17.922084
2499.547000,17.924229
2500.029000,17.927598
2500.511000,17.931169
2500.993000,17.934020
2501.475000,17.937525
2501.957000,17.940959
2502.439000,17.944516
2502.921000,17.947169
2503.403000,17.950609
2503.885000,17.954435
2504.367000,17.957481
2504.849000,17.960745
2505.331000,17.965071
2505.813000,17.969093
2506.295000,17.973739
2506.777000,17.980407
2507.259000,17.988154
2507.741000,17.996428
2508.223000,18.006011
2508.705000,18.016441
2509.187000,18.027580
2509.669000,18.038603
2510.151000,18.048889
2510.633000,18.057486
2511.115000,18.064652
2511.597000,18.071524
2512.079000,18.077829
2512.561000,18.082537
2513.043000,18.087573
2513.525000,18.092839
2514.007000,18.097144
2514.489000,18.100980
2514.971000,18.105675
2515.453000,18.109060
2515.935000,18.111874
2516.417000,18.115906
2516.899000,18.120458
2517.381000,18.124525
2517.863000,18.129137
2518.345000,18.134955
2518.827000,18.141454
2519.309000,18.147296
2519.791000,18.152951
2520.273000,18.158713
2520.755000,18.164541
2521.237000,18.170415
2521.719000,18.175513
2522.201000,18.179920
2522.683000,18.184776
2523.165000,18.191598
2523.647000,18.198455
2524.129000,18.204941
2524.611000,18.212674
2525.093000,18.220676
2525.575000,18.228726
2526.057000,18.236888
2526.539000,18.245256
2527.021000,18.253507
2527.503000,18.261609
2527.985000,18.269002
2528.467000,18.275555
2528.949000,18.282869
2529.431000,18.288659
2529.913000,18.295225
2530.395000,18.300353
2530.877000,18.305228
2531.359000,18.310449
2531.841000,18.315480
2532.323000,18.323197
2532.805000,18.330347
2533.287000,18.335163
2533.769000,18.341751
2534.251000,18.348544
2534.733000,18.353960
2535.215000,18.360393
2535.697000,18.366517
2536.179000,18.372747
2536.661000,18.380933
2537.143000,18.387669
2537.625000,18.394465
2538.107000,18.402978
2538.589000,18.413636
2539.071000,18.425376
2539.553000,18.434737
2540.035000,18.443674
2540.517000,18.454602
2540.999000,18.463444
2541.481000,18.471062
2541.963000,18.479367
2542.445000,18.486791
2542.927000,18.495416
2543.409000,18.504495
2543.891000,18.512373
2544.373000,18.518852
2544.855000,18.526975
2545.337000,18.536215
2545.819000,18.545849
2546.301000,18.553787
2546.783000,18.562216
2547.265000,18.569929
2547.747000,18.577842
2548.229000,18.584391
2548.711000,18.591121
2549.193000,18.597571
2549.675000,18.604829
2550.157000,18.612338
2550.639000,18.619889
2551.121000,18.626554
2551.603000,18.634976
2552.085000,18.643683
2552.567000,18.651557
2553.049000,18.657737
2553.531000,18.665212
2554.013000,18.671476
2554.495000,18.677709
2554.977000,18.683837
2555.459000,18.691606
2555.941000,18.700259
2556.423000,18.709252
2556.905000,18.717108
2557.387000,18.725089
2557.869000,18.733527
2558.351000,18.742061
2558.833000,18.748979
2559.315000,18.755046
2559.797000,18.760840
2560.279000,18.765262
2560.761000,18.769641
2561.243000,18.774726
2561.725000,18.781125
2562.207000,18.787776
2562.689000,18.794175
2563.171000,18.798975
2563.653000,18.802790
2564.135000,18.806759
2564.617000,18.811691
2565.099000,18.816048
2565.581000,18.819371
2566.063000,18.822501
2566.545000,18.825559
2567.027000,18.829574
2567.509000,18.835852
2567.991000,18.843096
2568.473000,18.850856
2568.955000,18.857343
2569.437000,18.864452
2569.919000,18.871564
2570.401000,18.878723
2570.883000,18.886399
2571.365000,18.894353
2571.847000,18.901640
2572.329000,18.908410
2572.811000,18.915289
2573.293000,18.922070
2573.775000,18.928371
2574.257000,18.934433
2574.739000,18.940854
2575.221000,18.945561
2575.703000,18.949621
2576.185000,18.955476
2576.667000,18.959681
2577.149000,18.962026
2577.631000,18.965102
2578.113000,18.967738
2578.595000,18.971417
2579.077000,18.976780
2579.559000,18.981284
2580.041000,18.984353
2580.523000,18.986916
2581.005000,18.991389
2581.487000,18.996012
2581.969000,19.000531
2582.451000,19.006075
2582.933000,19.010726
2583.415000,19.013691
2583.897000,19.014765
2584.379000,19.016711
2584.861000,19.019160
2585.343000,19.022228
2585.825000,19.025341
2586.307000,19.027426
2586.789000,19.029740
2587.271000,19.032702
2587.753000,19.036308
2588.235000,19.039450
2588.717000,19.043052
2589.199000,19.046550
2589.681000,19.049784
2590.163000,19.053273
2590.645000,19.055434
2591.127000,19.057595
2591.609000,19.059636
2592.091000,19.060788
2592.573000,19.061769
2593.055000,19.063598
2593.537000,19.066561
2594.019000,19.070336
2594.501000,19.074729
2594.983000,19.080434
2595.465000,19.086310
2595.947000,19.090555
2596.429000,19.093835
2596.911000,19.098044
2597.393000,19.101541
2597.875000,19.103268
2598.357000,19.103839
2598.839000,19.102590
2599.321000,19.100690
2599.803000,19.099391
2600.285000,19.099613
2600.767000,19.100027
2601.249000,19.099783
2601.731000,19.100671
2602.213000,19.100942
2602.695000,19.100233
2603.177000,19.101916
2603.659000,19.105733
2604.141000,19.108810
2604.623000,19.111307
2605.105000,19.114139
2605.587000,19.115451
2606.069000,19.117717
2606.551000,19.119562
2607.033000,19.121519
2607.515000,19.123084
2607.997000,19.123943
2608.479000,19.125085
2608.961000,19.125120
2609.443000,19.125324
2609.925000,19.126684
2610.407000,19.126333
2610.889000,19.124393
2611.371000,19.122922
2611.853000,19.121771
2612.335000,19.119773
2612.817000,19.117816
2613.299000,19.116022
2613.781000,19.114965
2614.263000,19.114677
2614.745000,19.116375
2615.227000,19.118509
2615.709000,19.119931
2616.191000,19.121901
2616.673000,19.124681
2617.155000,19.125567
2617.637000,19.127254
2618.119000,19.130450
2618.601000,19.130953
2619.083000,19.129142
2619.565000,19.125966
2620.047000,19.122499
2620.529000,19.117433
2621.011000,19.113078
2621.493000,19.110096
2621.975000,19.106931
2622.457000,19.103239
2622.939000,19.099830
2623.421000,19.098179
2623.903000,19.097320
2624.385000,19.097312
2624.867000,19.096057
2625.349000,19.092593
2625.831000,19.088006
2626.313000,19.082795
2626.795000,19.078657
2627.277000,19.075427
2627.759000,19.072472
2628.241000,19.068895
2628.723000,19.066725
2629.205000,19.065095
2629.687000,19.064077
2630.169000,19.063843
2630.651000,19.062114
2631.133000,19.059468
2631.615000,19.057036
2632.097000,19.053614
2632.579000,19.048701
2633.061000,19.044373
2633.543000,19.041895
2634.025000,19.039179
2634.507000,19.036625
2634.989000,19.033588
2635.471000,19.031662
2635.953000,19.029823
2636.435000,19.027760
2636.917000,19.024560
2637.399000,19.020574
2637.881000,19.018484
2638.363000,19.016633
2638.845000,19.013698
2639.327000,19.010465
2639.809000,19.008011
2640.291000,19.005286
2640.773000,19.001836
2641.255000,18.999755
2641.737000,18.997114
2642.219000,18.993136
2642.701000,18.987722
2643.183000,18.981806
2643.665000,18.975704
2644.147000,18.969550
2644.629000,18.964318
2645.111000,18.958729
2645.593000,18.952761
2646.075000,18.946083
2646.557000,18.939422
2647.039000,18.931931
2647.521000,18.924915
2648.003000,18.919524
2648.485000,18.914554
2648.967000,18.908724
2649.449000,18.903293
2649.931000,18.899805
2650.413000,18.898433
2650.895000,18.896107
2651.377000,18.894767
2651.859000,18.892797
2652.341000,18.891000
2652.823000,18.888927
2653.305000,18.885646
2653.787000,18.880861
2654.269000,18.875943
2654.751000,18.869935
2655.233000,18.863838
2655.715000,18.857850
2656.197000,18.851767
2656.679000,18.846130
2657.161000,18.840290
2657.643000,18.832258
2658.125000,18.825249
2658.607000,18.819222
2659.089000,18.814537
2659.571000,18.809059
2660.053000,18.803449
2660.535000,18.798500
2661.017000,18.793837
2661.499000,18.788112
2661.981000,18.782733
2662.463000,18.777688
2662.945000,18.772626
2663.427000,18.767532
2663.909000,18.762383
2664.391000,18.757183
2664.873000,18.752281
2665.355000,18.747617
2665.837000,18.742351
2666.319000,18.737047
2666.801000,18.733116
2667.283000,18.729333
2667.765000,18.724359
2668.247000,18.718390
2668.729000,18.712093
2669.211000,18.705758
2669.693000,18.699277
2670.175000,18.693099
2670.657000,18.686637
2671.139000,18.679664
2671.621000,18.673888
2672.103000,18.667950
2672.585000,18.662173
2673.067000,18.657116
2673.549000,18.652883
2674.031000,18.649306
2674.513000,18.644692
2674.995000,18.639972
2675.477000,18.635138
2675.959000,18.629344
2676.441000,18.622242
2676.923000,18.615118
2677.405000,18.607222
2677.887000,18.599235
2678.369000,18.592277
2678.851000,18.585210
2679.333000,18.579052
2679.815000,18.572616
2680.297000,18.566470
2680.779000,18.561374
2681.261000,18.555583
2681.743000,18.552371
2682.225000,18.547569
2682.707000,18.540683
2683.189000,18.532674
2683.671000,18.524854
2684.153000,18.518269
2684.635000,18.512117
2685.117000,18.505725
2685.599000,18.499911
2686.081000,18.494281
2686.563000,18.489131
2687.045000,18.484613
2687.527000,18.480212
2688.009000,18.475506
2688.491000,18.471598
2688.973000,18.464800
2689.455000,18.457698
2689.937000,18.450927
2690.419000,18.444385
2690.901000,18.439272
2691.383000,18.432997
2691.865000,18.426043
2692.347000,18.420027
2692.829000,18.412552
2693.311000,18.406362
2693.793000,18.401303
2694.275000,18.395523
2694.757000,18.389958
2695.239000,18.385211
2695.721000,18.382001
2696.203000,18.379782
2696.685000,18.377663
2697.167000,18.375745
2697.649000,18.374428
2698.131000,18.372887
2698.613000,18.372061
2699.095000,18.370843
2699.577000,18.367373
2700.059000,18.364567
2700.541000,18.361818
2701.023000,18.357897
2701.505000,18.353506
2701.987000,18.348823
2702.469000,18.344204
2702.951000,18.337468
2703.433000,18.331072
2703.915000,18.325219
2704.397000,18.319388
2704.879000,18.314679
2705.361000,18.310599
2705.843000,18.305170
2706.325000,18.300023
2706.807000,18.295929
2707.289000,18.291723
2707.771000,18.289215
2708.253000,18.286732
2708.735000,18.283076
2709.217000,18.279398
2709.699000,18.275496
2710.181000,18.272267
2710.663000,18.270378
2711.145000,18.269780
2711.627000,18.270363
2712.109000,18.270892
2712.591000,18.270406
2713.073000,18.271382
2713.555000,18.272963
2714.037000,18.272666
2714.519000,18.273059
2715.001000,18.271831
2715.483000,18.268721
2715.965000,18.265807
2716.447000,18.261767
2716.929000,18.257368
2717.411000,18.254958
2717.893000,18.253234
2718.375000,18.250470
2718.857000,18.247349
2719.339000,18.243584
2719.821000,18.239252
2720.303000,18.235277
2720.785000,18.230713
2721.267000,18.227833
2721.749000,18.226051
2722.231000,18.223386
2722.713000,18.221782
2723.195000,18.221018
2723.677000,18.221445
2724.159000,18.221494
2724.641000,18.220863
2725.123000,18.220285
2725.605000,18.220153
2726.087000,18.220269
2726.569000,18.219639
2727.051000,18.220714
2727.533000,18.221579
2728.015000,18.223182
2728.497000,18.224457
2728.979000,18.223691
2729.461000,18.223088
2729.943000,18.222810
2730.425000,18.222086
2730.907000,18.220058
2731.389000,18.217410
2731.871000,18.216498
2732.353000,18.215927
2732.835000,18.215043
2733.317000,18.213786
2733.799000,18.214233
2734.281000,18.214915
2734.763000,18.216423
2735.245000,18.218498
2735.727000,18.220745
2736.209000,18.222768
2736.691000,18.226516
2737.173000,18.229071
2737.655000,18.230631
2738.137000,18.232378
2738.619000,18.234434
2739.101000,18.235898
2739.583000,18.235013
2740.065000,18.233124
2740.547000,18.230607
2741.029000,18.227256
2741.511000,18.225031
2741.993000,18.223127
2742.475000,18.220722
2742.957000,18.218294
2743.439000,18.217877
2743.921000,18.216802
2744.403000,18.217275
2744.885000,18.219581
2745.367000,18.222715
2745.849000,18.225111
2746.331000,18.227130
2746.813000,18.229510
2747.295000,18.231562
2747.777000,18.235542
2748.259000,18.241030
2748.741000,18.244612
2749.223000,18.247367
2749.705000,18.250422
2750.187000,18.254138
2750.669000,18.256373
2751.151000,18.258724
2751.633000,18.262534
2752.115000,18.266804
2752.597000,18.270616
2753.079000,18.276408
2753.561000,18.281772
2754.043000,18.287391
2754.525000,18.294464
2755.007000,18.300121
2755.489000,18.304021
2755.971000,18.306168
2756.453000,18.307956
2756.935000,18.310526
2757.417000,18.311616
2757.899000,18.312079
2758.381000,18.313125
2758.863000,18.314731
2759.345000,18.316621
2759.827000,18.317490
2760.309000,18.317448
2760.791000,18.317349
2761.273000,18.318581
2761.755000,18.321317
2762.237000,18.324137
2762.719000,18.324892
2763.201000,18.328314
2763.683000,18.332622
2764.165000,18.336646
2764.647000,18.342086
2765.129000,18.347886
2765.611000,18.354583
2766.093000,18.359731
2766.575000,18.362922
2767.057000,18.365307
2767.539000,18.367531
2768.021000,18.371732
2768.503000,18.377186
2768.985000,18.381276
2769.467000,18.384784
2769.949000,18.389602
2770.431000,18.394209
2770.913000,18.400099
2771.395000,18.406967
2771.877000,18.412447
2772.359000,18.418164
2772.841000,18.422259
2773.323000,18.424582
2773.805000,18.425678
2774.287000,18.427107
2774.769000,18.429551
2775.251000,18.433330
2775.733000,18.438165
2776.215000,18.444050
2776.697000,18.450221
2777.179000,18.456754
2777.661000,18.463656
2778.143000,18.469803
2778.625000,18.475198
2779.107000,18.480699
2779.589000,18.485670
2780.071000,18.489520
2780.553000,18.493459
2781.035000,18.496985
2781.517000,18.500601
2781.999000,18.506153
2782.481000,18.513290
2782.963000,18.519817
2783.445000,18.525934
2783.927000,18.531990
2784.409000,18.537849
2784.891000,18.541913
2785.373000,18.544391
2785.855000,18.547599
2786.337000,18.551575
2786.819000,18.555292
2787.301000,18.558576
2787.783000,18.560543
2788.265000,18.563604
2788.747000,18.567756
2789.229000,18.572948
2789.711000,18.577832
2790.193000,18.582614
2790.675000,18.587925
2791.157000,18.592716
2791.639000,18.597813
2792.121000,18.600734
2792.603000,18.606812
2793.085000,18.613502
2793.567000,18.619558
2794.049000,18.625064
2794.531000,18.629661
2795.013000,18.634202
2795.495000,18.637571
2795.977000,18.643073
2796.459000,18.649364
2796.941000,18.654065
2797.423000,18.659559
2797.905000,18.664410
2798.387000,18.669537
2798.869000,18.674599
2799.351000,18.681370
2799.833000,18.686880
2800.315000,18.693531
2800.797000,18.699868
2801.279000,18.705500
2801.761000,18.710466
2802.243000,18.714753
2802.725000,18.721028
2803.207000,18.727796
2803.689000,18.732590
2804.171000,18.738381
2804.653000,18.743082
2805.135000,18.747123
2805.617000,18.752135
2806.099000,18.757219
2806.581000,18.762799
2807.063000,18.770507
2807.545000,18.778803
2808.027000,18.788183
2808.509000,18.797723
2808.991000,18.806821
2809.473000,18.816731
2809.955000,18.825917
2810.437000,18.833459
2810.919000,18.839095
2811.401000,18.843307
2811.883000,18.846056
2812.365000,18.849372
2812.847000,18.853178
2813.329000,18.856940
2813.811000,18.861211
2814.293000,18.866349
2814.775000,18.873646
2815.257000,18.882240
2815.739000,18.891072
2816.221000,18.899846
2816.703000,18.905996
2817.185000,18.909455
2817.667000,18.912572
2818.149000,18.915808
2818.631000,18.919197
2819.113000,18.922161
2819.595000,18.923791
2820.077000,18.926362
2820.559000,18.929390
2821.041000,18.934621
2821.523000,18.941750
2822.005000,18.948622
2822.487000,18.954605
2822.969000,18.959823
2823.451000,18.962885
2823.933000,18.967479
2824.415000,18.973725
2824.897000,18.980104
2825.379000,18.987328
2825.861000,18.991457
2826.343000,18.995495
2826.825000,19.001054
2827.307000,19.008862
2827.789000,19.016370
2828.271000,19.020007
2828.753000,19.022947
2829.235000,19.024663
2829.717000,19.025260
2830.199000,19.027906
2830.681000,19.031592
2831.163000,19.034046
2831.645000,19.039192
2832.127000,19.043606
2832.609000,19.045549
2833.091000,19.050489
2833.573000,19.057468
2834.055000,19.064516
2834.537000,19.069959
2835.019000,19.075731
2835.501000,19.082301
2835.983000,19.087382
2836.465000,19.091523
2836.947000,19.096293
2837.429000,19.097890
2837.911000,19.098234
2838.393000,19.101053
2838.875000,19.101895
2839.357000,19.101445
2839.839000,19.102101
2840.321000,19.102710
2840.803000,19.101940
2841.285000,19.104307
2841.767000,19.107578
2842.249000,19.110483
2842.731000,19.114411
2843.213000,19.117911
2843.695000,19.122295
2844.177000,19.125959
2844.659000,19.129624
2845.141000,19.134009
2845.623000,19.136908
2846.105000,19.138448
2846.587000,19.138622
2847.069000,19.138873
2847.551000,19.138806
2848.033000,19.139596
2848.515000,19.138546
2848.997000,19.138013
2849.479000,19.139473
2849.961000,19.141989
2850.443000,19.145366
2850.925000,19.149089
2851.407000,19.152743
2851.889000,19.156564
2852.371000,19.160094
2852.853000,19.163539
2853.335000,19.166173
2853.817000,19.168607
2854.299000,19.170375
2854.781000,19.170329
2855.263000,19.169473
2855.745000,19.169711
2856.227000,19.170989
2856.709000,19.171041
2857.191000,19.169863
2857.673000,19.169874
2858.155000,19.170096
2858.637000,19.170025
2859.119000,19.169564
2859.601000,19.169086
2860.083000,19.169331
2860.565000,19.169464
2861.047000,19.169734
2861.529000,19.170286
2862.011000,19.171653
2862.493000,19.173677
2862.975000,19.174327
2863.457000,19.175094
2863.939000,19.176038
2864.421000,19.178192
2864.903000,19.180925
2865.385000,19.181573
2865.867000,19.180453
2866.349000,19.179757
2866.831000,19.180855
2867.313000,19.181741
2867.795000,19.182752
2868.277000,19.185370
2868.759000,19.187213
2869.241000,19.188890
2869.723000,19.190300
2870.205000,19.192725
2870.687000,19.195511
2871.169000,19.199174
2871.651000,19.201537
2872.133000,19.201464
2872.615000,19.199453
2873.097000,19.197467
2873.579000,19.194955
2874.061000,19.191844
2874.543000,19.188722
2875.025000,19.185702
2875.507000,19.181648
2875.989000,19.178178
2876.471000,19.176821
2876.953000,19.175991
2877.435000,19.176794
2877.917000,19.177574
2878.399000,19.179110
2878.881000,19.179983
2879.363000,19.179083
2879.845000,19.178898
2880.327000,19.177080
2880.809000,19.174978
2881.291000,19.172382
2881.773000,19.169635
2882.255000,19.168683
2882.737000,19.167809
2883.219000,19.166668
2883.701000,19.164136
2884.183000,19.162239
2884.665000,19.159641
2885.147000,19.156935
2885.629000,19.152135
2886.111000,19.148464
2886.593000,19.145450
2887.075000,19.141009
2887.557000,19.135751
2888.039000,19.131077
2888.521000,19.129809
2889.003000,19.129789
2889.485000,19.127200
2889.967000,19.124293
2890.449000,19.121351
2890.931000,19.118499
2891.413000,19.116067
2891.895000,19.113111
2892.377000,19.111297
2892.859000,19.111417
2893.341000,19.109303
2893.823000,19.106508
2894.305000,19.104121
2894.787000,19.103441
2895.269000,19.103998
2895.751000,19.103688
2896.233000,19.102167
2896.715000,19.097932
2897.197000,19.093261
2897.679000,19.089200
2898.161000,19.086067
2898.643000,19.083073
2899.125000,19.079402
2899.607000,19.074648
2900.089000,19.069712
2900.571000,19.065633
2901.053000,19.062774
2901.535000,19.061381
2902.017000,19.059435
2902.499000,19.058708
2902.981000,19.057206
2903.463000,19.053694
2903.945000,19.051681
2904.427000,19.049850
2904.909000,19.047694
2905.391000,19.045632
2905.873000,19.042566
2906.355000,19.039603
2906.837000,19.037191
2907.319000,19.033765
2907.801000,19.030876
2908.283000,19.029518
2908.765000,19.025541
2909.247000,19.022516
2909.729000,19.019008
2910.211000,19.014470
2910.693000,19.008917
2911.175000,19.004520
2911.657000,19.002400
2912.139000,18.997742
2912.621000,18.993585
2913.103000,18.991113
2913.585000,18.986413
2914.067000,18.981870
2914.549000,18.978367
2915.031000,18.974808
2915.513000,18.970116
2915.995000,18.965532
2916.477000,18.960129
2916.959000,18.954797
2917.441000,18.949476
2917.923000,18.945171
2918.405000,18.941847
2918.887000,18.934463
2919.369000,18.929992
2919.851000,18.927093
2920.333000,18.922842
2920.815000,18.920597
2921.297000,18.919325
2921.779000,18.916692
2922.261000,18.914424
2922.743000,18.913004
2923.225000,18.910522
2923.707000,18.908254
2924.189000,18.903056
2924.671000,18.896245
2925.153000,18.889749
2925.635000,18.881392
2926.117000,18.874258
2926.599000,18.867367
2927.081000,18.860847
2927.563000,18.855329
2928.045000,18.850812
2928.527000,18.846404
2929.009000,18.844196
2929.491000,18.841235
2929.973000,18.836725
2930.455000,18.832183
2930.937000,18.826462
2931.419000,18.821114
2931.901000,18.816163
2932.383000,18.812258
2932.865000,18.808750
2933.347000,18.803693
2933.829000,18.798827
2934.311000,18.793759
2934.793000,18.788140
2935.275000,18.783534
2935.757000,18.777601
2936.239000,18.770728
2936.721000,18.763841
2937.203000,18.758171
2937.685000,18.753312
2938.167000,18.748840
2938.649000,18.745450
2939.131000,18.743360
2939.613000,18.739771
2940.095000,18.735095
2940.577000,18.732798
2941.059000,18.729315
2941.541000,18.725965
2942.023000,18.721969
2942.505000,18.717996
2942.987000,18.713824
2943.469000,18.709748
2943.951000,18.706245
2944.433000,18.702592
2944.915000,18.699754
2945.397000,18.697332
2945.879000,18.694334
2946.361000,18.691332
2946.843000,18.689354
2947.325000,18.688466
2947.807000,18.687509
2948.289000,18.685836
2948.771000,18.682147
2949.253000,18.679212
2949.735000,18.674036
2950.217000,18.669131
2950.699000,18.664064
2951.181000,18.659574
2951.663000,18.655911
2952.145000,18.651562
2952.627000,18.647216
2953.109000,18.642382
2953.591000,18.637691
2954.073000,18.633088
2954.555000,18.629540
2955.037000,18.624958
2955.519000,18.620619
2956.001000,18.616247
2956.483000,18.611760
2956.965000,18.607947
2957.447000,18.604638
2957.929000,18.601153
2958.411000,18.598008
2958.893000,18.594737
2959.375000,18.591751
2959.857000,18.587808
2960.339000,18.583828
2960.821000,18.580253
2961.303000,18.577703
2961.785000,18.575303
2962.267000,18.572340
2962.749000,18.569126
2963.231000,18.565969
2963.713000,18.562995
2964.195000,18.561435
2964.677000,18.559266
2965.159000,18.557349
2965.641000,18.555162
2966.123000,18.552953
2966.605000,18.550204
2967.087000,18.547274
2967.569000,18.545214
2968.051000,18.544417
2968.533000,18.543564
2969.015000,18.541692
2969.497000,18.540437
2969.979000,18.539723
2970.461000,18.539589
2970.943000,18.539595
2971.425000,18.539362
2971.907000,18.539424
2972.389000,18.539424
2972.871000,18.538577
2973.353000,18.536886
2973.835000,18.534467
2974.317000,18.532110
2974.799000,18.530743
2975.281000,18.528595
2975.763000,18.527403
2976.245000,18.524847
2976.727000,18.522137
2977.209000,18.517834
2977.691000,18.513596
2978.173000,18.510176
2978.655000,18.506648
2979.137000,18.504539
2979.619000,18.500807
2980.101000,18.498074
2980.583000,18.496950
2981.065000,18.495821
2981.547000,18.496040
2982.029000,18.497796
2982.511000,18.501782
2982.993000,18.505262
2983.475000,18.509128
2983.957000,18.511278
2984.439000,18.513763
2984.921000,18.515193
2985.403000,18.515652
2985.885000,18.516926
2986.367000,18.516741
2986.849000,18.515643
2987.331000,18.513279
2987.813000,18.510895
2988.295000,18.509760
2988.777000,18.509356
2989.259000,18.508507
2989.741000,18.508650
2990.223000,18.507944
2990.705000,18.507417
2991.187000,18.508484
2991.669000,18.509295
2992.151000,18.510941
2992.633000,18.513919
2993.115000,18.516014
2993.597000,18.517648
2994.079000,18.519141
2994.561000,18.522529
2995.043000,18.523202
2995.525000,18.522626
2996.007000,18.521730
2996.489000,18.520706
2996.971000,18.519614
2997.453000,18.518474
2997.935000,18.516426
2998.417000,18.514432
2998.899000,18.513395
2999.381000,18.512117
2999.863000,18.511322
3000.345000,18.512848
3000.827000,18.513815
3001.309000,18.515727
3001.791000,18.517697
3002.273000,18.521441
3002.755000,18.525912
3003.237000,18.530058
3003.719000,18.533141
3004.201000,18.535186
3004.683000,18.535881
3005.165000,18.536942
3005.647000,18.537530
3006.129000,18.536657
3006.611000,18.536419
3007.093000,18.536546
3007.575000,18.537780
3008.057000,18.540890
3008.539000,18.544151
3009.021000,18.546398
3009.503000,18.549359
3009.985000,18.550912
3010.467000,18.552704
3010.949000,18.555288
3011.431000,18.555745
3011.913000,18.555747
3012.395000,18.556652
3012.877000,18.555796
3013.359000,18.556045
3013.841000,18.555208
3014.323000,18.555229
3014.805000,18.557131
3015.287000,18.560146
3015.769000,18.562814
3016.251000,18.567680
3016.733000,18.572621
3017.215000,18.580834
3017.697000,18.590047
3018.179000,18.597407
3018.661000,18.603654
3019.143000,18.609220
3019.625000,18.613679
3020.107000,18.616450
3020.589000,18.618909
3021.071000,18.621899
3021.553000,18.624476
3022.035000,18.627237
3022.517000,18.628113
3022.999000,18.629492
3023.481000,18.630969
3023.963000,18.634878
3024.445000,18.638582
3024.927000,18.641169
3025.409000,18.642652
3025.891000,18.643632
3026.373000,18.648225
3026.855000,18.651535
3027.337000,18.657360
3027.819000,18.663779
3028.301000,18.667341
3028.783000,18.672106
3029.265000,18.677917
3029.747000,18.683503
3030.229000,18.687524
3030.711000,18.691948
3031.193000,18.694818
3031.675000,18.697808
3032.157000,18.699016
3032.639000,18.699508
3033.121000,18.701662
3033.603000,18.701864
3034.085000,18.703002
3034.567000,18.704760
3035.049000,18.706073
3035.531000,18.708958
3036.013000,18.715114
3036.495000,18.719123
3036.977000,18.723178
3037.459000,18.728161
3037.941000,18.733702
3038.423000,18.739880
3038.905000,18.745588
3039.387000,18.752112
3039.869000,18.756951
3040.351000,18.760790
3040.833000,18.764115
3041.315000,18.766963
3041.797000,18.769738
3042.279000,18.772695
3042.761000,18.777135
3043.243000,18.779415
3043.725000,18.783255
3044.207000,18.786070
3044.689000,18.789747
3045.171000,18.794248
3045.653000,18.797961
3046.135000,18.801534
3046.617000,18.804590
3047.099000,18.807036
3047.581000,18.809004
3048.063000,18.809845
3048.545000,18.810077
3049.027000,18.811005
3049.509000,18.813295
3049.991000,18.815912
3050.473000,18.819878
3050.955000,18.824143
3051.437000,18.829951
3051.919000,18.836654
3052.401000,18.843315
3052.883000,18.850874
3053.365000,18.859122
3053.847000,18.865876
3054.329000,18.871285
3054.811000,18.874759
3055.293000,18.878340
3055.775000,18.881152
3056.257000,18.885005
3056.739000,18.890590
3057.221000,18.895898
3057.703000,18.900935
3058.185000,18.906647
3058.667000,18.913177
3059.149000,18.918541
3059.631000,18.922152
3060.113000,18.927263
3060.595000,18.932701
3061.077000,18.937002
3061.559000,18.941031
3062.041000,18.946113
3062.523000,18.950046
3063.005000,18.955130
3063.487000,18.960905
3063.969000,18.965663
3064.451000,18.970509
3064.933000,18.975998
3065.415000,18.981734
3065.897000,18.985740
3066.379000,18.989388
3066.861000,18.996118
3067.343000,19.002980
3067.825000,19.009163
3068.307000,19.013809
3068.789000,19.021088
3069.271000,19.027285
3069.753000,19.033720
3070.235000,19.040281
3070.717000,19.048018
3071.199000,19.053967
3071.681000,19.058173
3072.163000,19.064350
3072.645000,19.069359
3073.127000,19.072111
3073.609000,19.075264
3074.091000,19.077538
3074.573000,19.080320
3075.055000,19.079046
3075.537000,19.079926
3076.019000,19.079371
3076.501000,19.079136
3076.983000,19.079513
3077.465000,19.079486
3077.947000,19.078964
3078.429000,19.079888
3078.911000,19.083368
3079.393000,19.086368
3079.875000,19.089556
3080.357000,19.095689
3080.839000,19.102095
3081.321000,19.109892
3081.803000,19.112252
3082.285000,19.116823
3082.767000,19.122212
3083.249000,19.126389
3083.731000,19.129343
3084.213000,19.133536
3084.695000,19.138155
3085.177000,19.141036
3085.659000,19.144285
3086.141000,19.149094
3086.623000,19.154100
3087.105000,19.159153
3087.587000,19.162972
3088.069000,19.166925
3088.551000,19.168826
3089.033000,19.171032
3089.515000,19.173442
3089.997000,19.175139
3090.479000,19.177053
3090.961000,19.180790
3091.443000,19.181700
3091.925000,19.183419
3092.407000,19.186983
3092.889000,19.191614
3093.371000,19.196634
3093.853000,19.202090
3094.335000,19.206955
3094.817000,19.212667
3095.299000,19.219577
3095.781000,19.225244
3096.263000,19.229455
3096.745000,19.234586
3097.227000,19.239229
3097.709000,19.242912
3098.191000,19.246296
3098.673000,19.248513
3099.155000,19.252032
3099.637000,19.253885
3100.119000,19.255687
3100.601000,19.256079
3101.083000,19.254675
3101.565000,19.254181
3102.047000,19.254536
3102.529000,19.253520
3103.011000,19.251281
3103.493000,19.252801
3103.975000,19.252357
3104.457000,19.252917
3104.939000,19.255707
3105.421000,19.256818
3105.903000,19.259417
3106.385000,19.259619
3106.867000,19.258728
3107.349000,19.256134
3107.831000,19.254838
3108.313000,19.256379
3108.795000,19.256927
3109.277000,19.257213
3109.759000,19.258002
3110.241000,19.259786
3110.723000,19.259456
3111.205000,19.261850
3111.687000,19.265977
3112.169000,19.268611
3112.651000,19.270574
3113.133000,19.272071
3113.615000,19.270966
3114.097000,19.271240
3114.579000,19.275403
3115.061000,19.279268
3115.543000,19.282378
3116.025000,19.286280
3116.507000,19.289000
3116.989000,19.291598
3117.471000,19.293023
3117.953000,19.295222
3118.435000,19.298579
3118.917000,19.300878
3119.399000,19.301621
3119.881000,19.301386
3120.363000,19.299093
3120.845000,19.297500
3121.327000,19.297503
3121.809000,19.298124
3122.291000,19.300084
3122.773000,19.300518
3123.255000,19.299008
3123.737000,19.298881
3124.219000,19.299323
3124.701000,19.301769
3125.183000,19.302484
3125.665000,19.302681
3126.147000,19.303138
3126.629000,19.303536
3127.111000,19.301422
3127.593000,19.300036
3128.075000,19.299606
3128.557000,19.300199
3129.039000,19.299002
3129.521000,19.297281
3130.003000,19.295779
3130.485000,19.296482
3130.967000,19.296651
3131.449000,19.296779
3131.931000,19.295261
3132.413000,19.294601
3132.895000,19.295679
3133.377000,19.295044
3133.859000,19.294286
3134.341000,19.294934
3134.823000,19.294756
3135.305000,19.295241
3135.787000,19.294622
3136.269000,19.295255
3136.751000,19.295979
3137.233000,19.296596
3137.715000,19.295841
3138.197000,19.296704
3138.679000,19.296581
3139.161000,19.295178
3139.643000,19.293767
3140.125000,19.290875
3140.607000,19.288913
3141.089000,19.285526
3141.571000,19.279858
3142.053000,19.274680
3142.535000,19.269793
3143.017000,19.264916
3143.499000,19.259350
3143.981000,19.255494
3144.463000,19.253961
3144.945000,19.253373
3145.427000,19.251983
3145.909000,19.252872
3146.391000,19.253561
3146.873000,19.254022
3147.355000,19.256633
3147.837000,19.256804
3148.319000,19.255045
3148.801000,19.254150
3149.283000,19.253238
3149.765000,19.250223
3150.247000,19.247224
3150.729000,19.245313
3151.211000,19.244071
3151.693000,19.242657
3152.175000,19.245047
3152.657000,19.246955
3153.139000,19.247022
3153.621000,19.247891
3154.103000,19.250046
3154.585000,19.249063
3155.067000,19.247841
3155.549000,19.245295
3156.031000,19.241728
3156.513000,19.236905
3156.995000,19.231685
3157.477000,19.226848
3157.959000,19.223920
3158.441000,19.220017
3158.923000,19.216233
3159.405000,19.212449
3159.887000,19.207635
3160.369000,19.203080
3160.851000,19.201361
3161.333000,19.199106
3161.815000,19.197780
3162.297000,19.195793
3162.779000,19.196686
3163.261000,19.198625
3163.743000,19.200318
3164.225000,19.201922
3164.707000,19.202733
3165.189000,19.200613
3165.671000,19.199627
3166.153000,19.199310
3166.635000,19.192835
3167.117000,19.186691
3167.599000,19.182346
3168.081000,19.176855
3168.563000,19.171073
3169.045000,19.164577
3169.527000,19.158809
3170.009000,19.153627
3170.491000,19.148005
3170.973000,19.141905
3171.455000,19.138233
3171.937000,19.135118
3172.419000,19.132175
3172.901000,19.126722
3173.383000,19.123247
3173.865000,19.122396
3174.347000,19.123058
3174.829000,19.123874
3175.311000,19.122955
3175.793000,19.120523
3176.275000,19.118771
3176.757000,19.116467
3177.239000,19.113045
3177.721000,19.109250
3178.203000,19.106722
3178.685000,19.100676
3179.167000,19.095042
3179.649000,19.090659
3180.131000,19.089368
3180.613000,19.087049
3181.095000,19.086068
3181.577000,19.082758
3182.059000,19.080951
3182.541000,19.076011
3183.023000,19.071830
3183.505000,19.065526
3183.987000,19.060824
3184.469000,19.056501
3184.951000,19.051533
3185.433000,19.045147
3185.915000,19.041963
3186.397000,19.037938
3186.879000,19.036307
3187.361000,19.034139
3187.843000,19.034052
3188.325000,19.032483
3188.807000,19.032470
3189.289000,19.030073
3189.771000,19.029990
3190.253000,19.027585
3190.735000,19.025119
3191.217000,19.021396
3191.699000,19.016510
3192.181000,19.010542
3192.663000,19.005587
3193.145000,19.000216
3193.627000,18.996889
3194.109000,18.992129
3194.591000,18.989172
3195.073000,18.987214
3195.555000,18.983556
3196.037000,18.980728
3196.519000,18.977278
3197.001000,18.974026
3197.483000,18.969346
3197.965000,18.964394
3198.447000,18.961188
3198.929000,18.957533
3199.411000,18.953691
3199.893000,18.950437
3200.375000,18.947989
3200.857000,18.947005
3201.339000,18.946855
3201.821000,18.945979
3202.303000,18.943444
3202.785000,18.940326
3203.267000,18.934359
3203.749000,18.932797
3204.231000,18.930445
3204.713000,18.926921
3205.195000,18.924507
3205.677000,18.921175
3206.159000,18.916754
3206.641000,18.912291
3207.123000,18.907068
3207.605000,18.902720
3208.087000,18.898325
3208.569000,18.894079
3209.051000,18.890723
3209.533000,18.884382
3210.015000,18.879627
3210.497000,18.879491
3210.979000,18.879442
3211.461000,18.876761
3211.943000,18.875817
3212.425000,18.875082
3212.907000,18.873865
3213.389000,18.871513
3213.871000,18.870248
3214.353000,18.869978
3214.835000,18.868310
3215.317000,18.867150
3215.799000,18.865069
3216.281000,18.862218
3216.763000,18.860365
3217.245000,18.857668
3217.727000,18.854601
3218.209000,18.852070
3218.691000,18.850131
3219.173000,18.849482
3219.655000,18.849536
3220.137000,18.847975
3220.619000,18.846761
3221.101000,18.844023
3221.583000,18.839305
3222.065000,18.834715
3222.547000,18.829477
3223.029000,18.826771
3223.511000,18.822585
3223.993000,18.818378
3224.475000,18.816622
3224.957000,18.816935
3225.439000,18.816888
3225.921000,18.818999
3226.403000,18.818987
3226.885000,18.818654
3227.367000,18.818707
3227.849000,18.817482
3228.331000,18.814586
3228.813000,18.812807
3229.295000,18.810663
3229.777000,18.811062
3230.259000,18.807701
3230.741000,18.805899
3231.223000,18.804571
3231.705000,18.803026
3232.187000,18.800900
3232.669000,18.797685
3233.151000,18.795453
3233.633000,18.794454
3234.115000,18.793273
3234.597000,18.791699
3235.079000,18.790053
3235.561000,18.790167
3236.043000,18.789524
3236.525000,18.789285
3237.007000,18.788770
3237.489000,18.788089
3237.971000,18.785977
3238.453000,18.783611
3238.935000,18.782596
3239.417000,18.780996
3239.899000,18.783253
3240.381000,18.784779
3240.863000,18.786670
3241.345000,18.789923
3241.827000,18.793852
3242.309000,18.797891
3242.791000,18.801503
3243.273000,18.804403
3243.755000,18.807979
3244.237000,18.808782
3244.719000,18.808234
3245.201000,18.807776
3245.683000,18.809589
3246.165000,18.808119
3246.647000,18.807593
3247.129000,18.804948
3247.611000,18.802578
3248.093000,18.801288
3248.575000,18.799056
3249.057000,18.795952
3249.539000,18.795004
3250.021000,18.794073
3250.503000,18.792734
3250.985000,18.792143
3251.467000,18.791396
3251.949000,18.793907
3252.431000,18.794864
3252.913000,18.795734
3253.395000,18.797287
3253.877000,18.796126
3254.359000,18.794402
3254.841000,18.792418
3255.323000,18.790773
3255.805000,18.787668
3256.287000,18.787478
3256.769000,18.785320
3257.251000,18.783079
3257.733000,18.782476
3258.215000,18.782366
3258.697000,18.783871
3259.179000,18.783696
3259.661000,18.788488
3260.143000,18.793586
3260.625000,18.796675
3261.107000,18.799367
3261.589000,18.800506
3262.071000,18.803451
3262.553000,18.804104
3263.035000,18.807646
3263.517000,18.807382
3263.999000,18.806900
3264.481000,18.806992
3264.963000,18.806307
3265.445000,18.808429
3265.927000,18.812466
3266.409000,18.819256
3266.891000,18.823979
3267.373000,18.827705
3267.855000,18.830011
3268.337000,18.830239
3268.819000,18.832688
3269.301000,18.836197
3269.783000,18.838150
3270.265000,18.839386
3270.747000,18.840199
3271.229000,18.840798
3271.711000,18.839621
3272.193000,18.838891
3272.675000,18.838521
3273.157000,18.838805
3273.639000,18.837280
3274.121000,18.837646
3274.603000,18.838395
3275.085000,18.838042
3275.567000,18.840108
3276.049000,18.844120
3276.531000,18.848468
3277.013000,18.854947
3277.495000,18.859177
3277.977000,18.862550
3278.459000,18.864967
3278.941000,18.868438
3279.423000,18.872628
3279.905000,18.877288
3280.387000,18.879990
3280.869000,18.883535
3281.351000,18.888251
3281.833000,18.890848
3282.315000,18.892980
3282.797000,18.893551
3283.279000,18.896146
3283.761000,18.895562
3284.243000,18.894606
3284.725000,18.894795
3285.207000,18.895496
3285.689000,18.896012
3286.171000,18.895222
3286.653000,18.894554
3287.135000,18.895185
3287.617000,18.897610
3288.099000,18.901528
3288.581000,18.904301
3289.063000,18.904767
3289.545000,18.908473
3290.027000,18.914476
3290.509000,18.917076
3290.991000,18.920823
3291.473000,18.926233
3291.955000,18.929624
3292.437000,18.932467
3292.919000,18.935827
3293.401000,18.938329
3293.883000,18.944091
3294.365000,18.949228
3294.847000,18.953994
3295.329000,18.958615
3295.811000,18.962716
3296.293000,18.970052
3296.775000,18.975458
3297.257000,18.978681
3297.739000,18.980800
3298.221000,18.983948
3298.703000,18.984970
3299.185000,18.987319
3299.667000,18.991490
3300.149000,18.995598
3300.631000,19.001886
3301.113000,19.006428
3301.595000,19.012543
3302.077000,19.018784
3302.559000,19.025159
3303.041000,19.030477
3303.523000,19.035061
3304.005000,19.039548
3304.487000,19.040959
3304.969000,19.046202
3305.451000,19.048404
3305.933000,19.051888
3306.415000,19.054187
3306.897000,19.055566
3307.379000,19.057452
3307.861000,19.057956
3308.343000,19.059070
3308.825000,19.059322
3309.307000,19.061465
3309.789000,19.060555
3310.271000,19.062130
3310.753000,19.065719
3311.235000,19.069383
3311.717000,19.076090
3312.199000,19.080087
3312.681000,19.086222
3313.163000,19.091414
3313.645000,19.096859
3314.127000,19.102134
3314.609000,19.106561
3315.091000,19.110815
3315.573000,19.115804
3316.055000,19.119748
3316.537000,19.121981
3317.019000,19.125607
3317.501000,19.131013
3317.983000,19.135583
3318.465000,19.139140
3318.947000,19.143153
3319.429000,19.148798
3319.911000,19.151637
3320.393000,19.155478
3320.875000,19.159291
3321.357000,19.166827
3321.839000,19.173347
3322.321000,19.178090
3322.803000,19.182998
3323.285000,19.188817
3323.767000,19.191969
3324.249000,19.196586
3324.731000,19.201575
3325.213000,19.204991
3325.695000,19.207987
3326.177000,19.209549
3326.659000,19.208893
3327.141000,19.210616
3327.623000,19.211557
3328.105000,19.214245
3328.587000,19.214278
3329.069000,19.214126
3329.551000,19.215552
3330.033000,19.215948
3330.515000,19.215670
3330.997000,19.217300
3331.479000,19.220690
3331.961000,19.222295
3332.443000,19.224087
3332.925000,19.225165
3333.407000,19.228617
3333.889000,19.233665
3334.371000,19.237406
3334.853000,19.244475
3335.335000,19.251736
3335.817000,19.257610
3336.299000,19.260580
3336.781000,19.265579
3337.263000,19.270812
3337.745000,19.274861
3338.227000,19.276258
3338.709000,19.277073
3339.191000,19.277511
3339.673000,19.279730
3340.155000,19.284810
3340.637000,19.288935
3341.119000,19.292827
3341.601000,19.300475
3342.083000,19.306620
3342.565000,19.311744
3343.047000,19.316852
3343.529000,19.323935
3344.011000,19.329532
3344.493000,19.333090
3344.975000,19.334430
3345.457000,19.336644
3345.939000,19.338450
3346.421000,19.342088
3346.903000,19.344169
3347.385000,19.343962
3347.867000,19.345242
3348.349000,19.347135
3348.831000,19.349377
3349.313000,19.349960
3349.795000,19.351123
3350.277000,19.351635
3350.759000,19.352891
3351.241000,19.353698
3351.723000,19.354411
3352.205000,19.355076
3352.687000,19.355669
3353.169000,19.356497
3353.651000,19.355507
3354.133000,19.354668
3354.615000,19.354793
3355.097000,19.354872
3355.579000,19.355066
3356.061000,19.351925
3356.543000,19.351066
3357.025000,19.350610
3357.507000,19.349131
3357.989000,19.349825
3358.471000,19.352754
3358.953000,19.354408
3359.435000,19.357442
3359.917000,19.361869
3360.399000,19.364936
3360.881000,19.369540
3361.363000,19.370944
3361.845000,19.371443
3362.327000,19.373492
3362.809000,19.374973
3363.291000,19.378301
3363.773000,19.382115
3364.255000,19.382937
3364.737000,19.386186
3365.219000,19.390113
3365.701000,19.393400
3366.183000,19.396060
3366.665000,19.399969
3367.147000,19.402531
3367.629000,19.403925
3368.111000,19.401920
3368.593000,19.403400
3369.075000,19.407404
3369.557000,19.409942
3370.039000,19.412446
3370.521000,19.415486
3371.003000,19.415621
3371.485000,19.416363
3371.967000,19.417887
3372.449000,19.417597
3372.931000,19.417276
3373.413000,19.419879
3373.895000,19.421372
3374.377000,19.420732
3374.859000,19.421358
3375.341000,19.422617
3375.823000,19.422419
3376.305000,19.420823
3376.787000,19.420095
3377.269000,19.422266
3377.751000,19.422933
3378.233000,19.421193
3378.715000,19.420912
3379.197000,19.419189
3379.679000,19.421188
3380.161000,19.423273
3380.643000,19.424495
3381.125000,19.425446
3381.607000,19.426043
3382.089000,19.423389
3382.571000,19.422138
3383.053000,19.420099
3383.535000,19.418438
3384.017000,19.417136
3384.499000,19.414304
3384.981000,19.410380
3385.463000,19.407081
3385.945000,19.401818
3386.427000,19.400835
3386.909000,19.400471
3387.391000,19.398119
3387.873000,19.397441
3388.355000,19.394846
3388.837000,19.393488
3389.319000,19.393871
3389.801000,19.394811
3390.283000,19.396124
3390.765000,19.397243
3391.247000,19.399536
3391.729000,19.400511
3392.211000,19.400621
3392.693000,19.402582
3393.175000,19.406277
3393.657000,19.407817
3394.139000,19.405758
3394.621000,19.403693
3395.103000,19.401806
3395.585000,19.400518
3396.067000,19.397149
3396.549000,19.395847
3397.031000,19.395094
3397.513000,19.393151
3397.995000,19.391410
3398.477000,19.389936
3398.959000,19.390205
3399.441000,19.390794
3399.923000,19.389919
3400.405000,19.387509
3400.887000,19.383662
3401.369000,19.381644
3401.851000,19.380682
3402.333000,19.379297
3402.815000,19.376071
3403.297000,19.371510
3403.779000,19.369278
3404.261000,19.363931
3404.743000,19.359665
3405.225000,19.356444
3405.707000,19.352197
3406.189000,19.346278
3406.671000,19.342044
3407.153000,19.338359
3407.635000,19.334478
3408.117000,19.334230
3408.599000,19.334651
3409.081000,19.334715
3409.563000,19.333207
3410.045000,19.331614
3410.527000,19.333557
3411.009000,19.334110
3411.491000,19.337052
3411.973000,19.339404
3412.455000,19.339721
3412.937000,19.339202
3413.419000,19.341263
3413.901000,19.342526
3414.383000,19.340762
3414.865000,19.343020
3415.347000,19.343282
3415.829000,19.341084
3416.311000,19.340334
3416.793000,19.339288
3417.275000,19.337452
3417.757000,19.336375
3418.239000,19.332936
3418.721000,19.329742
3419.203000,19.324613
3419.685000,19.320954
3420.167000,19.319233
3420.649000,19.316725
3421.131000,19.311171
3421.613000,19.307612
3422.095000,19.303765
3422.577000,19.300787
3423.059000,19.299018
3423.541000,19.297827
3424.023000,19.297112
3424.505000,19.296131
3424.987000,19.293813
3425.469000,19.293684
3425.951000,19.292468
3426.433000,19.294621
3426.915000,19.294332
3427.397000,19.293019
3427.879000,19.289892
3428.361000,19.286046
3428.843000,19.283705
3429.325000,19.279342
3429.807000,19.274612
3430.289000,19.270617
3430.771000,19.265385
3431.253000,19.257301
3431.735000,19.249102
3432.217000,19.243169
3432.699000,19.239529
3433.181000,19.234476
3433.663000,19.229557
3434.145000,19.225415
3434.627000,19.223991
3435.109000,19.223781
3435.591000,19.223959
3436.073000,19.222730
3436.555000,19.222263
3437.037000,19.223135
3437.519000,19.223601
3438.001000,19.222706
3438.483000,19.223539
3438.965000,19.226466
3439.447000,19.227998
3439.929000,19.226535
3440.411000,19.226827
3440.893000,19.225440
3441.375000,19.226250
3441.857000,19.226521
3442.339000,19.226013
3442.821000,19.223925
3443.303000,19.222181
3443.785000,19.220357
3444.267000,19.217431
3444.749000,19.215128
3445.231000,19.212501
3445.713000,19.207980
3446.195000,19.202258
3446.677000,19.194331
3447.159000,19.186093
3447.641000,19.178806
3448.123000,19.174267
3448.605000,19.169391
3449.087000,19.164841
3449.569000,19.158861
3450.051000,19.154171
3450.533000,19.149931
3451.015000,19.147234
3451.497000,19.144870
3451.979000,19.141208
3452.461000,19.136751
3452.943000,19.132346
3453.425000,19.125572
3453.907000,19.120744
3454.389000,19.117765
3454.871000,19.114750
3455.353000,19.111568
3455.835000,19.105621
3456.317000,19.102387
3456.799000,19.099285
3457.281000,19.097723
3457.763000,19.101033
3458.245000,19.101237
3458.727000,19.102275
3459.209000,19.102886
3459.691000,19.100108
3460.173000,19.099012
3460.655000,19.099854
3461.137000,19.100319
3461.619000,19.100565
3462.101000,19.099311
3462.583000,19.096303
3463.065000,19.096412
3463.547000,19.095505
3464.029000,19.095506
3464.511000,19.096686
3464.993000,19.093816
3465.475000,19.091301
3465.957000,19.086739
3466.439000,19.081043
3466.921000,19.077697
3467.403000,19.074499
3467.885000,19.070121
3468.367000,19.065738
3468.849000,19.061040
3469.331000,19.059587
3469.813000,19.058467
3470.295000,19.057287
3470.777000,19.054421
3471.259000,19.052551
3471.741000,19.052251
3472.223000,19.051012
3472.705000,19.050017
3473.187000,19.050638
3473.669000,19.050624
3474.151000,19.051346
3474.633000,19.049427
3475.115000,19.047741
3475.597000,19.044890
3476.079000,19.042400
3476.561000,19.041356
3477.043000,19.039200
3477.525000,19.036666
3478.007000,19.035475
3478.489000,19.034717
3478.971000,19.032690
3479.453000,19.031615
3479.935000,19.030912
3480.417000,19.029722
3480.899000,19.027737
3481.381000,19.023819
3481.863000,19.021269
3482.345000,19.017097
3482.827000,19.015892
3483.309000,19.015531
3483.791000,19.016817
3484.273000,19.016663
3484.755000,19.016595
3485.237000,19.016285
3485.719000,19.013007
3486.201000,19.009689
3486.683000,19.004750
3487.165000,19.000540
3487.647000,18.995414
3488.129000,18.990955
3488.611000,18.987843
3489.093000,18.984478
3489.575000,18.983574
3490.057000,18.982466
3490.539000,18.983980
3491.021000,18.984691
3491.503000,18.987328
3491.985000,18.989916
3492.467000,18.988868
3492.949000,18.989932
3493.431000,18.992506
3493.913000,18.993964
3494.395000,18.994223
3494.877000,18.995094
3495.359000,18.993086
3495.841000,18.991546
3496.323000,18.989913
3496.805000,18.988780
3497.287000,18.991029
3497.769000,18.990161
3498.251000,18.992073
3498.733000,18.992520
3499.215000,18.994245
3499.697000,19.000060
3500.179000,19.007141
3500.661000,19.012420
3501.143000,19.018627
3501.625000,19.021710
3502.107000,19.023681
3502.589000,19.024905
3503.071000,19.025470
3503.553000,19.026475
3504.035000,19.025142
3504.517000,19.019428
3504.999000,19.017231
3505.481000,19.012165
3505.963000,19.009767
3506.445000,19.008575
3506.927000,19.007125
3507.409000,19.006096
3507.891000,19.005218
3508.373000,19.002142
3508.855000,19.000778
3509.337000,18.998898
3509.819000,18.997915
3510.301000,18.994598
3510.783000,18.992505
3511.265000,18.990036
3511.747000,18.988673
3512.229000,18.987839
3512.711000,18.986225
3513.193000,18.988792
3513.675000,18.989214
3514.157000,18.991254
3514.639000,18.996332
3515.121000,19.001249
3515.603000,19.008151
3516.085000,19.014219
3516.567000,19.021349
3517.049000,19.026135
3517.531000,19.033381
3518.013000,19.037979
3518.495000,19.043743
3518.977000,19.047977
3519.459000,19.049907
3519.941000,19.054924
3520.423000,19.056460
3520.905000,19.059299
3521.387000,19.062762
3521.869000,19.063969
3522.351000,19.067131
3522.833000,19.067656
3523.315000,19.069227
3523.797000,19.068995
3524.279000,19.070149
3524.761000,19.069681
3525.243000,19.069794
3525.725000,19.067969
3526.207000,19.065225
3526.689000,19.062944
3527.171000,19.059807
3527.653000,19.056971
3528.135000,19.054368
3528.617000,19.051998
3529.099000,19.051844
3529.581000,19.048892
3530.063000,19.048784
3530.545000,19.049203
3531.027000,19.049792
3531.509000,19.050869
3531.991000,19.053786
3532.473000,19.056266
3532.955000,19.059189
3533.437000,19.061750
3533.919000,19.068137
3534.401000,19.074517
3534.883000,19.080633
3535.365000,19.085324
3535.847000,19.089806
3536.329000,19.094409
3536.811000,19.098292
3537.293000,19.100572
3537.775000,19.101800
3538.257000,19.103254
3538.739000,19.104054
3539.221000,19.103517
3539.703000,19.101251
3540.185000,19.099963
3540.667000,19.101487
3541.149000,19.100261
3541.631000,19.099851
3542.113000,19.099374
3542.595000,19.102779
3543.077000,19.104749
3543.559000,19.107524
3544.041000,19.110066
3544.523000,19.110348
3545.005000,19.113315
3545.487000,19.117062
3545.969000,19.121146
3546.451000,19.122998
3546.933000,19.128535
3547.415000,19.133790
3547.897000,19.140550
3548.379000,19.148052
3548.861000,19.154967
3549.343000,19.163068
3549.825000,19.166366
3550.307000,19.171261
3550.789000,19.171697
3551.271000,19.172274
3551.753000,19.173706
3552.235000,19.174385
3552.717000,19.174443
3553.199000,19.174182
3553.681000,19.175422
3554.163000,19.176243
3554.645000,19.178807
3555.127000,19.178987
3555.609000,19.181185
3556.091000,19.181929
3556.573000,19.184416
3557.055000,19.187782
3557.537000,19.189823
3558.019000,19.196659
3558.501000,19.200003
3558.983000,19.207226
3559.465000,19.213590
3559.947000,19.218440
3560.429000,19.223656
3560.911000,19.230153
3561.393000,19.233706
3561.875000,19.238604
3562.357000,19.245917
3562.839000,19.250335
3563.321000,19.261343
3563.803000,19.271798
3564.285000,19.280453
3564.767000,19.293362
3565.249000,19.299273
3565.731000,19.308877
3566.213000,19.311927
3566.695000,19.313601
3567.177000,19.315706
3567.659000,19.314225
3568.141000,19.308738
3568.623000,19.307174
3569.105000,19.302065
3569.587000,19.297168
3570.069000,19.298554
3570.551000,19.297965
3571.033000,19.296712
3571.515000,19.300120
3571.997000,19.301337
3572.479000,19.306912
3572.961000,19.307945
3573.443000,19.309058
3573.925000,19.310850
3574.407000,19.312188
3574.889000,19.311723
3575.371000,19.313931
3575.853000,19.312842
3576.335000,19.311605
3576.817000,19.310736
3577.299000,19.308955
3577.781000,19.308275
3578.263000,19.311088
3578.745000,19.314370
3579.227000,19.319547
3579.709000,19.322969
3580.191000,19.326061
3580.673000,19.332021
3581.155000,19.337832
3581.637000,19.343257
3582.119000,19.350377
3582.601000,19.354711
3583.083000,19.358162
3583.565000,19.359954
3584.047000,19.363587
3584.529000,19.365614
3585.011000,19.368929
3585.493000,19.372075
3585.975000,19.374217
3586.457000,19.374169
3586.939000,19.372848
3587.421000,19.374315
3587.903000,19.374249
3588.385000,19.377455
3588.867000,19.380718
3589.349000,19.387794
3589.831000,19.396852
3590.313000,19.402775
3590.795000,19.413102
3591.277000,19.422536
3591.759000,19.432187
3592.241000,19.439575
3592.723000,19.444643
3593.205000,19.447511
3593.687000,19.447920
3594.169000,19.449348
3594.651000,19.447855
3595.133000,19.448287
3595.615000,19.446411
3596.097000,19.447809
3596.579000,19.447733
3597.061000,19.444405
3597.543000,19.444086
3598.025000,19.446229
3598.507000,19.447111
3598.989000,19.448795
3599.471000,19.450747
3599.953000,19.451975
3600.435000,19.453505
3600.917000,19.455871
3601.399000,19.460031
3601.881000,19.462963
3602.363000,19.465551
3602.845000,19.470743
3603.327000,19.472662
3603.809000,19.474523
3604.291000,19.475495
3604.773000,19.481011
3605.255000,19.481802
3605.737000,19.484464
3606.219000,19.487195
3606.701000,19.491252
3607.183000,19.495020
3607.665000,19.500730
3608.147000,19.510533
3608.629000,19.517323
3609.111000,19.528326
3609.593000,19.538840
3610.075000,19.549388
3610.557000,19.562677
3611.039000,19.573053
3611.521000,19.583785
3612.003000,19.588169
3612.485000,19.591990
3612.967000,19.596746
3613.449000,19.598144
3613.931000,19.596618
3614.413000,19.594345
3614.895000,19.589329
3615.377000,19.581003
3615.859000,19.573661
3616.341000,19.563412
3616.823000,19.556325
3617.305000,19.550056
3617.787000,19.541930
3618.269000,19.532577
3618.751000,19.521888
3619.233000,19.515550
3619.715000,19.510853
3620.197000,19.507201
3620.679000,19.504370
3621.161000,19.501670
3621.643000,19.500092
3622.125000,19.499079
3622.607000,19.500550
3623.089000,19.502365
3623.571000,19.505011
3624.053000,19.508683
3624.535000,19.509735
3625.017000,19.509622
3625.499000,19.507260
3625.981000,19.505837
3626.463000,19.500024
3626.945000,19.494159
3627.427000,19.485972
3627.909000,19.479186
3628.391000,19.471511
3628.873000,19.466056
3629.355000,19.463477
3629.837000,19.464912
3630.319000,19.467172
3630.801000,19.474003
3631.283000,19.481826
3631.765000,19.488305
3632.247000,19.495308
3632.729000,19.503260
3633.211000,19.510031
3633.693000,19.516717
3634.175000,19.522865
3634.657000,19.527493
3635.139000,19.529764
3635.621000,19.533844
3636.103000,19.537420
3636.585000,19.542766
3637.067000,19.546018
3637.549000,19.550790
3638.031000,19.555813
3638.513000,19.560051
3638.995000,19.567074
3639.477000,19.575171
3639.959000,19.582912
3640.441000,19.591216
3640.923000,19.598742
3641.405000,19.606034
3641.887000,19.614524
3642.369000,19.622738
3642.851000,19.631811
3643.333000,19.642279
3643.815000,19.652870
3644.297000,19.663301
3644.779000,19.673746
3645.261000,19.686583
3645.743000,19.696475
3646.225000,19.705690
3646.707000,19.709027
3647.189000,19.706826
3647.671000,19.698425
3648.153000,19.683874
3648.635000,19.663858
3649.117000,19.639867
3649.599000,19.616831
3650.081000,19.597749
3650.563000,19.579128
3651.045000,19.565857
3651.527000,19.556554
3652.009000,19.555442
3652.491000,19.557964
3652.973000,19.564987
3653.455000,19.569728
3653.937000,19.572235
3654.419000,19.575531
3654.901000,19.573836
3655.383000,19.570402
3655.865000,19.566129
3656.347000,19.562124
3656.829000,19.559801
3657.311000,19.554792
3657.793000,19.550777
3658.275000,19.545569
3658.757000,19.541989
3659.239000,19.539991
3659.721000,19.536866
3660.203000,19.533268
3660.685000,19.531154
3661.167000,19.531293
3661.649000,19.528658
3662.131000,19.526705
3662.613000,19.524921
3663.095000,19.523308
3663.577000,19.521924
3664.059000,19.519488
3664.541000,19.517503
3665.023000,19.516363
3665.505000,19.516065
3665.987000,19.515184
3666.469000,19.514782
3666.951000,19.515835
3667.433000,19.518841
3667.915000,19.521292
3668.397000,19.522947
3668.879000,19.526287
3669.361000,19.530757
3669.843000,19.536360
3670.325000,19.542209
3670.807000,19.548301
3671.289000,19.555387
3671.771000,19.561576
3672.253000,19.568243
3672.735000,19.572556
3673.217000,19.576647
3673.699000,19.577041
3674.181000,19.574772
3674.663000,19.567793
3675.145000,19.558308
3675.627000,19.547810
3676.109000,19.536926
3676.591000,19.525462
3677.073000,19.513920
3677.555000,19.502786
3678.037000,19.490780
3678.519000,19.483613
3679.001000,19.478586
3679.483000,19.474997
3679.965000,19.468986
3680.447000,19.464066
3680.929000,19.457564
3681.411000,19.451846
3681.893000,19.444797
3682.375000,19.437355
3682.857000,19.433133
3683.339000,19.426501
3683.821000,19.421091
3684.303000,19.416768
3684.785000,19.412487
3685.267000,19.413916
3685.749000,19.415024
3686.231000,19.417252
3686.713000,19.419058
3687.195000,19.422592
3687.677000,19.426067
3688.159000,19.429087
3688.641000,19.429284
3689.123000,19.429187
3689.605000,19.427514
3690.087000,19.421922
3690.569000,19.417200
3691.051000,19.410785
3691.533000,19.405023
3692.015000,19.399280
3692.497000,19.393245
3692.979000,19.388957
3693.461000,19.384596
3693.943000,19.381324
3694.425000,19.378539
3694.907000,19.373981
3695.389000,19.370843
3695.871000,19.365946
3696.353000,19.360831
3696.835000,19.357707
3697.317000,19.354137
3697.799000,19.350095
3698.281000,19.347235
3698.763000,19.343638
3699.245000,19.340042
3699.727000,19.334898
3700.209000,19.329001
3700.691000,19.324123
3701.173000,19.316167
3701.655000,19.310644
3702.137000,19.303737
3702.619000,19.296963
3703.101000,19.294301
3703.583000,19.291834
3704.065000,19.289978
3704.547000,19.292168
3705.029000,19.294731
3705.511000,19.299423
3705.993000,19.304436
3706.475000,19.308562
3706.957000,19.316477
3707.439000,19.327089
3707.921000,19.333925
3708.403000,19.342290
3708.885000,19.345236
3709.367000,19.347200
3709.849000,19.344970
3710.331000,19.336807
3710.813000,19.328821
3711.295000,19.319631
3711.777000,19.307950
3712.259000,19.297251
3712.741000,19.289150
3713.223000,19.282908
3713.705000,19.280522
3714.187000,19.280135
3714.669000,19.277035
3715.151000,19.278102
3715.633000,19.276133
3716.115000,19.274784
3716.597000,19.269798
3717.079000,19.265540
3717.561000,19.261723
3718.043000,19.259275
3718.525000,19.254588
3719.007000,19.250680
3719.489000,19.249443
3719.971000,19.250684
3720.453000,19.250609
3720.935000,19.251443
3721.417000,19.253037
3721.899000,19.252770
3722.381000,19.251396
3722.863000,19.249646
3723.345000,19.244790
3723.827000,19.238248
3724.309000,19.228551
3724.791000,19.220097
3725.273000,19.208979
3725.755000,19.199530
3726.237000,19.193603
3726.719000,19.191260
3727.201000,19.188520
3727.683000,19.190599
3728.165000,19.194174
3728.647000,19.199115
3729.129000,19.208758
3729.611000,19.218151
3730.093000,19.229457
3730.575000,19.244368
3731.057000,19.260551
3731.539000,19.278046
3732.021000,19.298023
3732.503000,19.314545
3732.985000,19.330913
3733.467000,19.344316
3733.949000,19.353578
3734.431000,19.359488
3734.913000,19.360769
3735.395000,19.358345
3735.877000,19.354461
3736.359000,19.349895
3736.841000,19.344651
3737.323000,19.338746
3737.805000,19.334108
3738.287000,19.327351
3738.769000,19.319713
3739.251000,19.306702
3739.733000,19.293341
3740.215000,19.278855
3740.697000,19.263670
3741.179000,19.248273
3741.661000,19.233285
3742.143000,19.219773
3742.625000,19.211751
3743.107000,19.207300
3743.589000,19.206811
3744.071000,19.212236
3744.553000,19.223373
3745.035000,19.232948
3745.517000,19.242839
3745.999000,19.252475
3746.481000,19.262447
3746.963000,19.270603
3747.445000,19.275310
3747.927000,19.274920
3748.409000,19.270287
3748.891000,19.263225
3749.373000,19.255262
3749.855000,19.246131
3750.337000,19.237949
3750.819000,19.231715
3751.301000,19.228741
3751.783000,19.229678
3752.265000,19.234682
3752.747000,19.243062
3753.229000,19.253734
3753.711000,19.264183
3754.193000,19.273663
3754.675000,19.282031
3755.157000,19.290371
3755.639000,19.295063
3756.121000,19.295580
3756.603000,19.291227
3757.085000,19.284102
3757.567000,19.277072
3758.049000,19.269664
3758.531000,19.263021
3759.013000,19.255689
3759.495000,19.248966
3759.977000,19.243175
3760.459000,19.239550
3760.941000,19.237252
3761.423000,19.236177
3761.905000,19.237391
3762.387000,19.238664
3762.869000,19.242342
3763.351000,19.246570
3763.833000,19.250082
3764.315000,19.254114
3764.797000,19.258556
3765.279000,19.263245
3765.761000,19.266705
3766.243000,19.268564
3766.725000,19.267794
3767.207000,19.266052
3767.689000,19.259872
3768.171000,19.250832
3768.653000,19.241806
3769.135000,19.232681
3769.617000,19.224311
3770.099000,19.212115
3770.581000,19.199465
3771.063000,19.190537
3771.545000,19.184373
3772.027000,19.180182
3772.509000,19.175695
3772.991000,19.174447
3773.473000,19.174512
3773.955000,19.176458
3774.437000,19.180078
3774.919000,19.183940
3775.401000,19.190668
3775.883000,19.199453
3776.365000,19.207707
3776.847000,19.214873
3777.329000,19.222729
3777.811000,19.231032
3778.293000,19.237982
3778.775000,19.242492
3779.257000,19.243790
3779.739000,19.247169
3780.221000,19.248034
3780.703000,19.249374
3781.185000,19.249363
3781.667000,19.248154
3782.149000,19.248053
3782.631000,19.248699
3783.113000,19.248813
3783.595000,19.250856
3784.077000,19.251107
3784.559000,19.251643
3785.041000,19.252248
3785.523000,19.251736
3786.005000,19.250914
3786.487000,19.251433
3786.969000,19.251702
3787.451000,19.251998
3787.933000,19.250044
3788.415000,19.249536
3788.897000,19.248099
3789.379000,19.247922
3789.861000,19.248922
3790.343000,19.251712
3790.825000,19.254367
3791.307000,19.259088
3791.789000,19.263673
3792.271000,19.269255
3792.753000,19.276019
3793.235000,19.283690
3793.717000,19.291679
3794.199000,19.298974
3794.681000,19.305444
3795.163000,19.312311
3795.645000,19.317138
3796.127000,19.322175
3796.609000,19.326016
3797.091000,19.327120
3797.573000,19.326899
3798.055000,19.326167
3798.537000,19.323199
3799.019000,19.320968
3799.501000,19.316030
3799.983000,19.312012
3800.465000,19.309654
3800.947000,19.307902
3801.429000,19.308397
3801.911000,19.312016
3802.393000,19.317206
3802.875000,19.323133
3803.357000,19.329057
3803.839000,19.333926
3804.321000,19.336800
3804.803000,19.340423
3805.285000,19.342466
3805.767000,19.343589
3806.249000,19.342237
3806.731000,19.341628
3807.213000,19.341547
3807.695000,19.341210
3808.177000,19.341927
3808.659000,19.343893
3809.141000,19.346084
3809.623000,19.347602
3810.105000,19.348594
3810.587000,19.349468
3811.069000,19.350362
3811.551000,19.354585
3812.033000,19.356888
3812.515000,19.361485
3812.997000,19.366260
3813.479000,19.373886
3813.961000,19.385069
3814.443000,19.398299
3814.925000,19.412342
3815.407000,19.426614
3815.889000,19.440233
3816.371000,19.452923
3816.853000,19.464605
3817.335000,19.473282
3817.817000,19.477971
3818.299000,19.478484
3818.781000,19.474665
3819.263000,19.469569
3819.745000,19.461070
3820.227000,19.453346
3820.709000,19.450592
3821.191000,19.448065
3821.673000,19.446595
3822.155000,19.447734
3822.637000,19.453502
3823.119000,19.458893
3823.601000,19.466881
3824.083000,19.472846
3824.565000,19.478660
3825.047000,19.483248
3825.529000,19.485358
3826.011000,19.486619
3826.493000,19.486351
3826.975000,19.488459
3827.457000,19.493960
3827.939000,19.499063
3828.421000,19.506069
3828.903000,19.515007
3829.385000,19.525603
3829.867000,19.533456
3830.349000,19.544518
3830.831000,19.554997
3831.313000,19.564865
3831.795000,19.571954
3832.277000,19.577557
3832.759000,19.582705
3833.241000,19.586842
3833.723000,19.592190
3834.205000,19.597596
3834.687000,19.603702
3835.169000,19.608871
3835.651000,19.612962
3836.133000,19.617959
3836.615000,19.621923
3837.097000,19.624298
3837.579000,19.625229
3838.061000,19.622890
3838.543000,19.618501
3839.025000,19.612566
3839.507000,19.605122
3839.989000,19.600774
3840.471000,19.593745
3840.953000,19.586348
3841.435000,19.581555
3841.917000,19.577675
3842.399000,19.573097
3842.881000,19.573436
3843.363000,19.574164
3843.845000,19.574759
3844.327000,19.576599
3844.809000,19.577633
3845.291000,19.579465
3845.773000,19.581327
3846.255000,19.585408
3846.737000,19.587615
3847.219000,19.583999
3847.701000,19.582114
3848.183000,19.578519
3848.665000,19.570648
3849.147000,19.558844
3849.629000,19.547967
3850.111000,19.535095
3850.593000,19.521972
3851.075000,19.509407
3851.557000,19.493441
3852.039000,19.482598
3852.521000,19.476355
3853.003000,19.476964
3853.485000,19.482634
3853.967000,19.495495
3854.449000,19.512786
3854.931000,19.531891
3855.413000,19.554625
3855.895000,19.577670
3856.377000,19.601092
3856.859000,19.621078
3857.341000,19.638316
3857.823000,19.651568
3858.305000,19.660092
3858.787000,19.668886
3859.269000,19.675010
3859.751000,19.679563
3860.233000,19.682953
3860.715000,19.684958
3861.197000,19.685775
3861.679000,19.687911
3862.161000,19.689322
3862.643000,19.688605
3863.125000,19.687692
3863.607000,19.687436
3864.089000,19.687441
3864.571000,19.689967
3865.053000,19.694230
3865.535000,19.696754
3866.017000,19.698957
3866.499000,19.702329
3866.981000,19.706687
3867.463000,19.712315
3867.945000,19.720159
3868.427000,19.724516
3868.909000,19.727772
3869.391000,19.730629
3869.873000,19.732778
3870.355000,19.735904
3870.837000,19.735227
3871.319000,19.735800
3871.801000,19.734321
3872.283000,19.729262
3872.765000,19.724933
3873.247000,19.721108
3873.729000,19.717525
3874.211000,19.714552
3874.693000,19.713136
3875.175000,19.709942
3875.657000,19.708815
3876.139000,19.708382
3876.621000,19.708263
3877.103000,19.709789
3877.585000,19.709569
3878.067000,19.709131
3878.549000,19.707482
3879.031000,19.704842
3879.513000,19.702900
3879.995000,19.698860
3880.477000,19.696777
3880.959000,19.694173
3881.441000,19.690735
3881.923000,19.686421
3882.405000,19.681679
3882.887000,19.677900
3883.369000,19.674556
3883.851000,19.670010
3884.333000,19.664094
3884.815000,19.659080
3885.297000,19.657334
3885.779000,19.656803
3886.261000,19.658905
3886.743000,19.662391
3887.225000,19.667804
3887.707000,19.672619
3888.189000,19.678101
3888.671000,19.683408
3889.153000,19.687398
3889.635000,19.693695
3890.117000,19.695416
3890.599000,19.694475
3891.081000,19.691557
3891.563000,19.691263
3892.045000,19.689969
3892.527000,19.689243
3893.009000,19.688639
3893.491000,19.686513
3893.973000,19.685506
3894.455000,19.684695
3894.937000,19.685131
3895.419000,19.685709
3895.901000,19.687305
3896.383000,19.689963
3896.865000,19.690186
3897.347000,19.692871
3897.829000,19.696878
3898.311000,19.705727
3898.793000,19.711419
3899.275000,19.718324
3899.757000,19.723577
3900.239000,19.727407
3900.721000,19.732278
3901.203000,19.734080
3901.685000,19.732177
3902.167000,19.729524
3902.649000,19.724466
3903.131000,19.714907
3903.613000,19.705156
3904.095000,19.696037
3904.577000,19.690229
3905.059000,19.686174
3905.541000,19.680728
3906.023000,19.678808
3906.505000,19.677192
3906.987000,19.678128
3907.469000,19.678804
3907.951000,19.678383
3908.433000,19.676903
3908.915000,19.678152
3909.397000,19.676001
3909.879000,19.671076
3910.361000,19.666453
3910.843000,19.663742
3911.325000,19.665613
3911.807000,19.666682
3912.289000,19.666504
3912.771000,19.669772
3913.253000,19.671004
3913.735000,19.672553
3914.217000,19.672669
3914.699000,19.673732
3915.181000,19.674729
3915.663000,19.675270
3916.145000,19.671699
3916.627000,19.666952
3917.109000,19.662016
3917.591000,19.658624
3918.073000,19.658096
3918.555000,19.655121
3919.037000,19.652064
3919.519000,19.650498
3920.001000,19.647588
3920.483000,19.643484
3920.965000,19.641421
3921.447000,19.642314
3921.929000,19.642865
3922.411000,19.641407
3922.893000,19.638079
3923.375000,19.636441
3923.857000,19.636167
3924.339000,19.638109
3924.821000,19.640195
3925.303000,19.641739
3925.785000,19.644136
3926.267000,19.644944
3926.749000,19.645259
3927.231000,19.644807
3927.713000,19.644880
3928.195000,19.644127
3928.677000,19.638813
3929.159000,19.631285
3929.641000,19.622845
3930.123000,19.615374
3930.605000,19.607079
3931.087000,19.599537
3931.569000,19.589931
3932.051000,19.581592
3932.533000,19.574962
3933.015000,19.569114
3933.497000,19.564656
3933.979000,19.561861
3934.461000,19.559176
3934.943000,19.557680
3935.425000,19.555494
3935.907000,19.555453
3936.389000,19.554524
3936.871000,19.555985
3937.353000,19.558360
3937.835000,19.561923
3938.317000,19.564490
3938.799000,19.568003
3939.281000,19.572247
3939.763000,19.576174
3940.245000,19.579391
3940.727000,19.581130
3941.209000,19.581825
3941.691000,19.581943
3942.173000,19.579540
3942.655000,19.576760
3943.137000,19.571695
3943.619000,19.568494
3944.101000,19.564332
3944.583000,19.559432
3945.065000,19.553954
3945.547000,19.548691
3946.029000,19.543802
3946.511000,19.540087
3946.993000,19.536555
3947.475000,19.532450
3947.957000,19.528792
3948.439000,19.527604
3948.921000,19.526167
3949.403000,19.524577
3949.885000,19.523334
3950.367000,19.523383
3950.849000,19.522354
3951.331000,19.519265
3951.813000,19.517200
3952.295000,19.515883
3952.777000,19.513545
3953.259000,19.510561
3953.741000,19.507552
3954.223000,19.504489
3954.705000,19.502313
3955.187000,19.501469
3955.669000,19.502193
3956.151000,19.500847
3956.633000,19.499651
3957.115000,19.500862
3957.597000,19.498422
3958.079000,19.495445
3958.561000,19.493527
3959.043000,19.490887
3959.525000,19.486441
3960.007000,19.481065
3960.489000,19.475642
3960.971000,19.469677
3961.453000,19.463665
3961.935000,19.458055
3962.417000,19.453597
3962.899000,19.447503
3963.381000,19.443268
3963.863000,19.440541
3964.345000,19.435791
3964.827000,19.430982
3965.309000,19.425775
3965.791000,19.420825
3966.273000,19.415243
3966.755000,19.409219
3967.237000,19.403206
3967.719000,19.397724
3968.201000,19.393108
3968.683000,19.389210
3969.165000,19.385811
3969.647000,19.385463
3970.129000,19.385310
3970.611000,19.386677
3971.093000,19.389740
3971.575000,19.392002
3972.057000,19.394628
3972.539000,19.397453
3973.021000,19.398741
3973.503000,19.400436
3973.985000,19.402633
3974.467000,19.403538
3974.949000,19.402397
3975.431000,19.401935
3975.913000,19.399666
3976.395000,19.395977
3976.877000,19.392459
3977.359000,19.389038
3977.841000,19.385742
3978.323000,19.380463
3978.805000,19.374518
3979.287000,19.369730
3979.769000,19.364059
3980.251000,19.360441
3980.733000,19.356188
3981.215000,19.350250
3981.697000,19.344658
3982.179000,19.340646
3982.661000,19.336469
3983.143000,19.334019
3983.625000,19.335691
3984.107000,19.334868
3984.589000,19.335787
3985.071000,19.336931
3985.553000,19.338961
3986.035000,19.343031
3986.517000,19.345757
3986.999000,19.348456
3987.481000,19.346766
3987.963000,19.345526
3988.445000,19.341993
3988.927000,19.337859
3989.409000,19.336030
3989.891000,19.336123
3990.373000,19.335794
3990.855000,19.335903
3991.337000,19.336620
3991.819000,19.337798
3992.301000,19.339167
3992.783000,19.339092
3993.265000,19.338538
3993.747000,19.336486
3994.229000,19.332504
3994.711000,19.329853
3995.193000,19.323162
3995.675000,19.316425
3996.157000,19.310294
3996.639000,19.304932
3997.121000,19.299783
3997.603000,19.295172
3998.085000,19.291116
3998.567000,19.287731
3999.049000,19.285129
3999.531000,19.283426
4000.013000,19.282734
4000.495000,19.283169
