wavenumber_cm-1,reflectance_%
1556.755000,15.578347
1557.237000,15.590216
1557.719000,15.604722
1558.201000,15.621122
1558.683000,15.638675
1559.165000,15.656638
1559.647000,15.674269
1560.129000,15.690826
1560.611000,15.703965
1561.093000,15.713339
1561.575000,15.719933
1562.057000,15.722104
1562.539000,15.724965
1563.021000,15.731525
1563.503000,15.737432
1563.985000,15.745086
1564.467000,15.755852
1564.949000,15.767900
1565.431000,15.779390
1565.913000,15.792325
1566.395000,15.808499
1566.877000,15.823775
1567.359000,15.839701
1567.841000,15.858162
1568.323000,15.879548
1568.805000,15.902838
1569.287000,15.927384
1569.769000,15.953704
1570.251000,15.977551
1570.733000,16.000174
1571.215000,16.022500
1571.697000,16.041150
1572.179000,16.057342
1572.661000,16.075052
1573.143000,16.091354
1573.625000,16.107938
1574.107000,16.128918
1574.589000,16.152024
1575.071000,16.178579
1575.553000,16.205241
1576.035000,16.232779
1576.517000,16.259026
1576.999000,16.284395
1577.481000,16.308914
1577.963000,16.331720
1578.445000,16.350702
1578.927000,16.367640
1579.409000,16.383336
1579.891000,16.395540
1580.373000,16.409188
1580.855000,16.422399
1581.337000,16.436418
1581.819000,16.451204
1582.301000,16.461720
1582.783000,16.475233
1583.265000,16.487030
1583.747000,16.500778
1584.229000,16.515176
1584.711000,16.529595
1585.193000,16.543800
1585.675000,16.555290
1586.157000,16.566895
1586.639000,16.576736
1587.121000,16.585905
1587.603000,16.592477
1588.085000,16.599984
1588.567000,16.606833
1589.049000,16.609161
1589.531000,16.613137
1590.013000,16.614464
1590.495000,16.619086
1590.977000,16.624316
1591.459000,16.629010
1591.941000,16.632634
1592.423000,16.636484
1592.905000,16.642385
1593.387000,16.648357
1593.869000,16.653363
1594.351000,16.657171
1594.833000,16.659843
1595.315000,16.663721
1595.797000,16.664379
1596.279000,16.664297
1596.761000,16.663482
1597.243000,16.661423
1597.725000,16.658351
1598.207000,16.654198
1598.689000,16.651023
1599.171000,16.650280
1599.653000,16.651974
1600.135000,16.653428
1600.617000,16.654991
1601.099000,16.655585
1601.581000,16.655797
1602.063000,16.657082
1602.545000,16.656424
1603.027000,16.654891
1603.509000,16.652090
1603.991000,16.648457
1604.473000,16.647801
1604.955000,16.645128
1605.437000,16.641386
1605.919000,16.635036
1606.401000,16.631556
1606.883000,16.627634
1607.365000,16.623054
1607.847000,16.617666
1608.329000,16.611161
1608.811000,16.604599
1609.293000,16.596923
1609.775000,16.591528
1610.257000,16.584986
1610.739000,16.582308
1611.221000,16.576601
1611.703000,16.568777
1612.185000,16.560782
1612.667000,16.552400
1613.149000,16.545760
1613.631000,16.539060
1614.113000,16.530943
1614.595000,16.522530
1615.077000,16.513660
1615.559000,16.505971
1616.041000,16.498245
1616.523000,16.492414
1617.005000,16.485426
1617.487000,16.481597
1617.969000,16.475682
1618.451000,16.471607
1618.933000,16.468108
1619.415000,16.463969
1619.897000,16.458868
1620.379000,16.454479
1620.861000,16.450095
1621.343000,16.445619
1621.825000,16.442025
1622.307000,16.438644
1622.789000,16.434919
1623.271000,16.430789
1623.753000,16.427914
1624.235000,16.425398
1624.717000,16.421919
1625.199000,16.417346
1625.681000,16.413179
1626.163000,16.408858
1626.645000,16.404281
1627.127000,16.399287
1627.609000,16.395381
1628.091000,16.392280
1628.573000,16.387777
1629.055000,16.383576
1629.537000,16.379394
1630.019000,16.375845
1630.501000,16.374311
1630.983000,16.371423
1631.465000,16.368771
1631.947000,16.366423
1632.429000,16.364114
1632.911000,16.360179
1633.393000,16.356780
1633.875000,16.349984
1634.357000,16.345936
1634.839000,16.337385
1635.321000,16.330104
1635.803000,16.321619
1636.285000,16.314285
1636.767000,16.305705
1637.249000,16.299244
1637.731000,16.292618
1638.213000,16.286367
1638.695000,16.279643
1639.177000,16.276179
1639.659000,16.269803
1640.141000,16.262344
1640.623000,16.253551
1641.105000,16.246643
1641.587000,16.236203
1642.069000,16.231262
1642.551000,16.223883
1643.033000,16.217858
1643.515000,16.208272
1643.997000,16.200267
1644.479000,16.191600
1644.961000,16.182118
1645.443000,16.172007
1645.925000,16.164513
1646.407000,16.151870
1646.889000,16.139507
1647.371000,16.128024
1647.853000,16.116814
1648.335000,16.107250
1648.817000,16.100676
1649.299000,16.095267
1649.781000,16.090028
1650.263000,16.083172
1650.745000,16.076456
1651.227000,16.069825
1651.709000,16.063187
1652.191000,16.057233
1652.673000,16.050691
1653.155000,16.042400
1653.637000,16.034835
1654.119000,16.026874
1654.601000,16.018400
1655.083000,16.010408
1655.565000,16.002950
1656.047000,15.996390
1656.529000,15.989099
1657.011000,15.980595
1657.493000,15.973163
1657.975000,15.965327
1658.457000,15.957540
1658.939000,15.949835
1659.421000,15.940852
1659.903000,15.932015
1660.385000,15.922423
1660.867000,15.911876
1661.349000,15.902742
1661.831000,15.892250
1662.313000,15.881063
1662.795000,15.869339
1663.277000,15.857243
1663.759000,15.844514
1664.241000,15.835300
1664.723000,15.824413
1665.205000,15.813958
1665.687000,15.802730
1666.169000,15.791806
1666.651000,15.781298
1667.133000,15.771378
1667.615000,15.763321
1668.097000,15.755179
1668.579000,15.744706
1669.061000,15.734072
1669.543000,15.722876
1670.025000,15.713076
1670.507000,15.703862
1670.989000,15.696183
1671.471000,15.686312
1671.953000,15.676127
1672.435000,15.665017
1672.917000,15.655659
1673.399000,15.647387
1673.881000,15.640358
1674.363000,15.632780
1674.845000,15.623819
1675.327000,15.615008
1675.809000,15.607488
1676.291000,15.600126
1676.773000,15.593652
1677.255000,15.587442
1677.737000,15.579862
1678.219000,15.571568
1678.701000,15.563091
1679.183000,15.554058
1679.665000,15.545270
1680.147000,15.536306
1680.629000,15.528383
1681.111000,15.519018
1681.593000,15.509774
1682.075000,15.500662
1682.557000,15.493602
1683.039000,15.486217
1683.521000,15.479130
1684.003000,15.472601
1684.485000,15.465445
1684.967000,15.458629
1685.449000,15.452545
1685.931000,15.444767
1686.413000,15.436690
1686.895000,15.429135
1687.377000,15.421737
1687.859000,15.411864
1688.341000,15.402470
1688.823000,15.392508
1689.305000,15.383759
1689.787000,15.374701
1690.269000,15.364869
1690.751000,15.356331
1691.233000,15.352177
1691.715000,15.346221
1692.197000,15.341658
1692.679000,15.335594
1693.161000,15.331138
1693.643000,15.326552
1694.125000,15.321856
1694.607000,15.314436
1695.089000,15.308379
1695.571000,15.301796
1696.053000,15.296677
1696.535000,15.290926
1697.017000,15.285732
1697.499000,15.282480
1697.981000,15.281070
1698.463000,15.275860
1698.945000,15.271272
1699.427000,15.265487
1699.909000,15.261073
1700.391000,15.255674
1700.873000,15.248186
1701.355000,15.238332
1701.837000,15.230204
1702.319000,15.223196
1702.801000,15.215888
1703.283000,15.210558
1703.765000,15.206659
1704.247000,15.204469
1704.729000,15.202938
1705.211000,15.202531
1705.693000,15.202365
1706.175000,15.202218
1706.657000,15.205510
1707.139000,15.206149
1707.621000,15.205780
1708.103000,15.205551
1708.585000,15.205104
1709.067000,15.203093
1709.549000,15.199385
1710.031000,15.197877
1710.513000,15.194118
1710.995000,15.190312
1711.477000,15.186073
1711.959000,15.182535
1712.441000,15.178691
1712.923000,15.173771
1713.405000,15.174381
1713.887000,15.173580
1714.369000,15.175927
1714.851000,15.179420
1715.333000,15.185131
1715.815000,15.188617
1716.297000,15.194868
1716.779000,15.202166
1717.261000,15.207732
1717.743000,15.212800
1718.225000,15.214861
1718.707000,15.216628
1719.189000,15.217810
1719.671000,15.215634
1720.153000,15.215506
1720.635000,15.213734
1721.117000,15.214174
1721.599000,15.215099
1722.081000,15.216211
1722.563000,15.217627
1723.045000,15.220358
1723.527000,15.222534
1724.009000,15.224545
1724.491000,15.226854
1724.973000,15.228939
1725.455000,15.233565
1725.937000,15.237927
1726.419000,15.241421
1726.901000,15.245585
1727.383000,15.250661
1727.865000,15.256248
1728.347000,15.260042
1728.829000,15.263713
1729.311000,15.268201
1729.793000,15.271135
1730.275000,15.273549
1730.757000,15.277542
1731.239000,15.283708
1731.721000,15.290018
1732.203000,15.298450
1732.685000,15.307554
1733.167000,15.318297
1733.649000,15.330257
1734.131000,15.342941
1734.613000,15.353776
1735.095000,15.364429
1735.577000,15.374952
1736.059000,15.385122
1736.541000,15.395217
1737.023000,15.403627
1737.505000,15.410701
1737.987000,15.418492
1738.469000,15.425318
1738.951000,15.432643
1739.433000,15.440127
1739.915000,15.447708
1740.397000,15.455702
1740.879000,15.462987
1741.361000,15.468065
1741.843000,15.474793
1742.325000,15.482186
1742.807000,15.489710
1743.289000,15.495664
1743.771000,15.501751
1744.253000,15.505715
1744.735000,15.512775
1745.217000,15.519028
1745.699000,15.527117
1746.181000,15.537681
1746.663000,15.549872
1747.145000,15.563653
1747.627000,15.578664
1748.109000,15.595700
1748.591000,15.614182
1749.073000,15.633418
1749.555000,15.650799
1750.037000,15.666551
1750.519000,15.681188
1751.001000,15.694460
1751.483000,15.707330
1751.965000,15.717575
1752.447000,15.726794
1752.929000,15.737278
1753.411000,15.748879
1753.893000,15.760571
1754.375000,15.772258
1754.857000,15.786108
1755.339000,15.798895
1755.821000,15.812731
1756.303000,15.825798
1756.785000,15.838464
1757.267000,15.851557
1757.749000,15.866081
1758.231000,15.878843
1758.713000,15.891582
1759.195000,15.905159
1759.677000,15.919946
1760.159000,15.935884
1760.641000,15.951169
1761.123000,15.966817
1761.605000,15.983129
1762.087000,15.997150
1762.569000,16.010460
1763.051000,16.022640
1763.533000,16.035281
1764.015000,16.047417
1764.497000,16.060819
1764.979000,16.074170
1765.461000,16.087520
1765.943000,16.101646
1766.425000,16.113298
1766.907000,16.126502
1767.389000,16.139848
1767.871000,16.151886
1768.353000,16.164577
1768.835000,16.175892
1769.317000,16.190172
1769.799000,16.205496
1770.281000,16.223216
1770.763000,16.242630
1771.245000,16.266319
1771.727000,16.288608
1772.209000,16.309342
1772.691000,16.332121
1773.173000,16.351409
1773.655000,16.370796
1774.137000,16.387633
1774.619000,16.398582
1775.101000,16.411159
1775.583000,16.420003
1776.065000,16.429012
1776.547000,16.436214
1777.029000,16.444975
1777.511000,16.456643
1777.993000,16.469452
1778.475000,16.481530
1778.957000,16.493065
1779.439000,16.507649
1779.921000,16.520329
1780.403000,16.534771
1780.885000,16.546737
1781.367000,16.557838
1781.849000,16.572535
1782.331000,16.585917
1782.813000,16.598457
1783.295000,16.612013
1783.777000,16.626779
1784.259000,16.641925
1784.741000,16.655348
1785.223000,16.667293
1785.705000,16.676922
1786.187000,16.687150
1786.669000,16.696433
1787.151000,16.705253
1787.633000,16.713393
1788.115000,16.724812
1788.597000,16.738978
1789.079000,16.753640
1789.561000,16.768771
1790.043000,16.786882
1790.525000,16.805487
1791.007000,16.823359
1791.489000,16.841971
1791.971000,16.860856
1792.453000,16.879572
1792.935000,16.896715
1793.417000,16.912200
1793.899000,16.925081
1794.381000,16.936585
1794.863000,16.947668
1795.345000,16.957836
1795.827000,16.966458
1796.309000,16.974182
1796.791000,16.982193
1797.273000,16.987019
1797.755000,16.994092
1798.237000,17.003594
1798.719000,17.013215
1799.201000,17.024867
1799.683000,17.035498
1800.165000,17.048949
1800.647000,17.061560
1801.129000,17.073028
1801.611000,17.083711
1802.093000,17.096448
1802.575000,17.106439
1803.057000,17.117714
1803.539000,17.126968
1804.021000,17.133134
1804.503000,17.143151
1804.985000,17.150866
1805.467000,17.157175
1805.949000,17.166554
1806.431000,17.174336
1806.913000,17.185387
1807.395000,17.195039
1807.877000,17.204529
1808.359000,17.213297
1808.841000,17.224011
1809.323000,17.235246
1809.805000,17.249520
1810.287000,17.261695
1810.769000,17.273126
1811.251000,17.284588
1811.733000,17.294052
1812.215000,17.302811
1812.697000,17.312333
1813.179000,17.320506
1813.661000,17.330008
1814.143000,17.338231
1814.625000,17.344083
1815.107000,17.348399
1815.589000,17.354134
1816.071000,17.360925
1816.553000,17.367695
1817.035000,17.373914
1817.517000,17.379767
1817.999000,17.385068
1818.481000,17.390815
1818.963000,17.395390
1819.445000,17.401069
1819.927000,17.409454
1820.409000,17.417232
1820.891000,17.422867
1821.373000,17.429128
1821.855000,17.435232
1822.337000,17.440020
1822.819000,17.442947
1823.301000,17.448333
1823.783000,17.453771
1824.265000,17.458783
1824.747000,17.462652
1825.229000,17.465565
1825.711000,17.470420
1826.193000,17.476935
1826.675000,17.483782
1827.157000,17.488024
1827.639000,17.491679
1828.121000,17.497918
1828.603000,17.503075
1829.085000,17.505879
1829.567000,17.509609
1830.049000,17.514208
1830.531000,17.516638
1831.013000,17.518398
1831.495000,17.520652
1831.977000,17.522362
1832.459000,17.523214
1832.941000,17.522024
1833.423000,17.519829
1833.905000,17.519021
1834.387000,17.519466
1834.869000,17.522409
1835.351000,17.523942
1835.833000,17.524573
1836.315000,17.524079
1836.797000,17.522164
1837.279000,17.519031
1837.761000,17.516247
1838.243000,17.514537
1838.725000,17.510265
1839.207000,17.503062
1839.689000,17.498360
1840.171000,17.494762
1840.653000,17.494086
1841.135000,17.493964
1841.617000,17.496461
1842.099000,17.497586
1842.581000,17.500065
1843.063000,17.501835
1843.545000,17.504989
1844.027000,17.508882
1844.509000,17.512227
1844.991000,17.517199
1845.473000,17.518910
1845.955000,17.518206
1846.437000,17.519694
1846.919000,17.519656
1847.401000,17.518372
1847.883000,17.513068
1848.365000,17.508074
1848.847000,17.502508
1849.329000,17.498403
1849.811000,17.492515
1850.293000,17.486870
1850.775000,17.483340
1851.257000,17.477052
1851.739000,17.474250
1852.221000,17.467220
1852.703000,17.461261
1853.185000,17.458339
1853.667000,17.452862
1854.149000,17.447724
1854.631000,17.440883
1855.113000,17.434921
1855.595000,17.430824
1856.077000,17.424380
1856.559000,17.417813
1857.041000,17.411491
1857.523000,17.406869
1858.005000,17.399196
1858.487000,17.394289
1858.969000,17.384936
1859.451000,17.378990
1859.933000,17.372100
1860.415000,17.365049
1860.897000,17.361493
1861.379000,17.356111
1861.861000,17.350446
1862.343000,17.344602
1862.825000,17.338187
1863.307000,17.333935
1863.789000,17.329820
1864.271000,17.327143
1864.753000,17.322496
1865.235000,17.318166
1865.717000,17.311978
1866.199000,17.306058
1866.681000,17.298464
1867.163000,17.291893
1867.645000,17.285921
1868.127000,17.276380
1868.609000,17.267564
1869.091000,17.258280
1869.573000,17.248893
1870.055000,17.240359
1870.537000,17.233148
1871.019000,17.225290
1871.501000,17.215083
1871.983000,17.205586
1872.465000,17.195028
1872.947000,17.184845
1873.429000,17.174618
1873.911000,17.165621
1874.393000,17.158093
1874.875000,17.148565
1875.357000,17.142678
1875.839000,17.136315
1876.321000,17.129463
1876.803000,17.123576
1877.285000,17.117032
1877.767000,17.108378
1878.249000,17.097788
1878.731000,17.088803
1879.213000,17.077429
1879.695000,17.066537
1880.177000,17.055010
1880.659000,17.045012
1881.141000,17.036236
1881.623000,17.027633
1882.105000,17.020012
1882.587000,17.013104
1883.069000,17.006560
1883.551000,16.998617
1884.033000,16.989988
1884.515000,16.981827
1884.997000,16.973596
1885.479000,16.964592
1885.961000,16.953659
1886.443000,16.943886
1886.925000,16.933336
1887.407000,16.922329
1887.889000,16.913289
1888.371000,16.903161
1888.853000,16.892900
1889.335000,16.882990
1889.817000,16.871489
1890.299000,16.860030
1890.781000,16.850047
1891.263000,16.839972
1891.745000,16.829534
1892.227000,16.817739
1892.709000,16.806718
1893.191000,16.795594
1893.673000,16.782736
1894.155000,16.771933
1894.637000,16.762231
1895.119000,16.752775
1895.601000,16.744813
1896.083000,16.736229
1896.565000,16.727454
1897.047000,16.719995
1897.529000,16.713790
1898.011000,16.705191
1898.493000,16.696934
1898.975000,16.687766
1899.457000,16.676838
1899.939000,16.663891
1900.421000,16.650916
1900.903000,16.639393
1901.385000,16.628309
1901.867000,16.618865
1902.349000,16.609816
1902.831000,16.601019
1903.313000,16.592827
1903.795000,16.585189
1904.277000,16.577731
1904.759000,16.570194
1905.241000,16.561693
1905.723000,16.551950
1906.205000,16.540339
1906.687000,16.528826
1907.169000,16.517901
1907.651000,16.508181
1908.133000,16.500967
1908.615000,16.495543
1909.097000,16.490816
1909.579000,16.486422
1910.061000,16.481095
1910.543000,16.474895
1911.025000,16.468391
1911.507000,16.461770
1911.989000,16.452262
1912.471000,16.442254
1912.953000,16.432446
1913.435000,16.423709
1913.917000,16.414292
1914.399000,16.407788
1914.881000,16.401266
1915.363000,16.394719
1915.845000,16.386782
1916.327000,16.379291
1916.809000,16.369714
1917.291000,16.359944
1917.773000,16.349811
1918.255000,16.339486
1918.737000,16.329724
1919.219000,16.320818
1919.701000,16.312504
1920.183000,16.306640
1920.665000,16.299988
1921.147000,16.294222
1921.629000,16.285499
1922.111000,16.276804
1922.593000,16.269168
1923.075000,16.261029
1923.557000,16.251030
1924.039000,16.241362
1924.521000,16.232233
1925.003000,16.224851
1925.485000,16.218512
1925.967000,16.211636
1926.449000,16.205940
1926.931000,16.200907
1927.413000,16.194039
1927.895000,16.187096
1928.377000,16.179919
1928.859000,16.174410
1929.341000,16.169807
1929.823000,16.163908
1930.305000,16.158984
1930.787000,16.154987
1931.269000,16.151860
1931.751000,16.149852
1932.233000,16.148937
1932.715000,16.146780
1933.197000,16.144845
1933.679000,16.141503
1934.161000,16.139329
1934.643000,16.136823
1935.125000,16.132812
1935.607000,16.130327
1936.089000,16.126024
1936.571000,16.121047
1937.053000,16.116511
1937.535000,16.111385
1938.017000,16.108599
1938.499000,16.104199
1938.981000,16.101006
1939.463000,16.096363
1939.945000,16.091341
1940.427000,16.087464
1940.909000,16.085755
1941.391000,16.082866
1941.873000,16.079941
1942.355000,16.078970
1942.837000,16.075752
1943.319000,16.073317
1943.801000,16.072258
1944.283000,16.070485
1944.765000,16.071014
1945.247000,16.070238
1945.729000,16.068492
1946.211000,16.066839
1946.693000,16.065041
1947.175000,16.064002
1947.657000,16.061949
1948.139000,16.059634
1948.621000,16.058578
1949.103000,16.057410
1949.585000,16.054335
1950.067000,16.053592
1950.549000,16.053067
1951.031000,16.051866
1951.513000,16.052893
1951.995000,16.055819
1952.477000,16.056094
1952.959000,16.058692
1953.441000,16.060386
1953.923000,16.062604
1954.405000,16.062565
1954.887000,16.064932
1955.369000,16.068774
1955.851000,16.072804
1956.333000,16.076478
1956.815000,16.081410
1957.297000,16.084596
1957.779000,16.087808
1958.261000,16.090774
1958.743000,16.095043
1959.225000,16.096509
1959.707000,16.098557
1960.189000,16.100052
1960.671000,16.101492
1961.153000,16.101592
1961.635000,16.103967
1962.117000,16.107032
1962.599000,16.110720
1963.081000,16.114662
1963.563000,16.119803
1964.045000,16.124359
1964.527000,16.127394
1965.009000,16.131497
1965.491000,16.136429
1965.973000,16.138949
1966.455000,16.141439
1966.937000,16.143751
1967.419000,16.147437
1967.901000,16.152496
1968.383000,16.158505
1968.865000,16.164886
1969.347000,16.171625
1969.829000,16.179256
1970.311000,16.188324
1970.793000,16.196142
1971.275000,16.203286
1971.757000,16.211735
1972.239000,16.217896
1972.721000,16.222416
1973.203000,16.227666
1973.685000,16.233390
1974.167000,16.240859
1974.649000,16.248498
1975.131000,16.256863
1975.613000,16.263272
1976.095000,16.269392
1976.577000,16.277048
1977.059000,16.284570
1977.541000,16.290697
1978.023000,16.295791
1978.505000,16.300464
1978.987000,16.304452
1979.469000,16.307887
1979.951000,16.312485
1980.433000,16.315749
1980.915000,16.320537
1981.397000,16.325259
1981.879000,16.331189
1982.361000,16.337090
1982.843000,16.344754
1983.325000,16.353439
1983.807000,16.363662
1984.289000,16.374034
1984.771000,16.386171
1985.253000,16.399104
1985.735000,16.412561
1986.217000,16.424448
1986.699000,16.436195
1987.181000,16.446996
1987.663000,16.459143
1988.145000,16.471615
1988.627000,16.484775
1989.109000,16.497557
1989.591000,16.508669
1990.073000,16.519396
1990.555000,16.532287
1991.037000,16.544626
1991.519000,16.557184
1992.001000,16.568317
1992.483000,16.577949
1992.965000,16.585724
1993.447000,16.593577
1993.929000,16.600704
1994.411000,16.606570
1994.893000,16.613242
1995.375000,16.619998
1995.857000,16.626246
1996.339000,16.631035
1996.821000,16.637987
1997.303000,16.645989
1997.785000,16.653596
1998.267000,16.661947
1998.749000,16.671571
1999.231000,16.681727
1999.713000,16.694636
2000.195000,16.709246
2000.677000,16.722322
2001.159000,16.736315
2001.641000,16.750977
2002.123000,16.766326
2002.605000,16.780983
2003.087000,16.794795
2003.569000,16.807473
2004.051000,16.818544
2004.533000,16.827434
2005.015000,16.836415
2005.497000,16.845557
2005.979000,16.855755
2006.461000,16.867375
2006.943000,16.878298
2007.425000,16.887663
2007.907000,16.898812
2008.389000,16.909567
2008.871000,16.921463
2009.353000,16.933868
2009.835000,16.946096
2010.317000,16.955641
2010.799000,16.965756
2011.281000,16.974933
2011.763000,16.985496
2012.245000,16.996285
2012.727000,17.006326
2013.209000,17.016828
2013.691000,17.025849
2014.173000,17.035129
2014.655000,17.047050
2015.137000,17.059432
2015.619000,17.071335
2016.101000,17.084179
2016.583000,17.096220
2017.065000,17.107501
2017.547000,17.120398
2018.029000,17.132632
2018.511000,17.144371
2018.993000,17.156002
2019.475000,17.167801
2019.957000,17.180013
2020.439000,17.192044
2020.921000,17.203703
2021.403000,17.217143
2021.885000,17.229700
2022.367000,17.240432
2022.849000,17.251530
2023.331000,17.262124
2023.813000,17.272963
2024.295000,17.283023
2024.777000,17.291769
2025.259000,17.301031
2025.741000,17.311077
2026.223000,17.322174
2026.705000,17.332290
2027.187000,17.342154
2027.669000,17.352448
2028.151000,17.363523
2028.633000,17.374797
2029.115000,17.385174
2029.597000,17.394949
2030.079000,17.404154
2030.561000,17.414278
2031.043000,17.424490
2031.525000,17.434072
2032.007000,17.445297
2032.489000,17.455048
2032.971000,17.463742
2033.453000,17.472174
2033.935000,17.481026
2034.417000,17.491543
2034.899000,17.499955
2035.381000,17.509742
2035.863000,17.518803
2036.345000,17.527794
2036.827000,17.537537
2037.309000,17.548790
2037.791000,17.559953
2038.273000,17.569906
2038.755000,17.580542
2039.237000,17.589247
2039.719000,17.597742
2040.201000,17.607170
2040.683000,17.616584
2041.165000,17.623886
2041.647000,17.631050
2042.129000,17.640025
2042.611000,17.649497
2043.093000,17.659237
2043.575000,17.667642
2044.057000,17.676008
2044.539000,17.684667
2045.021000,17.692437
2045.503000,17.700072
2045.985000,17.707016
2046.467000,17.713805
2046.949000,17.720029
2047.431000,17.726436
2047.913000,17.731425
2048.395000,17.737709
2048.877000,17.743595
2049.359000,17.750168
2049.841000,17.755253
2050.323000,17.760115
2050.805000,17.766202
2051.287000,17.771284
2051.769000,17.776297
2052.251000,17.782007
2052.733000,17.787207
2053.215000,17.793965
2053.697000,17.801651
2054.179000,17.809862
2054.661000,17.816984
2055.143000,17.824129
2055.625000,17.831895
2056.107000,17.840303
2056.589000,17.847338
2057.071000,17.854545
2057.553000,17.858983
2058.035000,17.862822
2058.517000,17.866271
2058.999000,17.869918
2059.481000,17.872407
2059.963000,17.875634
2060.445000,17.878208
2060.927000,17.880731
2061.409000,17.882839
2061.891000,17.885826
2062.373000,17.890287
2062.855000,17.895370
2063.337000,17.900951
2063.819000,17.906874
2064.301000,17.911697
2064.783000,17.918256
2065.265000,17.923375
2065.747000,17.928836
2066.229000,17.933427
2066.711000,17.938100
2067.193000,17.942689
2067.675000,17.946918
2068.157000,17.949931
2068.639000,17.951398
2069.121000,17.954050
2069.603000,17.955850
2070.085000,17.958889
2070.567000,17.961396
2071.049000,17.962796
2071.531000,17.963012
2072.013000,17.962631
2072.495000,17.962964
2072.977000,17.964103
2073.459000,17.965354
2073.941000,17.967024
2074.423000,17.969259
2074.905000,17.971355
2075.387000,17.972377
2075.869000,17.974964
2076.351000,17.976278
2076.833000,17.979343
2077.315000,17.982396
2077.797000,17.983257
2078.279000,17.981865
2078.761000,17.981543
2079.243000,17.981774
2079.725000,17.980341
2080.207000,17.977553
2080.689000,17.975034
2081.171000,17.975627
2081.653000,17.974922
2082.135000,17.973571
2082.617000,17.973568
2083.099000,17.972232
2083.581000,17.971649
2084.063000,17.971343
2084.545000,17.967806
2085.027000,17.965341
2085.509000,17.963360
2085.991000,17.961612
2086.473000,17.958017
2086.955000,17.955289
2087.437000,17.954711
2087.919000,17.955632
2088.401000,17.955044
2088.883000,17.953344
2089.365000,17.952054
2089.847000,17.950135
2090.329000,17.948614
2090.811000,17.947460
2091.293000,17.942676
2091.775000,17.938219
2092.257000,17.934020
2092.739000,17.929252
2093.221000,17.926192
2093.703000,17.924315
2094.185000,17.922440
2094.667000,17.921001
2095.149000,17.918396
2095.631000,17.914123
2096.113000,17.912004
2096.595000,17.910924
2097.077000,17.908295
2097.559000,17.904180
2098.041000,17.898501
2098.523000,17.891929
2099.005000,17.887052
2099.487000,17.881177
2099.969000,17.876819
2100.451000,17.871101
2100.933000,17.864755
2101.415000,17.859804
2101.897000,17.853975
2102.379000,17.847948
2102.861000,17.843522
2103.343000,17.838412
2103.825000,17.832417
2104.307000,17.827993
2104.789000,17.823766
2105.271000,17.818015
2105.753000,17.813967
2106.235000,17.808563
2106.717000,17.802591
2107.199000,17.796923
2107.681000,17.790603
2108.163000,17.784424
2108.645000,17.778388
2109.127000,17.772034
2109.609000,17.767209
2110.091000,17.761615
2110.573000,17.757114
2111.055000,17.752223
2111.537000,17.746294
2112.019000,17.740445
2112.501000,17.735088
2112.983000,17.727454
2113.465000,17.719186
2113.947000,17.710362
2114.429000,17.700649
2114.911000,17.692394
2115.393000,17.683675
2115.875000,17.675389
2116.357000,17.669040
2116.839000,17.661674
2117.321000,17.654107
2117.803000,17.647136
2118.285000,17.640014
2118.767000,17.632295
2119.249000,17.624590
2119.731000,17.615641
2120.213000,17.607553
2120.695000,17.600134
2121.177000,17.592410
2121.659000,17.585893
2122.141000,17.578256
2122.623000,17.571869
2123.105000,17.565873
2123.587000,17.558717
2124.069000,17.551767
2124.551000,17.546634
2125.033000,17.540106
2125.515000,17.533879
2125.997000,17.528524
2126.479000,17.522915
2126.961000,17.517718
2127.443000,17.511567
2127.925000,17.504424
2128.407000,17.495684
2128.889000,17.485667
2129.371000,17.475481
2129.853000,17.463847
2130.335000,17.451767
2130.817000,17.441439
2131.299000,17.432415
2131.781000,17.422248
2132.263000,17.412641
2132.745000,17.403522
2133.227000,17.394572
2133.709000,17.386142
2134.191000,17.378556
2134.673000,17.370362
2135.155000,17.361033
2135.637000,17.352410
2136.119000,17.343504
2136.601000,17.333563
2137.083000,17.324273
2137.565000,17.316633
2138.047000,17.307590
2138.529000,17.297032
2139.011000,17.287037
2139.493000,17.277668
2139.975000,17.269709
2140.457000,17.261034
2140.939000,17.252732
2141.421000,17.244817
2141.903000,17.237219
2142.385000,17.230375
2142.867000,17.223264
2143.349000,17.215559
2143.831000,17.207608
2144.313000,17.200024
2144.795000,17.190970
2145.277000,17.182301
2145.759000,17.173357
2146.241000,17.165068
2146.723000,17.156965
2147.205000,17.147769
2147.687000,17.140283
2148.169000,17.134078
2148.651000,17.127057
2149.133000,17.120579
2149.615000,17.115019
2150.097000,17.108486
2150.579000,17.101843
2151.061000,17.096254
2151.543000,17.091254
2152.025000,17.086201
2152.507000,17.080437
2152.989000,17.074138
2153.471000,17.066447
2153.953000,17.059004
2154.435000,17.052009
2154.917000,17.043338
2155.399000,17.033033
2155.881000,17.022778
2156.363000,17.013232
2156.845000,17.003227
2157.327000,16.994516
2157.809000,16.988206
2158.291000,16.981984
2158.773000,16.974896
2159.255000,16.969222
2159.737000,16.962480
2160.219000,16.954888
2160.701000,16.947624
2161.183000,16.940009
2161.665000,16.932277
2162.147000,16.924657
2162.629000,16.917314
2163.111000,16.910993
2163.593000,16.905952
2164.075000,16.900659
2164.557000,16.895577
2165.039000,16.889088
2165.521000,16.882303
2166.003000,16.875347
2166.485000,16.867713
2166.967000,16.859073
2167.449000,16.850111
2167.931000,16.840750
2168.413000,16.833265
2168.895000,16.826486
2169.377000,16.819398
2169.859000,16.814326
2170.341000,16.810611
2170.823000,16.805415
2171.305000,16.802633
2171.787000,16.801551
2172.269000,16.799403
2172.751000,16.797082
2173.233000,16.796651
2173.715000,16.794356
2174.197000,16.791107
2174.679000,16.788015
2175.161000,16.784737
2175.643000,16.779953
2176.125000,16.773352
2176.607000,16.768337
2177.089000,16.762185
2177.571000,16.755057
2178.053000,16.749541
2178.535000,16.742677
2179.017000,16.736227
2179.499000,16.731157
2179.981000,16.726050
2180.463000,16.720390
2180.945000,16.715402
2181.427000,16.712046
2181.909000,16.710647
2182.391000,16.709174
2182.873000,16.707132
2183.355000,16.707249
2183.837000,16.705660
2184.319000,16.702959
2184.801000,16.700028
2185.283000,16.697211
2185.765000,16.694677
2186.247000,16.692300
2186.729000,16.687667
2187.211000,16.684381
2187.693000,16.680673
2188.175000,16.678756
2188.657000,16.678680
2189.139000,16.676812
2189.621000,16.673515
2190.103000,16.672523
2190.585000,16.670580
2191.067000,16.667900
2191.549000,16.666539
2192.031000,16.666205
2192.513000,16.665128
2192.995000,16.664089
2193.477000,16.662570
2193.959000,16.662913
2194.441000,16.663059
2194.923000,16.663973
2195.405000,16.665912
2195.887000,16.666675
2196.369000,16.666514
2196.851000,16.667705
2197.333000,16.669322
2197.815000,16.669203
2198.297000,16.668960
2198.779000,16.669322
2199.261000,16.669683
2199.743000,16.668849
2200.225000,16.668631
2200.707000,16.668091
2201.189000,16.666369
2201.671000,16.664436
2202.153000,16.664198
2202.635000,16.662441
2203.117000,16.660753
2203.599000,16.660482
2204.081000,16.660524
2204.563000,16.659413
2205.045000,16.660351
2205.527000,16.662525
2206.009000,16.666997
2206.491000,16.670406
2206.973000,16.672957
2207.455000,16.674953
2207.937000,16.678636
2208.419000,16.681785
2208.901000,16.684838
2209.383000,16.687848
2209.865000,16.692073
2210.347000,16.695530
2210.829000,16.698423
2211.311000,16.701343
2211.793000,16.704855
2212.275000,16.708211
2212.757000,16.712355
2213.239000,16.715272
2213.721000,16.717016
2214.203000,16.718903
2214.685000,16.722563
2215.167000,16.725496
2215.649000,16.728655
2216.131000,16.734202
2216.613000,16.739596
2217.095000,16.744007
2217.577000,16.750444
2218.059000,16.756281
2218.541000,16.760056
2219.023000,16.765208
2219.505000,16.769632
2219.987000,16.773215
2220.469000,16.776021
2220.951000,16.779132
2221.433000,16.783123
2221.915000,16.787121
2222.397000,16.791294
2222.879000,16.796516
2223.361000,16.802385
2223.843000,16.808332
2224.325000,16.813917
2224.807000,16.819523
2225.289000,16.824414
2225.771000,16.831081
2226.253000,16.836406
2226.735000,16.841428
2227.217000,16.847095
2227.699000,16.853155
2228.181000,16.859785
2228.663000,16.866655
2229.145000,16.873807
2229.627000,16.880553
2230.109000,16.886029
2230.591000,16.890732
2231.073000,16.894342
2231.555000,16.900437
2232.037000,16.905383
2232.519000,16.911031
2233.001000,16.916646
2233.483000,16.922749
2233.965000,16.929771
2234.447000,16.938581
2234.929000,16.948237
2235.411000,16.957514
2235.893000,16.966733
2236.375000,16.975868
2236.857000,16.983395
2237.339000,16.991876
2237.821000,16.999739
2238.303000,17.008141
2238.785000,17.014349
2239.267000,17.021647
2239.749000,17.028362
2240.231000,17.035637
2240.713000,17.043065
2241.195000,17.051807
2241.677000,17.060931
2242.159000,17.069025
2242.641000,17.078584
2243.123000,17.087883
2243.605000,17.096856
2244.087000,17.107497
2244.569000,17.117542
2245.051000,17.127692
2245.533000,17.136528
2246.015000,17.145946
2246.497000,17.154398
2246.979000,17.164379
2247.461000,17.174490
2247.943000,17.183887
2248.425000,17.193117
2248.907000,17.202520
2249.389000,17.212521
2249.871000,17.221779
2250.353000,17.231511
2250.835000,17.240368
2251.317000,17.247849
2251.799000,17.256358
2252.281000,17.264297
2252.763000,17.271051
2253.245000,17.278318
2253.727000,17.288174
2254.209000,17.297402
2254.691000,17.306259
2255.173000,17.315978
2255.655000,17.326507
2256.137000,17.337089
2256.619000,17.346976
2257.101000,17.355833
2257.583000,17.363913
2258.065000,17.371654
2258.547000,17.380406
2259.029000,17.389097
2259.511000,17.395218
2259.993000,17.402526
2260.475000,17.410736
2260.957000,17.418674
2261.439000,17.427623
2261.921000,17.436466
2262.403000,17.446500
2262.885000,17.456490
2263.367000,17.466328
2263.849000,17.474666
2264.331000,17.484659
2264.813000,17.495249
2265.295000,17.506373
2265.777000,17.516833
2266.259000,17.525604
2266.741000,17.534982
2267.223000,17.543377
2267.705000,17.551472
2268.187000,17.559412
2268.669000,17.567422
2269.151000,17.575257
2269.633000,17.582177
2270.115000,17.588805
2270.597000,17.593121
2271.079000,17.599880
2271.561000,17.607062
2272.043000,17.615515
2272.525000,17.625659
2273.007000,17.635969
2273.489000,17.646475
2273.971000,17.657177
2274.453000,17.668666
2274.935000,17.679106
2275.417000,17.688572
2275.899000,17.697480
2276.381000,17.707292
2276.863000,17.716107
2277.345000,17.724140
2277.827000,17.733579
2278.309000,17.742620
2278.791000,17.752787
2279.273000,17.763560
2279.755000,17.774112
2280.237000,17.784867
2280.719000,17.794459
2281.201000,17.803355
2281.683000,17.810498
2282.165000,17.816763
2282.647000,17.822411
2283.129000,17.829135
2283.611000,17.835190
2284.093000,17.840806
2284.575000,17.846571
2285.057000,17.851336
2285.539000,17.856132
2286.021000,17.861311
2286.503000,17.865642
2286.985000,17.869209
2287.467000,17.872432
2287.949000,17.876959
2288.431000,17.880870
2288.913000,17.885182
2289.395000,17.888574
2289.877000,17.893359
2290.359000,17.898967
2290.841000,17.905605
2291.323000,17.913041
2291.805000,17.920801
2292.287000,17.927818
2292.769000,17.934969
2293.251000,17.941885
2293.733000,17.948815
2294.215000,17.956171
2294.697000,17.964028
2295.179000,17.971624
2295.661000,17.979349
2296.143000,17.985540
2296.625000,17.992210
2297.107000,17.999563
2297.589000,18.005616
2298.071000,18.010022
2298.553000,18.013951
2299.035000,18.017226
2299.517000,18.020544
2299.999000,18.022950
2300.481000,18.024863
2300.963000,18.028172
2301.445000,18.032732
2301.927000,18.037438
2302.409000,18.041902
2302.891000,18.046363
2303.373000,18.051487
2303.855000,18.056189
2304.337000,18.059051
2304.819000,18.062405
2305.301000,18.066875
2305.783000,18.071304
2306.265000,18.074240
2306.747000,18.077081
2307.229000,18.081120
2307.711000,18.086569
2308.193000,18.090341
2308.675000,18.093053
2309.157000,18.095092
2309.639000,18.096355
2310.121000,18.096601
2310.603000,18.097395
2311.085000,18.098062
2311.567000,18.099521
2312.049000,18.101590
2312.531000,18.103117
2313.013000,18.105226
2313.495000,18.107791
2313.977000,18.111465
2314.459000,18.114886
2314.941000,18.118292
2315.423000,18.121813
2315.905000,18.124673
2316.387000,18.126878
2316.869000,18.130952
2317.351000,18.135507
2317.833000,18.138074
2318.315000,18.141029
2318.797000,18.143479
2319.279000,18.146297
2319.761000,18.149658
2320.243000,18.152099
2320.725000,18.153966
2321.207000,18.155403
2321.689000,18.157134
2322.171000,18.157131
2322.653000,18.156480
2323.135000,18.155760
2323.617000,18.156256
2324.099000,18.154806
2324.581000,18.151674
2325.063000,18.149345
2325.545000,18.146209
2326.027000,18.144910
2326.509000,18.141980
2326.991000,18.137663
2327.473000,18.133936
2327.955000,18.129187
2328.437000,18.124751
2328.919000,18.119486
2329.401000,18.115170
2329.883000,18.112319
2330.365000,18.111458
2330.847000,18.112193
2331.329000,18.112805
2331.811000,18.114866
2332.293000,18.118778
2332.775000,18.124856
2333.257000,18.130558
2333.739000,18.135363
2334.221000,18.140359
2334.703000,18.144299
2335.185000,18.147625
2335.667000,18.148064
2336.149000,18.147049
2336.631000,18.144385
2337.113000,18.142199
2337.595000,18.137771
2338.077000,18.130090
2338.559000,18.122029
2339.041000,18.112868
2339.523000,18.102695
2340.005000,18.091708
2340.487000,18.079829
2340.969000,18.069916
2341.451000,18.062054
2341.933000,18.053307
2342.415000,18.045286
2342.897000,18.040523
2343.379000,18.038075
2343.861000,18.039282
2344.343000,18.040176
2344.825000,18.041507
2345.307000,18.044990
2345.789000,18.048179
2346.271000,18.049822
2346.753000,18.051003
2347.235000,18.051965
2347.717000,18.052111
2348.199000,18.049617
2348.681000,18.044847
2349.163000,18.039860
2349.645000,18.036434
2350.127000,18.031533
2350.609000,18.026659
2351.091000,18.021791
2351.573000,18.017513
2352.055000,18.015253
2352.537000,18.011391
2353.019000,18.004426
2353.501000,17.997436
2353.983000,17.989867
2354.465000,17.981063
2354.947000,17.970076
2355.429000,17.958477
2355.911000,17.945747
2356.393000,17.933059
2356.875000,17.919782
2357.357000,17.907496
2357.839000,17.897244
2358.321000,17.889221
2358.803000,17.882864
2359.285000,17.877584
2359.767000,17.874291
2360.249000,17.873277
2360.731000,17.872925
2361.213000,17.872759
2361.695000,17.873142
2362.177000,17.874634
2362.659000,17.875296
2363.141000,17.874990
2363.623000,17.874763
2364.105000,17.874535
2364.587000,17.872904
2365.069000,17.870198
2365.551000,17.867288
2366.033000,17.864487
2366.515000,17.860228
2366.997000,17.853716
2367.479000,17.845749
2367.961000,17.837542
2368.443000,17.830213
2368.925000,17.824159
2369.407000,17.817796
2369.889000,17.811923
2370.371000,17.807647
2370.853000,17.804812
2371.335000,17.802974
2371.817000,17.803659
2372.299000,17.805873
2372.781000,17.808855
2373.263000,17.811754
2373.745000,17.814204
2374.227000,17.816327
2374.709000,17.818670
2375.191000,17.820110
2375.673000,17.820230
2376.155000,17.819137
2376.637000,17.816632
2377.119000,17.812814
2377.601000,17.809132
2378.083000,17.806010
2378.565000,17.801781
2379.047000,17.796077
2379.529000,17.790365
2380.011000,17.784974
2380.493000,17.779235
2380.975000,17.774197
2381.457000,17.768565
2381.939000,17.761871
2382.421000,17.754126
2382.903000,17.746051
2383.385000,17.737018
2383.867000,17.729273
2384.349000,17.722778
2384.831000,17.715164
2385.313000,17.707035
2385.795000,17.700647
2386.277000,17.696100
2386.759000,17.693631
2387.241000,17.690040
2387.723000,17.687320
2388.205000,17.683863
2388.687000,17.680610
2389.169000,17.674896
2389.651000,17.667207
2390.133000,17.659538
2390.615000,17.652461
2391.097000,17.643439
2391.579000,17.633627
2392.061000,17.624537
2392.543000,17.616486
2393.025000,17.609989
2393.507000,17.602986
2393.989000,17.594505
2394.471000,17.587464
2394.953000,17.581061
2395.435000,17.574797
2395.917000,17.568277
2396.399000,17.562828
2396.881000,17.558296
2397.363000,17.553974
2397.845000,17.548665
2398.327000,17.543839
2398.809000,17.537765
2399.291000,17.532728
2399.773000,17.528823
2400.255000,17.523326
2400.737000,17.516303
2401.219000,17.508667
2401.701000,17.501303
2402.183000,17.493638
2402.665000,17.487117
2403.147000,17.480555
2403.629000,17.473846
2404.111000,17.467008
2404.593000,17.459080
2405.075000,17.451863
2405.557000,17.444114
2406.039000,17.437019
2406.521000,17.430776
2407.003000,17.423824
2407.485000,17.416210
2407.967000,17.409993
2408.449000,17.404064
2408.931000,17.397582
2409.413000,17.390141
2409.895000,17.382260
2410.377000,17.374814
2410.859000,17.366793
2411.341000,17.359167
2411.823000,17.352710
2412.305000,17.346286
2412.787000,17.341297
2413.269000,17.336315
2413.751000,17.330877
2414.233000,17.326580
2414.715000,17.323059
2415.197000,17.318109
2415.679000,17.312007
2416.161000,17.305327
2416.643000,17.298278
2417.125000,17.291283
2417.607000,17.285430
2418.089000,17.279519
2418.571000,17.274256
2419.053000,17.271653
2419.535000,17.269329
2420.017000,17.264258
2420.499000,17.259588
2420.981000,17.254698
2421.463000,17.248945
2421.945000,17.242954
2422.427000,17.236334
2422.909000,17.230023
2423.391000,17.222877
2423.873000,17.216860
2424.355000,17.211876
2424.837000,17.207482
2425.319000,17.205253
2425.801000,17.203970
2426.283000,17.201775
2426.765000,17.199071
2427.247000,17.197474
2427.729000,17.195459
2428.211000,17.194052
2428.693000,17.193260
2429.175000,17.190680
2429.657000,17.187915
2430.139000,17.184781
2430.621000,17.181348
2431.103000,17.177320
2431.585000,17.174015
2432.067000,17.170765
2432.549000,17.166828
2433.031000,17.162484
2433.513000,17.159423
2433.995000,17.158043
2434.477000,17.156281
2434.959000,17.154763
2435.441000,17.151972
2435.923000,17.146663
2436.405000,17.142290
2436.887000,17.139148
2437.369000,17.137335
2437.851000,17.136164
2438.333000,17.135358
2438.815000,17.135662
2439.297000,17.135776
2439.779000,17.134772
2440.261000,17.133769
2440.743000,17.132796
2441.225000,17.130575
2441.707000,17.127483
2442.189000,17.123492
2442.671000,17.117924
2443.153000,17.113858
2443.635000,17.112853
2444.117000,17.111826
2444.599000,17.110920
2445.081000,17.111360
2445.563000,17.112038
2446.045000,17.111467
2446.527000,17.109394
2447.009000,17.105852
2447.491000,17.104547
2447.973000,17.103677
2448.455000,17.102105
2448.937000,17.100830
2449.419000,17.097766
2449.901000,17.095849
2450.383000,17.097207
2450.865000,17.097347
2451.347000,17.098617
2451.829000,17.100716
2452.311000,17.100417
2452.793000,17.099378
2453.275000,17.097678
2453.757000,17.096500
2454.239000,17.097733
2454.721000,17.098070
2455.203000,17.098905
2455.685000,17.099913
2456.167000,17.099539
2456.649000,17.101240
2457.131000,17.105365
2457.613000,17.108045
2458.095000,17.111249
2458.577000,17.114296
2459.059000,17.116180
2459.541000,17.119212
2460.023000,17.122514
2460.505000,17.126723
2460.987000,17.131076
2461.469000,17.134947
2461.951000,17.138659
2462.433000,17.140232
2462.915000,17.139438
2463.397000,17.140504
2463.879000,17.141951
2464.361000,17.141266
2464.843000,17.141825
2465.325000,17.142140
2465.807000,17.142640
2466.289000,17.143760
2466.771000,17.142583
2467.253000,17.141373
2467.735000,17.142291
2468.217000,17.143748
2468.699000,17.144875
2469.181000,17.146353
2469.663000,17.148398
2470.145000,17.152389
2470.627000,17.157267
2471.109000,17.160847
2471.591000,17.166964
2472.073000,17.174046
2472.555000,17.181140
2473.037000,17.187865
2473.519000,17.194169
2474.001000,17.202376
2474.483000,17.211043
2474.965000,17.219279
2475.447000,17.226443
2475.929000,17.234577
2476.411000,17.242537
2476.893000,17.249530
2477.375000,17.256021
2477.857000,17.261551
2478.339000,17.267748
2478.821000,17.273610
2479.303000,17.278028
2479.785000,17.281471
2480.267000,17.284414
2480.749000,17.286374
2481.231000,17.287983
2481.713000,17.289472
2482.195000,17.289097
2482.677000,17.289556
2483.159000,17.291718
2483.641000,17.294478
2484.123000,17.299490
2484.605000,17.306112
2485.087000,17.312356
2485.569000,17.319740
2486.051000,17.325825
2486.533000,17.331898
2487.015000,17.339098
2487.497000,17.347380
2487.979000,17.356041
2488.461000,17.362955
2488.943000,17.369179
2489.425000,17.374566
2489.907000,17.380761
2490.389000,17.387186
2490.871000,17.394208
2491.353000,17.400978
2491.835000,17.407010
2492.317000,17.412765
2492.799000,17.417369
2493.281000,17.421542
2493.763000,17.426289
2494.245000,17.431932
2494.727000,17.437613
2495.209000,17.442593
2495.691000,17.447129
2496.173000,17.451197
2496.655000,17.456222
2497.137000,17.461977
2497.619000,17.466928
2498.101000,17.471109
2498.583000,17.476875
2499.065000,17.483444
2499.547000,17.489925
2500.029000,17.496140
2500.511000,17.502992
2500.993000,17.511278
2501.475000,17.520274
2501.957000,17.529029
2502.439000,17.537707
2502.921000,17.546633
2503.403000,17.553430
2503.885000,17.558670
2504.367000,17.563765
2504.849000,17.569091
2505.331000,17.576725
2505.813000,17.583772
2506.295000,17.589882
2506.777000,17.596295
2507.259000,17.603463
2507.741000,17.611775
2508.223000,17.620767
2508.705000,17.629924
2509.187000,17.638565
2509.669000,17.646830
2510.151000,17.652597
2510.633000,17.658400
2511.115000,17.665884
2511.597000,17.673179
2512.079000,17.681057
2512.561000,17.688223
2513.043000,17.695703
2513.525000,17.703701
2514.007000,17.710893
2514.489000,17.715888
2514.971000,17.721267
2515.453000,17.728634
2515.935000,17.736913
2516.417000,17.745176
2516.899000,17.752621
2517.381000,17.760850
2517.863000,17.770317
2518.345000,17.779250
2518.827000,17.787367
2519.309000,17.796234
2519.791000,17.805611
2520.273000,17.813938
2520.755000,17.819434
2521.237000,17.824302
2521.719000,17.830603
2522.201000,17.838131
2522.683000,17.844882
2523.165000,17.850854
2523.647000,17.856837
2524.129000,17.863132
2524.611000,17.869368
2525.093000,17.873936
2525.575000,17.877115
2526.057000,17.883250
2526.539000,17.890050
2527.021000,17.895808
2527.503000,17.901795
2527.985000,17.909643
2528.467000,17.917335
2528.949000,17.925591
2529.431000,17.933961
2529.913000,17.942035
2530.395000,17.950461
2530.877000,17.959018
2531.359000,17.967723
2531.841000,17.975354
2532.323000,17.982175
2532.805000,17.989572
2533.287000,17.996837
2533.769000,18.002556
2534.251000,18.008008
2534.733000,18.013277
2535.215000,18.016680
2535.697000,18.020887
2536.179000,18.023968
2536.661000,18.025752
2537.143000,18.028469
2537.625000,18.032687
2538.107000,18.038553
2538.589000,18.044175
2539.071000,18.050424
2539.553000,18.057633
2540.035000,18.065270
2540.517000,18.072978
2540.999000,18.081081
2541.481000,18.088154
2541.963000,18.095578
2542.445000,18.103634
2542.927000,18.110742
2543.409000,18.116864
2543.891000,18.123235
2544.373000,18.130358
2544.855000,18.137277
2545.337000,18.143340
2545.819000,18.148680
2546.301000,18.155632
2546.783000,18.161975
2547.265000,18.167519
2547.747000,18.172380
2548.229000,18.176669
2548.711000,18.181522
2549.193000,18.184722
2549.675000,18.187629
2550.157000,18.189798
2550.639000,18.192011
2551.121000,18.193973
2551.603000,18.195382
2552.085000,18.196195
2552.567000,18.197975
2553.049000,18.202337
2553.531000,18.205594
2554.013000,18.208243
2554.495000,18.212098
2554.977000,18.217296
2555.459000,18.222118
2555.941000,18.226820
2556.423000,18.233572
2556.905000,18.241127
2557.387000,18.247480
2557.869000,18.251453
2558.351000,18.255085
2558.833000,18.259203
2559.315000,18.265008
2559.797000,18.270449
2560.279000,18.274916
2560.761000,18.279378
2561.243000,18.283700
2561.725000,18.289185
2562.207000,18.294468
2562.689000,18.299746
2563.171000,18.305492
2563.653000,18.310261
2564.135000,18.313113
2564.617000,18.314699
2565.099000,18.316953
2565.581000,18.318655
2566.063000,18.320336
2566.545000,18.321509
2567.027000,18.322492
2567.509000,18.324613
2567.991000,18.326358
2568.473000,18.329100
2568.955000,18.331952
2569.437000,18.334563
2569.919000,18.337239
2570.401000,18.338958
2570.883000,18.339784
2571.365000,18.340279
2571.847000,18.340567
2572.329000,18.341671
2572.811000,18.343143
2573.293000,18.343512
2573.775000,18.344129
2574.257000,18.345806
2574.739000,18.346630
2575.221000,18.346947
2575.703000,18.348022
2576.185000,18.349196
2576.667000,18.350795
2577.149000,18.351230
2577.631000,18.350930
2578.113000,18.351522
2578.595000,18.352678
2579.077000,18.355490
2579.559000,18.358267
2580.041000,18.360058
2580.523000,18.362313
2581.005000,18.365199
2581.487000,18.366514
2581.969000,18.366601
2582.451000,18.366781
2582.933000,18.366838
2583.415000,18.367111
2583.897000,18.367377
2584.379000,18.366865
2584.861000,18.365549
2585.343000,18.366073
2585.825000,18.367789
2586.307000,18.368877
2586.789000,18.368744
2587.271000,18.368455
2587.753000,18.368574
2588.235000,18.366934
2588.717000,18.363576
2589.199000,18.359576
2589.681000,18.356216
2590.163000,18.353500
2590.645000,18.351137
2591.127000,18.347248
2591.609000,18.344010
2592.091000,18.343357
2592.573000,18.342748
2593.055000,18.343001
2593.537000,18.341870
2594.019000,18.342707
2594.501000,18.343323
2594.983000,18.342742
2595.465000,18.339719
2595.947000,18.336990
2596.429000,18.334544
2596.911000,18.331767
2597.393000,18.328572
2597.875000,18.324576
2598.357000,18.321784
2598.839000,18.320263
2599.321000,18.320352
2599.803000,18.320180
2600.285000,18.317599
2600.767000,18.316744
2601.249000,18.314494
2601.731000,18.312167
2602.213000,18.308533
2602.695000,18.306047
2603.177000,18.303991
2603.659000,18.301655
2604.141000,18.298952
2604.623000,18.295819
2605.105000,18.294112
2605.587000,18.293312
2606.069000,18.291679
2606.551000,18.288750
2607.033000,18.284860
2607.515000,18.280700
2607.997000,18.276201
2608.479000,18.271964
2608.961000,18.267694
2609.443000,18.263333
2609.925000,18.258735
2610.407000,18.253773
2610.889000,18.249694
2611.371000,18.245630
2611.853000,18.241960
2612.335000,18.238581
2612.817000,18.233522
2613.299000,18.228586
2613.781000,18.223927
2614.263000,18.218650
2614.745000,18.213074
2615.227000,18.208423
2615.709000,18.205408
2616.191000,18.202783
2616.673000,18.198989
2617.155000,18.196193
2617.637000,18.194317
2618.119000,18.192024
2618.601000,18.189472
2619.083000,18.186961
2619.565000,18.183078
2620.047000,18.180051
2620.529000,18.177322
2621.011000,18.173798
2621.493000,18.170278
2621.975000,18.167795
2622.457000,18.164771
2622.939000,18.160183
2623.421000,18.154532
2623.903000,18.149586
2624.385000,18.142737
2624.867000,18.134646
2625.349000,18.125832
2625.831000,18.117668
2626.313000,18.109609
2626.795000,18.101919
2627.277000,18.095436
2627.759000,18.089168
2628.241000,18.082639
2628.723000,18.077429
2629.205000,18.071951
2629.687000,18.065635
2630.169000,18.060514
2630.651000,18.055173
2631.133000,18.048631
2631.615000,18.042153
2632.097000,18.035572
2632.579000,18.029846
2633.061000,18.025828
2633.543000,18.022882
2634.025000,18.019683
2634.507000,18.015828
2634.989000,18.013066
2635.471000,18.010922
2635.953000,18.007272
2636.435000,18.003045
2636.917000,18.000024
2637.399000,17.996824
2637.881000,17.990806
2638.363000,17.982890
2638.845000,17.973918
2639.327000,17.966026
2639.809000,17.959652
2640.291000,17.952481
2640.773000,17.944111
2641.255000,17.937077
2641.737000,17.930861
2642.219000,17.925633
2642.701000,17.920632
2643.183000,17.917122
2643.665000,17.914780
2644.147000,17.910857
2644.629000,17.904979
2645.111000,17.898361
2645.593000,17.892245
2646.075000,17.885779
2646.557000,17.879178
2647.039000,17.872632
2647.521000,17.867202
2648.003000,17.862904
2648.485000,17.858563
2648.967000,17.854745
2649.449000,17.851657
2649.931000,17.847534
2650.413000,17.842666
2650.895000,17.835358
2651.377000,17.827821
2651.859000,17.820857
2652.341000,17.813340
2652.823000,17.804660
2653.305000,17.797056
2653.787000,17.791058
2654.269000,17.786510
2654.751000,17.781501
2655.233000,17.776376
2655.715000,17.771839
2656.197000,17.768009
2656.679000,17.762505
2657.161000,17.758117
2657.643000,17.753516
2658.125000,17.749819
2658.607000,17.746539
2659.089000,17.742620
2659.571000,17.738048
2660.053000,17.733955
2660.535000,17.730059
2661.017000,17.725134
2661.499000,17.719385
2661.981000,17.714785
2662.463000,17.709736
2662.945000,17.704483
2663.427000,17.699193
2663.909000,17.693753
2664.391000,17.687291
2664.873000,17.681571
2665.355000,17.676093
2665.837000,17.669924
2666.319000,17.661716
2666.801000,17.653092
2667.283000,17.644477
2667.765000,17.636060
2668.247000,17.629453
2668.729000,17.623977
2669.211000,17.618276
2669.693000,17.614095
2670.175000,17.610156
2670.657000,17.606235
2671.139000,17.603553
2671.621000,17.602533
2672.103000,17.600716
2672.585000,17.597753
2673.067000,17.594903
2673.549000,17.593520
2674.031000,17.592231
2674.513000,17.591333
2674.995000,17.591242
2675.477000,17.591097
2675.959000,17.590871
2676.441000,17.589550
2676.923000,17.586088
2677.405000,17.580685
2677.887000,17.574824
2678.369000,17.567596
2678.851000,17.559152
2679.333000,17.550745
2679.815000,17.543495
2680.297000,17.536929
2680.779000,17.530067
2681.261000,17.524927
2681.743000,17.521674
2682.225000,17.519410
2682.707000,17.517651
2683.189000,17.515528
2683.671000,17.514110
2684.153000,17.513233
2684.635000,17.511644
2685.117000,17.508737
2685.599000,17.506236
2686.081000,17.503579
2686.563000,17.502542
2687.045000,17.501968
2687.527000,17.501237
2688.009000,17.499910
2688.491000,17.498499
2688.973000,17.496894
2689.455000,17.495066
2689.937000,17.493096
2690.419000,17.490504
2690.901000,17.486613
2691.383000,17.481335
2691.865000,17.475575
2692.347000,17.470753
2692.829000,17.466878
2693.311000,17.464784
2693.793000,17.462783
2694.275000,17.460665
2694.757000,17.458268
2695.239000,17.456290
2695.721000,17.454708
2696.203000,17.452631
2696.685000,17.451114
2697.167000,17.449647
2697.649000,17.448219
2698.131000,17.446534
2698.613000,17.445233
2699.095000,17.444922
2699.577000,17.445218
2700.059000,17.446029
2700.541000,17.447833
2701.023000,17.449926
2701.505000,17.451727
2701.987000,17.454035
2702.469000,17.455885
2702.951000,17.456070
2703.433000,17.456548
2703.915000,17.456340
2704.397000,17.455762
2704.879000,17.455017
2705.361000,17.455145
2705.843000,17.454807
2706.325000,17.454861
2706.807000,17.455425
2707.289000,17.456362
2707.771000,17.456797
2708.253000,17.457250
2708.735000,17.457370
2709.217000,17.456879
2709.699000,17.456255
2710.181000,17.455676
2710.663000,17.455428
2711.145000,17.456111
2711.627000,17.456564
2712.109000,17.457615
2712.591000,17.459292
2713.073000,17.462163
2713.555000,17.465306
2714.037000,17.466247
2714.519000,17.465995
2715.001000,17.464315
2715.483000,17.463056
2715.965000,17.463244
2716.447000,17.461870
2716.929000,17.459106
2717.411000,17.456934
2717.893000,17.455540
2718.375000,17.454996
2718.857000,17.456637
2719.339000,17.459870
2719.821000,17.462936
2720.303000,17.466662
2720.785000,17.469007
2721.267000,17.473318
2721.749000,17.477438
2722.231000,17.481640
2722.713000,17.485846
2723.195000,17.489366
2723.677000,17.495040
2724.159000,17.501464
2724.641000,17.506307
2725.123000,17.510443
2725.605000,17.514906
2726.087000,17.518621
2726.569000,17.521671
2727.051000,17.525079
2727.533000,17.527995
2728.015000,17.530737
2728.497000,17.531336
2728.979000,17.531647
2729.461000,17.533880
2729.943000,17.537623
2730.425000,17.542164
2730.907000,17.545838
2731.389000,17.548203
2731.871000,17.551653
2732.353000,17.555197
2732.835000,17.558131
2733.317000,17.561714
2733.799000,17.564916
2734.281000,17.567549
2734.763000,17.569937
2735.245000,17.572417
2735.727000,17.575037
2736.209000,17.578313
2736.691000,17.581636
2737.173000,17.584316
2737.655000,17.587944
2738.137000,17.591826
2738.619000,17.595903
2739.101000,17.599352
2739.583000,17.603627
2740.065000,17.607788
2740.547000,17.611773
2741.029000,17.614752
2741.511000,17.618483
2741.993000,17.621485
2742.475000,17.624795
2742.957000,17.628515
2743.439000,17.631829
2743.921000,17.634306
2744.403000,17.637681
2744.885000,17.641076
2745.367000,17.643626
2745.849000,17.647123
2746.331000,17.652082
2746.813000,17.656927
2747.295000,17.662114
2747.777000,17.666925
2748.259000,17.672737
2748.741000,17.678106
2749.223000,17.683611
2749.705000,17.689096
2750.187000,17.694713
2750.669000,17.700391
2751.151000,17.705124
2751.633000,17.709131
2752.115000,17.712331
2752.597000,17.717490
2753.079000,17.723867
2753.561000,17.729705
2754.043000,17.736307
2754.525000,17.742485
2755.007000,17.748449
2755.489000,17.753032
2755.971000,17.757879
2756.453000,17.763065
2756.935000,17.767920
2757.417000,17.772298
2757.899000,17.775525
2758.381000,17.779731
2758.863000,17.783916
2759.345000,17.789484
2759.827000,17.795523
2760.309000,17.801295
2760.791000,17.807857
2761.273000,17.814090
2761.755000,17.818670
2762.237000,17.823412
2762.719000,17.829811
2763.201000,17.835208
2763.683000,17.839934
2764.165000,17.845885
2764.647000,17.851788
2765.129000,17.858113
2765.611000,17.864150
2766.093000,17.872040
2766.575000,17.880392
2767.057000,17.888907
2767.539000,17.897722
2768.021000,17.905934
2768.503000,17.912813
2768.985000,17.920881
2769.467000,17.928563
2769.949000,17.933408
2770.431000,17.937580
2770.913000,17.942232
2771.395000,17.946605
2771.877000,17.951672
2772.359000,17.956213
2772.841000,17.961855
2773.323000,17.969560
2773.805000,17.975741
2774.287000,17.980800
2774.769000,17.986856
2775.251000,17.993865
2775.733000,18.001977
2776.215000,18.008124
2776.697000,18.012973
2777.179000,18.017452
2777.661000,18.022496
2778.143000,18.027642
2778.625000,18.031203
2779.107000,18.034907
2779.589000,18.039861
2780.071000,18.045652
2780.553000,18.048855
2781.035000,18.052393
2781.517000,18.057070
2781.999000,18.061191
2782.481000,18.065996
2782.963000,18.069877
2783.445000,18.074128
2783.927000,18.077659
2784.409000,18.081180
2784.891000,18.084448
2785.373000,18.088452
2785.855000,18.093518
2786.337000,18.098718
2786.819000,18.104564
2787.301000,18.109563
2787.783000,18.115047
2788.265000,18.119895
2788.747000,18.123294
2789.229000,18.127376
2789.711000,18.132678
2790.193000,18.137819
2790.675000,18.142117
2791.157000,18.146417
2791.639000,18.152474
2792.121000,18.159044
2792.603000,18.164875
2793.085000,18.171818
2793.567000,18.178967
2794.049000,18.185775
2794.531000,18.191846
2795.013000,18.196626
2795.495000,18.199527
2795.977000,18.202839
2796.459000,18.206157
2796.941000,18.208189
2797.423000,18.209839
2797.905000,18.211757
2798.387000,18.213863
2798.869000,18.216275
2799.351000,18.219687
2799.833000,18.224448
2800.315000,18.231244
2800.797000,18.238140
2801.279000,18.242576
2801.761000,18.248316
2802.243000,18.253958
2802.725000,18.257740
2803.207000,18.261083
2803.689000,18.263540
2804.171000,18.267392
2804.653000,18.270038
2805.135000,18.270202
2805.617000,18.271016
2806.099000,18.272518
2806.581000,18.275313
2807.063000,18.279624
2807.545000,18.283544
2808.027000,18.287878
2808.509000,18.293211
2808.991000,18.298562
2809.473000,18.303595
2809.955000,18.309171
2810.437000,18.315349
2810.919000,18.322413
2811.401000,18.327322
2811.883000,18.330185
2812.365000,18.332672
2812.847000,18.335249
2813.329000,18.337888
2813.811000,18.340750
2814.293000,18.343600
2814.775000,18.346166
2815.257000,18.347451
2815.739000,18.349698
2816.221000,18.351801
2816.703000,18.353529
2817.185000,18.356008
2817.667000,18.358098
2818.149000,18.359895
2818.631000,18.362416
2819.113000,18.365303
2819.595000,18.369448
2820.077000,18.373418
2820.559000,18.377531
2821.041000,18.381414
2821.523000,18.385151
2822.005000,18.387524
2822.487000,18.390624
2822.969000,18.391740
2823.451000,18.393633
2823.933000,18.395466
2824.415000,18.397861
2824.897000,18.399494
2825.379000,18.401230
2825.861000,18.403128
2826.343000,18.404160
2826.825000,18.405150
2827.307000,18.407266
2827.789000,18.408726
2828.271000,18.409896
2828.753000,18.410268
2829.235000,18.411762
2829.717000,18.412939
2830.199000,18.416227
2830.681000,18.419264
2831.163000,18.421223
2831.645000,18.422207
2832.127000,18.422432
2832.609000,18.421047
2833.091000,18.418939
2833.573000,18.416362
2834.055000,18.412773
2834.537000,18.405653
2835.019000,18.399558
2835.501000,18.393905
2835.983000,18.391113
2836.465000,18.392332
2836.947000,18.394346
2837.429000,18.396757
2837.911000,18.398364
2838.393000,18.401263
2838.875000,18.405376
2839.357000,18.409420
2839.839000,18.413371
2840.321000,18.415123
2840.803000,18.415995
2841.285000,18.414170
2841.767000,18.413077
2842.249000,18.411204
2842.731000,18.409810
2843.213000,18.409206
2843.695000,18.408112
2844.177000,18.407984
2844.659000,18.406677
2845.141000,18.406132
2845.623000,18.409065
2846.105000,18.412577
2846.587000,18.416015
2847.069000,18.419129
2847.551000,18.421722
2848.033000,18.422163
2848.515000,18.422082
2848.997000,18.419579
2849.479000,18.416122
2849.961000,18.414212
2850.443000,18.412231
2850.925000,18.409853
2851.407000,18.404431
2851.889000,18.400672
2852.371000,18.399502
2852.853000,18.397767
2853.335000,18.396873
2853.817000,18.394133
2854.299000,18.391229
2854.781000,18.388679
2855.263000,18.386338
2855.745000,18.381975
2856.227000,18.377901
2856.709000,18.374725
2857.191000,18.370900
2857.673000,18.369019
2858.155000,18.366703
2858.637000,18.365953
2859.119000,18.366058
2859.601000,18.365258
2860.083000,18.364545
2860.565000,18.363346
2861.047000,18.363813
2861.529000,18.363053
2862.011000,18.361367
2862.493000,18.360492
2862.975000,18.359706
2863.457000,18.359386
2863.939000,18.359369
2864.421000,18.359793
2864.903000,18.358901
2865.385000,18.357093
2865.867000,18.354662
2866.349000,18.350715
2866.831000,18.346203
2867.313000,18.341804
2867.795000,18.336900
2868.277000,18.332203
2868.759000,18.327412
2869.241000,18.323281
2869.723000,18.318564
2870.205000,18.313111
2870.687000,18.308418
2871.169000,18.304746
2871.651000,18.302710
2872.133000,18.300321
2872.615000,18.296833
2873.097000,18.293114
2873.579000,18.289230
2874.061000,18.285263
2874.543000,18.281803
2875.025000,18.278382
2875.507000,18.272577
2875.989000,18.267032
2876.471000,18.261904
2876.953000,18.256953
2877.435000,18.253110
2877.917000,18.250301
2878.399000,18.248296
2878.881000,18.245580
2879.363000,18.242596
2879.845000,18.239407
2880.327000,18.236446
2880.809000,18.233907
2881.291000,18.230185
2881.773000,18.225195
2882.255000,18.219705
2882.737000,18.214295
2883.219000,18.208363
2883.701000,18.202811
2884.183000,18.197225
2884.665000,18.192081
2885.147000,18.188292
2885.629000,18.184844
2886.111000,18.180924
2886.593000,18.177160
2887.075000,18.174144
2887.557000,18.170950
2888.039000,18.166488
2888.521000,18.161515
2889.003000,18.155699
2889.485000,18.148981
2889.967000,18.143375
2890.449000,18.139159
2890.931000,18.135167
2891.413000,18.132502
2891.895000,18.130738
2892.377000,18.127767
2892.859000,18.124682
2893.341000,18.122946
2893.823000,18.120365
2894.305000,18.117171
2894.787000,18.112708
2895.269000,18.106258
2895.751000,18.100084
2896.233000,18.092802
2896.715000,18.086313
2897.197000,18.082003
2897.679000,18.077534
2898.161000,18.073088
2898.643000,18.069182
2899.125000,18.065128
2899.607000,18.061900
2900.089000,18.060291
2900.571000,18.057800
2901.053000,18.056210
2901.535000,18.054701
2902.017000,18.052215
2902.499000,18.050451
2902.981000,18.046271
2903.463000,18.042501
2903.945000,18.040733
2904.427000,18.038276
2904.909000,18.034451
2905.391000,18.030174
2905.873000,18.024698
2906.355000,18.019071
2906.837000,18.013661
2907.319000,18.007495
2907.801000,18.002473
2908.283000,17.997023
2908.765000,17.988996
2909.247000,17.980496
2909.729000,17.971932
2910.211000,17.965484
2910.693000,17.961194
2911.175000,17.956925
2911.657000,17.951649
2912.139000,17.948606
2912.621000,17.945187
2913.103000,17.942063
2913.585000,17.939563
2914.067000,17.937874
2914.549000,17.936190
2915.031000,17.933096
2915.513000,17.928116
2915.995000,17.923236
2916.477000,17.918622
2916.959000,17.915257
2917.441000,17.911490
2917.923000,17.907263
2918.405000,17.903170
2918.887000,17.900068
2919.369000,17.896135
2919.851000,17.893007
2920.333000,17.890610
2920.815000,17.888642
2921.297000,17.886267
2921.779000,17.884662
2922.261000,17.882693
2922.743000,17.880776
2923.225000,17.878339
2923.707000,17.875723
2924.189000,17.872324
2924.671000,17.869503
2925.153000,17.865388
2925.635000,17.861714
2926.117000,17.858443
2926.599000,17.854312
2927.081000,17.849210
2927.563000,17.842546
2928.045000,17.836895
2928.527000,17.833805
2929.009000,17.830541
2929.491000,17.826801
2929.973000,17.822738
2930.455000,17.819025
2930.937000,17.816772
2931.419000,17.815065
2931.901000,17.812739
2932.383000,17.811282
2932.865000,17.808387
2933.347000,17.806837
2933.829000,17.803698
2934.311000,17.798118
2934.793000,17.795994
2935.275000,17.795862
2935.757000,17.793404
2936.239000,17.788949
2936.721000,17.785083
2937.203000,17.782431
2937.685000,17.782698
2938.167000,17.781480
2938.649000,17.780251
2939.131000,17.780645
2939.613000,17.780966
2940.095000,17.782574
2940.577000,17.781459
2941.059000,17.780218
2941.541000,17.779085
2942.023000,17.777506
2942.505000,17.775166
2942.987000,17.770904
2943.469000,17.768233
2943.951000,17.765543
2944.433000,17.763541
2944.915000,17.758045
2945.397000,17.754384
2945.879000,17.751273
2946.361000,17.748080
2946.843000,17.744853
2947.325000,17.741363
2947.807000,17.738725
2948.289000,17.735970
2948.771000,17.735947
2949.253000,17.738443
2949.735000,17.739556
2950.217000,17.740365
2950.699000,17.739989
2951.181000,17.738595
2951.663000,17.736374
2952.145000,17.735019
2952.627000,17.732247
2953.109000,17.730962
2953.591000,17.728960
2954.073000,17.726340
2954.555000,17.724645
2955.037000,17.724956
2955.519000,17.725949
2956.001000,17.728029
2956.483000,17.729270
2956.965000,17.728293
2957.447000,17.728583
2957.929000,17.727736
2958.411000,17.725420
2958.893000,17.722630
2959.375000,17.719725
2959.857000,17.716595
2960.339000,17.711372
2960.821000,17.706417
2961.303000,17.701935
2961.785000,17.698776
2962.267000,17.695375
2962.749000,17.692123
2963.231000,17.689926
2963.713000,17.687718
2964.195000,17.687942
2964.677000,17.688332
2965.159000,17.688943
2965.641000,17.691106
2966.123000,17.692949
2966.605000,17.694359
2967.087000,17.696369
2967.569000,17.699166
2968.051000,17.701347
2968.533000,17.704656
2969.015000,17.706783
2969.497000,17.708542
2969.979000,17.710560
2970.461000,17.711952
2970.943000,17.714336
2971.425000,17.717142
2971.907000,17.720310
2972.389000,17.722119
2972.871000,17.723017
2973.353000,17.724799
2973.835000,17.725811
2974.317000,17.728193
2974.799000,17.729404
2975.281000,17.730305
2975.763000,17.731841
2976.245000,17.733465
2976.727000,17.736345
2977.209000,17.738887
2977.691000,17.742559
2978.173000,17.745771
2978.655000,17.749679
2979.137000,17.751168
2979.619000,17.754045
2980.101000,17.757733
2980.583000,17.760664
2981.065000,17.764206
2981.547000,17.766127
2982.029000,17.768169
2982.511000,17.771139
2982.993000,17.774102
2983.475000,17.778675
2983.957000,17.781216
2984.439000,17.782131
2984.921000,17.783201
2985.403000,17.784055
2985.885000,17.785880
2986.367000,17.790256
2986.849000,17.794944
2987.331000,17.797530
2987.813000,17.798818
2988.295000,17.799422
2988.777000,17.797834
2989.259000,17.794854
2989.741000,17.793288
2990.223000,17.790750
2990.705000,17.786610
2991.187000,17.782884
2991.669000,17.780943
2992.151000,17.780729
2992.633000,17.783101
2993.115000,17.786572
2993.597000,17.791187
2994.079000,17.795474
2994.561000,17.801680
2995.043000,17.805418
2995.525000,17.809848
2996.007000,17.814523
2996.489000,17.820282
2996.971000,17.825989
2997.453000,17.831390
2997.935000,17.836646
2998.417000,17.840807
2998.899000,17.845861
2999.381000,17.850869
2999.863000,17.856043
3000.345000,17.862345
3000.827000,17.869171
3001.309000,17.875854
3001.791000,17.880495
3002.273000,17.886251
3002.755000,17.891984
3003.237000,17.895772
3003.719000,17.899805
3004.201000,17.902269
3004.683000,17.904539
3005.165000,17.906085
3005.647000,17.907079
3006.129000,17.908286
3006.611000,17.909211
3007.093000,17.911378
3007.575000,17.913673
3008.057000,17.915795
3008.539000,17.918438
3009.021000,17.920747
3009.503000,17.924819
3009.985000,17.928806
3010.467000,17.936121
3010.949000,17.944608
3011.431000,17.950381
3011.913000,17.955732
3012.395000,17.960637
3012.877000,17.965469
3013.359000,17.969136
3013.841000,17.972603
3014.323000,17.973870
3014.805000,17.974646
3015.287000,17.974394
3015.769000,17.973581
3016.251000,17.974929
3016.733000,17.978996
3017.215000,17.984098
3017.697000,17.988831
3018.179000,17.992145
3018.661000,17.998029
3019.143000,18.002565
3019.625000,18.007869
3020.107000,18.013571
3020.589000,18.019739
3021.071000,18.024907
3021.553000,18.030083
3022.035000,18.034361
3022.517000,18.038029
3022.999000,18.043299
3023.481000,18.049074
3023.963000,18.053892
3024.445000,18.059489
3024.927000,18.065109
3025.409000,18.069871
3025.891000,18.073364
3026.373000,18.079718
3026.855000,18.086640
3027.337000,18.093498
3027.819000,18.099270
3028.301000,18.104724
3028.783000,18.110150
3029.265000,18.114040
3029.747000,18.118740
3030.229000,18.123099
3030.711000,18.127466
3031.193000,18.132095
3031.675000,18.135814
3032.157000,18.138395
3032.639000,18.140756
3033.121000,18.142867
3033.603000,18.144109
3034.085000,18.145682
3034.567000,18.147395
3035.049000,18.149401
3035.531000,18.151642
3036.013000,18.152828
3036.495000,18.155655
3036.977000,18.159275
3037.459000,18.163408
3037.941000,18.167708
3038.423000,18.171943
3038.905000,18.176867
3039.387000,18.181377
3039.869000,18.184388
3040.351000,18.189573
3040.833000,18.197022
3041.315000,18.205412
3041.797000,18.214121
3042.279000,18.223164
3042.761000,18.231857
3043.243000,18.240729
3043.725000,18.248796
3044.207000,18.256081
3044.689000,18.262561
3045.171000,18.267105
3045.653000,18.270830
3046.135000,18.272701
3046.617000,18.272821
3047.099000,18.273309
3047.581000,18.274989
3048.063000,18.275049
3048.545000,18.273127
3049.027000,18.271724
3049.509000,18.271328
3049.991000,18.273290
3050.473000,18.276738
3050.955000,18.280581
3051.437000,18.284565
3051.919000,18.288742
3052.401000,18.295105
3052.883000,18.299716
3053.365000,18.303874
3053.847000,18.308041
3054.329000,18.313050
3054.811000,18.315079
3055.293000,18.314552
3055.775000,18.316401
3056.257000,18.319136
3056.739000,18.323501
3057.221000,18.327285
3057.703000,18.329884
3058.185000,18.332423
3058.667000,18.336912
3059.149000,18.342433
3059.631000,18.344750
3060.113000,18.346819
3060.595000,18.350105
3061.077000,18.353286
3061.559000,18.357159
3062.041000,18.359431
3062.523000,18.360849
3063.005000,18.362971
3063.487000,18.366865
3063.969000,18.370615
3064.451000,18.373189
3064.933000,18.375725
3065.415000,18.379588
3065.897000,18.382700
3066.379000,18.383709
3066.861000,18.384693
3067.343000,18.387320
3067.825000,18.389707
3068.307000,18.392982
3068.789000,18.394885
3069.271000,18.396569
3069.753000,18.400640
3070.235000,18.405296
3070.717000,18.408694
3071.199000,18.411165
3071.681000,18.413701
3072.163000,18.416687
3072.645000,18.419120
3073.127000,18.420415
3073.609000,18.423227
3074.091000,18.425636
3074.573000,18.428589
3075.055000,18.431552
3075.537000,18.434167
3076.019000,18.436651
3076.501000,18.438649
3076.983000,18.441251
3077.465000,18.444411
3077.947000,18.445522
3078.429000,18.446428
3078.911000,18.446481
3079.393000,18.447252
3079.875000,18.446962
3080.357000,18.448252
3080.839000,18.449218
3081.321000,18.450863
3081.803000,18.449586
3082.285000,18.449292
3082.767000,18.449356
3083.249000,18.450544
3083.731000,18.452817
3084.213000,18.453361
3084.695000,18.452835
3085.177000,18.450851
3085.659000,18.448261
3086.141000,18.447714
3086.623000,18.444580
3087.105000,18.443478
3087.587000,18.443029
3088.069000,18.443155
3088.551000,18.441641
3089.033000,18.443804
3089.515000,18.444713
3089.997000,18.447146
3090.479000,18.449078
3090.961000,18.450139
3091.443000,18.452330
3091.925000,18.454155
3092.407000,18.456407
3092.889000,18.457268
3093.371000,18.456987
3093.853000,18.457637
3094.335000,18.458925
3094.817000,18.460459
3095.299000,18.460429
3095.781000,18.460864
3096.263000,18.456970
3096.745000,18.454767
3097.227000,18.453850
3097.709000,18.452862
3098.191000,18.451091
3098.673000,18.450395
3099.155000,18.448317
3099.637000,18.445989
3100.119000,18.445261
3100.601000,18.444115
3101.083000,18.445116
3101.565000,18.445003
3102.047000,18.444883
3102.529000,18.444655
3103.011000,18.442852
3103.493000,18.446598
3103.975000,18.450912
3104.457000,18.451534
3104.939000,18.451328
3105.421000,18.451171
3105.903000,18.450466
3106.385000,18.449990
3106.867000,18.448670
3107.349000,18.447407
3107.831000,18.446109
3108.313000,18.444151
3108.795000,18.443804
3109.277000,18.445039
3109.759000,18.446841
3110.241000,18.449430
3110.723000,18.450508
3111.205000,18.449749
3111.687000,18.447166
3112.169000,18.443722
3112.651000,18.440136
3113.133000,18.436494
3113.615000,18.431673
3114.097000,18.427108
3114.579000,18.421352
3115.061000,18.416103
3115.543000,18.410722
3116.025000,18.407492
3116.507000,18.402972
3116.989000,18.398426
3117.471000,18.395988
3117.953000,18.393298
3118.435000,18.389178
3118.917000,18.388644
3119.399000,18.387606
3119.881000,18.386990
3120.363000,18.385359
3120.845000,18.383977
3121.327000,18.383454
3121.809000,18.381995
3122.291000,18.380403
3122.773000,18.379267
3123.255000,18.375965
3123.737000,18.374068
3124.219000,18.371156
3124.701000,18.367058
3125.183000,18.364560
3125.665000,18.362456
3126.147000,18.358722
3126.629000,18.355399
3127.111000,18.350228
3127.593000,18.345982
3128.075000,18.343899
3128.557000,18.342090
3129.039000,18.340402
3129.521000,18.337573
3130.003000,18.335717
3130.485000,18.333601
3130.967000,18.328959
3131.449000,18.325577
3131.931000,18.323264
3132.413000,18.319321
3132.895000,18.317658
3133.377000,18.316600
3133.859000,18.313852
3134.341000,18.311709
3134.823000,18.311498
3135.305000,18.311004
3135.787000,18.311063
3136.269000,18.309381
3136.751000,18.307086
3137.233000,18.301214
3137.715000,18.294303
3138.197000,18.287638
3138.679000,18.280442
3139.161000,18.275101
3139.643000,18.270280
3140.125000,18.265124
3140.607000,18.260244
3141.089000,18.256035
3141.571000,18.252884
3142.053000,18.248214
3142.535000,18.245476
3143.017000,18.242421
3143.499000,18.240074
3143.981000,18.237885
3144.463000,18.237422
3144.945000,18.237689
3145.427000,18.237193
3145.909000,18.235441
3146.391000,18.234169
3146.873000,18.232090
3147.355000,18.230138
3147.837000,18.226912
3148.319000,18.222807
3148.801000,18.216682
3149.283000,18.212032
3149.765000,18.208725
3150.247000,18.204345
3150.729000,18.200389
3151.211000,18.197458
3151.693000,18.195332
3152.175000,18.192211
3152.657000,18.189380
3153.139000,18.188007
3153.621000,18.184552
3154.103000,18.181949
3154.585000,18.179576
3155.067000,18.177474
3155.549000,18.173901
3156.031000,18.170295
3156.513000,18.166617
3156.995000,18.161907
3157.477000,18.157472
3157.959000,18.153950
3158.441000,18.150823
3158.923000,18.147567
3159.405000,18.142559
3159.887000,18.138085
3160.369000,18.134289
3160.851000,18.130708
3161.333000,18.127365
3161.815000,18.125696
3162.297000,18.123140
3162.779000,18.121101
3163.261000,18.121042
3163.743000,18.120549
3164.225000,18.117439
3164.707000,18.115365
3165.189000,18.112896
3165.671000,18.109675
3166.153000,18.105392
3166.635000,18.103560
3167.117000,18.100158
3167.599000,18.096722
3168.081000,18.093418
3168.563000,18.092000
3169.045000,18.087416
3169.527000,18.083223
3170.009000,18.077664
3170.491000,18.070307
3170.973000,18.062700
3171.455000,18.057501
3171.937000,18.052942
3172.419000,18.049139
3172.901000,18.043132
3173.383000,18.038740
3173.865000,18.034538
3174.347000,18.030926
3174.829000,18.028392
3175.311000,18.027315
3175.793000,18.024147
3176.275000,18.020629
3176.757000,18.017636
3177.239000,18.017007
3177.721000,18.016561
3178.203000,18.015696
3178.685000,18.016916
3179.167000,18.015947
3179.649000,18.012736
3180.131000,18.012167
3180.613000,18.013364
3181.095000,18.011757
3181.577000,18.010510
3182.059000,18.010116
3182.541000,18.010704
3183.023000,18.008900
3183.505000,18.007472
3183.987000,18.006043
3184.469000,18.004139
3184.951000,18.001324
3185.433000,17.999017
3185.915000,17.994569
3186.397000,17.989808
3186.879000,17.986825
3187.361000,17.984738
3187.843000,17.980049
3188.325000,17.976915
3188.807000,17.976452
3189.289000,17.975354
3189.771000,17.972837
3190.253000,17.971240
3190.735000,17.971536
3191.217000,17.972910
3191.699000,17.972918
3192.181000,17.972455
3192.663000,17.973152
3193.145000,17.973368
3193.627000,17.974792
3194.109000,17.975735
3194.591000,17.977849
3195.073000,17.979325
3195.555000,17.977822
3196.037000,17.974387
3196.519000,17.971228
3197.001000,17.966552
3197.483000,17.962211
3197.965000,17.959592
3198.447000,17.955867
3198.929000,17.951378
3199.411000,17.948310
3199.893000,17.944671
3200.375000,17.943445
3200.857000,17.941453
3201.339000,17.941231
3201.821000,17.939285
3202.303000,17.936582
3202.785000,17.934066
3203.267000,17.932498
3203.749000,17.930563
3204.231000,17.929118
3204.713000,17.929330
3205.195000,17.927374
3205.677000,17.925789
3206.159000,17.925064
3206.641000,17.925234
3207.123000,17.926481
3207.605000,17.925464
3208.087000,17.926063
3208.569000,17.926583
3209.051000,17.927616
3209.533000,17.927320
3210.015000,17.926794
3210.497000,17.926729
3210.979000,17.925376
3211.461000,17.926617
3211.943000,17.926181
3212.425000,17.928141
3212.907000,17.929420
3213.389000,17.929128
3213.871000,17.928193
3214.353000,17.926130
3214.835000,17.922518
3215.317000,17.918885
3215.799000,17.916968
3216.281000,17.912913
3216.763000,17.908459
3217.245000,17.908082
3217.727000,17.907232
3218.209000,17.909676
3218.691000,17.913587
3219.173000,17.919202
3219.655000,17.923231
3220.137000,17.925202
3220.619000,17.929355
3221.101000,17.931167
3221.583000,17.933306
3222.065000,17.935450
3222.547000,17.937940
3223.029000,17.938379
3223.511000,17.938437
3223.993000,17.940299
3224.475000,17.939725
3224.957000,17.940282
3225.439000,17.939958
3225.921000,17.938120
3226.403000,17.935146
3226.885000,17.932840
3227.367000,17.933495
3227.849000,17.932509
3228.331000,17.934115
3228.813000,17.937040
3229.295000,17.936860
3229.777000,17.939616
3230.259000,17.941647
3230.741000,17.945138
3231.223000,17.948134
3231.705000,17.950467
3232.187000,17.952508
3232.669000,17.952328
3233.151000,17.952311
3233.633000,17.954841
3234.115000,17.956561
3234.597000,17.956902
3235.079000,17.957619
3235.561000,17.956868
3236.043000,17.954997
3236.525000,17.957904
3237.007000,17.959925
3237.489000,17.962832
3237.971000,17.964936
3238.453000,17.967381
3238.935000,17.967453
3239.417000,17.965509
3239.899000,17.967491
3240.381000,17.970187
3240.863000,17.971538
3241.345000,17.972021
3241.827000,17.972286
3242.309000,17.973642
3242.791000,17.975516
3243.273000,17.978590
3243.755000,17.983490
3244.237000,17.987752
3244.719000,17.990859
3245.201000,17.991058
3245.683000,17.987610
3246.165000,17.986646
3246.647000,17.985722
3247.129000,17.984561
3247.611000,17.983915
3248.093000,17.982213
3248.575000,17.981066
3249.057000,17.981277
3249.539000,17.982533
3250.021000,17.986589
3250.503000,17.990445
3250.985000,17.995435
3251.467000,18.000419
3251.949000,18.002559
3252.431000,18.006971
3252.913000,18.011176
3253.395000,18.016707
3253.877000,18.023625
3254.359000,18.031415
3254.841000,18.037738
3255.323000,18.044473
3255.805000,18.048928
3256.287000,18.054298
3256.769000,18.055750
3257.251000,18.055846
3257.733000,18.057485
3258.215000,18.059786
3258.697000,18.060157
3259.179000,18.060434
3259.661000,18.061995
3260.143000,18.065172
3260.625000,18.068566
3261.107000,18.072200
3261.589000,18.076779
3262.071000,18.081755
3262.553000,18.084631
3263.035000,18.089158
3263.517000,18.092730
3263.999000,18.096065
3264.481000,18.100164
3264.963000,18.105169
3265.445000,18.108576
3265.927000,18.111040
3266.409000,18.115208
3266.891000,18.118573
3267.373000,18.121859
3267.855000,18.125977
3268.337000,18.129618
3268.819000,18.132481
3269.301000,18.134516
3269.783000,18.137679
3270.265000,18.140722
3270.747000,18.143053
3271.229000,18.146444
3271.711000,18.147478
3272.193000,18.150097
3272.675000,18.150650
3273.157000,18.151117
3273.639000,18.152537
3274.121000,18.155711
3274.603000,18.159803
3275.085000,18.162382
3275.567000,18.165779
3276.049000,18.169654
3276.531000,18.174756
3277.013000,18.179065
3277.495000,18.183631
3277.977000,18.187872
3278.459000,18.190126
3278.941000,18.192822
3279.423000,18.193127
3279.905000,18.194321
3280.387000,18.197808
3280.869000,18.203360
3281.351000,18.208427
3281.833000,18.214226
3282.315000,18.220243
3282.797000,18.227068
3283.279000,18.233688
3283.761000,18.238492
3284.243000,18.243183
3284.725000,18.249140
3285.207000,18.254965
3285.689000,18.259486
3286.171000,18.263968
3286.653000,18.269789
3287.135000,18.277544
3287.617000,18.283613
3288.099000,18.287500
3288.581000,18.290334
3289.063000,18.292475
3289.545000,18.295796
3290.027000,18.297589
3290.509000,18.297425
3290.991000,18.297900
3291.473000,18.299547
3291.955000,18.301954
3292.437000,18.303287
3292.919000,18.305175
3293.401000,18.307523
3293.883000,18.309246
3294.365000,18.309391
3294.847000,18.308306
3295.329000,18.307828
3295.811000,18.309013
3296.293000,18.311068
3296.775000,18.311162
3297.257000,18.310888
3297.739000,18.312868
3298.221000,18.316092
3298.703000,18.322023
3299.185000,18.327400
3299.667000,18.333521
3300.149000,18.338705
3300.631000,18.346756
3301.113000,18.353065
3301.595000,18.359149
3302.077000,18.365257
3302.559000,18.370674
3303.041000,18.373341
3303.523000,18.375248
3304.005000,18.375596
3304.487000,18.376851
3304.969000,18.375730
3305.451000,18.376613
3305.933000,18.377322
3306.415000,18.377115
3306.897000,18.374027
3307.379000,18.374339
3307.861000,18.373417
3308.343000,18.375096
3308.825000,18.377104
3309.307000,18.378542
3309.789000,18.380480
3310.271000,18.383922
3310.753000,18.385537
3311.235000,18.388751
3311.717000,18.394039
3312.199000,18.402082
3312.681000,18.408709
3313.163000,18.411777
3313.645000,18.414643
3314.127000,18.420265
3314.609000,18.427303
3315.091000,18.433776
3315.573000,18.437199
3316.055000,18.439280
3316.537000,18.441972
3317.019000,18.444256
3317.501000,18.443307
3317.983000,18.444279
3318.465000,18.446094
3318.947000,18.445208
3319.429000,18.442577
3319.911000,18.440944
3320.393000,18.438198
3320.875000,18.437958
3321.357000,18.439127
3321.839000,18.439434
3322.321000,18.440942
3322.803000,18.444232
3323.285000,18.445443
3323.767000,18.449481
3324.249000,18.451121
3324.731000,18.455815
3325.213000,18.459312
3325.695000,18.460149
3326.177000,18.460847
3326.659000,18.463062
3327.141000,18.462547
3327.623000,18.463975
3328.105000,18.466265
3328.587000,18.467941
3329.069000,18.471264
3329.551000,18.474148
3330.033000,18.477394
3330.515000,18.482874
3330.997000,18.486983
3331.479000,18.491666
3331.961000,18.494638
3332.443000,18.496653
3332.925000,18.496099
3333.407000,18.497105
3333.889000,18.498613
3334.371000,18.500898
3334.853000,18.504296
3335.335000,18.507883
3335.817000,18.509567
3336.299000,18.511357
3336.781000,18.511313
3337.263000,18.509411
3337.745000,18.508130
3338.227000,18.504950
3338.709000,18.503974
3339.191000,18.502258
3339.673000,18.496830
3340.155000,18.494417
3340.637000,18.494208
3341.119000,18.493584
3341.601000,18.493686
3342.083000,18.496293
3342.565000,18.493849
3343.047000,18.493181
3343.529000,18.492993
3344.011000,18.492426
3344.493000,18.490852
3344.975000,18.490190
3345.457000,18.489909
3345.939000,18.488454
3346.421000,18.486852
3346.903000,18.483951
3347.385000,18.481990
3347.867000,18.480673
3348.349000,18.479935
3348.831000,18.479428
3349.313000,18.480236
3349.795000,18.483194
3350.277000,18.485798
3350.759000,18.483895
3351.241000,18.482847
3351.723000,18.483497
3352.205000,18.481851
3352.687000,18.480605
3353.169000,18.481953
3353.651000,18.482986
3354.133000,18.484742
3354.615000,18.488051
3355.097000,18.489947
3355.579000,18.492863
3356.061000,18.496126
3356.543000,18.496174
3357.025000,18.496977
3357.507000,18.497017
3357.989000,18.499578
3358.471000,18.499866
3358.953000,18.499232
3359.435000,18.499056
3359.917000,18.499495
3360.399000,18.500956
3360.881000,18.498989
3361.363000,18.497449
3361.845000,18.497801
3362.327000,18.496642
3362.809000,18.494126
3363.291000,18.493681
3363.773000,18.494815
3364.255000,18.495918
3364.737000,18.495300
3365.219000,18.492820
3365.701000,18.490689
3366.183000,18.484800
3366.665000,18.478886
3367.147000,18.474785
3367.629000,18.468373
3368.111000,18.462523
3368.593000,18.459143
3369.075000,18.457928
3369.557000,18.457627
3370.039000,18.457589
3370.521000,18.455843
3371.003000,18.456302
3371.485000,18.456293
3371.967000,18.457518
3372.449000,18.458409
3372.931000,18.457974
3373.413000,18.460032
3373.895000,18.460701
3374.377000,18.460223
3374.859000,18.458541
3375.341000,18.459052
3375.823000,18.460351
3376.305000,18.457770
3376.787000,18.453255
3377.269000,18.450128
3377.751000,18.448954
3378.233000,18.446138
3378.715000,18.444566
3379.197000,18.442205
3379.679000,18.438395
3380.161000,18.434696
3380.643000,18.427587
3381.125000,18.423388
3381.607000,18.420515
3382.089000,18.417111
3382.571000,18.413171
3383.053000,18.408626
3383.535000,18.406463
3384.017000,18.406179
3384.499000,18.404598
3384.981000,18.401931
3385.463000,18.399441
3385.945000,18.395355
3386.427000,18.391162
3386.909000,18.387265
3387.391000,18.382288
3387.873000,18.381231
3388.355000,18.379642
3388.837000,18.376976
3389.319000,18.375756
3389.801000,18.376659
3390.283000,18.378716
3390.765000,18.378930
3391.247000,18.378029
3391.729000,18.376779
3392.211000,18.374322
3392.693000,18.373391
3393.175000,18.373162
3393.657000,18.371285
3394.139000,18.369966
3394.621000,18.367766
3395.103000,18.363989
3395.585000,18.360830
3396.067000,18.356093
3396.549000,18.352981
3397.031000,18.347216
3397.513000,18.341176
3397.995000,18.336526
3398.477000,18.333573
3398.959000,18.329730
3399.441000,18.328868
3399.923000,18.325367
3400.405000,18.321373
3400.887000,18.319089
3401.369000,18.312753
3401.851000,18.306307
3402.333000,18.301710
3402.815000,18.295890
3403.297000,18.289230
3403.779000,18.283268
3404.261000,18.277593
3404.743000,18.273948
3405.225000,18.272377
3405.707000,18.265778
3406.189000,18.262209
3406.671000,18.257760
3407.153000,18.255444
3407.635000,18.253850
3408.117000,18.251976
3408.599000,18.251445
3409.081000,18.251991
3409.563000,18.252252
3410.045000,18.250846
3410.527000,18.248768
3411.009000,18.246505
3411.491000,18.243960
3411.973000,18.242470
3412.455000,18.236799
3412.937000,18.232739
3413.419000,18.229350
3413.901000,18.224223
3414.383000,18.219380
3414.865000,18.216020
3415.347000,18.213984
3415.829000,18.210888
3416.311000,18.209791
3416.793000,18.210590
3417.275000,18.208154
3417.757000,18.207199
3418.239000,18.206656
3418.721000,18.207116
3419.203000,18.205334
3419.685000,18.201083
3420.167000,18.198226
3420.649000,18.192604
3421.131000,18.185419
3421.613000,18.181750
3422.095000,18.179902
3422.577000,18.176429
3423.059000,18.176120
3423.541000,18.177423
3424.023000,18.174354
3424.505000,18.173540
3424.987000,18.172966
3425.469000,18.173270
3425.951000,18.171520
3426.433000,18.169232
3426.915000,18.168492
3427.397000,18.165873
3427.879000,18.160642
3428.361000,18.161192
3428.843000,18.158156
3429.325000,18.155207
3429.807000,18.153725
3430.289000,18.149832
3430.771000,18.144004
3431.253000,18.139900
3431.735000,18.134737
3432.217000,18.129488
3432.699000,18.123205
3433.181000,18.118651
3433.663000,18.114216
3434.145000,18.111709
3434.627000,18.111021
3435.109000,18.112826
3435.591000,18.112370
3436.073000,18.114896
3436.555000,18.117210
3437.037000,18.116260
3437.519000,18.117462
3438.001000,18.118801
3438.483000,18.118344
3438.965000,18.114709
3439.447000,18.112068
3439.929000,18.108264
3440.411000,18.106245
3440.893000,18.104597
3441.375000,18.102884
3441.857000,18.100774
3442.339000,18.098927
3442.821000,18.097060
3443.303000,18.094808
3443.785000,18.093097
3444.267000,18.092781
3444.749000,18.092574
3445.231000,18.090516
3445.713000,18.087304
3446.195000,18.087507
3446.677000,18.087352
3447.159000,18.089823
3447.641000,18.089827
3448.123000,18.087893
3448.605000,18.087470
3449.087000,18.083958
3449.569000,18.080423
3450.051000,18.077713
3450.533000,18.071619
3451.015000,18.067080
3451.497000,18.064626
3451.979000,18.060337
3452.461000,18.056471
3452.943000,18.058368
3453.425000,18.057485
3453.907000,18.059008
3454.389000,18.060773
3454.871000,18.063341
3455.353000,18.066928
3455.835000,18.067986
3456.317000,18.071575
3456.799000,18.072295
3457.281000,18.070313
3457.763000,18.072460
3458.245000,18.074001
3458.727000,18.072751
3459.209000,18.069726
3459.691000,18.071205
3460.173000,18.067197
3460.655000,18.063954
3461.137000,18.060401
3461.619000,18.056763
3462.101000,18.052197
3462.583000,18.048712
3463.065000,18.047275
3463.547000,18.044732
3464.029000,18.044679
3464.511000,18.045488
3464.993000,18.046801
3465.475000,18.046721
3465.957000,18.046997
3466.439000,18.049352
3466.921000,18.048812
3467.403000,18.049649
3467.885000,18.048876
3468.367000,18.049542
3468.849000,18.050528
3469.331000,18.052797
3469.813000,18.055329
3470.295000,18.055886
3470.777000,18.055458
3471.259000,18.057385
3471.741000,18.058583
3472.223000,18.058003
3472.705000,18.056479
3473.187000,18.055254
3473.669000,18.055645
3474.151000,18.056616
3474.633000,18.053753
3475.115000,18.054212
3475.597000,18.053391
3476.079000,18.051573
3476.561000,18.049785
3477.043000,18.044779
3477.525000,18.043886
3478.007000,18.048595
3478.489000,18.050851
3478.971000,18.054225
3479.453000,18.058297
3479.935000,18.062283
3480.417000,18.066189
3480.899000,18.070343
3481.381000,18.073124
3481.863000,18.076408
3482.345000,18.077387
3482.827000,18.075776
3483.309000,18.073877
3483.791000,18.070390
3484.273000,18.069699
3484.755000,18.069037
3485.237000,18.066598
3485.719000,18.064005
3486.201000,18.064075
3486.683000,18.062615
3487.165000,18.063666
3487.647000,18.065622
3488.129000,18.068094
3488.611000,18.072033
3489.093000,18.077763
3489.575000,18.081564
3490.057000,18.086814
3490.539000,18.090107
3491.021000,18.091670
3491.503000,18.094512
3491.985000,18.094619
3492.467000,18.094185
3492.949000,18.096341
3493.431000,18.097812
3493.913000,18.099595
3494.395000,18.099457
3494.877000,18.102346
3495.359000,18.104679
3495.841000,18.106091
3496.323000,18.107942
3496.805000,18.109262
3497.287000,18.107986
3497.769000,18.107378
3498.251000,18.106875
3498.733000,18.103873
3499.215000,18.103147
3499.697000,18.104433
3500.179000,18.105866
3500.661000,18.107407
3501.143000,18.108761
3501.625000,18.112628
3502.107000,18.115275
3502.589000,18.119532
3503.071000,18.125643
3503.553000,18.128227
3504.035000,18.132260
3504.517000,18.135114
3504.999000,18.138102
3505.481000,18.141001
3505.963000,18.142276
3506.445000,18.144994
3506.927000,18.145906
3507.409000,18.149122
3507.891000,18.153857
3508.373000,18.157618
3508.855000,18.161293
3509.337000,18.165808
3509.819000,18.167063
3510.301000,18.167129
3510.783000,18.170442
3511.265000,18.170649
3511.747000,18.171653
3512.229000,18.174170
3512.711000,18.173365
3513.193000,18.176395
3513.675000,18.179889
3514.157000,18.186716
3514.639000,18.191906
3515.121000,18.194582
3515.603000,18.199704
3516.085000,18.203797
3516.567000,18.203072
3517.049000,18.206276
3517.531000,18.206492
3518.013000,18.207423
3518.495000,18.208418
3518.977000,18.210252
3519.459000,18.210362
3519.941000,18.210540
3520.423000,18.213533
3520.905000,18.215318
3521.387000,18.214381
3521.869000,18.215699
3522.351000,18.217448
3522.833000,18.216919
3523.315000,18.214639
3523.797000,18.216778
3524.279000,18.218250
3524.761000,18.225072
3525.243000,18.230242
3525.725000,18.237274
3526.207000,18.244448
3526.689000,18.251037
3527.171000,18.260550
3527.653000,18.269910
3528.135000,18.277244
3528.617000,18.286380
3529.099000,18.291775
3529.581000,18.296864
3530.063000,18.300347
3530.545000,18.305207
3531.027000,18.309836
3531.509000,18.311663
3531.991000,18.313359
3532.473000,18.314826
3532.955000,18.312465
3533.437000,18.313081
3533.919000,18.314070
3534.401000,18.316446
3534.883000,18.319654
3535.365000,18.323631
3535.847000,18.326305
3536.329000,18.328885
3536.811000,18.330025
3537.293000,18.333438
3537.775000,18.335199
3538.257000,18.336024
3538.739000,18.339130
3539.221000,18.340133
3539.703000,18.340895
3540.185000,18.344921
3540.667000,18.348302
3541.149000,18.351720
3541.631000,18.355920
3542.113000,18.358321
3542.595000,18.360745
3543.077000,18.361841
3543.559000,18.362772
3544.041000,18.364048
3544.523000,18.366470
3545.005000,18.368608
3545.487000,18.368623
3545.969000,18.367319
3546.451000,18.369148
3546.933000,18.370829
3547.415000,18.371815
3547.897000,18.370036
3548.379000,18.365342
3548.861000,18.363832
3549.343000,18.365662
3549.825000,18.365997
3550.307000,18.367380
3550.789000,18.371100
3551.271000,18.377573
3551.753000,18.381816
3552.235000,18.386430
3552.717000,18.390820
3553.199000,18.399404
3553.681000,18.405202
3554.163000,18.408557
3554.645000,18.410412
3555.127000,18.410421
3555.609000,18.411915
3556.091000,18.415124
3556.573000,18.415325
3557.055000,18.417296
3557.537000,18.420668
3558.019000,18.424361
3558.501000,18.429765
3558.983000,18.433995
3559.465000,18.438441
3559.947000,18.443198
3560.429000,18.447436
3560.911000,18.450891
3561.393000,18.454571
3561.875000,18.457337
3562.357000,18.457380
3562.839000,18.458126
3563.321000,18.458273
3563.803000,18.458638
3564.285000,18.460272
3564.767000,18.463486
3565.249000,18.467132
3565.731000,18.470447
3566.213000,18.473922
3566.695000,18.476444
3567.177000,18.481519
3567.659000,18.487333
3568.141000,18.490984
3568.623000,18.495732
3569.105000,18.497189
3569.587000,18.495944
3570.069000,18.495558
3570.551000,18.492845
3571.033000,18.491607
3571.515000,18.489720
3571.997000,18.488812
3572.479000,18.488369
3572.961000,18.485029
3573.443000,18.484967
3573.925000,18.484458
3574.407000,18.484636
3574.889000,18.485087
3575.371000,18.487744
3575.853000,18.489141
3576.335000,18.489476
3576.817000,18.492280
3577.299000,18.494387
3577.781000,18.499241
3578.263000,18.503346
3578.745000,18.508598
3579.227000,18.512910
3579.709000,18.514423
3580.191000,18.516743
3580.673000,18.515963
3581.155000,18.514449
3581.637000,18.514573
3582.119000,18.510751
3582.601000,18.508034
3583.083000,18.506562
3583.565000,18.506590
3584.047000,18.506745
3584.529000,18.506410
3585.011000,18.508303
3585.493000,18.510260
3585.975000,18.515800
3586.457000,18.520916
3586.939000,18.527797
3587.421000,18.533478
3587.903000,18.536215
3588.385000,18.539414
3588.867000,18.542027
3589.349000,18.544933
3589.831000,18.548479
3590.313000,18.549542
3590.795000,18.547587
3591.277000,18.541613
3591.759000,18.540429
3592.241000,18.537330
3592.723000,18.535452
3593.205000,18.534803
3593.687000,18.531641
3594.169000,18.529006
3594.651000,18.525006
3595.133000,18.525225
3595.615000,18.525163
3596.097000,18.525610
3596.579000,18.526111
3597.061000,18.526812
3597.543000,18.527764
3598.025000,18.528446
3598.507000,18.535149
3598.989000,18.541091
3599.471000,18.541589
3599.953000,18.546596
3600.435000,18.547948
3600.917000,18.549965
3601.399000,18.550336
3601.881000,18.551662
3602.363000,18.551272
3602.845000,18.550055
3603.327000,18.547302
3603.809000,18.547940
3604.291000,18.548208
3604.773000,18.550130
3605.255000,18.554521
3605.737000,18.559094
3606.219000,18.559349
3606.701000,18.565957
3607.183000,18.569583
3607.665000,18.569522
3608.147000,18.573237
3608.629000,18.574689
3609.111000,18.576923
3609.593000,18.574826
3610.075000,18.573072
3610.557000,18.574211
3611.039000,18.572934
3611.521000,18.571364
3612.003000,18.568102
3612.485000,18.566075
3612.967000,18.562565
3613.449000,18.559274
3613.931000,18.552882
3614.413000,18.544055
3614.895000,18.540615
3615.377000,18.533417
3615.859000,18.527502
3616.341000,18.519625
3616.823000,18.513459
3617.305000,18.511146
3617.787000,18.507349
3618.269000,18.504765
3618.751000,18.501333
3619.233000,18.500499
3619.715000,18.499744
3620.197000,18.497991
3620.679000,18.496705
3621.161000,18.495114
3621.643000,18.495577
3622.125000,18.494050
3622.607000,18.492588
3623.089000,18.492673
3623.571000,18.493552
3624.053000,18.496556
3624.535000,18.499914
3625.017000,18.504997
3625.499000,18.509689
3625.981000,18.515807
3626.463000,18.522768
3626.945000,18.529089
3627.427000,18.535672
3627.909000,18.542177
3628.391000,18.544856
3628.873000,18.543850
3629.355000,18.541657
3629.837000,18.539643
3630.319000,18.535004
3630.801000,18.528491
3631.283000,18.520435
3631.765000,18.512909
3632.247000,18.504854
3632.729000,18.497604
3633.211000,18.493019
3633.693000,18.487946
3634.175000,18.484338
3634.657000,18.481549
3635.139000,18.474518
3635.621000,18.467520
3636.103000,18.464317
3636.585000,18.460499
3637.067000,18.456833
3637.549000,18.454063
3638.031000,18.450578
3638.513000,18.447434
3638.995000,18.442224
3639.477000,18.439124
3639.959000,18.435733
3640.441000,18.432987
3640.923000,18.430492
3641.405000,18.426629
3641.887000,18.422065
3642.369000,18.419837
3642.851000,18.418517
3643.333000,18.415490
3643.815000,18.412953
3644.297000,18.410594
3644.779000,18.406058
3645.261000,18.399704
3645.743000,18.394787
3646.225000,18.391685
3646.707000,18.387015
3647.189000,18.386776
3647.671000,18.386259
3648.153000,18.387067
3648.635000,18.389953
3649.117000,18.394261
3649.599000,18.394282
3650.081000,18.393019
3650.563000,18.390075
3651.045000,18.385265
3651.527000,18.378507
3652.009000,18.370422
3652.491000,18.364538
3652.973000,18.356224
3653.455000,18.348665
3653.937000,18.344609
3654.419000,18.342557
3654.901000,18.342644
3655.383000,18.343603
3655.865000,18.346580
3656.347000,18.349097
3656.829000,18.352377
3657.311000,18.355280
3657.793000,18.356771
3658.275000,18.357013
3658.757000,18.356031
3659.239000,18.355738
3659.721000,18.352572
3660.203000,18.350432
3660.685000,18.347894
3661.167000,18.344050
3661.649000,18.338960
3662.131000,18.335303
3662.613000,18.331951
3663.095000,18.327314
3663.577000,18.322217
3664.059000,18.318449
3664.541000,18.313994
3665.023000,18.308426
3665.505000,18.302408
3665.987000,18.296498
3666.469000,18.290889
3666.951000,18.288555
3667.433000,18.285510
3667.915000,18.282565
3668.397000,18.281198
3668.879000,18.283864
3669.361000,18.284876
3669.843000,18.282350
3670.325000,18.280990
3670.807000,18.279424
3671.289000,18.276581
3671.771000,18.271098
3672.253000,18.265564
3672.735000,18.259655
3673.217000,18.258153
3673.699000,18.257502
3674.181000,18.256070
3674.663000,18.257899
3675.145000,18.258001
3675.627000,18.262211
3676.109000,18.264951
3676.591000,18.261285
3677.073000,18.260185
3677.555000,18.261147
3678.037000,18.260535
3678.519000,18.257289
3679.001000,18.255374
3679.483000,18.253418
3679.965000,18.253429
3680.447000,18.250872
3680.929000,18.248943
3681.411000,18.248822
3681.893000,18.245981
3682.375000,18.245403
3682.857000,18.242800
3683.339000,18.238341
3683.821000,18.235278
3684.303000,18.231970
3684.785000,18.225030
3685.267000,18.217515
3685.749000,18.210446
3686.231000,18.204209
3686.713000,18.197043
3687.195000,18.190728
3687.677000,18.187734
3688.159000,18.186287
3688.641000,18.184661
3689.123000,18.183458
3689.605000,18.180667
3690.087000,18.181031
3690.569000,18.179329
3691.051000,18.179725
3691.533000,18.179880
3692.015000,18.178305
3692.497000,18.175209
3692.979000,18.170696
3693.461000,18.166348
3693.943000,18.162473
3694.425000,18.159758
3694.907000,18.156355
3695.389000,18.151267
3695.871000,18.148394
3696.353000,18.144774
3696.835000,18.143154
3697.317000,18.143156
3697.799000,18.145489
3698.281000,18.148652
3698.763000,18.151384
3699.245000,18.155825
3699.727000,18.160059
3700.209000,18.164388
3700.691000,18.167494
3701.173000,18.172439
3701.655000,18.175944
3702.137000,18.178003
3702.619000,18.182827
3703.101000,18.182455
3703.583000,18.176875
3704.065000,18.170532
3704.547000,18.161940
3705.029000,18.155141
3705.511000,18.146571
3705.993000,18.136669
3706.475000,18.126580
3706.957000,18.115804
3707.439000,18.108219
3707.921000,18.104605
3708.403000,18.101053
3708.885000,18.100591
3709.367000,18.103614
3709.849000,18.106630
3710.331000,18.107891
3710.813000,18.111701
3711.295000,18.116607
3711.777000,18.122835
3712.259000,18.129885
3712.741000,18.134416
3713.223000,18.141990
3713.705000,18.146410
3714.187000,18.150805
3714.669000,18.156012
3715.151000,18.158472
3715.633000,18.161252
3716.115000,18.162286
3716.597000,18.161869
3717.079000,18.158304
3717.561000,18.157331
3718.043000,18.157548
3718.525000,18.156287
3719.007000,18.155407
3719.489000,18.152602
3719.971000,18.151051
3720.453000,18.149776
3720.935000,18.150956
3721.417000,18.153768
3721.899000,18.154898
3722.381000,18.155983
3722.863000,18.155333
3723.345000,18.155185
3723.827000,18.156048
3724.309000,18.158983
3724.791000,18.160409
3725.273000,18.157518
3725.755000,18.155830
3726.237000,18.152606
3726.719000,18.147158
3727.201000,18.142502
3727.683000,18.137755
3728.165000,18.132647
3728.647000,18.127682
3729.129000,18.122546
3729.611000,18.118070
3730.093000,18.114980
3730.575000,18.115525
3731.057000,18.115257
3731.539000,18.114413
3732.021000,18.116737
3732.503000,18.121085
3732.985000,18.125073
3733.467000,18.130305
3733.949000,18.135914
3734.431000,18.143236
3734.913000,18.150025
3735.395000,18.159457
3735.877000,18.165045
3736.359000,18.167783
3736.841000,18.169445
3737.323000,18.169310
3737.805000,18.165035
3738.287000,18.158665
3738.769000,18.152111
3739.251000,18.143705
3739.733000,18.136185
3740.215000,18.129767
3740.697000,18.122447
3741.179000,18.116901
3741.661000,18.113837
3742.143000,18.115273
3742.625000,18.114846
3743.107000,18.117916
3743.589000,18.125150
3744.071000,18.131954
3744.553000,18.139371
3745.035000,18.144544
3745.517000,18.152172
3745.999000,18.160653
3746.481000,18.165656
3746.963000,18.170725
3747.445000,18.174882
3747.927000,18.175768
3748.409000,18.176660
3748.891000,18.175306
3749.373000,18.173997
3749.855000,18.174431
3750.337000,18.175804
3750.819000,18.175054
3751.301000,18.173760
3751.783000,18.172540
3752.265000,18.173223
3752.747000,18.171834
3753.229000,18.166675
3753.711000,18.164827
3754.193000,18.164392
3754.675000,18.162124
3755.157000,18.162571
3755.639000,18.161778
3756.121000,18.165166
3756.603000,18.171922
3757.085000,18.181525
3757.567000,18.192005
3758.049000,18.202796
3758.531000,18.212927
3759.013000,18.221965
3759.495000,18.229504
3759.977000,18.235129
3760.459000,18.242574
3760.941000,18.248195
3761.423000,18.252672
3761.905000,18.256761
3762.387000,18.258060
3762.869000,18.262970
3763.351000,18.268645
3763.833000,18.273710
3764.315000,18.276034
3764.797000,18.277676
3765.279000,18.280675
3765.761000,18.283428
3766.243000,18.284692
3766.725000,18.286225
3767.207000,18.287839
3767.689000,18.288758
3768.171000,18.290952
3768.653000,18.296523
3769.135000,18.301728
3769.617000,18.307604
3770.099000,18.313084
3770.581000,18.316536
3771.063000,18.317926
3771.545000,18.319900
3772.027000,18.321893
3772.509000,18.320541
3772.991000,18.317784
3773.473000,18.314408
3773.955000,18.312551
3774.437000,18.310801
3774.919000,18.309492
3775.401000,18.310588
3775.883000,18.309281
3776.365000,18.308241
3776.847000,18.308460
3777.329000,18.308188
3777.811000,18.308370
3778.293000,18.310431
3778.775000,18.312351
3779.257000,18.313445
3779.739000,18.314401
3780.221000,18.317985
3780.703000,18.325054
3781.185000,18.327564
3781.667000,18.330717
3782.149000,18.336387
3782.631000,18.342052
3783.113000,18.346711
3783.595000,18.353316
3784.077000,18.359502
3784.559000,18.366621
3785.041000,18.374129
3785.523000,18.380219
3786.005000,18.385778
3786.487000,18.391694
3786.969000,18.398659
3787.451000,18.403207
3787.933000,18.403857
3788.415000,18.406363
3788.897000,18.408635
3789.379000,18.407777
3789.861000,18.405942
3790.343000,18.405863
3790.825000,18.404408
3791.307000,18.403091
3791.789000,18.401420
3792.271000,18.400937
3792.753000,18.400291
3793.235000,18.400432
3793.717000,18.401680
3794.199000,18.403157
3794.681000,18.405655
3795.163000,18.409275
3795.645000,18.412606
3796.127000,18.416047
3796.609000,18.420877
3797.091000,18.425806
3797.573000,18.430967
3798.055000,18.434764
3798.537000,18.439047
3799.019000,18.442135
3799.501000,18.445082
3799.983000,18.447979
3800.465000,18.450293
3800.947000,18.452029
3801.429000,18.453038
3801.911000,18.453872
3802.393000,18.454224
3802.875000,18.454334
3803.357000,18.454934
3803.839000,18.453939
3804.321000,18.454763
3804.803000,18.456651
3805.285000,18.460438
3805.767000,18.464737
3806.249000,18.470675
3806.731000,18.477817
3807.213000,18.485007
3807.695000,18.494482
3808.177000,18.502148
3808.659000,18.509751
3809.141000,18.515904
3809.623000,18.521273
3810.105000,18.524936
3810.587000,18.526639
3811.069000,18.529171
3811.551000,18.531572
3812.033000,18.533793
3812.515000,18.535776
3812.997000,18.538996
3813.479000,18.543812
3813.961000,18.550165
3814.443000,18.559310
3814.925000,18.564846
3815.407000,18.571705
3815.889000,18.579505
3816.371000,18.584468
3816.853000,18.586495
3817.335000,18.590020
3817.817000,18.593002
3818.299000,18.592516
3818.781000,18.591883
3819.263000,18.589905
3819.745000,18.589705
3820.227000,18.590576
3820.709000,18.594490
3821.191000,18.598588
3821.673000,18.602098
3822.155000,18.605214
3822.637000,18.607934
3823.119000,18.608220
3823.601000,18.607854
3824.083000,18.609333
3824.565000,18.608015
3825.047000,18.603815
3825.529000,18.598486
3826.011000,18.591575
3826.493000,18.586127
3826.975000,18.581360
3827.457000,18.578877
3827.939000,18.575493
3828.421000,18.572276
3828.903000,18.568273
3829.385000,18.567288
3829.867000,18.566409
3830.349000,18.566994
3830.831000,18.571891
3831.313000,18.577291
3831.795000,18.581558
3832.277000,18.587102
3832.759000,18.594880
3833.241000,18.601190
3833.723000,18.606172
3834.205000,18.611601
3834.687000,18.613666
3835.169000,18.613566
3835.651000,18.612253
3836.133000,18.608189
3836.615000,18.602519
3837.097000,18.600229
3837.579000,18.599988
3838.061000,18.595988
3838.543000,18.594229
3839.025000,18.596258
3839.507000,18.596952
3839.989000,18.599264
3840.471000,18.603314
3840.953000,18.609882
3841.435000,18.614389
3841.917000,18.619056
3842.399000,18.624085
3842.881000,18.627574
3843.363000,18.631424
3843.845000,18.635829
3844.327000,18.638029
3844.809000,18.637199
3845.291000,18.636591
3845.773000,18.633197
3846.255000,18.628339
3846.737000,18.624795
3847.219000,18.619985
3847.701000,18.614484
3848.183000,18.606917
3848.665000,18.599323
3849.147000,18.594118
3849.629000,18.587153
3850.111000,18.581291
3850.593000,18.578613
3851.075000,18.578742
3851.557000,18.582542
3852.039000,18.591939
3852.521000,18.603522
3853.003000,18.616510
3853.485000,18.629615
3853.967000,18.642133
3854.449000,18.653261
3854.931000,18.661446
3855.413000,18.666366
3855.895000,18.668605
3856.377000,18.664116
3856.859000,18.658187
3857.341000,18.649900
3857.823000,18.642717
3858.305000,18.635329
3858.787000,18.629247
3859.269000,18.622173
3859.751000,18.616907
3860.233000,18.614976
3860.715000,18.614492
3861.197000,18.615822
3861.679000,18.615551
3862.161000,18.614806
3862.643000,18.613465
3863.125000,18.611029
3863.607000,18.608889
3864.089000,18.604986
3864.571000,18.601258
3865.053000,18.595230
3865.535000,18.589382
3866.017000,18.583682
3866.499000,18.580517
3866.981000,18.578527
3867.463000,18.575636
3867.945000,18.573751
3868.427000,18.570884
3868.909000,18.569310
3869.391000,18.569077
3869.873000,18.568490
3870.355000,18.569416
3870.837000,18.571272
3871.319000,18.575478
3871.801000,18.580761
3872.283000,18.589402
3872.765000,18.595988
3873.247000,18.601327
3873.729000,18.607033
3874.211000,18.609954
3874.693000,18.612349
3875.175000,18.612916
3875.657000,18.612473
3876.139000,18.610389
3876.621000,18.605036
3877.103000,18.600652
3877.585000,18.595194
3878.067000,18.592025
3878.549000,18.588242
3879.031000,18.586285
3879.513000,18.581904
3879.995000,18.578047
3880.477000,18.575105
3880.959000,18.570803
3881.441000,18.567186
3881.923000,18.564805
3882.405000,18.563536
3882.887000,18.561624
3883.369000,18.559710
3883.851000,18.559030
3884.333000,18.557831
3884.815000,18.558582
3885.297000,18.558197
3885.779000,18.557821
3886.261000,18.558226
3886.743000,18.558131
3887.225000,18.555265
3887.707000,18.552573
3888.189000,18.548537
3888.671000,18.546489
3889.153000,18.542649
3889.635000,18.540028
3890.117000,18.538353
3890.599000,18.538483
3891.081000,18.539687
3891.563000,18.541924
3892.045000,18.544842
3892.527000,18.545849
3893.009000,18.546818
3893.491000,18.546446
3893.973000,18.542911
3894.455000,18.539236
3894.937000,18.533246
3895.419000,18.526833
3895.901000,18.518336
3896.383000,18.512882
3896.865000,18.506456
3897.347000,18.501079
3897.829000,18.495775
3898.311000,18.494607
3898.793000,18.494440
3899.275000,18.494089
3899.757000,18.496706
3900.239000,18.500345
3900.721000,18.504577
3901.203000,18.509531
3901.685000,18.513514
3902.167000,18.517149
3902.649000,18.519161
3903.131000,18.519927
3903.613000,18.517951
3904.095000,18.515865
3904.577000,18.511433
3905.059000,18.507352
3905.541000,18.499822
3906.023000,18.493302
3906.505000,18.485980
3906.987000,18.479658
3907.469000,18.473818
3907.951000,18.467625
3908.433000,18.463409
3908.915000,18.458880
3909.397000,18.454469
3909.879000,18.451928
3910.361000,18.449959
3910.843000,18.448303
3911.325000,18.445137
3911.807000,18.442976
3912.289000,18.440073
3912.771000,18.437317
3913.253000,18.432700
3913.735000,18.427546
3914.217000,18.420987
3914.699000,18.417086
3915.181000,18.415202
3915.663000,18.411876
3916.145000,18.409734
3916.627000,18.407314
3917.109000,18.404989
3917.591000,18.403204
3918.073000,18.402408
3918.555000,18.402420
3919.037000,18.400060
3919.519000,18.398656
3920.001000,18.396415
3920.483000,18.392341
3920.965000,18.391264
3921.447000,18.392986
3921.929000,18.395087
3922.411000,18.396468
3922.893000,18.397377
3923.375000,18.397521
3923.857000,18.398208
3924.339000,18.397497
3924.821000,18.395330
3925.303000,18.392813
3925.785000,18.389304
3926.267000,18.386455
3926.749000,18.380787
3927.231000,18.375251
3927.713000,18.370229
3928.195000,18.365249
3928.677000,18.362733
3929.159000,18.359276
3929.641000,18.355302
3930.123000,18.351331
3930.605000,18.347951
3931.087000,18.345532
3931.569000,18.343339
3932.051000,18.343373
3932.533000,18.343989
3933.015000,18.344347
3933.497000,18.344521
3933.979000,18.345571
3934.461000,18.345643
3934.943000,18.347527
3935.425000,18.350469
3935.907000,18.351105
3936.389000,18.350948
3936.871000,18.349532
3937.353000,18.347021
3937.835000,18.343143
3938.317000,18.337758
3938.799000,18.331739
3939.281000,18.324517
3939.763000,18.316900
3940.245000,18.310834
3940.727000,18.305270
3941.209000,18.299233
3941.691000,18.293094
3942.173000,18.288218
3942.655000,18.283870
3943.137000,18.279233
3943.619000,18.273802
3944.101000,18.269470
3944.583000,18.264957
3945.065000,18.260998
3945.547000,18.256655
3946.029000,18.253602
3946.511000,18.252114
3946.993000,18.253380
3947.475000,18.254058
3947.957000,18.254534
3948.439000,18.255612
3948.921000,18.257973
3949.403000,18.260536
3949.885000,18.261730
3950.367000,18.263896
3950.849000,18.267705
3951.331000,18.269153
3951.813000,18.270339
3952.295000,18.269724
3952.777000,18.271648
3953.259000,18.271862
3953.741000,18.272793
3954.223000,18.273370
3954.705000,18.273517
3955.187000,18.272076
3955.669000,18.270806
3956.151000,18.269776
3956.633000,18.267769
3957.115000,18.266559
3957.597000,18.264780
3958.079000,18.263426
3958.561000,18.260565
3959.043000,18.257098
3959.525000,18.255362
3960.007000,18.251339
3960.489000,18.249660
3960.971000,18.247299
3961.453000,18.244725
3961.935000,18.240669
3962.417000,18.237221
3962.899000,18.232776
3963.381000,18.228118
3963.863000,18.223772
3964.345000,18.221068
3964.827000,18.220783
3965.309000,18.219856
3965.791000,18.218459
3966.273000,18.216958
3966.755000,18.216218
3967.237000,18.218523
3967.719000,18.218960
3968.201000,18.220022
3968.683000,18.219198
3969.165000,18.217365
3969.647000,18.214403
3970.129000,18.210756
3970.611000,18.207747
3971.093000,18.206286
3971.575000,18.207577
3972.057000,18.209013
3972.539000,18.209342
3973.021000,18.209437
3973.503000,18.211252
3973.985000,18.214288
3974.467000,18.214818
3974.949000,18.216532
3975.431000,18.215810
3975.913000,18.211716
3976.395000,18.206179
3976.877000,18.201712
3977.359000,18.196607
3977.841000,18.194168
3978.323000,18.194101
3978.805000,18.191545
3979.287000,18.189050
3979.769000,18.185494
3980.251000,18.183677
3980.733000,18.183162
3981.215000,18.184913
3981.697000,18.185952
3982.179000,18.185074
3982.661000,18.184251
3983.143000,18.184314
3983.625000,18.185939
3984.107000,18.187633
3984.589000,18.191631
3985.071000,18.195202
3985.553000,18.196601
3986.035000,18.200647
3986.517000,18.202678
3986.999000,18.206298
3987.481000,18.210630
3987.963000,18.215613
3988.445000,18.216884
3988.927000,18.218271
3989.409000,18.219361
3989.891000,18.221123
3990.373000,18.221363
3990.855000,18.221417
3991.337000,18.223133
3991.819000,18.225261
3992.301000,18.227356
3992.783000,18.230801
3993.265000,18.233955
3993.747000,18.238549
3994.229000,18.243127
3994.711000,18.247641
3995.193000,18.251154
3995.675000,18.256221
3996.157000,18.259898
3996.639000,18.263686
3997.121000,18.265362
3997.603000,18.267062
3998.085000,18.268338
3998.567000,18.269239
3999.049000,18.269811
3999.531000,18.270104
4000.013000,18.270165
4000.495000,18.270042
